source,source_name,published_at,text,url,tickers_hint
news,kaggle_news:Nelson Hem,2018-07-15 04:00:00,"Benzinga's Bulls & Bears Of The Week: AT&T, Facebook, Intel, Netflix, Twitter And More",https://www.benzinga.com/media/18/07/12021221/benzingas-bulls-bears-of-the-week-at-t-facebook-intel-netflix-twitter-and-more,
news,kaggle_news:Shanthi Rexaline,2018-07-15 04:00:00,Netflix Q2 Earnings Preview: What To Watch For In The Streaming Giant's Report,https://www.benzinga.com/analyst-ratings/analyst-color/18/07/11993803/netflix-q2-earnings-preview-what-to-watch-for-in-the-st,
news,kaggle_news:GuruFocus,2018-07-15 07:43:00,CALI INVESTOR ALERT: Rosen Law Firm Reminds China Auto Logistics Inc. ...,http://www.gurufocus.com/news/707850/cali-investor-alert-rosen-law-firm-reminds-china-auto-logistics-inc-investors-of-important-deadline-in-first-filed-class-action--cali,
news,kaggle_news:Seeking Alpha,2018-07-15 08:37:00,India: Downgrade Of Growth Forecast,https://seekingalpha.com/article/4187305-india-downgrade-growth-forecast?source=partner_benzinga,
news,kaggle_news:Seeking Alpha,2018-07-15 10:12:00,Theresa May issues 'no Brexit' threat,https://seekingalpha.com/news/3370128-theresa-may-issues-no-brexit-threat?source=partner_benzinga,
news,kaggle_news:Seeking Alpha,2018-07-15 15:49:00,Amazon Hastens Retail Pharma's Last Stand,https://seekingalpha.com/article/4187319-amazon-hastens-retail-pharmas-last-stand?source=partner_benzinga,
news,kaggle_news:Seeking Alpha,2018-07-15 16:40:00,How The Battle Between HBO And Netflix Just Took A Surprising Turn,https://seekingalpha.com/article/4187326-battle-hbo-netflix-just-took-surprising-turn?source=partner_benzinga,
news,kaggle_news:Seeking Alpha,2018-07-15 18:22:00,Tesla's China Factory Resolves Neodymium Risk To Model 3 Production,https://seekingalpha.com/article/4187324-teslas-china-factory-resolves-neodymium-risk-model-3-production?source=partner_benzinga,
news,kaggle_news:Seeking Alpha,2018-07-15 18:49:00,"Winnebago Industries: On Track For A Strong Year, But Trade Wars Might Hit The Demand Side",https://seekingalpha.com/article/4186263-winnebago-industries-track-strong-year-trade-wars-might-hit-demand-side?source=partner_benzinga,
news,kaggle_news:Benzinga Newsdesk,2018-07-16 04:00:00,Bank of America Downgrades Intrexon to Underperform,https://www.benzinga.com/news/18/07/12023657/bank-of-america-downgrades-intrexon-to-underperform,
news,kaggle_news:JJ Kinahan,2018-07-16 04:00:00,"Upcoming Earnings: Netflix To Report Monday, Subscriber Growth A Focus",https://www.benzinga.com/news/earnings/18/07/12024489/upcoming-earnings-netflix-to-report-monday-subscriber-growth-a-focus,
news,kaggle_news:Jayson Derrick,2018-07-16 04:00:00,4 Reasons Why Sally Beauty Was Hit With A BofA Downgrade,https://www.benzinga.com/analyst-ratings/analyst-color/18/07/12024474/4-reasons-why-sally-beauty-was-hit-with-a-bofa-downgrad,
news,kaggle_news:Benzinga Newsdesk,2018-07-16 04:00:00,Guggenheim Downgrades American Tower to Neutral,https://www.benzinga.com/news/18/07/12022653/guggenheim-downgrades-american-tower-to-neutral,
news,kaggle_news:Benzinga Newsdesk,2018-07-16 04:00:00,Comcast Seen Highly Unlikely To Counter For Fox Assets,https://www.benzinga.com/news/18/07/12023617/comcast-seen-highly-unlikely-to-counter-for-fox-assets,
news,kaggle_news:Benzinga Newsdesk,2018-07-16 04:00:00,"CNBC's Jim Cramer, Responding To A Twitter User, Says Amazon More Likely to Buy Kohl's Than Target",https://www.benzinga.com/analyst-ratings/analyst-color/18/07/12025922/cnbcs-jim-cramer-responding-to-a-twitter-user-says-amaz,
news,kaggle_news:Benzinga Newsdesk,2018-07-16 04:00:00,"UPDATE: Netflix Q3 Sub Add Forecast of 5M Is 5.7% Lower Than Q3 2017, And Is Comprised Of 650K In The U.S. and 4.35M Internationally; Netflix Also Anticipates More Competition From ATT/Time Warner and Fox/Disney or Fox/Comcast Mergers",https://www.benzinga.com/news/18/07/12026536/update-netflix-q3-sub-add-forecast-of-5m-is-5-7-lower-than-q3-2017-and-is-compri,
news,kaggle_news:Benzinga Newsdesk,2018-07-16 04:00:00,Bank of America Downgrades Brady to Underperform,https://www.benzinga.com/news/18/07/12023662/bank-of-america-downgrades-brady-to-underperform,
news,kaggle_news:Benzinga Newsdesk,2018-07-16 04:00:00,Maxim Group Downgrades Darden Restaurants to Hold,https://www.benzinga.com/news/18/07/12023005/maxim-group-downgrades-darden-restaurants-to-hold,
news,kaggle_news:Benzinga Newsdesk,2018-07-16 04:00:00,Gabelli & Co. Downgrades W.W. Grainger to Hold,https://www.benzinga.com/news/18/07/12023108/gabelli-co-downgrades-w-w-grainger-to-hold,
news,kaggle_news:Benzinga Newsdesk,2018-07-16 04:00:00,Goldman Sachs Downgrades Parker Hannifin to Neutral,https://www.benzinga.com/news/18/07/12022986/goldman-sachs-downgrades-parker-hannifin-to-neutral,
news,kaggle_news:Benzinga Newsdesk,2018-07-16 04:00:00,IBM Seeking $167M From Groupon In E-Commerce Patent Suit,https://www.benzinga.com/news/18/07/12026854/ibm-seeking-167m-from-groupon-in-e-commerce-patent-suit,
news,kaggle_news:Hannah Genig,2018-07-16 04:00:00,How The Starbucks Straw Ban Affects Those With Disabilities,https://www.benzinga.com/general/restaurants/18/07/12025164/how-the-starbucks-straw-ban-affects-those-with-disabilities,
news,kaggle_news:Benzinga Newsdesk,2018-07-16 04:00:00,Bank of America Downgrades Greif to Underperform,https://www.benzinga.com/news/18/07/12023659/bank-of-america-downgrades-greif-to-underperform,
news,kaggle_news:Taylor Cox,2018-07-16 04:00:00,"The Week Ahead: Netflix Earnings, Comic-Con, 'IPO Thursday' And More",https://www.benzinga.com/news/earnings/18/07/12025615/the-week-ahead-netflix-earnings-comic-con-ipo-thursday-and-more,
news,kaggle_news:Benzinga Newsdesk,2018-07-16 04:00:00,Morgan Stanley Downgrades NextEra Energy Partners to Equal-Weight,https://www.benzinga.com/news/18/07/12022267/morgan-stanley-downgrades-nextera-energy-partners-to-equal-weight,
news,kaggle_news:ETF Professor,2018-07-16 04:00:00,Trouble In Turkey As Fitch Cuts Junk Rating,https://www.benzinga.com/analyst-ratings/analyst-color/18/07/12020482/trouble-in-turkey-as-fitch-cuts-junk-rating,
news,kaggle_news:Benzinga Newsdesk,2018-07-16 04:00:00,"The Market In 5 Minutes: Trump-Putin, Prime Day, Netflix And More",https://www.benzinga.com/markets/cryptocurrency/18/07/12023063/the-market-in-5-minutes-trump-putin-prime-day-netflix-and-more,
news,kaggle_news:Benzinga Newsdesk,2018-07-16 04:00:00,Stephens & Co. Downgrades OraSure Technologies to Equal-Weight,https://www.benzinga.com/news/18/07/12022281/stephens-co-downgrades-orasure-technologies-to-equal-weight,
news,kaggle_news:Jayson Derrick,2018-07-16 04:00:00,4 Reasons Why Hasbro Was Downgraded By BMO,https://www.benzinga.com/analyst-ratings/analyst-color/18/07/12024017/4-reasons-why-hasbro-was-downgraded-by-bmo,
news,kaggle_news:Benzinga_Newsdesk,2018-07-16 04:00:00,Micron And Intel Announce Update To 3D XPoint Joint Development Program; The Companies Have Agreed To Complete Joint Development For 2nd Generation Of 3D XPoint Technology,https://www.benzinga.com/news/18/07/12027317/micron-and-intel-announce-update-to-3d-xpoint-joint-development-program-the-comp,
news,kaggle_news:Benzinga Newsdesk,2018-07-16 04:00:00,China XD Plastics 8-K Shows Xinda Holding Co. Entered Subscription Intent Deal With Changmu Investment (Beijing) For RMB500M,https://www.benzinga.com/news/18/07/12026534/china-xd-plastics-8-k-shows-xinda-holding-co-entered-subscription-intent-deal-wi,
news,kaggle_news:Benzinga Newsdesk,2018-07-16 04:00:00,"UPDATE: Netflix CEO Interview To Be Moderated By Bernstein Analyst Todd Juenger, Who Maintains A Buy Rating On The Stock",https://www.benzinga.com/news/18/07/12026971/update-netflix-ceo-interview-to-be-moderated-by-bernstein-analyst-todd-juenger-w,
news,kaggle_news:Benzinga Newsdesk,2018-07-16 04:00:00,"Microsoft Reports Partnership With Campbell Soup Co. To Modernize Co.'s IT Platform Through Azure, No Terms Disclosed",https://www.benzinga.com/news/18/07/12023347/microsoft-reports-partnership-with-campbell-soup-co-to-modernize-co-s-it-platfor,
news,kaggle_news:Benzinga Newsdesk,2018-07-16 04:00:00,"Buckingham Downgrades Netflix to Underperform, Raises Price Target to $333",https://www.benzinga.com/news/18/07/12022651/buckingham-downgrades-netflix-to-underperform-raises-price-target-to-333,
news,kaggle_news:Benzinga Newsdesk,2018-07-16 04:00:00,Netflix Sees Q3 EPS $0.68 vs $0.73 Estimate,https://www.benzinga.com/news/18/07/12026208/netflix-sees-q3-eps-0-68-vs-0-73-estimate,
news,kaggle_news:Benzinga Newsdesk,2018-07-16 04:00:00,"Citi Earlier Commented On Netflix Ahead Of Q2 Report: Highlighted US Dollar Strength Since Mgmt. Issued Q2 Guidance, Warns Q3 Outlook Could Fall Below Expectations As A Result",https://www.benzinga.com/analyst-ratings/analyst-color/18/07/12024029/citi-earlier-commented-on-netflix-ahead-of-q2-report-hi,
news,kaggle_news:Benzinga Newsdesk,2018-07-16 04:00:00,"Netflix Q2 Sub Adds 5.15M vs Co. Guidance For 6.2M Sub Adds, Analyst Consensus Estimate Of 1.2M Domestic Sub Adds, 5M Int'l. Sub Adds",https://www.benzinga.com/news/earnings/18/07/12026202/netflix-q2-sub-adds-5-15m-vs-co-guidance-for-6-2m-sub-adds-analyst-cons,
news,kaggle_news:Benzinga Newsdesk,2018-07-16 04:00:00,Boeing Announces Order for 4 787 Dreamliners from United Airlines Worth $1.1B at List Price,https://www.benzinga.com/news/18/07/12022269/boeing-announces-order-for-4-787-dreamliners-from-united-airlines-worth-1-1b-at-,
news,kaggle_news:Benzinga Newsdesk,2018-07-16 04:00:00,Netflix Shares Up 0.4% After Hours A Min. Before Expected Q2 Earnings Results,https://www.benzinga.com/news/earnings/18/07/12026126/netflix-shares-up-0-4-after-hours-a-min-before-expected-q2-earnings-res,
news,kaggle_news:Benzinga Newsdesk,2018-07-16 04:00:00,Netflix Sees Q3 Total Net Streaming Adds 5M,https://www.benzinga.com/news/18/07/12026193/netflix-sees-q3-total-net-streaming-adds-5m,
news,kaggle_news:Benzinga_Newsdesk,2018-07-16 04:00:00,"Netflix Shares Down 13.2% After Hours Following Q2 Sales Miss, Downbeat Q3 Guidance, Lower-Than-Expected Q2 Subscriber Growth",https://www.benzinga.com/trading-ideas/movers/18/07/12026762/netflix-shares-down-13-2-after-hours-following-q2-sales-miss-dow,
news,kaggle_news:Benzinga Newsdesk,2018-07-16 04:00:00,"Netflix Q2 EPS $0.85 Beats $0.79 Estimate, Sales $3.907B Miss $3.94B Estimate",https://www.benzinga.com/news/earnings/18/07/12026176/netflix-q2-eps-0-85-beats-0-79-estimate-sales-3-907b-miss-3-94b-estimat,
news,kaggle_news:Benzinga Newsdesk,2018-07-16 04:00:00,Netflix Q2 Earnings Interview Will Be Available On YouTube At 6 p.m. EDT,https://www.benzinga.com/news/earnings/18/07/12026968/netflix-q2-earnings-interview-will-be-available-on-youtube-at-6-p-m-edt,
news,kaggle_news:Craig Jones,2018-07-16 04:00:00,Rockwell Automation's Growth Deceleration Triggers Goldman Sachs Downgrade,https://www.benzinga.com/analyst-ratings/analyst-color/18/07/12026112/rockwell-automations-growth-deceleration-triggers-goldm,
news,kaggle_news:Benzinga Newsdesk,2018-07-16 04:00:00,"Netflix Shares Down 13% Following Q2 Miss, Concerning Q3 Guidance",https://www.benzinga.com/news/earnings/18/07/12026230/netflix-shares-down-13-following-q2-miss-concerning-q3-guidance,
news,kaggle_news:Benzinga Newsdesk,2018-07-16 04:00:00,Netflix Says It 'Over-forecasted Global Net Additions...as acquisition growth was slightly lower than we projected.',https://www.benzinga.com/news/earnings/18/07/12026437/netflix-says-it-over-forecasted-global-net-additions-as-acquisition-gro,
news,kaggle_news:Benzinga Newsdesk,2018-07-16 04:00:00,UPDATE: Netflix Says Forex Benefit Was Smaller Than Expected Due To Strong Dollar; It Will Move Some Operating Costs To Foreign Currencies To 'Provide a little more natural hedging' Against Forex Effects,https://www.benzinga.com/news/18/07/12026455/update-netflix-says-forex-benefit-was-smaller-than-expected-due-to-strong-dollar,
news,kaggle_news:Benzinga Newsdesk,2018-07-16 04:00:00,Netflix Sees Q3 Sales $3.988B vs $4.13B Est.,https://www.benzinga.com/news/18/07/12026206/netflix-sees-q3-sales-3-988b-vs-4-13b-est,
news,kaggle_news:Benzinga Newsdesk,2018-07-16 04:00:00,United Airlines To Purchase 25 New Embraer E-175 and 4 New Boeing 787-9 Aircraft,https://www.benzinga.com/news/18/07/12022175/united-airlines-to-purchase-25-new-embraer-e-175-and-4-new-boeing-787-9-aircraft,
news,kaggle_news:Benzinga Newsdesk,2018-07-16 04:00:00,Goldman Sachs Downgrades Rockwell Automation to Sell,https://www.benzinga.com/news/18/07/12022962/goldman-sachs-downgrades-rockwell-automation-to-sell,
news,kaggle_news:Jayson Derrick,2018-07-16 04:00:00,Changing Channels: Buckingham Turns Bearish On Netflix Ahead Of Q2 Print,https://www.benzinga.com/analyst-ratings/analyst-color/18/07/12023008/changing-channels-buckingham-turns-bearish-on-netflix-a,
news,kaggle_news:Benzinga Newsdesk,2018-07-16 04:00:00,PreMarket Prep Opening NYSE Imbalance Update: ExxonMobil 55k Shares To Sell; Pfizer 50k To Sell; Merck 26k To Sell; Coca-Cola 54k To Sell; Johnson & Johnson 54k To Sell; Ford 103k To Sell; Kroger 90k To Sell,https://www.benzinga.com/news/18/07/12023300/premarket-prep-opening-nyse-imbalance-update-exxonmobil-55k-shares-to-sell-pfize,
news,kaggle_news:Benzinga Newsdesk,2018-07-16 04:00:00,CLARIFICATION: Netflix Q2 Earnings Release Rounded Membership Growth To 5.2M Subs; More Specific Total Streaming Sub Adds Number 5.15M,https://www.benzinga.com/news/earnings/18/07/12026219/clarification-netflix-q2-earnings-release-rounded-membership-growth-to-,
news,kaggle_news:Benzinga Newsdesk,2018-07-16 04:00:00,"Netflix Q2 Subscriber Additions 5.15M vs Co. Guidance For 6.2M Sub Adds, Analyst Consensus Estimate Of 1.2M Domestic Sub Adds, 5M Int'l. Sub Adds",https://www.benzinga.com/news/earnings/18/07/12026174/netflix-q2-subscriber-additions-5-2m-vs-co-guidance-for-6-2m-sub-adds-a,
news,kaggle_news:Benzinga Newsdesk,2018-07-16 04:00:00,DA Davidson Downgrades Columbia Sportswear to Neutral,https://www.benzinga.com/news/18/07/12022338/da-davidson-downgrades-columbia-sportswear-to-neutral,
news,kaggle_news:Benzinga Newsdesk,2018-07-16 04:00:00,Pfizer Reports Initiation Of Pivotal Phase 3 Program For Investigation Hemophilia B Gene Therapy,https://www.benzinga.com/news/18/07/12024128/pfizer-reports-initiation-of-pivotal-phase-3-program-for-investigation-hemophili,
news,kaggle_news:Benzinga Newsdesk,2018-07-16 04:00:00,Bank of America Downgrades Waters to Underperform,https://www.benzinga.com/news/18/07/12023546/bank-of-america-downgrades-waters-to-underperform,
news,kaggle_news:Vick Meyer,2018-07-16 04:00:00,"Morgan Stanley Maintains Overweight on Citigroup, Lowers Price Target to $84",https://www.benzinga.com/news/18/07/12022296/morgan-stanley-maintains-overweight-on-citigroup-lowers-price-target-to-84,
news,kaggle_news:Vick Meyer,2018-07-16 04:00:00,"Oppenheimer Maintains Outperformer on Citigroup, Raises Price Target to $91",https://www.benzinga.com/news/18/07/12022433/oppenheimer-maintains-outperformer-on-citigroup-raises-price-target-to-91,
news,kaggle_news:Vick Meyer,2018-07-16 04:00:00,"BMO Capital Maintains Market Perform on Citigroup, Raises Price Target to $85",https://www.benzinga.com/news/18/07/12022694/bmo-capital-maintains-market-perform-on-citigroup-raises-price-target-to-85,
news,kaggle_news:Benzinga Newsdesk,2018-07-16 04:00:00,Hasbro Shares Down 3% Premarket After BMO Downgraded To Underperform,https://www.benzinga.com/trading-ideas/movers/18/07/12023470/hasbro-shares-down-3-premarket-after-bmo-downgraded-to-underperf,
news,kaggle_news:Lisa Levin,2018-07-16 04:00:00,"Benzinga's Top Upgrades, Downgrades For July 16, 2018",https://www.benzinga.com/analyst-ratings/upgrades/18/07/12023316/benzingas-top-upgrades-downgrades-for-july-16-2018,
news,kaggle_news:Benzinga Newsdesk,2018-07-16 04:00:00,BMO Capital Downgrades Hasbro to Underperform,https://www.benzinga.com/news/18/07/12022285/bmo-capital-downgrades-hasbro-to-underperform,
news,kaggle_news:Hannah Genig,2018-07-16 04:00:00,"Goldman Sachs Downgrades Funko On Valuation, Says Market Understands Toy Stock's Momentum",https://www.benzinga.com/analyst-ratings/analyst-color/18/07/12024854/goldman-sachs-downgrades-funko-on-valuation-says-market,
news,kaggle_news:Seeking Alpha,2018-07-16 07:20:00,Hasbro lower after BMO Capital downgrade,https://seekingalpha.com/news/3370203-hasbro-lower-bmo-capital-downgrade?source=partner_benzinga,
news,kaggle_news:Seeking Alpha,2018-07-16 07:25:00,STMicroelectronics: Intriguing Apple Supplier Play,https://seekingalpha.com/article/4187377-stmicroelectronics-intriguing-apple-supplier-play?source=partner_benzinga,
news,kaggle_news:Zacks,2018-07-16 07:40:00,Microsoft Stresses on Regulation of Facial Recognition Tech,http://www.zacks.com/stock/news/311665/microsoft-stresses-on-regulation-of-facial-recognition-tech?cid=CS-BENZ-FT-311665,
news,kaggle_news:Seeking Alpha,2018-07-16 08:02:00,Nasdaq futures down 1% as Netflix plunges post-earnings,https://seekingalpha.com/news/3370447-nasdaq-futures-1-percent-netflix-plunges-post-earnings?source=partner_benzinga,
news,kaggle_news:Seeking Alpha,2018-07-16 08:06:00,"Parker Hannifin, Rockwell Automation drop as Goldman downgrades",https://seekingalpha.com/news/3370392-parker-hannifin-rockwell-automation-drop-goldman-downgrades?source=partner_benzinga,
news,kaggle_news:Seeking Alpha,2018-07-16 08:08:00,2019 Economic Outlook: Deflationary Bust Led By China,https://seekingalpha.com/article/4187426-2019-economic-outlook-deflationary-bust-led-china?source=partner_benzinga,
news,kaggle_news:Seeking Alpha,2018-07-16 08:30:00,"India, U.S. Set To Meet Over Metals Tariffs This Week",https://seekingalpha.com/article/4187414-india-u-s-set-meet-metals-tariffs-week?source=partner_benzinga,
news,kaggle_news:Zacks,2018-07-16 09:17:00,Verizon Deploys LTE Advanced Network for More Data Capacity,http://www.zacks.com/stock/news/311674/verizon-deploys-lte-advanced-network-for-more-data-capacity?cid=CS-BENZ-FT-311674,
news,kaggle_news:Seeking Alpha,2018-07-16 10:12:00,"Spotify, Roku, streaming firms dip after Netflix miss",https://seekingalpha.com/news/3370483-spotify-roku-streaming-firms-dip-netflix-miss?source=partner_benzinga,
news,kaggle_news:Seeking Alpha,2018-07-16 10:41:00,"Tariffs should not 'materially alter' outlook for best industrials, analyst says",https://seekingalpha.com/news/3370508-tariffs-materially-alter-outlook-best-industrials-analyst-says?source=partner_benzinga,
news,kaggle_news:Zacks,2018-07-16 11:00:00,Will IBM's Cognitive Solutions and GBS Drive Q2 Earnings?,http://www.zacks.com/stock/news/311546/will-ibms-cognitive-solutions-and-gbs-drive-q2-earnings?cid=CS-BENZ-FT-311546,
news,kaggle_news:GuruFocus,2018-07-16 11:02:00,Comcast Shies Away From Its Pursuit of Fox's Media Assets,http://www.gurufocus.com/news/708087/comcast-shies-away-from-its-pursuit-of-foxs-media-assets,
news,kaggle_news:Seeking Alpha,2018-07-16 11:08:00,Netflix: After The Close,https://seekingalpha.com/article/4187428-netflix-close?source=partner_benzinga,
news,kaggle_news:Zacks,2018-07-16 11:16:00,Netflix Misses on Subscriber Growth and Investors Pummel the Shares,http://www.zacks.com/commentary/172129/netflix-misses-on-subscriber-growth-and-investors-pummel-the-shares?cid=CS-BENZ-FT-172129,
news,kaggle_news:Seeking Alpha,2018-07-16 11:23:00,Wayfair Isn't Amazon: That's A Problem,https://seekingalpha.com/article/4187464-wayfair-amazon-problem?source=partner_benzinga,
news,kaggle_news:GuruFocus,2018-07-16 12:01:00,"Verus Financial Partners, Inc. Buys Facebook Inc, iShares Core Growth Allocation, The Home ...",http://www.gurufocus.com/news/708294/verus-financial-partners-inc-buys-facebook-inc-ishares-core-growth-allocation-the-home-depot-inc-sells-hca-healthcare-inc-brandywine-realty-trust-cocacola-co,
news,kaggle_news:Investor's Business Daily,2018-07-16 12:08:00,Q2 Earnings: Netflix And These 13 Stocks Expect 50%-Plus Growth,http://www.investors.com/research/q2-earnings-preview/?src=A00237A&ven=BenzingaCP&src=AURLAAM,
news,kaggle_news:Seeking Alpha,2018-07-16 12:15:00,"CNBC: Comcast focused on Sky, unlikely to top Fox bid",https://seekingalpha.com/news/3370277-cnbc-comcast-focused-sky-unlikely-top-fox-bid?source=partner_benzinga,
news,kaggle_news:Seeking Alpha,2018-07-16 12:27:00,China: GDP Forecasts Cut On Trade War,https://seekingalpha.com/article/4187410-china-gdp-forecasts-cut-trade-war?source=partner_benzinga,
news,kaggle_news:Zacks,2018-07-16 12:45:00,Cisco's Solid Portfolio to Thwart Amazon's Networking Plans,http://www.zacks.com/stock/news/311677/ciscos-solid-portfolio-to-thwart-amazons-networking-plans?cid=CS-BENZ-FT-311677,
news,kaggle_news:Seeking Alpha,2018-07-16 12:50:00,Disney filing suggests Fox could cede Sky race to Comcast,https://seekingalpha.com/news/3370401-disney-filing-suggests-fox-cede-sky-race-comcast?source=partner_benzinga,
news,kaggle_news:Zacks,2018-07-16 13:04:00,"Amazon Roundup: Prime Day, Network Switches, PillPack, More",http://www.zacks.com/stock/news/311693/amazon-roundup-prime-day-network-switches-pillpack-more?cid=CS-BENZ-FT-311693,
news,kaggle_news:Zacks,2018-07-16 13:09:00,US Steel Stocks Pop on New Lease of Life From Trump Tariffs,http://www.zacks.com/stock/news/311646/us-steel-stocks-pop-on-new-lease-of-life-from-trump-tariffs?cid=CS-BENZ-FT-311646,
news,kaggle_news:GuruFocus,2018-07-16 13:56:00,"Hefren-Tillotson, Inc. Buys iShares Core MSCI Emerging Markets, iShares MSCI Emerging Index ...",http://www.gurufocus.com/news/708359/hefrentillotson-inc-buys-ishares-core-msci-emerging-markets-ishares-msci-emerging-index-fund-vanguard-ftse-emerging-markets-sells-jpmorgan-chase-capital-xvi-jp-morgan-alerian-mlp-e-ishares-msci-eurozone,
news,kaggle_news:Seeking Alpha,2018-07-16 14:01:00,Selling Premium On Cisco And Arista,https://seekingalpha.com/article/4187419-selling-premium-cisco-arista?source=partner_benzinga,
news,kaggle_news:Seeking Alpha,2018-07-16 14:22:00,Amazon Prime Day 2018 Will Be Huge,https://seekingalpha.com/article/4187494-amazon-prime-day-2018-will-huge?source=partner_benzinga,
news,kaggle_news:Seeking Alpha,2018-07-16 15:09:00,European Car Manufacturers Send A Signal On Tariffs,https://seekingalpha.com/article/4187198-european-car-manufacturers-send-signal-tariffs?source=partner_benzinga,
news,kaggle_news:Seeking Alpha,2018-07-16 15:34:00,"What JPMorgan, Fastenal, CASS And The DoT Are Saying To Buy",https://seekingalpha.com/article/4187392-jpmorgan-fastenal-cass-dot-saying-buy?source=partner_benzinga,
news,kaggle_news:Seeking Alpha,2018-07-16 15:35:00,Soft China data amid trade war fears,https://seekingalpha.com/news/3370140-soft-china-data-amid-trade-war-fears?source=partner_benzinga,
news,kaggle_news:Zacks,2018-07-16 16:03:00,Hedge Against U.S. Inflation With 5 TIPS ETFs,http://www.zacks.com/stock/news/311691/hedge-against-us-inflation-with-5-tips-etfs?cid=CS-BENZ-FT-311691,
news,kaggle_news:Seeking Alpha,2018-07-16 16:03:00,Farnborough Airshow Day 1: Boeing Bamboozling Everyone,https://seekingalpha.com/article/4187633-farnborough-airshow-day-1-boeing-bamboozling-everyone?source=partner_benzinga,
news,kaggle_news:Zacks,2018-07-16 16:53:00,5 Geopolitical Factors Which Have Affected Oil Prices in 2018,http://www.zacks.com/stock/news/311714/5-geopolitical-factors-which-have-affected-oil-prices-in-2018?cid=CS-BENZ-FT-311714,
news,kaggle_news:Seeking Alpha,2018-07-16 17:08:00,How The Fed Is Killing Emerging Markets,https://seekingalpha.com/article/4187531-fed-killing-emerging-markets?source=partner_benzinga,
news,kaggle_news:Seeking Alpha,2018-07-16 17:23:00,Why The Stock Market Hasn't Buckled Under The Trade Tensions,https://seekingalpha.com/article/4187489-stock-market-buckled-trade-tensions?source=partner_benzinga,
news,kaggle_news:Zacks,2018-07-16 18:06:00,"The Zacks Analyst Blog Highlights: PepsiCo, Eli Lilly, Broadcom, Biogen and Marathon",http://www.zacks.com/stock/news/311550/the-zacks-analyst-blog-highlights-pepsico-eli-lilly-broadcom-biogen-and-marathon?cid=CS-BENZ-FT-311550,
news,kaggle_news:Investor's Business Daily,2018-07-16 18:18:00,Stocks Mixed As Oil Prices Slide; Top Energy Stock Triggers Sell,http://www.investors.com/market-trend/stock-market-today/stock-market-oil-prices-top-energy-stocks-netflix-earnings/?src=A00237A&ven=BenzingaCP&src=AURLAAM,
news,kaggle_news:Seeking Alpha,2018-07-16 18:21:00,Plains All American denied in request for exclusion from steel tariff,https://seekingalpha.com/news/3370510-plains-american-denied-request-exclusion-steel-tariff?source=partner_benzinga,
news,kaggle_news:Seeking Alpha,2018-07-16 18:30:00,WTF Just Happened? Stock Market Ignores Escalating Trade War And Spent U.S. Consumer,https://seekingalpha.com/article/4187396-wtf-just-happened-stock-market-ignores-escalating-trade-war-spent-u-s-consumer?source=partner_benzinga,
news,kaggle_news:GuruFocus,2018-07-16 19:02:00,"PepsiCo, Inc. to Join the NASDAQ-–…… Index Beginning July —', —…–8",http://www.gurufocus.com/news/708452/pepsico-inc-to-join-the-nasdaq100-index-beginning-july-23-2018,
news,kaggle_news:Zacks,2018-07-16 19:09:00,Factors That Are Expected to Influence IBM's Q2 Earnings,http://www.zacks.com/stock/news/311536/factors-that-are-expected-to-influence-ibms-q2-earnings?cid=CS-BENZ-FT-311536,
news,kaggle_news:Seeking Alpha,2018-07-16 20:48:00,Whirlpool still waiting for tariff boost,https://seekingalpha.com/news/3370393-whirlpool-still-waiting-tariff-boost?source=partner_benzinga,
news,kaggle_news:Lisa Levin,2018-07-17 04:00:00,"Benzinga's Top Upgrades, Downgrades For July 17, 2018",https://www.benzinga.com/analyst-ratings/upgrades/18/07/12029834/benzingas-top-upgrades-downgrades-for-july-17-2018,
news,kaggle_news:Lisa Levin,2018-07-17 04:00:00,Mid-Day Market Update: Avid Bioservices Surges Following Earnings Beat; Netflix Shares Plunge,https://www.benzinga.com/news/18/07/12031930/mid-day-market-update-avid-bioservices-surges-following-earnings-beat-netflix-sh,
news,kaggle_news:Jayson Derrick,2018-07-17 04:00:00,"Stifel Still Likes Netflix's Long-Term Outlook, Upgrades Stock To Buy",https://www.benzinga.com/analyst-ratings/analyst-color/18/07/12029093/stifel-still-likes-netflixs-long-term-outlook-upgrades-,
news,kaggle_news:Vick Meyer,2018-07-17 04:00:00,"Macquarie Maintains Outperform on Netflix, Lowers Price Target to $388",https://www.benzinga.com/news/18/07/12029111/macquarie-maintains-outperform-on-netflix-lowers-price-target-to-388,
news,kaggle_news:Benzinga Newsdesk,2018-07-17 04:00:00,"Stocks That Made New 52-Week Highs Today Include: Citrix, TripAdvisor, Microsoft, Alphabet (Both Classes), Medtronic, Accenture, Facebook, NetApp, S&P Global, Amazon, VeriSign, Motorola Solutions, Marsh & McLennan, IDEXX Labs, Eli Lilly, Sysco, and VF",https://www.benzinga.com/trading-ideas/technicals/18/07/12032289/stocks-that-made-new-52-week-highs-today-include-citrix-trip,
news,kaggle_news:Benzinga_Newsdesk,2018-07-17 04:00:00,Jefferies Downgrades CA to Hold,https://www.benzinga.com/news/18/07/12028628/jefferies-downgrades-ca-to-hold,
news,kaggle_news:Vick Meyer,2018-07-17 04:00:00,"Bank of America Maintains Buy on Netflix, Lowers Price Target to $410",https://www.benzinga.com/news/18/07/12031384/bank-of-america-maintains-buy-on-netflix-lowers-price-target-to-410,
news,kaggle_news:Benzinga_Newsdesk,2018-07-17 04:00:00,BMO Capital Upgrades Netflix to Outperform,https://www.benzinga.com/news/18/07/12028619/bmo-capital-upgrades-netflix-to-outperform,
news,kaggle_news:Benzinga Newdesk,2018-07-17 04:00:00,Netflix Option Alert: Aug 17 $450 Calls Sweep (9) near the Ask: 750 @ $0.709 vs 2574 OI; Ref=$360.65,https://www.benzinga.com/markets/options/18/07/12030924/netflix-option-alert-aug-17-450-calls-sweep-9-near-the-ask-750-0-709-,
news,kaggle_news:Jayson Derrick,2018-07-17 04:00:00,Wall Street's Reaction To Netflix's Q2 Earnings Report,https://www.benzinga.com/analyst-ratings/analyst-color/18/07/12032318/wall-streets-reaction-to-netflixs-q2-earnings-report,
news,kaggle_news:Benzinga Newdesk,2018-07-17 04:00:00,BMO Upgrades Netflix to Outperform from Market Perform,https://www.benzinga.com/analyst-ratings/upgrades/18/07/12028173/bmo-upgrades-netflix-to-outperform-from-market-perform,
news,kaggle_news:Wayne Duggan,2018-07-17 04:00:00,An Overlooked Loser In The Trade War: The VIX,https://www.benzinga.com/analyst-ratings/analyst-color/18/07/12025576/an-overlooked-loser-in-the-trade-war-the-vix,
news,kaggle_news:Vick Meyer,2018-07-17 04:00:00,"Barclays Maintains Overweight on Netflix, Lowers Price Target to $415",https://www.benzinga.com/news/18/07/12032085/barclays-maintains-overweight-on-netflix-lowers-price-target-to-415,
news,kaggle_news:Jayson Derrick,2018-07-17 04:00:00,"KeyBanc Cuts Netflix Estimates After Disappointing Q2, Maintains Bullish Stance",https://www.benzinga.com/analyst-ratings/analyst-color/18/07/12029435/keybanc-cuts-netflix-estimates-after-disappointing-q2-m,
news,kaggle_news:JJ Kinahan,2018-07-17 04:00:00,Earnings Preview: Legacy Tech Giant IBM To Report After Wednesday's Close,https://www.benzinga.com/news/earnings/18/07/12031067/earnings-preview-legacy-tech-giant-ibm-to-report-after-wednesdays-close,
news,kaggle_news:Vick Meyer,2018-07-17 04:00:00,"Canaccord Genuity Maintains Buy on Netflix, Lowers Price Target to $450",https://www.benzinga.com/news/18/07/12028994/canaccord-genuity-maintains-buy-on-netflix-lowers-price-target-to-450,
news,kaggle_news:Benzinga Newsdesk,2018-07-17 04:00:00,'IBM Is Helping Launch a Price-Stable Cryptocurrency Insured By the FDIC',https://www.benzinga.com/markets/cryptocurrency/18/07/12031665/ibm-is-helping-launch-a-price-stable-cryptocurrency-insured-by,
news,kaggle_news:JJ Kinahan,2018-07-17 04:00:00,Disappointing Netflix Subscriber Growth Appears To Weigh On Tech Sector,https://www.benzinga.com/news/earnings/18/07/12031020/disappointing-netflix-subscriber-growth-appears-to-weigh-on-tech-sector,
news,kaggle_news:Vick Meyer,2018-07-17 04:00:00,"Credit Suisse Maintains Outperform on Netflix, Lowers Price Target to $470",https://www.benzinga.com/news/18/07/12028983/credit-suisse-maintains-outperform-on-netflix-lowers-price-target-to-470,
news,kaggle_news:Benzinga_Newsdesk,2018-07-17 04:00:00,Deutsche Bank Downgrades Netflix to Hold,https://www.benzinga.com/news/18/07/12029502/deutsche-bank-downgrades-netflix-to-hold,
news,kaggle_news:Benzinga_Newsdesk,2018-07-17 04:00:00,Goldman Sachs Downgrades Generac Holdings to Sell,https://www.benzinga.com/news/18/07/12029391/goldman-sachs-downgrades-generac-holdings-to-sell,
news,kaggle_news:Benzinga_Newsdesk,2018-07-17 04:00:00,William Blair Downgrades Gogo to Market Perform,https://www.benzinga.com/news/18/07/12029039/william-blair-downgrades-gogo-to-market-perform,
news,kaggle_news:Vick Meyer,2018-07-17 04:00:00,"Cowen & Co. Maintains Outperform on Netflix, Lowers Price Target to $400",https://www.benzinga.com/news/18/07/12029438/cowen-co-maintains-outperform-on-netflix-lowers-price-target-to-400,
news,kaggle_news:Benzinga_Newsdesk,2018-07-17 04:00:00,Stifel Nicolaus Upgrades Netflix to Buy,https://www.benzinga.com/news/18/07/12028921/stifel-nicolaus-upgrades-netflix-to-buy,
news,kaggle_news:Craig Jones,2018-07-17 04:00:00,"Alphabet, Bank Of America, Netflix, US Bancorp: 'Fast Money' Picks For July 17",https://www.benzinga.com/media/18/07/12028234/alphabet-bank-of-america-netflix-us-bancorp-fast-money-picks-for-july-17,
news,kaggle_news:Benzinga_Newsdesk,2018-07-17 04:00:00,'FANG etfs are now pulling UP Netflix instead of Netflix pulling FANG down..'-Jim Cramer Tweets,https://www.benzinga.com/news/18/07/12031910/fang-etfs-are-now-pulling-up-netflix-instead-of-netflix-pulling-fang-down-jim-cr,
news,kaggle_news:Benzinga Newsdesk,2018-07-17 04:00:00,"Starbucks Shares Spike ~$0.20 Over Last Min. As Traders Circulating Questionable Chatter Of PE Interest, Possible Plan To Spin Off China Unit; Watch For Near-Term Profit Taking",https://www.benzinga.com/news/18/07/12031052/starbucks-shares-spike-0-20-over-last-min-as-traders-circulating-questionable-ch,
news,kaggle_news:Benzinga_Newsdesk,2018-07-17 04:00:00,"The Information Reports 'Walmart Plots Rival to Netflix, Amazon Prime Video'",https://www.benzinga.com/news/18/07/12032307/the-information-reports-walmart-plots-rival-to-netflix-amazon-prime-video,
news,kaggle_news:Benzinga_Newsdesk,2018-07-17 04:00:00,Goldman Sachs Downgrades Manitowoc Co to Sell,https://www.benzinga.com/news/18/07/12029390/goldman-sachs-downgrades-manitowoc-co-to-sell,
news,kaggle_news:Vick Meyer,2018-07-17 04:00:00,"Wells Fargo Maintains Outperform on Netflix, Raises Price Target to $385",https://www.benzinga.com/news/18/07/12031277/wells-fargo-maintains-outperform-on-netflix-raises-price-target-to-385,
news,kaggle_news:Vick Meyer,2018-07-17 04:00:00,"Buckingham Maintains Underperform on Netflix, Lowers Price Target to $305",https://www.benzinga.com/news/18/07/12029465/buckingham-maintains-underperform-on-netflix-lowers-price-target-to-305,
news,kaggle_news:Benzinga_Newsdesk,2018-07-17 04:00:00,"Fed's Powell Says No Negotiations Or Haggling With Goldman Sachs, Morgan Stanley Over Stress Test Results",https://www.benzinga.com/federal-reserve/18/07/12030911/feds-powell-says-no-negotiations-or-haggling-with-goldman-sachs-morga,
news,kaggle_news:Benzinga_Newsdesk,2018-07-17 04:00:00,Jefferies Downgrades First Industrial Realty to Hold,https://www.benzinga.com/news/18/07/12028629/jefferies-downgrades-first-industrial-realty-to-hold,
news,kaggle_news:Vick Meyer,2018-07-17 04:00:00,"Bank of America Maintains Buy on Mastercard, Raises Price Target to $230",https://www.benzinga.com/news/18/07/12031293/bank-of-america-maintains-buy-on-mastercard-raises-price-target-to-230,
news,kaggle_news:Benzinga_Newsdesk,2018-07-17 04:00:00,Jefferies Downgrades Medical Properties Trust to Hold,https://www.benzinga.com/news/18/07/12028626/jefferies-downgrades-medical-properties-trust-to-hold,
news,kaggle_news:Benzinga Newsdesk,2018-07-17 04:00:00,Attunity Wins $2.3M Term-based Deal With Large Oil And Gas Company To Enable Strategic Microsoft ADLS Data Lake on Azure,https://www.benzinga.com/news/18/07/12028847/attunity-wins-2-3m-term-based-deal-with-large-oil-and-gas-company-to-enable-stra,
news,kaggle_news:Elizabeth Balboa,2018-07-17 04:00:00,American Tower Downgraded Ahead Of Earnings,https://www.benzinga.com/analyst-ratings/analyst-color/18/07/12031127/american-tower-downgraded-ahead-of-earnings,
news,kaggle_news:Benzinga_Newsdesk,2018-07-17 04:00:00,"Janney Capital Downgrades Waters to Neutral, Lowers Price Target to $211",https://www.benzinga.com/news/18/07/12029407/janney-capital-downgrades-waters-to-neutral-lowers-price-target-to-211,
news,kaggle_news:Benzinga Newsdesk,2018-07-17 04:00:00,"Nasdaq Late Monday Announces PepsiCo, Inc. Will Join NASDAQ-100 Index And NASDAQ-100 Equal Weighted Index Beginning July 23, 2018, Replacing DISH Network Corporation",https://www.benzinga.com/news/18/07/12029659/nasdaq-late-monday-announces-pepsico-inc-will-join-nasdaq-100-index-and-nasdaq-1,
news,kaggle_news:Wayne Duggan,2018-07-17 04:00:00,Fed Chair Powell Paints Rosy Picture Of US Economy,https://www.benzinga.com/news/18/07/12032084/fed-chair-powell-paints-rosy-picture-of-us-economy,
news,kaggle_news:Vick Meyer,2018-07-17 04:00:00,"Raymond James Maintains Outperform on Netflix, Lowers Price Target to $445",https://www.benzinga.com/news/18/07/12029795/raymond-james-maintains-outperform-on-netflix-lowers-price-target-to-445,
news,kaggle_news:Benzinga Newsdesk,2018-07-17 04:00:00,"Benzinga Pro Mid-Day Price Check For Regional ETFs: Brazil (EWZ) Up 2.4%, India (INDA) Up 1.8%, Japan (EWJ) Up 0.8%, US (SPY) Up 0.4%, Mexico (EWW) Flat, Europe (VGK) Flat, China ETF (FXI) Down 0.1%, Canada (EWC) Down 0.3%",https://www.benzinga.com/news/18/07/12032173/benzinga-pro-mid-day-price-check-for-regional-etfs-brazil-ewz-up-2-4-india-inda-,
news,kaggle_news:Benzinga_Newsdesk,2018-07-17 04:00:00,"SEC Filing Shows That As Of June 6th, Luby's Was In Default Of Its Credit Agreement Financial Covenants",https://www.benzinga.com/news/18/07/12031213/sec-filing-shows-that-as-of-june-6th-lubys-was-in-default-of-its-credit-agreemen,
news,kaggle_news:Benzinga_Newsdesk,2018-07-17 04:00:00,"Amazon, 21st Century Fox Extend Strategic Relationship, Will Provide The Majority Of Cloud Infrastructure For The Co.",https://www.benzinga.com/news/18/07/12029890/amazon-21st-century-fox-extend-strategic-relationship-will-provide-the-majority-,
news,kaggle_news:Benzinga Newdesk,2018-07-17 04:00:00,Netflix Option Alert: Fri $402.5 Calls Sweep (3) near the Ask: 594 @ $1.571 vs 1794 OI; Ref=$378.99,https://www.benzinga.com/markets/options/18/07/12031805/netflix-option-alert-fri-402-5-calls-sweep-3-near-the-ask-594-1-571-v,
news,kaggle_news:Benzinga_Newsdesk,2018-07-17 04:00:00,Seaport Global Downgrades RPM International to Neutral,https://www.benzinga.com/news/18/07/12029400/seaport-global-downgrades-rpm-international-to-neutral,
news,kaggle_news:Benzinga_Newsdesk,2018-07-17 04:00:00,US Labor Board Judge Rejects McDonald's Corp's Proposed Settlement In Case Alleging The Company Is Liable For Labor Law Violations By Franchises,https://www.benzinga.com/news/18/07/12033768/us-labor-board-judge-rejects-mcdonalds-corps-proposed-settlement-in-case-allegin,
news,kaggle_news:Benzinga Newsdesk,2018-07-17 04:00:00,"Boeing And Air Lease Announce Orders And Commitments For 78 Boeing Jets, Order Valued At $9.6B",https://www.benzinga.com/news/18/07/12028685/boeing-and-air-lease-announce-orders-and-commitments-for-78-boeing-jets-order-va,
news,kaggle_news:Jayson Derrick,2018-07-17 04:00:00,3 Reasons Why BMO Capital Markets Upgraded Netflix After Bumpy Q2,https://www.benzinga.com/analyst-ratings/analyst-color/18/07/12030422/3-reasons-why-bmo-capital-markets-upgraded-netflix-afte,
news,kaggle_news:Vick Meyer,2018-07-17 04:00:00,"KeyBanc Maintains Overweight on Netflix, Lowers Price Target to $375",https://www.benzinga.com/news/18/07/12028558/keybanc-maintains-overweight-on-netflix-lowers-price-target-to-375,
news,kaggle_news:Zacks,2018-07-17 07:28:00,CenturyLink to Widen Cloud Offerings With Oracle FastConnect,http://www.zacks.com/stock/news/311876/centurylink-to-widen-cloud-offerings-with-oracle-fastconnect?cid=CS-BENZ-FT-311876,
news,kaggle_news:GuruFocus,2018-07-17 07:38:00,"Ericsson, Telstra and Intel Achieve First End-to-end Multi-vendor 5G Commercial Network Data ...",http://www.gurufocus.com/news/708638/ericsson-telstra-and-intel-achieve-first-endtoend-multivendor-5g-commercial-network-data-call-over-licenced-35ghz-spectrum,
news,kaggle_news:Zacks,2018-07-17 07:42:00,"The Zacks Analyst Blog Highlights: PayPal, ConocoPhillips, T-Mobile, Zoetis and PACCAR",http://www.zacks.com/stock/news/311737/the-zacks-analyst-blog-highlights-paypal-conocophillips-t-mobile-zoetis-and-paccar?cid=CS-BENZ-FT-311737,
news,kaggle_news:Seeking Alpha,2018-07-17 07:55:00,"Air Lease to order $9.6B worth of Boeing 737s, 787s",https://seekingalpha.com/news/3370676-air-lease-order-9_6b-worth-boeing-737s-787s?source=partner_benzinga,
news,kaggle_news:Seeking Alpha,2018-07-17 08:14:00,Focus On Profitability And China Opportunity Make Starbucks An Attractive Buy,https://seekingalpha.com/article/4187745-focus-profitability-china-opportunity-make-starbucks-attractive-buy?source=partner_benzinga,
news,kaggle_news:Seeking Alpha,2018-07-17 08:26:00,Complete China Equity Exposure Made Easier,https://seekingalpha.com/article/4187667-complete-china-equity-exposure-made-easier?source=partner_benzinga,
news,kaggle_news:Seeking Alpha,2018-07-17 08:34:00,"As Risks Balloon, Yield Chasers Blow Off The Fed",https://seekingalpha.com/article/4187672-risks-balloon-yield-chasers-blow-fed?source=partner_benzinga,
news,kaggle_news:Investor's Business Daily,2018-07-17 08:52:00,"Tech Stock Futures Sag As Netflix Topples, Intel Downgraded",http://www.investors.com/market-trend/stock-market-today/tech-stock-futures-sag-netflix-intel/?src=A00237A&ven=BenzingaCP&src=AURLAAM,
news,kaggle_news:Zacks,2018-07-17 08:59:00,Pfizer's Hemophilia B Gene Therapy Candidate Enters Phase III,http://www.zacks.com/stock/news/311889/pfizers-hemophilia-b-gene-therapy-candidate-enters-phase-iii?cid=CS-BENZ-FT-311889,
news,kaggle_news:Seeking Alpha,2018-07-17 09:18:00,Alibaba Faces A Much Bigger Threat Than Trade War,https://seekingalpha.com/article/4187848-alibaba-faces-much-bigger-threat-trade-war?source=partner_benzinga,
news,kaggle_news:Zacks,2018-07-17 09:23:00,"The Zacks Analyst Blog Highlights: Amazon, Best Buy, Kroger, Shoe Carnival and Dillard???s",http://www.zacks.com/stock/news/311743/the-zacks-analyst-blog-highlights-amazon-best-buy-kroger-shoe-carnival-and-dillards?cid=CS-BENZ-FT-311743,
news,kaggle_news:Zacks,2018-07-17 09:55:00,Netflix Sinks on Weak Q2 Subscriber: ETFs to Watch,http://www.zacks.com/stock/news/311862/netflix-sinks-on-weak-q2-subscriber-etfs-to-watch?cid=CS-BENZ-FT-311862,
news,kaggle_news:Seeking Alpha,2018-07-17 10:08:00,IBM in patent dispute with Groupon,https://seekingalpha.com/news/3370516-ibm-patent-dispute-groupon?source=partner_benzinga,
news,kaggle_news:Seeking Alpha,2018-07-17 10:19:00,How The CARZ ETF Can Help You Hedge The Automobile Trade War,https://seekingalpha.com/article/4187701-carz-etf-can-help-hedge-automobile-trade-war?source=partner_benzinga,
news,kaggle_news:Seeking Alpha,2018-07-17 10:24:00,China's Belt And Road: An Ambitious Vision For Development,https://seekingalpha.com/article/4187661-chinas-belt-road-ambitious-vision-development?source=partner_benzinga,
news,kaggle_news:Seeking Alpha,2018-07-17 10:50:00,Why China Needs To Temporarily Accept Tariffs,https://seekingalpha.com/article/4187788-china-needs-temporarily-accept-tariffs?source=partner_benzinga,
news,kaggle_news:Benzinga_Newsdesk,2018-07-17 10:56:34,China Auto Logistics Halted News Pending,https://www.benzinga.com/news/18/07/12028718/china-auto-logistics-halted-news-pending,
news,kaggle_news:Seeking Alpha,2018-07-17 11:01:00,Trump Intensifies Trade Pressures On China,https://seekingalpha.com/article/4187654-trump-intensifies-trade-pressures-china?source=partner_benzinga,
news,kaggle_news:Seeking Alpha,2018-07-17 11:04:00,Equinix wraps Terremark integration from Verizon,https://seekingalpha.com/news/3370779-equinix-wraps-terremark-integration-verizon?source=partner_benzinga,
news,kaggle_news:GuruFocus,2018-07-17 11:07:00,"Rand Wealth, Llc Buys SPDR S&P Emerging Markets Dividend, Fidelity MSCI Information ...",http://www.gurufocus.com/news/709059/rand-wealth-llc-buys-spdr-sp-emerging-markets-dividend-fidelity-msci-information-technology-index-fidelity-msci-health-care-index-sells-monsanto-co-wisdomtree-us-smallcap-dividend-fund-southern-co,
news,kaggle_news:Seeking Alpha,2018-07-17 11:18:00,"China still confident of hitting 2018 growth target despite slowdown, trade risks",https://seekingalpha.com/news/3370761-china-still-confident-hitting-2018-growth-target-despite-slowdown-trade-risks?source=partner_benzinga,
news,kaggle_news:Seeking Alpha,2018-07-17 11:20:00,Citigroup: Going Higher,https://seekingalpha.com/article/4187749-citigroup-going-higher?source=partner_benzinga,
news,kaggle_news:Benzinga Newsdesk,2018-07-17 11:22:03,"China Auto Logistics 8-K Shows Company's CEO And President, CFO And Senior Vice President Have Resigned As A Result Of Police Investigation Over Alleged Violations Of Data Privacy",https://www.benzinga.com/news/18/07/12028918/china-auto-logistics-8-k-shows-companys-ceo-and-president-cfo-and-senior-vice-pr,
news,kaggle_news:Zacks,2018-07-17 11:23:00,Can Telecom Stocks Defy Tariff Ergonomics With Solid Q2?,http://www.zacks.com/stock/news/311786/can-telecom-stocks-defy-tariff-ergonomics-with-solid-q2?cid=CS-BENZ-FT-311786,
news,kaggle_news:Zacks,2018-07-17 11:24:00,Ford (F) Agrees to Pay $299.1M to Settle Takata Lawsuit,http://www.zacks.com/stock/news/311811/ford-f-agrees-to-pay-%242991m-to-settle-takata-lawsuit?cid=CS-BENZ-FT-311811,
news,kaggle_news:Zacks,2018-07-17 11:54:00,"Top Research Reports for AT&T, Home Depot & Cisco",http://www.zacks.com/research-daily/172344/top-research-reports-for-att-home-depot-cisco?cid=CS-BENZ-FT-172344,
news,kaggle_news:GuruFocus,2018-07-17 11:56:00,"Delta Capital Management Llc Buys PepsiCo Inc, Qualcomm Inc, Dunkin' Brands Group Inc, Sells ...",http://www.gurufocus.com/news/709007/delta-capital-management-llc-buys-pepsico-inc-qualcomm-inc-dunkin-brands-group-inc-sells-campbell-soup-co-mednax-inc-teradyne-inc,
news,kaggle_news:Investor's Business Daily,2018-07-17 11:59:00,"Consumer, Tech Stocks Boost Nasdaq; 3 Reasons Why Apple Could Rise Another 25%",http://www.investors.com/market-trend/stock-market-today/consumer-tech-stocks-boost-nasdaq-why-apple-could-rise/?src=A00237A&ven=BenzingaCP&src=AURLAAM,
news,kaggle_news:Benzinga Newsdesk,2018-07-17 12:25:36,"China Auto Logistics Trading Halt Code Now Changed To T12, Added Info Requested By Nasdaq",https://www.benzinga.com/news/18/07/12029504/china-auto-logistics-trading-halt-code-now-changed-to-t12-added-info-requested-b,
news,kaggle_news:Seeking Alpha,2018-07-17 12:30:00,How Amazon Is Creating Amazing Dividend Aristocrat Buying Opportunities,https://seekingalpha.com/article/4187769-amazon-creating-amazing-dividend-aristocrat-buying-opportunities?source=partner_benzinga,
news,kaggle_news:Seeking Alpha,2018-07-17 12:39:00,Investing Amid Brexit Uncertainty,https://seekingalpha.com/article/4187671-investing-amid-brexit-uncertainty?source=partner_benzinga,
news,kaggle_news:Seeking Alpha,2018-07-17 13:38:00,"China's home prices rise 1 pct in June, highest since Oct 2016",https://seekingalpha.com/news/3370756-chinas-home-prices-rise-1-pct-june-highest-since-oct-2016?source=partner_benzinga,
news,kaggle_news:Seeking Alpha,2018-07-17 13:53:00,"Markets Rise Strongly In Early July, Despite China Fears",https://seekingalpha.com/article/4187675-markets-rise-strongly-early-july-despite-china-fears?source=partner_benzinga,
news,kaggle_news:Zacks,2018-07-17 14:33:00,"Mastercard, Worldplay Join Forces to Drive Digital Payment",http://www.zacks.com/stock/news/311816/mastercard-worldplay-join-forces-to-drive-digital-payment?cid=CS-BENZ-FT-311816,
news,kaggle_news:Seeking Alpha,2018-07-17 14:45:00,"Forget About Trump-Putin, Look At The Dollar-Yuan (Podcast)",https://seekingalpha.com/article/4187703-forget-trump-putin-look-dollar-yuan-podcast?source=partner_benzinga,
news,kaggle_news:Seeking Alpha,2018-07-17 15:09:00,Macro Musings Podcast: Mark Copelovitch On The Political Economy Of The Global Recession And The Eurozone Crisis,https://seekingalpha.com/article/4187649-macro-musings-podcast-mark-copelovitch-political-economy-global-recession-eurozone-crisis?source=partner_benzinga,
news,kaggle_news:Seeking Alpha,2018-07-17 15:37:00,Fed Delivers Semi-Annual Monetary Policy (Wall Street Breakfast Podcast),https://seekingalpha.com/article/4187692-fed-delivers-semi-annual-monetary-policy-wall-street-breakfast-podcast?source=partner_benzinga,
news,kaggle_news:ETF Professor,2018-07-17 16:50:57,Mamma Mia: Another Country ETF Could Contend With Rate Hikes,https://www.benzinga.com/trading-ideas/long-ideas/18/07/12027528/mamma-mia-another-country-etf-could-contend-with-rate-hikes,
news,kaggle_news:Seeking Alpha,2018-07-17 17:55:00,China Slowdown Reflects Structural Change,https://seekingalpha.com/article/4187683-china-slowdown-reflects-structural-change?source=partner_benzinga,
news,kaggle_news:Zacks,2018-07-17 18:02:00,Will Netflix's Subscriber Addition Dip Heat Up Streaming War?,http://www.zacks.com/stock/news/311798/will-netflixs-subscriber-addition-dip-heat-up-streaming-war?cid=CS-BENZ-FT-311798,
news,kaggle_news:Seeking Alpha,2018-07-17 18:31:00,Jefferies downgrades four REITS after run-up in stocks,https://seekingalpha.com/news/3370867-jefferies-downgrades-four-reits-run-stocks?source=partner_benzinga,
news,kaggle_news:Seeking Alpha,2018-07-17 19:14:00,"Manitowoc, Generac downgraded to Sell at Goldman",https://seekingalpha.com/news/3370617-manitowoc-generac-downgraded-sell-goldman?source=partner_benzinga,
news,kaggle_news:Seeking Alpha,2018-07-17 19:56:00,Emerging markets on sale?,https://seekingalpha.com/news/3370699-emerging-markets-sale?source=partner_benzinga,
news,kaggle_news:Seeking Alpha,2018-07-17 20:01:00,The Short- And Long-Term Fate Of Emerging Markets,https://seekingalpha.com/article/4187792-short-long-term-fate-emerging-markets?source=partner_benzinga,
news,kaggle_news:Zacks,2018-07-17 20:09:00,IBM Seeks Patent Infringement Charges of $167M From Groupon,http://www.zacks.com/stock/news/311873/ibm-seeks-patent-infringement-charges-of-%24167m-from-groupon?cid=CS-BENZ-FT-311873,
news,kaggle_news:Zacks,2018-07-17 20:41:00,"Micron, Intel Update 2nd Generation 3D XPoint Partnership",http://www.zacks.com/stock/news/311875/micron-intel-update-2nd-generation-3d-xpoint-partnership?cid=CS-BENZ-FT-311875,
news,kaggle_news:Shanthi Rexaline,2018-07-18 04:00:00,"Jefferies Downgrades ONEOK On Valuation, But Says It's A Favorite US Midstream Pick",https://www.benzinga.com/analyst-ratings/analyst-color/18/07/12038645/jefferies-downgrades-oneok-on-valuation-but-says-its-a-,
news,kaggle_news:Benzinga Newsdesk,2018-07-18 04:00:00,"Zynga, Glu Mobile, China-Based The9 Not Responding Following Report Social/Mobile-Gaming Co. Jam City Looking To Raise $1B Through IPO Later In 2018",https://www.benzinga.com/news/18/07/12039389/zynga-glu-mobile-china-based-the9-not-responding-following-report-socialmobile-g,
news,kaggle_news:Benzinga_Newsdesk,2018-07-18 04:00:00,"Wells Fargo Downgrades Visteon to Market Perform, Lowers Price Target to $137",https://www.benzinga.com/news/18/07/12035680/wells-fargo-downgrades-visteon-to-market-perform-lowers-price-target-to-137,
news,kaggle_news:Vick Meyer,2018-07-18 04:00:00,"Citigroup Maintains Neutral on Nasdaq, Raises Price Target to $95",https://www.benzinga.com/news/18/07/12036391/citigroup-maintains-neutral-on-nasdaq-raises-price-target-to-95,
news,kaggle_news:Benzinga Newsdesk,2018-07-18 04:00:00,'Hyundai will set up 'showroom' on Amazon' -NYPost,https://www.benzinga.com/news/18/07/12039811/hyundai-will-set-up-showroom-on-amazon-nypost,
news,kaggle_news:Benzinga Newsdesk,2018-07-18 04:00:00,"Stocks That Made New 52-Week Highs Today Include: Alphabet (Both Classes), Facebook, Amazon, Eli Lilly, Intercontinental Exchange, Adobe, TripAdvisor, Darden Restaurants, Citrix, Marsh & McLennan, Norfolk Southern, Motorola, TJX, Intuit, Visa, and CSX",https://www.benzinga.com/trading-ideas/technicals/18/07/12039238/stocks-that-made-new-52-week-highs-today-include-alphabet-bo,
news,kaggle_news:Wayne Duggan,2018-07-18 04:00:00,Broadcom Gets Another Downgrade From Goldman Sachs,https://www.benzinga.com/analyst-ratings/analyst-color/18/07/12038273/broadcom-gets-another-downgrade-from-goldman-sachs,
news,kaggle_news:Benzinga_Newsdesk,2018-07-18 04:00:00,"Goldman Sachs Downgrades Broadcom to Neutral, Lowers Price Target to $220",https://www.benzinga.com/news/18/07/12036540/goldman-sachs-downgrades-broadcom-to-neutral-lowers-price-target-to-220,
news,kaggle_news:Benzinga_Newsdesk,2018-07-18 04:00:00,Credit Suisse Downgrades Ingredion to Neutral,https://www.benzinga.com/news/18/07/12037161/credit-suisse-downgrades-ingredion-to-neutral,
news,kaggle_news:Benzinga Newsdesk,2018-07-18 04:00:00,"Healthcare Services Group Shares Down 10% Premarket After Co. Late Tuesday Reported Q2 Miss; Stifel Earlier Downgraded Stock To Sell, Lowered Price Target To $35",https://www.benzinga.com/trading-ideas/movers/18/07/12037094/healthcare-services-group-shares-down-10-premarket-after-co-late,
news,kaggle_news:Lisa Levin,2018-07-18 04:00:00,"Benzinga's Top Upgrades, Downgrades For July 18, 2018",https://www.benzinga.com/analyst-ratings/upgrades/18/07/12037179/benzingas-top-upgrades-downgrades-for-july-18-2018,
news,kaggle_news:Benzinga_Newsdesk,2018-07-18 04:00:00,Goldman Sachs Downgrades Newfield Exploration to Neutral,https://www.benzinga.com/news/18/07/12036542/goldman-sachs-downgrades-newfield-exploration-to-neutral,
news,kaggle_news:Wayne Duggan,2018-07-18 04:00:00,Potential Winners And Losers In The Optical Space From The Tariff Dispute,https://www.benzinga.com/analyst-ratings/analyst-color/18/07/12038851/potential-winners-and-losers-in-the-optical-space-from-,
news,kaggle_news:Benzinga Newsdesk,2018-07-18 04:00:00,"Notable Earnings Expected Out After The Close Wed.: IBM (IBM), Alcoa (AA), eBay (EBAY), American Express (AXP), Canadian-Pacific (CP)",https://www.benzinga.com/news/earnings/18/07/12036162/notable-earnings-expected-out-after-the-close-wed-ibm-ibm-alcoa-aa-ebay,
news,kaggle_news:Benzinga_Newsdesk,2018-07-18 04:00:00,"Stifel Nicolaus Downgrades Healthcare Services Group to Sell, Lowers Price Target to $35",https://www.benzinga.com/news/18/07/12035798/stifel-nicolaus-downgrades-healthcare-services-group-to-sell-lowers-price-target,
news,kaggle_news:Benzinga_Newsdesk,2018-07-18 04:00:00,Raymond James Downgrades First Horizon National to Outperform,https://www.benzinga.com/news/18/07/12036128/raymond-james-downgrades-first-horizon-national-to-outperform,
news,kaggle_news:Elizabeth Balboa,2018-07-18 04:00:00,Autoliv Downgraded By Wells Fargo After Veoneer Spinoff,https://www.benzinga.com/analyst-ratings/analyst-color/18/07/12038023/autoliv-downgraded-by-wells-fargo-after-veoneer-spinoff,
news,kaggle_news:Benzinga_Newsdesk,2018-07-18 04:00:00,"B. Riley Says That While Tariffs Will Have A Negative Effect On The Optical Industry As A Whole, But Believes This Could Be A Beneficiary To Fabrinet, As Well As Finisar And Oclaro, As Optical Co.'s May Seek Out Non-Chinese Contract Manufacturer",https://www.benzinga.com/analyst-ratings/analyst-color/18/07/12037337/b-riley-says-that-while-tariffs-will-have-a-negative-ef,
news,kaggle_news:Benzinga_Newsdesk,2018-07-18 04:00:00,"Goldman Sachs Downgrades Clorox to Sell, Lowers Price Target to $112",https://www.benzinga.com/news/18/07/12036541/goldman-sachs-downgrades-clorox-to-sell-lowers-price-target-to-112,
news,kaggle_news:Hannah Genig,2018-07-18 04:00:00,Once More Unto The Bleach: Goldman Sachs Downgrades Clorox,https://www.benzinga.com/analyst-ratings/analyst-color/18/07/12038248/once-more-unto-the-bleach-goldman-sachs-downgrades-clor,
news,kaggle_news:Benzinga Newsdesk,2018-07-18 04:00:00,"Benzinga Pro Morning Price Check For Regional ETFs: Australia (EWA) Up 0.2%, US (SPY) Up 0.1%, Europe (VGK) Flat, Japan (EWJ) Down 0.2%, Canada (EWC) Down 0.3%, Mexico (EWW) Down 0.4%, Brazil (EWZ) Down 0.8%, China ETF (FXI) Down 1.1%",https://www.benzinga.com/news/18/07/12037321/benzinga-pro-morning-price-check-for-regional-etfs-australia-ewa-up-0-2-us-spy-u,
news,kaggle_news:Vick Meyer,2018-07-18 04:00:00,"Citigroup Maintains Buy on Keysight Technologies, Raises Price Target to $71",https://www.benzinga.com/news/18/07/12036385/citigroup-maintains-buy-on-keysight-technologies-raises-price-target-to-71,
news,kaggle_news:Vick Meyer,2018-07-18 04:00:00,"Citigroup Maintains Neutral on Intercontinental Exchange, Raises Price Target to $80",https://www.benzinga.com/news/18/07/12036380/citigroup-maintains-neutral-on-intercontinental-exchange-raises-price-target-to-,
news,kaggle_news:Benzinga Newsdesk,2018-07-18 04:00:00,"From Delivering Alpha Conference: Greenhaven's Wachenheim Says He Also Likes Citi, Sees Stock Worth $130 In 2021",https://www.benzinga.com/news/18/07/12037863/from-delivering-alpha-conference-greenhavens-wachenheim-says-he-also-likes-citi-,
news,kaggle_news:Benzinga_Newsdesk,2018-07-18 04:00:00,Goldman Sachs Downgrades Universal Health Services to Neutral,https://www.benzinga.com/news/18/07/12036543/goldman-sachs-downgrades-universal-health-services-to-neutral,
news,kaggle_news:Benzinga_Newsdesk,2018-07-18 04:00:00,"UBS Downgrades First Horizon National to Neutral, Lowers Price Target to $19",https://www.benzinga.com/news/18/07/12036172/ubs-downgrades-first-horizon-national-to-neutral-lowers-price-target-to-19,
news,kaggle_news:Benzinga_Newsdesk,2018-07-18 04:00:00,Citigroup Downgrades Windstream Holdings to Sell,https://www.benzinga.com/news/18/07/12035953/citigroup-downgrades-windstream-holdings-to-sell,
news,kaggle_news:Benzinga Newsdesk,2018-07-18 04:00:00,"'Netflix Creating Comedy Radio Channel With SiriusXM' - WSJ, Says Channel Expected To Launch By January",https://www.benzinga.com/news/18/07/12038141/netflix-creating-comedy-radio-channel-with-siriusxm-wsj-says-channel-expected-to,
news,kaggle_news:Elizabeth Balboa,2018-07-18 04:00:00,Netflix To Bring Comedy To New Sirius XM Channel,https://www.benzinga.com/news/18/07/12038245/netflix-to-bring-comedy-to-new-sirius-xm-channel,
news,kaggle_news:Benzinga_Newsdesk,2018-07-18 04:00:00,Jefferies Downgrades Magellan Midstream to Hold,https://www.benzinga.com/news/18/07/12035667/jefferies-downgrades-magellan-midstream-to-hold,
news,kaggle_news:Benzinga_Newsdesk,2018-07-18 04:00:00,Cowen & Co. Downgrades Ironwood Pharmaceuticals to Market Perform,https://www.benzinga.com/news/18/07/12036108/cowen-co-downgrades-ironwood-pharmaceuticals-to-market-perform,
news,kaggle_news:Benzinga Newsdesk,2018-07-18 04:00:00,IBM Reaffirms FY18 Adj. EPS At Least $13.80 vs $13.78 Estimate,https://www.benzinga.com/news/18/07/12039848/ibm-reaffirms-fy18-adj-eps-at-least-13-80-vs-13-78-estimate,
news,kaggle_news:Benzinga Newsdesk,2018-07-18 04:00:00,"IBM Q2 Adj. EPS $3.08 Beats $3.04 Estimate, Sales $20B Beat $19.88B Estimate",https://www.benzinga.com/news/earnings/18/07/12039847/ibm-q2-adj-eps-3-08-beats-3-04-estimate-sales-20b-beat-19-88b-estimate,
news,kaggle_news:Benzinga Newsdesk,2018-07-18 04:00:00,IBM Q2 Earnings Preview,https://www.benzinga.com/news/earnings-previews/18/07/12034946/ibms-earnings-preview,
news,kaggle_news:Benzinga_Newsdesk,2018-07-18 04:00:00,Argus Downgrades American Campus to Hold,https://www.benzinga.com/news/18/07/12037164/argus-downgrades-american-campus-to-hold,
news,kaggle_news:Benzinga Newsdesk,2018-07-18 04:00:00,"Benzinga Pro Mid-Day Price Check For Regional ETFs: Mexico (EWW) Up 1.1%, Australia (EWA) Up 0.7%, Europe (VGK) Up 0.3%, US (SPY) Up 0.2%, Japan (EWJ) Flat, Canada (EWC) Down 0.1%, Brazil (EWZ) Down 0.1%, China ETF (FXI) Down 0.7%",https://www.benzinga.com/news/18/07/12038692/benzinga-pro-mid-day-price-check-for-regional-etfs-mexico-eww-up-1-1-australia-e,
news,kaggle_news:Benzinga_Newsdesk,2018-07-18 04:00:00,"Wells Fargo Downgrades Autoliv to Market Perform, Lowers Price Target to $115",https://www.benzinga.com/news/18/07/12035677/wells-fargo-downgrades-autoliv-to-market-perform-lowers-price-target-to-115,
news,kaggle_news:Benzinga_Newsdesk,2018-07-18 04:00:00,From Alcoa Q2 Conference Call: Co. Expects $12M-$14M Negative Monthly Impact As Long As Tariffs Are In Place,https://www.benzinga.com/markets/commodities/18/07/12040915/from-alcoa-q2-conference-call-co-expects-12m-14m-negative-monthly,
news,kaggle_news:Benzinga_Newsdesk,2018-07-18 04:00:00,AppleInsider Reports 'Netflix and HBO's uncertainty may give Apple a content opening',https://www.benzinga.com/news/18/07/12038192/appleinsider-reports-netflix-and-hbos-uncertainty-may-give-apple-a-content-openi,
news,kaggle_news:Benzinga_Newsdesk,2018-07-18 04:00:00,Baird Downgrades Extra Space Storage to Neutral,https://www.benzinga.com/news/18/07/12036173/baird-downgrades-extra-space-storage-to-neutral,
news,kaggle_news:Benzinga_Newsdesk,2018-07-18 04:00:00,"B. Riley FBR Downgrades Columbia Sportswear to Neutral, Raises Price Target to $84",https://www.benzinga.com/news/18/07/12036164/b-riley-fbr-downgrades-columbia-sportswear-to-neutral-raises-price-target-to-84,
news,kaggle_news:Jayson Derrick,2018-07-18 04:00:00,Columbia Sportswear Downgraded Ahead Of Q2 Print,https://www.benzinga.com/analyst-ratings/analyst-color/18/07/12038240/columbia-sportswear-downgraded-ahead-of-q2-print,
news,kaggle_news:Benzinga_Newsdesk,2018-07-18 04:00:00,"Citigroup Reinstates Neutral on Centene, Announces $147",https://www.benzinga.com/news/18/07/12035957/citigroup-reinstates-neutral-on-centene-announces-147,
news,kaggle_news:Benzinga_Newsdesk,2018-07-18 04:00:00,Starbucks Shares Up 0.30% As Traders Circulate Questionable Chatter That Jana Has Built A Stake In The Co.,https://www.benzinga.com/news/18/07/12037602/starbucks-shares-up-0-30-as-traders-circulate-questionable-chatter-that-jana-has,
news,kaggle_news:Benzinga Newsdesk,2018-07-18 04:00:00,Windstream Holdings Shares Down 12.8% After Citi Downgraded Stock To Sell,https://www.benzinga.com/trading-ideas/movers/18/07/12036801/windstream-holdings-shares-down-12-8-after-citi-downgraded-co-to,
news,kaggle_news:Vick Meyer,2018-07-18 04:00:00,"Barclays Maintains Equal-Weight on Starbucks, Lowers Price Target to $57",https://www.benzinga.com/news/18/07/12036088/barclays-maintains-equal-weight-on-starbucks-lowers-price-target-to-57,
news,kaggle_news:Benzinga_Newsdesk,2018-07-18 04:00:00,Jefferies Downgrades ONEOK to Hold,https://www.benzinga.com/news/18/07/12035664/jefferies-downgrades-oneok-to-hold,
news,kaggle_news:Seeking Alpha,2018-07-18 07:18:00,Slow Progress Not Getting The Job Done For Citigroup Shares,https://seekingalpha.com/article/4187899-slow-progress-getting-job-done-citigroup-shares?source=partner_benzinga,
news,kaggle_news:Seeking Alpha,2018-07-18 08:07:00,Malaysia: GST Removal Dents Inflation,https://seekingalpha.com/article/4188009-malaysia-gst-removal-dents-inflation?source=partner_benzinga,
news,kaggle_news:Seeking Alpha,2018-07-18 08:20:00,"Copper prices poised to go 'on steroids,' Citi analysts say",https://seekingalpha.com/news/3371128-copper-prices-poised-go-on-steroids-citi-analysts-say?source=partner_benzinga,
news,kaggle_news:Zacks,2018-07-18 08:43:00,Should Investors Worry About IBM's Groupon (GRPN) Lawsuit?,http://www.zacks.com/stock/news/312097/should-investors-worry-about-ibms-groupon-grpn-lawsuit?cid=CS-BENZ-FT-312097,
news,kaggle_news:GuruFocus,2018-07-18 09:21:00,"HT Partners LLC Buys Vanguard Total International Bond ETF, Facebook Inc, Sells Invesco S&P ...",http://www.gurufocus.com/news/709353/ht-partners-llc-buys-vanguard-total-international-bond-etf-facebook-inc-sells-invesco-sp-500-equal-weight-spdr-select-sector-fund--consumer-staples,
news,kaggle_news:Seeking Alpha,2018-07-18 09:26:00,You Can't Go Wrong Buying Netflix On Dips - Cramer's Mad Money (7/17/18),https://seekingalpha.com/article/4187971-go-wrong-buying-netflix-dips-cramers-mad-money-7-17-18?source=partner_benzinga,
news,kaggle_news:Seeking Alpha,2018-07-18 09:34:00,"Netflix, Sirius XM team on comedy radio",https://seekingalpha.com/news/3371082-netflix-sirius-xm-team-comedy-radio?source=partner_benzinga,
news,kaggle_news:Zacks,2018-07-18 09:50:00,Factors Setting the Tone for Coca-Cola's (KO) Q2 Earnings,http://www.zacks.com/stock/news/312059/factors-setting-the-tone-for-coca-colas-ko-q2-earnings?cid=CS-BENZ-FT-312059,
news,kaggle_news:Seeking Alpha,2018-07-18 10:13:00,Goldilocks Economy Warrants A Goldilocks Federal Reserve Chairperson,https://seekingalpha.com/article/4187922-goldilocks-economy-warrants-goldilocks-federal-reserve-chairperson?source=partner_benzinga,
news,kaggle_news:Seeking Alpha,2018-07-18 10:19:00,Venezuela's oil industry collapse puts PetroChina projects in limbo,https://seekingalpha.com/news/3371300-venezuelas-oil-industry-collapse-puts-petrochina-projects-limbo?source=partner_benzinga,
news,kaggle_news:GuruFocus,2018-07-18 10:47:00,"Tompkins Financial Corp Buys iShares Core MSCI Emerging Markets, Vanguard Short-Term ...",http://www.gurufocus.com/news/709509/tompkins-financial-corp-buys-ishares-core-msci-emerging-markets-vanguard-shortterm-inflationprotected-securities-blackrock-inc-sells-schwab-emerging-markets-equity-invesco-preferred-procter--gamble-co,
news,kaggle_news:Investor's Business Daily,2018-07-18 10:48:00,"Google Owner Above Buy Point, Oil Jumps As This Chip Stock Makes Bullish Move",http://www.investors.com/market-trend/stock-market-today/google-owner-above-buy-point-oil-jumps-as-this-chip-stock-makes-bullish-move/?src=A00237A&ven=BenzingaCP&src=AURLAAM,
news,kaggle_news:Seeking Alpha,2018-07-18 10:59:00,Digital China: Transforming To Greater Competitiveness,https://seekingalpha.com/article/4187965-digital-china-transforming-greater-competitiveness?source=partner_benzinga,
news,kaggle_news:Investor's Business Daily,2018-07-18 11:08:00,"Microsoft, E-Trade, Domino's Lead Top Earnings Due: Investing Action Plan",http://www.investors.com/research/investing-action-plan/top-earnings-microsoft-etrade-dominos-apple-suppliers/?src=A00237A&ven=BenzingaCP&src=AURLAAM,
news,kaggle_news:Zacks,2018-07-18 11:54:00,"PayPal Invests in PPRO, Expands in Online Payment Space",http://www.zacks.com/stock/news/312039/paypal-invests-in-ppro-expands-in-online-payment-space?cid=CS-BENZ-FT-312039,
news,kaggle_news:GuruFocus,2018-07-18 12:29:00,"Boston Advisors Llc Buys Alphabet Inc, Broadridge Financial Solutions Inc, WellCare Health ...",http://www.gurufocus.com/news/709511/boston-advisors-llc-buys-alphabet-inc-broadridge-financial-solutions-inc-wellcare-health-plans-inc-sells-netflix-inc-abbvie-inc-apple-inc,
news,kaggle_news:GuruFocus,2018-07-18 13:31:00,"Oakbrook Investments Llc Buys 'M Co, Netflix Inc, Intel Corp, Sells Procter & Gamble Co, ...",http://www.gurufocus.com/news/709355/oakbrook-investments-llc-buys-3m-co-netflix-inc-intel-corp-sells-procter--gamble-co-costco-wholesale-corp-pnc-financial-services-group-inc,
news,kaggle_news:Zacks,2018-07-18 13:38:00,NASDAQ Hits New Record as Netflix Rebounds,https://www.zacks.com/registration/ultimatetrader/welcome/eoffer/30c3?adid=ZU_CONTENT_SYND&cid=CS-BENZ-FT-17209,
news,kaggle_news:Seeking Alpha,2018-07-18 13:56:00,"Austria: Inflation Keeps Rising, As Consumers Like To Spend",https://seekingalpha.com/article/4188015-austria-inflation-keeps-rising-consumers-like-spend?source=partner_benzinga,
news,kaggle_news:Investor's Business Daily,2018-07-18 14:01:00,Amazon Holds Up As Nasdaq Dips; United Airlines Soars On Earnings,http://www.investors.com/market-trend/stock-market-today/amazon-holds-up-as-nasdaq-dips-united-airlines-soars-on-earnings/?src=A00237A&ven=BenzingaCP&src=AURLAAM,
news,kaggle_news:Seeking Alpha,2018-07-18 14:10:00,"No Currency Manipulation By China's Government, Yet",https://seekingalpha.com/article/4187951-currency-manipulation-chinas-government-yet?source=partner_benzinga,
news,kaggle_news:Investor's Business Daily,2018-07-18 14:13:00,Stock Futures Mixed; Boeing Leads Dow; United Spurs Airline Rally,http://www.investors.com/market-trend/stock-market-today/stock-futures-morgan-stanley/?src=A00237A&ven=BenzingaCP&src=AURLAAM,
news,kaggle_news:Zacks,2018-07-18 14:29:00,"Mastercard, Wirecard Pair Up for Payment Via Wearables",http://www.zacks.com/stock/news/312008/mastercard-wirecard-pair-up-for-payment-via-wearables?cid=CS-BENZ-FT-312008,
news,kaggle_news:Zacks,2018-07-18 15:12:00,Why Microsoft Just Picked a Side in the Walmart-Amazon War,http://www.zacks.com/stock/news/311912/why-microsoft-just-picked-a-side-in-the-walmart-amazon-war?cid=CS-BENZ-FT-311912,
news,kaggle_news:GuruFocus,2018-07-18 15:21:00,"Smithbridge Asset Management Inc Buys Alphabet Inc, Kinder Morgan Inc, Schwab U.S. ...",http://www.gurufocus.com/news/709510/smithbridge-asset-management-inc-buys-alphabet-inc-kinder-morgan-inc-schwab-us-smallcap-sells-interdigital-inc-qualcomm-inc-kimberlyclark-corp,
news,kaggle_news:Seeking Alpha,2018-07-18 15:29:00,Market Volatility Bulletin: Is The Long Bond Yield Too Low Relative To Inflation And GDP Growth?,https://seekingalpha.com/article/4188108-market-volatility-bulletin-long-bond-yield-low-relative-inflation-gdp-growth?source=partner_benzinga,
news,kaggle_news:Seeking Alpha,2018-07-18 15:36:00,Mesoblast Completes Deal In China For Stem Cell Heart Therapies,https://seekingalpha.com/article/4188065-mesoblast-completes-deal-china-stem-cell-heart-therapies?source=partner_benzinga,
news,kaggle_news:Seeking Alpha,2018-07-18 16:01:00,Falling UK Core Inflation Another Headache For The Bank Of England,https://seekingalpha.com/article/4188027-falling-uk-core-inflation-another-headache-bank-england?source=partner_benzinga,
news,kaggle_news:Seeking Alpha,2018-07-18 16:20:00,Eurozone annual inflation confirmed at 2.0% in June,https://seekingalpha.com/news/3371145-eurozone-annual-inflation-confirmed-2_0-percent-june?source=partner_benzinga,
news,kaggle_news:Zacks,2018-07-18 16:22:00,"AXP & IBM Earnings Preview, Wednesday's Trending Stocks: AMZN, FNKO | Free Lunch",http://www.zacks.com/stock/news/312069/axp-ibm-earnings-preview-wednesdays-trending-stocks-amzn-fnko-free-lunch?cid=CS-BENZ-FT-312069,
news,kaggle_news:Seeking Alpha,2018-07-18 16:24:00,Fed's Quarles calls for eased bank regulation on regional players,https://seekingalpha.com/news/3371166-feds-quarles-calls-eased-bank-regulation-regional-players?source=partner_benzinga,
news,kaggle_news:Seeking Alpha,2018-07-18 16:36:00,Cisco +3.7% on report Amazon denies plans to compete in switches,https://seekingalpha.com/news/3371295-cisco-plus-3_7-percent-report-amazon-denies-plans-compete-switches?source=partner_benzinga,
news,kaggle_news:Seeking Alpha,2018-07-18 16:43:00,Wall Street Breakfast: Google Faces Record $5B Fine Over Android,https://seekingalpha.com/article/4187949-wall-street-breakfast-google-faces-record-5b-fine-android?source=partner_benzinga,
news,kaggle_news:Seeking Alpha,2018-07-18 16:56:00,"Tariffs, Earnings And Politics: What's Moving Markets This Week?",https://seekingalpha.com/article/4187927-tariffs-earnings-politics-moving-markets-week?source=partner_benzinga,
news,kaggle_news:Seeking Alpha,2018-07-18 17:45:00,Sweden Moves Closer To First Interest Rate Rise In A Decade,https://seekingalpha.com/article/4187961-sweden-moves-closer-first-interest-rate-rise-decade?source=partner_benzinga,
news,kaggle_news:Seeking Alpha,2018-07-18 17:50:00,UK Inflation Rises by 2.4% in June,https://seekingalpha.com/news/3371138-uk-inflation-rises-2_4-percent-june?source=partner_benzinga,
news,kaggle_news:Seeking Alpha,2018-07-18 18:23:00,"ONEOK, Magellan downgraded while MPLX, Sunoco upgraded at Jefferies",https://seekingalpha.com/news/3371189-oneok-magellan-downgraded-mplx-sunoco-upgraded-jefferies?source=partner_benzinga,
news,kaggle_news:Seeking Alpha,2018-07-18 18:35:00,Google Faces Record $5 Billion Fine Over Android (Wall Street Breakfast Podcast),https://seekingalpha.com/article/4187966-google-faces-record-5-billion-fine-android-wall-street-breakfast-podcast?source=partner_benzinga,
news,kaggle_news:Zacks,2018-07-18 19:28:00,"The Zacks Analyst Blog Highlights: AT&T, Home Depot, Cisco, Ford and Mondelez",http://www.zacks.com/stock/news/311915/the-zacks-analyst-blog-highlights-att-home-depot-cisco-ford-and-mondelez?cid=CS-BENZ-FT-311915,
news,kaggle_news:Seeking Alpha,2018-07-18 19:37:00,"Windstream -12%, Uniti -5.6% as Citi pulls Sell switch",https://seekingalpha.com/news/3371032-windstream-minus-12-percent-uniti-minus-5_6-percent-citi-pulls-sell-switch?source=partner_benzinga,
news,kaggle_news:Benzinga_Newsdesk,2018-07-19 04:00:00,Susquehanna Downgrades Shoe Carnival to Neutral,https://www.benzinga.com/news/18/07/12042882/susquehanna-downgrades-shoe-carnival-to-neutral,
news,kaggle_news:Ezra Schwarzbaum,2018-07-19 04:00:00,Some Perspective On Netflix's Subscriber Figures,https://www.benzinga.com/news/earnings/18/07/12045228/some-perspective-on-netflixs-subscriber-figures,
news,kaggle_news:Benzinga Newsdesk,2018-07-19 04:00:00,"'JUST IN: Walt Disney CEO Bob Iger says the company is ""extremely pleased"" with today's news that Comcast is dropping its bid for Fox's assets.' -Tweet From CNBC Now",https://www.benzinga.com/news/18/07/12045297/just-in-walt-disney-ceo-bob-iger-says-the-company-is-extremely-pleased-with-toda,
news,kaggle_news:Benzinga_Newsdesk,2018-07-19 04:00:00,Raymond James Upgrades Comcast to Outperform,https://www.benzinga.com/news/18/07/12045120/raymond-james-upgrades-comcast-to-outperform,
news,kaggle_news:Benzinga Newsdesk,2018-07-19 04:00:00,"Insteel Industries Pres, CEO HO Woltz Says 'Business conditions will remain challenging, however, as we contend with rising cost pressures and supply constraints resulting from the imposition of the Section 232 tariffs...'",https://www.benzinga.com/news/18/07/12042510/insteel-industries-pres-ceo-ho-woltz-says-business-conditions-will-remain-challe,
news,kaggle_news:Vick Meyer,2018-07-19 04:00:00,"Morgan Stanley Maintains Overweight on Mastercard, Raises Price Target to $224",https://www.benzinga.com/news/18/07/12043520/morgan-stanley-maintains-overweight-on-mastercard-raises-price-target-to-224,
news,kaggle_news:Benzinga Newsdesk,2018-07-19 04:00:00,"Comcast Issues Statement On 21st Century Fox: 'Comcast does not intend to pursue further the acquisition of the Twenty-First Century Fox assets and, instead, will focus on our recommended offer for Sky'",https://www.benzinga.com/news/18/07/12043530/comcast-issues-statement-on-21st-century-fox-comcast-does-not-intend-to-pursue-f,
news,kaggle_news:Benzinga Newsdesk,2018-07-19 04:00:00,"Toyota Motors Comments Following Auto Tariff Discussion: If New Tariffs Imposed, Sees Cost Of Toyota Tundra Truck Built In Texas Going Up By $2,800",https://www.benzinga.com/news/18/07/12044236/toyota-motors-comments-following-auto-tariff-discussion-if-new-tariffs-imposed-s,
news,kaggle_news:Benzinga_Newsdesk,2018-07-19 04:00:00,Wells Fargo Downgrades Terex to Market Perform,https://www.benzinga.com/news/18/07/12043311/wells-fargo-downgrades-terex-to-market-perform,
news,kaggle_news:Benzinga Newsdesk,2018-07-19 04:00:00,Merck Says 'We commit to not increase the average net price across our portfolio of products by more than inflation annually',https://www.benzinga.com/news/18/07/12046625/merck-says-we-commit-to-not-increase-the-average-net-price-across-our-portfolio-,
news,kaggle_news:Benzinga_Newsdesk,2018-07-19 04:00:00,Raymond James Downgrades eBay to Outperform,https://www.benzinga.com/news/18/07/12042758/raymond-james-downgrades-ebay-to-outperform,
news,kaggle_news:Benzinga Newsdesk,2018-07-19 04:00:00,"'Thank you to Novartis for not increasing your prices on prescription drugs. Likewise to Pfizer. We are making a big push to actually reduce the prices, maybe substantially, on prescription drugs.' -Tweet From Pres Trump",https://www.benzinga.com/news/18/07/12042481/thank-you-to-novartis-for-not-increasing-your-prices-on-prescription-drugs-likew,
news,kaggle_news:Benzinga Newsdesk,2018-07-19 04:00:00,"Stocks That Made New 52-Week Highs Today Include: IDEXX Laboratories, VF, Costco, Darden Restaurants, Walt Disney, Marsh & McLennan, W.W. Grainger, Ross Stores, TJX, Intercontinental Exchange, O'Reilly Automotive, Humana, Centene, and United Continental",https://www.benzinga.com/trading-ideas/technicals/18/07/12046057/stocks-that-made-new-52-week-highs-today-include-idexx-labor,
news,kaggle_news:Benzinga Newsdesk,2018-07-19 04:00:00,"Benzinga Pro Morning Price Check For Regional ETFs: US (SPY) Down 0.2%, Canada (EWC) Down 0.2%, Japan (EWJ) Down 0.3%, Europe (VGK) Down 0.5%, India (INDA) Down 1.1%, China ETF (FXI) Down 1.3%, Mexico (EWW) Down 1.5%, Russia (RSX) Down 1.6%",https://www.benzinga.com/news/18/07/12044204/benzinga-pro-morning-price-check-for-regional-etfs-us-spy-down-0-2-canada-ewc-do,
news,kaggle_news:Benzinga Newsdesk,2018-07-19 04:00:00,"Automaker Trade Group Has Said The Proposed Trump Import Tariffs On Cars, Auto Parts Would Raise Prices On US Vehicles By $83B Annually",https://www.benzinga.com/news/18/07/12042953/automaker-trade-group-has-said-the-proposed-trump-import-tariffs-on-cars-auto-pa,
news,kaggle_news:Hannah Genig,2018-07-19 04:00:00,"Comcast Ends Pursuit Of Fox Assets, Will Focus On Sky",https://www.benzinga.com/news/18/07/12044240/comcast-ends-pursuit-of-fox-assets-will-focus-on-sky,
news,kaggle_news:Benzinga_Newsdesk,2018-07-19 04:00:00,"'Walmart is, in fact, looking to launch a subscription VOD product - story coming shortly'-Variety Editor Todd Spangler Tweets",https://www.benzinga.com/news/18/07/12045095/walmart-is-in-fact-looking-to-launch-a-subscription-vod-product-story-coming-sho,
news,kaggle_news:Benzinga Newsdesk,2018-07-19 04:00:00,Gold and Gold ETFs Pop On Trump Statement He's Not 'Thrilled' About Interest Rate Hikes,https://www.benzinga.com/markets/commodities/18/07/12045987/gold-and-gold-etfs-pop-on-trump-statement-hes-not-thrilled-about-,
news,kaggle_news:Benzinga_Newsdesk,2018-07-19 04:00:00,Stephens & Co. Downgrades Tribune Media to Equal-Weight,https://www.benzinga.com/news/18/07/12043697/stephens-co-downgrades-tribune-media-to-equal-weight,
news,kaggle_news:Benzinga_Newsdesk,2018-07-19 04:00:00,"Berenberg Downgrades Hyatt Hotels to Hold, Raises Price Target to $87.50",https://www.benzinga.com/news/18/07/12042934/berenberg-downgrades-hyatt-hotels-to-hold-raises-price-target-to-87-50,
news,kaggle_news:Charles Gross,2018-07-19 04:00:00,FirstWave Cloud Technology Signs OEM License Agreement with Cisco,https://www.benzinga.com/tech/18/07/12042116/firstwave-cloud-technology-signs-oem-license-agreement-with-cisco,
news,kaggle_news:Vick Meyer,2018-07-19 04:00:00,"Morgan Stanley Maintains Overweight on Cisco Systems, Lowers Price Target to $48",https://www.benzinga.com/news/18/07/12043368/morgan-stanley-maintains-overweight-on-cisco-systems-lowers-price-target-to-48,
news,kaggle_news:Benzinga Newsdesk,2018-07-19 04:00:00,"Late Wednesday, Marketwatch Reported Amazon Denied July 13th Report From The Information That It Will Challenge Cisco With Networking Switch Sales",https://www.benzinga.com/news/18/07/12045640/late-wednesday-marketwatch-reported-amazon-denied-july-13th-report-from-the-info,
news,kaggle_news:Benzinga_Newsdesk,2018-07-19 04:00:00,William Blair Downgrades Hudson Technologies to Market Perform,https://www.benzinga.com/news/18/07/12044233/william-blair-downgrades-hudson-technologies-to-market-perform,
news,kaggle_news:Benzinga Newsdesk,2018-07-19 04:00:00,Alcoa Shares Trading Down 11.9% After Co. Cut FY18 EBITDA Guidance; Co. Late Wednesday Announced Expected $12M-$14M Negative Monthly Impact As Long As Tariffs Are In Place,https://www.benzinga.com/trading-ideas/movers/18/07/12046183/alcoa-shares-trading-down-11-9-after-co-cut-fy18-ebitda-guidance,
news,kaggle_news:Ezra Schwarzbaum,2018-07-19 04:00:00,"Analysts React To IBM's Q2; Report 'Helps Put In A Valuation Floor,' Says Morgan Stanley",https://www.benzinga.com/analyst-ratings/analyst-color/18/07/12045927/analysts-react-to-ibms-q2-report-helps-put-in-a-valuati,
news,kaggle_news:Benzinga_Newsdesk,2018-07-19 04:00:00,Sidoti & Co. Downgrades Briggs & Stratton to Neutral,https://www.benzinga.com/news/18/07/12044192/sidoti-co-downgrades-briggs-stratton-to-neutral,
news,kaggle_news:Vick Meyer,2018-07-19 04:00:00,"BMO Capital Maintains Market Perform on IBM, Lowers Price Target to $172",https://www.benzinga.com/news/18/07/12043236/bmo-capital-maintains-market-perform-on-ibm-lowers-price-target-to-172,
news,kaggle_news:Benzinga_Newsdesk,2018-07-19 04:00:00,"Bank of America Downgrades Crown Holdings to Neutral, Lowers Price Target to $51",https://www.benzinga.com/news/18/07/12045232/bank-of-america-downgrades-crown-holdings-to-neutral-lowers-price-target-to-51,
news,kaggle_news:Vick Meyer,2018-07-19 04:00:00,"Stifel Nicolaus Maintains Buy on IBM, Lowers Price Target to $178",https://www.benzinga.com/news/18/07/12042995/stifel-nicolaus-maintains-buy-on-ibm-lowers-price-target-to-178,
news,kaggle_news:Benzinga Newsdesk,2018-07-19 04:00:00,Toyota Sees Cost Of Toyota Sienna Minivan Built In Indiana Going Up By $3K If Tariffs Are Imposed,https://www.benzinga.com/news/18/07/12044303/toyota-sees-cost-of-toyota-sienna-minivan-built-in-indiana-going-up-by-3k-if-tar,
news,kaggle_news:Benzinga Newsdesk,2018-07-19 04:00:00,21Vianet Group Reports Wholly-Owned Subsidiary Shanghai Blue Cloud Technology Entered Distribution Deals With 4 World-Class Cloud Service Providers Which Authorized 21V Blue Cloud as Distributor In Mainland China,https://www.benzinga.com/news/18/07/12043244/21vianet-group-reports-wholly-owned-subsidiary-shanghai-blue-cloud-technology-en,
news,kaggle_news:Wayne Duggan,2018-07-19 04:00:00,Trump Weighs In On The Federal Reserve: 'I'm Not Thrilled',https://www.benzinga.com/general/politics/18/07/12046438/trump-weighs-in-on-the-federal-reserve-im-not-thrilled,
news,kaggle_news:Lisa Levin,2018-07-19 04:00:00,"Benzinga's Top Upgrades, Downgrades For July 19, 2018",https://www.benzinga.com/analyst-ratings/upgrades/18/07/12043942/benzingas-top-upgrades-downgrades-for-july-19-2018,
news,kaggle_news:Benzinga_Newsdesk,2018-07-19 04:00:00,UBS Downgrades Procter & Gamble to Neutral,https://www.benzinga.com/news/18/07/12043292/ubs-downgrades-procter-gamble-to-neutral,
news,kaggle_news:Benzinga_Newsdesk,2018-07-19 04:00:00,Deadline Reports 'AMC Theatres And Facebook Team For Ticketing Via Social Media',https://www.benzinga.com/news/18/07/12045482/deadline-reports-amc-theatres-and-facebook-team-for-ticketing-via-social-media,
news,kaggle_news:Benzinga Newsdesk,2018-07-19 04:00:00,"Benzinga Pro Mid-Day Price Check For Regional ETFs: Japan (EWJ) Down 0.3%, US (SPY) Down 0.4%, Canada (EWC) Down 0.6%, Europe (VGK) Down 0.7%, Australia (EWA) Down 1.0%, India (INDA) Down 1.2%, Mexico (EWW) Down 1.6%, China ETF (FXI) Down 1.8%",https://www.benzinga.com/news/18/07/12045900/benzinga-pro-mid-day-price-check-for-regional-etfs-japan-ewj-down-0-3-us-spy-dow,
news,kaggle_news:Vick Meyer,2018-07-19 04:00:00,"Morgan Stanley Maintains Overweight on IBM, Lowers Price Target to $185",https://www.benzinga.com/news/18/07/12043512/morgan-stanley-maintains-overweight-on-ibm-lowers-price-target-to-185,
news,kaggle_news:Benzinga_Newsdesk,2018-07-19 04:00:00,Northland Securities Downgrades Adtran to Market Perform,https://www.benzinga.com/news/18/07/12043640/northland-securities-downgrades-adtran-to-market-perform,
news,kaggle_news:Zacks,2018-07-19 07:26:00,"Top Stock Reports for Wells Fargo, IBM & Abbott",http://www.zacks.com/research-daily/172693/top-stock-reports-for-wells-fargo-ibm-abbott?cid=CS-BENZ-FT-172693,
news,kaggle_news:Zacks,2018-07-19 08:00:00,"Zacks Market Edge Highlights: Align, Alibaba, Microsoft, Etsy and Amazon",http://www.zacks.com/stock/news/312136/zacks-market-edge-highlights-align-alibaba-microsoft-etsy-and-amazon?cid=CS-BENZ-FT-312136,
news,kaggle_news:Seeking Alpha,2018-07-19 08:32:00,"Japan exports to U.S. fall, business mood sours amid fears of trade war",https://seekingalpha.com/news/3371649-japan-exports-u-s-fall-business-mood-sours-amid-fears-trade-war?source=partner_benzinga,
news,kaggle_news:GuruFocus,2018-07-19 08:55:00,Comcast Drops Twenty-First Century Fox Bid in Favor of Sky,http://www.gurufocus.com/news/709922/comcast-drops-twentyfirst-century-fox-bid-in-favor-of-sky,
news,kaggle_news:Zacks,2018-07-19 09:54:00,Alphabet (GOOGL) to Report Q2 Earnings: What's in the Cards?,http://www.zacks.com/stock/news/312105/alphabet-googl-to-report-q2-earnings-whats-in-the-cards?cid=CS-BENZ-FT-312105,
news,kaggle_news:Seeking Alpha,2018-07-19 11:30:00,"Facebook, AMC Theatres partner on ticket buying",https://seekingalpha.com/news/3371601-facebook-amc-theatres-partner-ticket-buying?source=partner_benzinga,
news,kaggle_news:Investor's Business Daily,2018-07-19 12:26:00,Countries Targeted By Trump Trade War Tariffs Align Interests,http://www.investors.com/stock-lists/global-leaders/trump-trade-war-tariffs/?src=A00237A&ven=BenzingaCP&src=AURLAAM,
news,kaggle_news:Seeking Alpha,2018-07-19 13:08:00,"Qorvo, Apple suppliers tick up after Skyworks beat",https://seekingalpha.com/news/3371861-qorvo-apple-suppliers-tick-skyworks-beat?source=partner_benzinga,
news,kaggle_news:Investor's Business Daily,2018-07-19 13:35:00,Stock Futures Sag Ahead Of Auto Tariff Hearings; IBM Leads Dow,http://www.investors.com/market-trend/stock-market-today/stock-futures-sag-ahead-of-auto-tariff-hearings-ibm-leads-dow/?src=A00237A&ven=BenzingaCP&src=AURLAAM,
news,kaggle_news:Zacks,2018-07-19 13:37:00,Better Buy: Costco (COST) vs. Target (TGT) Stock,http://www.zacks.com/stock/news/312323/better-buy-costco-cost-vs-target-tgt-stock?cid=CS-BENZ-FT-312323,
news,kaggle_news:Seeking Alpha,2018-07-19 13:38:00,Comcast drops out of Fox battle with Disney,https://seekingalpha.com/news/3371487-comcast-drops-fox-battle-disney?source=partner_benzinga,
news,kaggle_news:Zacks,2018-07-19 13:46:00,Amazon Tops $900B on Record Prime Day Sales: ETFs to Tap,http://www.zacks.com/stock/news/312292/amazon-tops-%24900b-on-record-prime-day-sales-etfs-to-tap?cid=CS-BENZ-FT-312292,
news,kaggle_news:Seeking Alpha,2018-07-19 13:59:00,President throws lifeline to emerging markets?,https://seekingalpha.com/news/3371663-president-throws-lifeline-emerging-markets?source=partner_benzinga,
news,kaggle_news:Seeking Alpha,2018-07-19 14:05:00,China And U.S. Drifting Apart,https://seekingalpha.com/article/4188264-china-u-s-drifting-apart?source=partner_benzinga,
news,kaggle_news:Seeking Alpha,2018-07-19 14:09:00,Amazon Tops $900 Billion In Market Value (Wall Street Breakfast Podcast),https://seekingalpha.com/article/4188298-amazon-tops-900-billion-market-value-wall-street-breakfast-podcast?source=partner_benzinga,
news,kaggle_news:Seeking Alpha,2018-07-19 14:12:00,Donald Trump Is 'Not Happy' About Fed Rate Hikes: The Whole Story,https://seekingalpha.com/article/4188574-donald-trump-not-happy-fed-rate-hikes-whole-story?source=partner_benzinga,
news,kaggle_news:Seeking Alpha,2018-07-19 14:36:00,Yuan pain for Chinese airlines,https://seekingalpha.com/news/3371535-yuan-pain-chinese-airlines?source=partner_benzinga,
news,kaggle_news:Zacks,2018-07-19 14:47:00,Comcast Is Out on Fox: Time to Buy Disney (DIS) Stock Now?,http://www.zacks.com/stock/news/312309/comcast-is-out-on-fox-time-to-buy-disney-dis-stock-now?cid=CS-BENZ-FT-312309,
news,kaggle_news:GuruFocus,2018-07-19 15:20:00,Microsoft Rises on Strong Commercial Cloud Revenue Growth in Fiscal —…–8,http://www.gurufocus.com/news/710213/microsoft-rises-on-strong-commercial-cloud-revenue-growth-in-fiscal-2018,
news,kaggle_news:Seeking Alpha,2018-07-19 15:21:00,Disney sets up TV exec shuffle with Fox path cleared,https://seekingalpha.com/news/3371680-disney-sets-tv-exec-shuffle-fox-path-cleared?source=partner_benzinga,
news,kaggle_news:Seeking Alpha,2018-07-19 15:23:00,Why Are Interest Rates So Low?,https://seekingalpha.com/article/4188252-interest-rates-low?source=partner_benzinga,
news,kaggle_news:Seeking Alpha,2018-07-19 16:25:00,Crowded lanes in the China EV market,https://seekingalpha.com/news/3371524-crowded-lanes-china-ev-market?source=partner_benzinga,
news,kaggle_news:Investor's Business Daily,2018-07-19 16:47:00,Apple Leads 5 Stocks Setting Up Breakouts From This Bullish Base,http://www.investors.com/research/apple-stock-atlassian-cme-ollies-buy-points-flat-base/?src=A00237A&ven=BenzingaCP&src=AURLAAM,
news,kaggle_news:Zacks,2018-07-19 16:54:00,Trade War Not a Big Threat to US Energy: 5 Top Oil Stocks,http://www.zacks.com/stock/news/312192/trade-war-not-a-big-threat-to-us-energy-5-top-oil-stocks?cid=CS-BENZ-FT-312192,
news,kaggle_news:Investor's Business Daily,2018-07-19 16:55:00,Stock Market Retreats; Trump Tariffs Slam Alcoa,http://www.investors.com/market-trend/stock-market-today/alcoa-stock-tariffs/?src=A00237A&ven=BenzingaCP&src=AURLAAM,
news,kaggle_news:Seeking Alpha,2018-07-19 17:09:00,Trump jawbones dollar/yuan,https://seekingalpha.com/news/3371637-trump-jawbones-dollar-yuan?source=partner_benzinga,
news,kaggle_news:Seeking Alpha,2018-07-19 17:47:00,Commodities Prices Tumble Over Trade War Fears,https://seekingalpha.com/article/4188241-commodities-prices-tumble-trade-war-fears?source=partner_benzinga,
news,kaggle_news:Zacks,2018-07-19 18:09:00,Pfizer & Lilly's Pain Candidate Succeeds in Phase III Study,http://www.zacks.com/stock/news/312287/pfizer-lillys-pain-candidate-succeeds-in-phase-iii-study?cid=CS-BENZ-FT-312287,
news,kaggle_news:Investor's Business Daily,2018-07-19 18:40:00,"American Express Weighs On Dow Jones, But IBM A Bright Spot; Twitter Outperforms",http://www.investors.com/market-trend/stock-market-today/ibm-walt-disney-top-performing-dow-stocks/?src=A00237A&ven=BenzingaCP&src=AURLAAM,
news,kaggle_news:Seeking Alpha,2018-07-19 18:53:00,Brexit pressure at the Northern Ireland border,https://seekingalpha.com/news/3371337-brexit-pressure-northern-ireland-border?source=partner_benzinga,
news,kaggle_news:Seeking Alpha,2018-07-19 19:02:00,Amazon entry into Indian pharmacy market a plus for local players - Morgan Stanley,https://seekingalpha.com/news/3371619-amazon-entry-indian-pharmacy-market-plus-local-players-morgan-stanley?source=partner_benzinga,
news,kaggle_news:Seeking Alpha,2018-07-19 19:24:00,China Cannot Derail The U.S. Economy - Cramer's Mad Money (7/18/18),https://seekingalpha.com/article/4188299-china-derail-u-s-economy-cramers-mad-money-7-18-18?source=partner_benzinga,
news,kaggle_news:Seeking Alpha,2018-07-19 19:28:00,"China blasts Kudlow, ready to curb FX volatility",https://seekingalpha.com/news/3371326-china-blasts-kudlow-ready-curb-fx-volatility?source=partner_benzinga,
news,kaggle_news:Zacks,2018-07-19 19:41:00,ETFs to Ride on IBM's Revenue Growth Story,http://www.zacks.com/stock/news/312271/etfs-to-ride-on-ibms-revenue-growth-story?cid=CS-BENZ-FT-312271,
news,kaggle_news:Zacks,2018-07-19 19:54:00,Boeing Hikes 20-Year Jetliner Market Outlook by 4.1% to $15T,http://www.zacks.com/stock/news/312159/boeing-hikes-20-year-jetliner-market-outlook-by-41-to-%2415t?cid=CS-BENZ-FT-312159,
news,kaggle_news:Zacks,2018-07-19 20:43:00,"Auto Stock Roundup: Tariff Woes Rampant, Ford to Settle Takata Lawsuit",http://www.zacks.com/stock/news/312266/auto-stock-roundup-tariff-woes-rampant-ford-to-settle-takata-lawsuit?cid=CS-BENZ-FT-312266,
news,kaggle_news:Investor's Business Daily,2018-07-19 20:46:00,CarGurus Is The Formula One Of Online Auto Markets; Should Google And Craigslist Beware?,http://www.investors.com/research/the-new-america/cargurus-online-auto-marketplace/?src=A00237A&ven=BenzingaCP&src=AURLAAM,
news,kaggle_news:Vick Meyer,2018-07-20 04:00:00,"Citigroup Maintains Buy on Allstate, Lowers Price Target to $107",https://www.benzinga.com/news/18/07/12049883/citigroup-maintains-buy-on-allstate-lowers-price-target-to-107,
news,kaggle_news:Benzinga_Newsdesk,2018-07-20 04:00:00,Baird Downgrades Citrix Systems to Neutral,https://www.benzinga.com/news/18/07/12050156/baird-downgrades-citrix-systems-to-neutral,
news,kaggle_news:Lisa Levin,2018-07-20 04:00:00,"Benzinga's Top Upgrades, Downgrades For July 20, 2018",https://www.benzinga.com/analyst-ratings/upgrades/18/07/12050629/benzingas-top-upgrades-downgrades-for-july-20-2018,
news,kaggle_news:Shanthi Rexaline,2018-07-20 04:00:00,JPMorgan Downgrades Signature Bank: 'We Would Lock In Losses And Trim Exposure',https://www.benzinga.com/analyst-ratings/analyst-color/18/07/12050769/jpmorgan-downgrades-signature-bank-we-would-lock-in-los,
news,kaggle_news:Benzinga Newsdesk,2018-07-20 04:00:00,DISH Network Earlier Announced Its The First Pay-TV Provider To Launch ON Apple Business Chat,https://www.benzinga.com/news/18/07/12052706/dish-network-earlier-announced-its-the-first-pay-tv-provider-to-launch-on-apple-,
news,kaggle_news:Benzinga_Newsdesk,2018-07-20 04:00:00,Susquehanna Downgrades Skechers USA to Neutral,https://www.benzinga.com/news/18/07/12049911/susquehanna-downgrades-skechers-usa-to-neutral,
news,kaggle_news:Benzinga_Newsdesk,2018-07-20 04:00:00,Citigroup Upgrades Duke Energy to Neutral,https://www.benzinga.com/news/18/07/12049786/citigroup-upgrades-duke-energy-to-neutral,
news,kaggle_news:Benzinga_Newsdesk,2018-07-20 04:00:00,BMO Capital Downgrades Signature Bank to Market Perform,https://www.benzinga.com/news/18/07/12049882/bmo-capital-downgrades-signature-bank-to-market-perform,
news,kaggle_news:Vick Meyer,2018-07-20 04:00:00,"Citigroup Maintains Neutral on Morgan Stanley, Lowers Price Target to $56",https://www.benzinga.com/news/18/07/12049907/citigroup-maintains-neutral-on-morgan-stanley-lowers-price-target-to-56,
news,kaggle_news:Benzinga Newsdesk,2018-07-20 04:00:00,"'At patent trial, Groupon casts IBM as shaking down other tech companies' -Earlier Reuters Article",https://www.benzinga.com/media/18/07/12050635/at-patent-trial-groupon-casts-ibm-as-shaking-down-other-tech-companies-earlier-,
news,kaggle_news:Benzinga_Newsdesk,2018-07-20 04:00:00,"JP Morgan Downgrades Signature Bank to Neutral, Lowers Price Target to $130",https://www.benzinga.com/news/18/07/12050166/jp-morgan-downgrades-signature-bank-to-neutral-lowers-price-target-to-130,
news,kaggle_news:Elizabeth Balboa,2018-07-20 04:00:00,Baird Downgrades Express Scripts On Industry Instability,https://www.benzinga.com/analyst-ratings/analyst-color/18/07/12050805/baird-downgrades-express-scripts-on-industry-instabilit,
news,kaggle_news:Vick Meyer,2018-07-20 04:00:00,"Citigroup Maintains Buy on Fleetcor Technologies, Raises Price Target to $260",https://www.benzinga.com/news/18/07/12049893/citigroup-maintains-buy-on-fleetcor-technologies-raises-price-target-to-260,
news,kaggle_news:Benzinga_Newsdesk,2018-07-20 04:00:00,Williams Capital Downgrades Energen to Hold,https://www.benzinga.com/news/18/07/12049598/williams-capital-downgrades-energen-to-hold,
news,kaggle_news:Benzinga_Newsdesk,2018-07-20 04:00:00,UBS Downgrades Twenty-First Century Fox to Neutral,https://www.benzinga.com/news/18/07/12049951/ubs-downgrades-twenty-first-century-fox-to-neutral,
news,kaggle_news:Jayson Derrick,2018-07-20 04:00:00,Should Investors Buy Disney's Hot Streak?,https://www.benzinga.com/analyst-ratings/analyst-color/18/07/12051395/should-investors-buy-disneys-hot-streak,
news,kaggle_news:Benzinga_Newsdesk,2018-07-20 04:00:00,Raymond James Downgrades Telefonaktiebolaget L M to Underperform,https://www.benzinga.com/news/18/07/12049919/raymond-james-downgrades-telefonaktiebolaget-l-m-to-underperform,
news,kaggle_news:Benzinga_Newsdesk,2018-07-20 04:00:00,Baird Downgrades McKesson to Neutral,https://www.benzinga.com/news/18/07/12050708/baird-downgrades-mckesson-to-neutral,
news,kaggle_news:Vick Meyer,2018-07-20 04:00:00,"Citigroup Maintains Neutral on Northern Trust, Raises Price Target to $118",https://www.benzinga.com/news/18/07/12049922/citigroup-maintains-neutral-on-northern-trust-raises-price-target-to-118,
news,kaggle_news:Vick Meyer,2018-07-20 04:00:00,"Citigroup Maintains Sell on Comerica, Raises Price Target to $88",https://www.benzinga.com/news/18/07/12049890/citigroup-maintains-sell-on-comerica-raises-price-target-to-88,
news,kaggle_news:JJ Kinahan,2018-07-20 04:00:00,"Trade Tension Back In Town, Weighing On Sentiment Despite Strong Tech Results",https://www.benzinga.com/news/earnings/18/07/12050786/trade-tension-back-in-town-weighing-on-sentiment-despite-strong-tech-re,
news,kaggle_news:Benzinga_Newsdesk,2018-07-20 04:00:00,"Earlier Today, Credit Suisse Downgraded Five Below To Neutral; Shares Currently Down 4.5% At $103/Share",https://www.benzinga.com/analyst-ratings/downgrades/18/07/12052083/earlier-today-credit-suisse-downgraded-five-below-to-neutr,
news,kaggle_news:Shanthi Rexaline,2018-07-20 04:00:00,Credit Suisse Downgrades Five Below After 63% Rally: 'We See Risk-Reward As Balanced',https://www.benzinga.com/analyst-ratings/analyst-color/18/07/12050411/credit-suisse-downgrades-five-below-after-63-rally-we-s,
news,kaggle_news:Benzinga Newsdesk,2018-07-20 04:00:00,"Benzinga Pro Morning Price Check For Regional ETFs: Brazil (EWZ) Up 3.4%, China ETF (FXI) Up 1.4%, Australia (EWA) Up 1.2%, India (INDA) Up 0.8%, Mexico (EWW) Up 0.8%, Canada (EWC) Up 0.7%, Russia (RSX) Up 0.2%",https://www.benzinga.com/news/18/07/12050806/benzinga-pro-morning-price-check-for-regional-etfs-brazil-ewz-up-3-4-china-etf-f,
news,kaggle_news:Benzinga_Newsdesk,2018-07-20 04:00:00,"Goldman Sachs Downgrades Public Service Enterprise to Neutral, Lowers Price Target to $53",https://www.benzinga.com/news/18/07/12050196/goldman-sachs-downgrades-public-service-enterprise-to-neutral-lowers-price-targe,
news,kaggle_news:Benzinga_Newsdesk,2018-07-20 04:00:00,Baird Downgrades Express Scripts Holding to Neutral,https://www.benzinga.com/news/18/07/12050153/baird-downgrades-express-scripts-holding-to-neutral,
news,kaggle_news:Vick Meyer,2018-07-20 04:00:00,"Citigroup Maintains Buy on WEX, Raises Price Target to $235",https://www.benzinga.com/news/18/07/12049946/citigroup-maintains-buy-on-wex-raises-price-target-to-235,
news,kaggle_news:Benzinga_Newsdesk,2018-07-20 04:00:00,Fearnleys Downgrades Diamond Offshore Drilling To Reduce,https://www.benzinga.com/news/18/07/12050317/fearnleys-downgrades-diamond-offshore-drilling-to-reduce,
news,kaggle_news:Benzinga_Newsdesk,2018-07-20 04:00:00,Wells Fargo Downgrades Skechers USA to Market Perform,https://www.benzinga.com/news/18/07/12049887/wells-fargo-downgrades-skechers-usa-to-market-perform,
news,kaggle_news:Benzinga Newsdesk,2018-07-20 04:00:00,"Benzinga Pro Mid-Day Price Check For Regional ETFs: Brazil (EWZ) Up 3.6%, China ETF (FXI) Up 2.0%, India (INDA) Up 1.0%, Australia (EWA) Up 1.0%, Europe (VGK) Up 0.5%, Canada (EWC) Up 0.4%, Japan (EWJ) Up 0.2%, Russia (RSX) Up 0.2%",https://www.benzinga.com/news/18/07/12052063/benzinga-pro-mid-day-price-check-for-regional-etfs-brazil-ewz-up-3-6-china-etf-f,
news,kaggle_news:Vick Meyer,2018-07-20 04:00:00,"Citigroup Maintains Neutral on Dover, Raises Price Target to $85",https://www.benzinga.com/news/18/07/12049892/citigroup-maintains-neutral-on-dover-raises-price-target-to-85,
news,kaggle_news:Benzinga_Newsdesk,2018-07-20 04:00:00,Baird Downgrades AmerisourceBergen to Neutral,https://www.benzinga.com/news/18/07/12050706/baird-downgrades-amerisourcebergen-to-neutral,
news,kaggle_news:Vick Meyer,2018-07-20 04:00:00,"Citigroup Maintains Buy on Blackstone Group, Raises Price Target to $43",https://www.benzinga.com/news/18/07/12049885/citigroup-maintains-buy-on-blackstone-group-raises-price-target-to-43,
news,kaggle_news:Benzinga_Newsdesk,2018-07-20 04:00:00,FDA Approves Pfizer's Biosimilar NIVESTYM (filgrastim-aafi),https://www.benzinga.com/general/biotech/18/07/12053343/fda-approves-pfizers-biosimilar-nivestym-filgrastim-aafi,
news,kaggle_news:Benzinga_Newsdesk,2018-07-20 04:00:00,"Wedbush Downgrades Six Flags Entertainment to Neutral, Lowers Price Target to $70",https://www.benzinga.com/news/18/07/12049863/wedbush-downgrades-six-flags-entertainment-to-neutral-lowers-price-target-to-70,
news,kaggle_news:Benzinga_Newsdesk,2018-07-20 04:00:00,Fearnleys Downgrades Noble To Sell,https://www.benzinga.com/news/18/07/12050321/fearnleys-downgrades-noble-to-sell,
news,kaggle_news:Benzinga_Newsdesk,2018-07-20 04:00:00,Seeing Notable Block Trade In Pepsi Of 1.1M Shares At $116.035/Share,https://www.benzinga.com/news/18/07/12052461/seeing-notable-block-trade-in-pepsi-of-1-1m-shares-at-116-035share,
news,kaggle_news:Seeking Alpha,2018-07-20 07:05:00,Energen downgraded at Williams on valuation,https://seekingalpha.com/news/3372154-energen-downgraded-williams-valuation?source=partner_benzinga,
news,kaggle_news:Zacks,2018-07-20 07:45:00,"Microsoft (MSFT) Beats Q4 Earnings, Top Line Grows on Azure",http://www.zacks.com/stock/news/312390/microsoft-msft-beats-q4-earnings-top-line-grows-on-azure?cid=CS-BENZ-FT-312390,
news,kaggle_news:GuruFocus,2018-07-20 07:57:00,"Iowa State Bank Buys Dollar Tree Inc, Carnival Corp, Alphabet Inc, Sells Invesco Preferred, ...",http://www.gurufocus.com/news/710651/iowa-state-bank-buys-dollar-tree-inc-carnival-corp-alphabet-inc-sells-invesco-preferred-kimberlyclark-corp-general-electric-co,
news,kaggle_news:Seeking Alpha,2018-07-20 08:34:00,Two JPMorgan ETFs see massive inflows,https://seekingalpha.com/news/3372057-two-jpmorgan-etfs-see-massive-inflows?source=partner_benzinga,
news,kaggle_news:Investor's Business Daily,2018-07-20 09:09:00,Growth Stock Picker For JPMorgan Has Topped Rivals Over 14 Years,http://www.investors.com/etfs-and-funds/mutual-funds/growth-stock-picker-tops-rivals-14-years/?src=A00237A&ven=BenzingaCP&src=AURLAAM,
news,kaggle_news:Seeking Alpha,2018-07-20 09:19:00,EUR/USD - Euro Trading Sideways As German Inflation Matches Forecast,https://seekingalpha.com/article/4188640-eur-usd-euro-trading-sideways-german-inflation-matches-forecast?source=partner_benzinga,
news,kaggle_news:Zacks,2018-07-20 09:47:00,Is iShares Emerging Markets Dividend ETF (DVYE) a Hot ETF Right Now?,http://www.zacks.com/stock/news/312391/is-ishares-emerging-markets-dividend-etf-dvye-a-hot-etf-right-now?cid=CS-BENZ-FT-312391,
news,kaggle_news:Zacks,2018-07-20 09:49:00,Invest in 5 Mega Trends to Overcome Trade War Jitters,http://www.zacks.com/stock/news/312470/invest-in-5-mega-trends-to-overcome-trade-war-jitters?cid=CS-BENZ-FT-312470,
news,kaggle_news:Seeking Alpha,2018-07-20 10:04:00,What The Coming Slowdown In China Means For Global Markets,https://seekingalpha.com/article/4188608-coming-slowdown-china-means-global-markets?source=partner_benzinga,
news,kaggle_news:Zacks,2018-07-20 10:13:00,"Dow 30 Stock Roundup: Goldman Sachs, IBM, J&J, Microsoft Earnings Impress",http://www.zacks.com/stock/news/312379/dow-30-stock-roundup-goldman-sachs-ibm-jj-microsoft-earnings-impress?cid=CS-BENZ-FT-312379,
news,kaggle_news:GuruFocus,2018-07-20 10:22:00,"Georgia Bennicas Dba Bennicas & Associates Buys Equinor ASA, Amazon. ...",http://www.gurufocus.com/news/710662/georgia-bennicas-dba-bennicas--associates-buys-equinor-asa-amazoncom-inc-omega-healthcare-investors-inc-sells-invesco-senior-loan-ppg-industries-inc-freeportmcmoran-inc,
news,kaggle_news:Seeking Alpha,2018-07-20 10:27:00,EDIV Vs. DVYE: Which Is The Best Way To Play Emerging Markets?,https://seekingalpha.com/article/4188604-ediv-vs-dvye-best-way-play-emerging-markets?source=partner_benzinga,
news,kaggle_news:GuruFocus,2018-07-20 11:07:00,"First Command Bank Buys Vanguard Real Estate, ishares Gold Trust, Exxon Mobil Corp, Sells ...",http://www.gurufocus.com/news/710499/first-command-bank-buys-vanguard-real-estate-ishares-gold-trust-exxon-mobil-corp-sells-invesco-bulletshares-2020-corporate-bond-invesco-bulletshares-2019-corporate-bond-invesco-sp-500-low-volatility,
news,kaggle_news:Seeking Alpha,2018-07-20 11:55:00,Will China Cause The Next Bear Market?,https://seekingalpha.com/article/4188667-will-china-cause-next-bear-market?source=partner_benzinga,
news,kaggle_news:Investor's Business Daily,2018-07-20 12:06:00,"Microsoft Stock Pops On Earnings, Lifts Tech Stocks; Skechers Crashes",http://www.investors.com/market-trend/stock-market-today/microsoft-stock-earnings-jp-morgan-goldman-sachs-lead-dow-jones/?src=A00237A&ven=BenzingaCP&src=AURLAAM,
news,kaggle_news:Seeking Alpha,2018-07-20 12:27:00,Citi pulls bullish outlook for mortgage sector,https://seekingalpha.com/news/3372114-citi-pulls-bullish-outlook-mortgage-sector?source=partner_benzinga,
news,kaggle_news:Seeking Alpha,2018-07-20 12:37:00,"Opticals hit on tariff talk, but analysts defend Lumentum",https://seekingalpha.com/news/3372128-opticals-hit-tariff-talk-analysts-defend-lumentum?source=partner_benzinga,
news,kaggle_news:Seeking Alpha,2018-07-20 12:53:00,Dril-Quip -2% as B. Riley FBR downgrades to Neutral on valuation,https://seekingalpha.com/news/3372109-dril-quip-minus-2-percent-b-riley-fbr-downgrades-neutral-valuation?source=partner_benzinga,
news,kaggle_news:Seeking Alpha,2018-07-20 13:24:00,China Steps Up Support To Growth,https://seekingalpha.com/article/4188650-china-steps-support-growth?source=partner_benzinga,
news,kaggle_news:Seeking Alpha,2018-07-20 13:47:00,PetroChina signs LNG supply deal with Papua New Guinea gas project,https://seekingalpha.com/news/3372060-petrochina-signs-lng-supply-deal-papua-new-guinea-gas-project?source=partner_benzinga,
news,kaggle_news:Seeking Alpha,2018-07-20 13:49:00,Wall Street Breakfast: High Stakes Trade War,https://seekingalpha.com/article/4188639-wall-street-breakfast-high-stakes-trade-war?source=partner_benzinga,
news,kaggle_news:Seeking Alpha,2018-07-20 13:54:00,Trump 'ready' to tariff all Chinese goods,https://seekingalpha.com/news/3371906-trump-ready-tariff-chinese-goods?source=partner_benzinga,
news,kaggle_news:Zacks,2018-07-20 14:01:00,Philly Fed Manufacturing Index Remains Robust: 4 Great Picks,http://www.zacks.com/stock/news/312394/philly-fed-manufacturing-index-remains-robust-4-great-picks?cid=CS-BENZ-FT-312394,
news,kaggle_news:GuruFocus,2018-07-20 14:48:00,"Whittier Trust Co Of Nevada Inc Buys JPMorgan Chase Capital XVI JP Morgan Alerian MLP E, ...",http://www.gurufocus.com/news/710503/whittier-trust-co-of-nevada-inc-buys-jpmorgan-chase-capital-xvi-jp-morgan-alerian-mlp-e-international-business-machines-corp-caterpillar-inc-sells-ishares-core-msci-eafe-alphabet-inc-visa-inc,
news,kaggle_news:Zacks,2018-07-20 14:49:00,"The Zacks Analyst Blog Highlights: Wells Fargo, IBM, Abbott, Texas Instruments and Praxair",http://www.zacks.com/stock/news/312350/the-zacks-analyst-blog-highlights-wells-fargo-ibm-abbott-texas-instruments-and-praxair?cid=CS-BENZ-FT-312350,
news,kaggle_news:Investor's Business Daily,2018-07-20 14:57:00,"Stock Futures: Microsoft Lifts Nasdaq, Dow Fights To Hold 25,000",http://www.investors.com/market-trend/stock-market-today/stock-futures-microsoft/?src=A00237A&ven=BenzingaCP&src=AURLAAM,
news,kaggle_news:Seeking Alpha,2018-07-20 15:18:00,Why Trade Wars With China Don't Matter To The Stock Market,https://seekingalpha.com/article/4188720-trade-wars-china-matter-stock-market?source=partner_benzinga,
news,kaggle_news:GuruFocus,2018-07-20 15:26:00,"MCF Advisors LLC Buys Vanguard Tax-Exempt Bond, Apple Inc, Vanguard Mid-Cap Growth, Sells ...",http://www.gurufocus.com/news/710653/mcf-advisors-llc-buys-vanguard-taxexempt-bond-apple-inc-vanguard-midcap-growth-sells-ishares-national-muni-bond-wells-fargo-aytu-bioscience-inc,
news,kaggle_news:Zacks,2018-07-20 15:50:00,"Boston Beer, Keurig Dr Pepper and Microsoft highlighted as Zacks Bull and Bear of the Day",http://www.zacks.com/stock/news/312380/boston-beer-keurig-dr-pepper-and-microsoft-highlighted-as-zacks-bull-and-bear-of-the-day?cid=CS-BENZ-FT-312380,
news,kaggle_news:Seeking Alpha,2018-07-20 16:05:00,Downgrades on Skechers following earnings shocker,https://seekingalpha.com/news/3371989-downgrades-skechers-following-earnings-shocker?source=partner_benzinga,
news,kaggle_news:Investor's Business Daily,2018-07-20 17:07:00,"Microsoft Boosts Nasdaq, Dow Jones As This Shoe Retailer Gets Slammed",http://www.investors.com/market-trend/stock-market-today/microsoft-boosts-nasdaq-dow-jones-retailer-slammed/?src=A00237A&ven=BenzingaCP&src=AURLAAM,
news,kaggle_news:Zacks,2018-07-20 17:24:00,"Comcast-Disney News, Google's EU Fine, & Earnings from IBM and Microsoft",http://www.zacks.com/stock/news/312552/comcast-disney-news-googles-eu-fine-earnings-from-ibm-and-microsoft?cid=CS-BENZ-FT-312552,
news,kaggle_news:Seeking Alpha,2018-07-20 17:44:00,Baird downgrades Citrix to sidelines,https://seekingalpha.com/news/3371947-baird-downgrades-citrix-sidelines?source=partner_benzinga,
news,kaggle_news:Zacks,2018-07-20 18:06:00,"Zacks.com featured highlights include: Mellanox, Microchip, ConocoPhillips and Adobe",http://www.zacks.com/stock/news/312357/zackscom-featured-highlights-include-mellanox-microchip-conocophillips-and-adobe?cid=CS-BENZ-FT-312357,
news,kaggle_news:GuruFocus,2018-07-20 18:08:00,"Rnc Capital Management Llc Buys Sempra Energy, Citigroup Inc, Walgreens Boots Alliance Inc, ...",http://www.gurufocus.com/news/710652/rnc-capital-management-llc-buys-sempra-energy-citigroup-inc-walgreens-boots-alliance-inc-sells-pfizer-inc-suntrust-banks-inc-johnson-controls-international-plc,
news,kaggle_news:GuruFocus,2018-07-20 18:12:00,"Insiders Week: Walgreens Boots Alliance, Facebook",http://www.gurufocus.com/news/710498/insiders-week-walgreens-boots-alliance-facebook,
news,kaggle_news:Seeking Alpha,2018-07-20 18:25:00,Trump Ups Ante In China Trade War (Wall Street Breakfast Podcast),https://seekingalpha.com/article/4188654-trump-ups-ante-china-trade-war-wall-street-breakfast-podcast?source=partner_benzinga,
news,kaggle_news:Seeking Alpha,2018-07-20 18:54:00,Japan inflation elusive of BOJ goal,https://seekingalpha.com/news/3371882-japan-inflation-elusive-boj-goal?source=partner_benzinga,
news,kaggle_news:Zacks,2018-07-20 19:00:00,"Zacks Value Trader Highlights: Progressive, Ryder System, East West, Intel and Hewlett Packard",http://www.zacks.com/stock/news/312372/zacks-value-trader-highlights-progressive-ryder-system-east-west-intel-and-hewlett-packard?cid=CS-BENZ-FT-312372,
news,kaggle_news:Seeking Alpha,2018-07-20 19:10:00,Canadian annual inflation 2.5% in June,https://seekingalpha.com/news/3372123-canadian-annual-inflation-2_5-percent-june?source=partner_benzinga,
news,kaggle_news:BayStreet,2018-07-20 19:30:00,How Trump's Potential New Tariffs Shift the Uranium Focus Back to the USA,https://www.benzinga.com/node/12050185,
news,kaggle_news:GuruFocus,2018-07-20 19:37:00,"Rossmore Private Capital Buys Chevron Corp, Exxon Mobil Corp, Automatic Data Processing Inc, ...",http://www.gurufocus.com/news/710685/rossmore-private-capital-buys-chevron-corp-exxon-mobil-corp-automatic-data-processing-inc-sells-vanguard-shortterm-corporate-bond-etf-chubb-celgene-corp,
news,kaggle_news:Zacks,2018-07-20 19:37:00,Ford (F) Set to Report Q2 Earnings: What's in the Cards?,http://www.zacks.com/stock/news/312397/ford-f-set-to-report-q2-earnings-whats-in-the-cards?cid=CS-BENZ-FT-312397,
news,kaggle_news:Zacks,2018-07-20 20:11:00,"Zacks.com featured highlights include: Intel, Kroger, Science Applications, Booz Allen and Analog Devices",http://www.zacks.com/stock/news/312366/zackscom-featured-highlights-include-intel-kroger-science-applications-booz-allen-and-analog-devices?cid=CS-BENZ-FT-312366,
news,kaggle_news:Seeking Alpha,2018-07-20 20:12:00,Goldman downgrades Telefonica to Neutral,https://seekingalpha.com/news/3372186-goldman-downgrades-telefonica-neutral?source=partner_benzinga,
news,kaggle_news:Seeking Alpha,2018-07-20 20:35:00,China's Apparent Devious SDR/Gold Peg Turns The Table On Western Central Banks (Video),https://seekingalpha.com/article/4188743-chinas-apparent-devious-sdr-gold-peg-turns-table-western-central-banks-video?source=partner_benzinga,
news,kaggle_news:Seeking Alpha,2018-07-21 14:20:00,Mnuchin: Don't 'minimize' chance of tariffs,https://seekingalpha.com/news/3372194-mnuchin-minimize-chance-tariffs?source=partner_benzinga,
news,kaggle_news:Seeking Alpha,2018-07-21 14:58:00,"Alibaba, Tencent in talks for WPP China stake",https://seekingalpha.com/news/3372196-alibaba-tencent-talks-wpp-china-stake?source=partner_benzinga,
news,kaggle_news:Seeking Alpha,2018-07-21 16:14:00,Netflix Pt.2: The ETF Effect,https://seekingalpha.com/article/4188895-netflix-pt-2-etf-effect?source=partner_benzinga,
news,kaggle_news:Charles Gross,2018-07-22 04:00:00,"Comcast/Universal's 'Mamma Mia! Here We Go Again' Opens with $76.8M Gross Internationally, $34.4M in N. America",https://www.benzinga.com/news/18/07/12054938/comcastuniversals-mamma-mia-here-we-go-again-opens-with-76-8m-gross-internationa,
news,kaggle_news:Nelson Hem,2018-07-22 04:00:00,"Barron's Picks And Pans: Autoliv, BlackRock, Boeing, Netflix And More",https://www.benzinga.com/media/18/07/12054578/barrons-picks-and-pans-autoliv-blackrock-boeing-netflix-and-more,
news,kaggle_news:Nelson Hem,2018-07-22 04:00:00,"Benzinga's Bulls & Bears Of The Week: AbbVie, Netflix, Philip Morris, Wells Fargo And More",https://www.benzinga.com/short-sellers/18/07/12054607/benzingas-bulls-bears-of-the-week-abbvie-netflix-philip-morris-wells-fa,
news,kaggle_news:Seeking Alpha,2018-07-22 08:26:00,Investing Amid The Noise Of Trade Wars,https://seekingalpha.com/article/4188964-investing-amid-noise-trade-wars?source=partner_benzinga,
news,kaggle_news:Seeking Alpha,2018-07-22 09:13:00,Why China Is 'Winning' The War - For Now,https://seekingalpha.com/article/4189009-china-winning-war-now?source=partner_benzinga,
news,kaggle_news:Seeking Alpha,2018-07-22 09:53:00,How A Trade War With China Could Trigger Another Financial Crisis,https://seekingalpha.com/article/4189044-trade-war-china-trigger-another-financial-crisis?source=partner_benzinga,
news,kaggle_news:Seeking Alpha,2018-07-22 11:28:00,"Likely Scenario: Yield Curve Inversion In 2018, Recession In 2019.",https://seekingalpha.com/article/4189021-likely-scenario-yield-curve-inversion-2018-recession-2019?source=partner_benzinga,
news,kaggle_news:Investor's Business Daily,2018-07-22 12:37:00,"Move Aside, Apple: These 4 Hot Software Stocks Are In Or Near Buy Range",http://www.investors.com/research/software-stocks-apple-stock-buy-point-okta-stock-paycom-stock-ringcentral-stock/?src=A00237A&ven=BenzingaCP&src=AURLAAM,
news,kaggle_news:Seeking Alpha,2018-07-22 15:56:00,Google Trends And Backwardation In Crude,https://seekingalpha.com/article/4189025-google-trends-backwardation-crude?source=partner_benzinga,
news,kaggle_news:Seeking Alpha,2018-07-22 17:49:00,Ur-Energy May Benefit From Next Stage In Trade War,https://seekingalpha.com/article/4189016-ur-energy-may-benefit-next-stage-trade-war?source=partner_benzinga,
news,kaggle_news:Investor's Business Daily,2018-07-22 19:32:00,"Dow Futures: Alphabet, Just Below A Buy Point, Kicks Off Big Internet Earnings",http://www.investors.com/market-trend/stock-market-today/dow-futures-alphabet-facebook-amazon-twitter-earnings-due/?src=A00237A&ven=BenzingaCP&src=AURLAAM,
news,kaggle_news:Seeking Alpha,2018-07-22 20:59:00,Boeing's Lead Is Strong,https://seekingalpha.com/article/4188945-boeings-lead-strong?source=partner_benzinga,
news,kaggle_news:Taylor Cox,2018-07-23 04:00:00,"The Week Ahead: FANG Earnings Continue, Fox Vote On Disney Deal, More IPOs",https://www.benzinga.com/general/biotech/18/07/12057588/the-week-ahead-fang-earnings-continue-fox-vote-on-disney-deal-more-ip,
news,kaggle_news:Benzinga_Newsdesk,2018-07-23 04:00:00,JP Morgan Upgrades Cleveland-Cliffs to Overweight,https://www.benzinga.com/news/18/07/12056374/jp-morgan-upgrades-cleveland-cliffs-to-overweight,
news,kaggle_news:Vick Meyer,2018-07-23 04:00:00,"Citigroup Maintains Buy on Schlumberger, Lowers Price Target to $77",https://www.benzinga.com/news/18/07/12057273/citigroup-maintains-buy-on-schlumberger-lowers-price-target-to-77,
news,kaggle_news:Benzinga_Newsdesk,2018-07-23 04:00:00,"Citigroup Reinstates Buy on Xerox, Announces $39",https://www.benzinga.com/news/18/07/12056056/citigroup-reinstates-buy-on-xerox-announces-39,
news,kaggle_news:Benzinga_Newsdesk,2018-07-23 04:00:00,JP Morgan Downgrades Ares Management to Neutral,https://www.benzinga.com/news/18/07/12056378/jp-morgan-downgrades-ares-management-to-neutral,
news,kaggle_news:Benzinga Newsdesk,2018-07-23 04:00:00,"Benzinga Pro Mid-Day Price Check For Regional ETFs: Japan (EWJ) Up 0.5%, US (SPY) Up 0.2%, India (INDA) Up 0.1%, Russia (RSX) Down 0.1%, Europe (VGK) Down 0.2%, China ETF (FXI) Down 0.2%, Mexico (EWW) Down 0.4%, Canada (EWC) Down 0.5%",https://www.benzinga.com/news/18/07/12058630/benzinga-pro-mid-day-price-check-for-regional-etfs-japan-ewj-up-0-5-us-spy-up-0-,
news,kaggle_news:Benzinga Newsdesk,2018-07-23 04:00:00,"Benzinga Pro Morning Price Check For Regional ETFs: Russia (RSX) Up 0.8%, Japan (EWJ) Up 0.4%, India (INDA) Up 0.3%, US (SPY) Down 0.2%, Europe (VGK) Down 0.2%, Canada (EWC) Down 0.3%, China ETF (FXI) Down 0.3%, Mexico (EWW) Down 0.8%",https://www.benzinga.com/news/18/07/12057228/benzinga-pro-morning-price-check-for-regional-etfs-russia-rsx-up-0-8-japan-ewj-u,
news,kaggle_news:JJ Kinahan,2018-07-23 04:00:00,Telecom Earnings Preview: Verizon and AT&T to Report Q2 Results on Tuesday,https://www.benzinga.com/news/18/07/12059679/telecom-earnings-preview-verizon-and-at-t-to-report-q2-results-on-tuesday,
news,kaggle_news:Benzinga Newsdesk,2018-07-23 04:00:00,Earnings Preview For Verizon Communications,https://www.benzinga.com/news/earnings-previews/18/07/12059095/earnings-preview-for-verizon-communications,
news,kaggle_news:Benzinga_Newsdesk,2018-07-23 04:00:00,"Citigroup Reinstates Buy on International Paper, Announces $65",https://www.benzinga.com/news/18/07/12056055/citigroup-reinstates-buy-on-international-paper-announces-65,
news,kaggle_news:Benzinga Newsdesk,2018-07-23 04:00:00,Watching Lifepoint Shares After Hours As Hearing William Blair Downgraded To Market Perform,https://www.benzinga.com/news/18/07/12060344/watching-lifepoint-shares-after-hours-as-hearing-william-blair-downgraded-to-mar,
news,kaggle_news:The Ticker Tape,2018-07-23 04:00:00,Upcoming Earnings: Alphabet's $5 Billion Fine to Weigh on Results,https://www.benzinga.com/news/earnings/18/07/12059398/upcoming-earnings-alphabets-5-billion-fine-to-weigh-on-results,
news,kaggle_news:Benzinga Newsdesk,2018-07-23 04:00:00,"Technology Select Sector SPDR ETF Up 0.7% After Hours Following Alphabet Earnings Beat, 5% Move Higher; Amazon Shares Up 0.7%, Facebook Up 0.9%, Netflix Up 0.2%",https://www.benzinga.com/news/earnings/18/07/12060047/technology-select-sector-spdr-etf-up-0-7-after-hours-following-alphabet,
news,kaggle_news:Benzinga_Newsdesk,2018-07-23 04:00:00,"Shares Of JetBlue Moving Higher, Hearing JPMorgan Out Saying A Bullish Guide/Call Tomorrow Is More Likely Than Not And Investors May Want To Position Ahead Of Tonight's Close As The Co.'s Nascent Fare Increase May Not Yet Be Widely Appreciate By The Marke",https://www.benzinga.com/analyst-ratings/analyst-color/18/07/12059039/shares-of-jetblue-moving-higher-hearing-jpmorgan-out-sa,
news,kaggle_news:Benzinga_Newsdesk,2018-07-23 04:00:00,"Stifel Nicolaus Downgrades Papa John's International to Sell, Lowers Price Target to $38",https://www.benzinga.com/news/18/07/12055857/stifel-nicolaus-downgrades-papa-johns-international-to-sell-lowers-price-target-,
news,kaggle_news:Vick Meyer,2018-07-23 04:00:00,"JP Morgan Maintains Neutral on NVR, Lowers Price Target to $3.1K",https://www.benzinga.com/news/18/07/12057009/jp-morgan-maintains-neutral-on-nvr-lowers-price-target-to-3-1k,
news,kaggle_news:Benzinga_Newsdesk,2018-07-23 04:00:00,Argus Downgrades Omnicom Group to Hold,https://www.benzinga.com/news/18/07/12056428/argus-downgrades-omnicom-group-to-hold,
news,kaggle_news:Vick Meyer,2018-07-23 04:00:00,"JP Morgan Maintains Overweight on Mondelez International, Raises Price Target to $47",https://www.benzinga.com/news/18/07/12056687/jp-morgan-maintains-overweight-on-mondelez-international-raises-price-target-to-,
news,kaggle_news:Vick Meyer,2018-07-23 04:00:00,"JP Morgan Maintains Overweight on Stanley Black & Decker, Raises Price Target to $176",https://www.benzinga.com/news/18/07/12056727/jp-morgan-maintains-overweight-on-stanley-black-decker-raises-price-target-to-17,
news,kaggle_news:Vick Meyer,2018-07-23 04:00:00,"Citigroup Maintains Buy on Cleveland-Cliffs, Raises Price Target to $12",https://www.benzinga.com/news/18/07/12057069/citigroup-maintains-buy-on-cleveland-cliffs-raises-price-target-to-12,
news,kaggle_news:Vick Meyer,2018-07-23 04:00:00,"JP Morgan Maintains Neutral on Domino's Pizza, Raises Price Target to $270",https://www.benzinga.com/news/18/07/12056636/jp-morgan-maintains-neutral-on-dominos-pizza-raises-price-target-to-270,
news,kaggle_news:Vick Meyer,2018-07-23 04:00:00,"JP Morgan Maintains Neutral on Dominion Energy, Raises Price Target to $70",https://www.benzinga.com/news/18/07/12056620/jp-morgan-maintains-neutral-on-dominion-energy-raises-price-target-to-70,
news,kaggle_news:Benzinga_Newsdesk,2018-07-23 04:00:00,JP Morgan Upgrades Duke Energy to Neutral,https://www.benzinga.com/news/18/07/12056376/jp-morgan-upgrades-duke-energy-to-neutral,
news,kaggle_news:Benzinga_Newsdesk,2018-07-23 04:00:00,ExxonMobil Increases Estimate for Guyana's Stabroek Block to 4B Barrels,https://www.benzinga.com/news/18/07/12056336/exxonmobil-increases-est-for-guyanas-stabroek-block-to-4b-barrels,
news,kaggle_news:Vick Meyer,2018-07-23 04:00:00,"JP Morgan Maintains Overweight on Textron, Raises Price Target to $77",https://www.benzinga.com/news/18/07/12056736/jp-morgan-maintains-overweight-on-textron-raises-price-target-to-77,
news,kaggle_news:Benzinga_Newsdesk,2018-07-23 04:00:00,SunTrust Robinson Humphrey Downgrades Buckeye Partners to Sell,https://www.benzinga.com/news/18/07/12057724/suntrust-robinson-humphrey-downgrades-buckeye-partners-to-sell,
news,kaggle_news:Benzinga_Newsdesk,2018-07-23 04:00:00,KeyBanc Downgrades Hill International to Sector Weight,https://www.benzinga.com/news/18/07/12055595/keybanc-downgrades-hill-international-to-sector-weight,
news,kaggle_news:Vick Meyer,2018-07-23 04:00:00,"JP Morgan Maintains Neutral on Arista Networks, Raises Price Target to $287",https://www.benzinga.com/news/18/07/12056593/jp-morgan-maintains-neutral-on-arista-networks-raises-price-target-to-287,
news,kaggle_news:Benzinga_Newsdesk,2018-07-23 04:00:00,JP Morgan Downgrades MFA Financial to Neutral,https://www.benzinga.com/news/18/07/12056379/jp-morgan-downgrades-mfa-financial-to-neutral,
news,kaggle_news:Benzinga_Newsdesk,2018-07-23 04:00:00,Goldman Sachs Downgrades Telefonica to Neutral,https://www.benzinga.com/news/18/07/12056572/goldman-sachs-downgrades-telefonica-to-neutral,
news,kaggle_news:Benzinga_Newsdesk,2018-07-23 04:00:00,"JP Morgan Initiates Coverage On EverQuote with Overweight Rating, Announces $21 Price Target",https://www.benzinga.com/news/18/07/12056358/jp-morgan-initiates-coverage-on-everquote-with-overweight-rating-announces-21-pr,
news,kaggle_news:Benzinga_Newsdesk,2018-07-23 04:00:00,Cowen & Co. Downgrades Walgreens Boots Alliance to Market Perform,https://www.benzinga.com/news/18/07/12055694/cowen-co-downgrades-walgreens-boots-alliance-to-market-perform,
news,kaggle_news:Benzinga_Newsdesk,2018-07-23 04:00:00,JP Morgan Downgrades Ares Commercial Real to Neutral,https://www.benzinga.com/news/18/07/12056380/jp-morgan-downgrades-ares-commercial-real-to-neutral,
news,kaggle_news:Benzinga_Newsdesk,2018-07-23 04:00:00,Keefe Bruyette & Woods Downgrades Berkshire Hills Bancorp to Market Perform,https://www.benzinga.com/news/18/07/12055581/keefe-bruyette-woods-downgrades-berkshire-hills-bancorp-to-market-perform,
news,kaggle_news:Benzinga Newsdesk,2018-07-23 04:00:00,Fortinet Reports Expansion Of Security Fabric Offerings On Google Cloud Platform To Enable Consistent Protection Across Hybrid Cloud Environments,https://www.benzinga.com/news/18/07/12056964/fortinet-reports-expansion-of-security-fabric-offerings-on-google-cloud-platform,
news,kaggle_news:Benzinga_Newsdesk,2018-07-23 04:00:00,"Citigroup Initiates Coverage On Translate Bio with Buy Rating, Announces $20 Price Target",https://www.benzinga.com/news/18/07/12056053/citigroup-initiates-coverage-on-translate-bio-with-buy-rating-announces-20-price,
news,kaggle_news:Benzinga_Newsdesk,2018-07-23 04:00:00,"Roth Capital Downgrades Evolution Petroleum Corporation, Inc. Common Stock to Neutral",https://www.benzinga.com/news/18/07/12056995/roth-capital-downgrades-evolution-petroleum-corporation-inc-common-stock-to-neut,
news,kaggle_news:Benzinga Newsdesk,2018-07-23 04:00:00,"EPAM Systems Reports Expansion Of Partnership With Google As Advanced Solutions Lab System Integrator Partner, No Terms Disclosed",https://www.benzinga.com/news/18/07/12057503/epam-systems-reports-expansion-of-partnership-with-google-as-advanced-solutions-,
news,kaggle_news:Benzinga_Newsdesk,2018-07-23 04:00:00,JP Morgan Upgrades TPG Specialty Lending to Overweight,https://www.benzinga.com/news/18/07/12056377/jp-morgan-upgrades-tpg-specialty-lending-to-overweight,
news,kaggle_news:Shanthi Rexaline,2018-07-23 04:00:00,"Translate Bio's Novel mRNA Therapy Candidate Addresses A Key Investor Concern, Citi Says",https://www.benzinga.com/analyst-ratings/analyst-color/18/07/12056483/translate-bios-novel-mrna-therapy-candidate-addresses-a,
news,kaggle_news:Benzinga_Newsdesk,2018-07-23 04:00:00,"JP Morgan Initiates Coverage On BrightView Holdings with Overweight Rating, Announces $28 Price Target",https://www.benzinga.com/news/18/07/12056359/jp-morgan-initiates-coverage-on-brightview-holdings-with-overweight-rating-annou,
news,kaggle_news:Benzinga_Newsdesk,2018-07-23 04:00:00,"South China Morning Post Reports 'As deadline looms, US-China trade war leaves fate of Qualcomm-NXP merger hanging'; Report Says Sources Say Recent Activity By Beijing Indicates A Positive Turn For The Deal, But Uncertainty Remains",https://www.benzinga.com/news/18/07/12058947/south-china-morning-post-reports-as-deadline-looms-us-china-trade-war-leaves-fat,
news,kaggle_news:Jayson Derrick,2018-07-23 04:00:00,Stifel Downgrades Papa John's To Sell Amid 'Fraternal Corporate Culture',https://www.benzinga.com/analyst-ratings/analyst-color/18/07/12057454/stifel-downgrades-papa-johns-to-sell-amid-fraternal-cor,
news,kaggle_news:Lisa Levin,2018-07-23 04:00:00,"Benzinga's Top Upgrades, Downgrades For July 23, 2018",https://www.benzinga.com/analyst-ratings/upgrades/18/07/12057067/benzingas-top-upgrades-downgrades-for-july-23-2018,
news,kaggle_news:Benzinga_Newsdesk,2018-07-23 04:00:00,Goldman Sachs Downgrades Platform Specialty to Neutral,https://www.benzinga.com/news/18/07/12056613/goldman-sachs-downgrades-platform-specialty-to-neutral,
news,kaggle_news:Benzinga Newsdesk,2018-07-23 04:00:00,"Leap Therapeutics Announces Collaboration with Merck and Pfizer to Evaluate Combination of TRX518, Avelumab, and Chemotherapy in Advanced Solid Tumors",https://www.benzinga.com/news/18/07/12055978/leap-therapeutics-announces-collaboration-with-merck-and-pfizer-to-evaluate-comb,
news,kaggle_news:Benzinga_Newsdesk,2018-07-23 04:00:00,"Luxottica Confirms FY18 Outlook, Says It Remains Confident Of Gaining Merger Approval By Chinese Authorities By End Of July; Says It's Also Finalizing Discussions With Turkish Antitrust Authorities And Evaluating Timing For Closing Of Merger",https://www.benzinga.com/news/18/07/12058231/luxottica-confirms-fy18-outlook-says-it-remains-confident-of-gaining-merger-appr,
news,kaggle_news:Lisa Levin,2018-07-23 04:00:00,A Peek Into The Markets: US Stock Futures Down; Alphabet Earnings In Focus,https://www.benzinga.com/news/18/07/12055762/a-peek-into-the-markets-us-stock-futures-down-alphabet-earnings-in-focus,
news,kaggle_news:Benzinga Newsdesk,2018-07-23 04:00:00,"Stocks Making 52-Week Highs In Today's Session Include: Centene, O'Reilly Automotive, Tiffany, Align Technology, Fidelity National Info, Norfolk Southern, CSX, W.W. Grainger, Advance Auto Parts, Sysco, Humana, Cintas, Costco, and HCA Healthcare",https://www.benzinga.com/trading-ideas/technicals/18/07/12058319/stocks-making-52-week-highs-in-todays-session-include-centen,
news,kaggle_news:Seeking Alpha,2018-07-23 07:01:00,TPG Specialty Lending raised to overweight by JPMorgan analyst,https://seekingalpha.com/news/3372397-tpg-specialty-lending-raised-overweight-jpmorgan-analyst?source=partner_benzinga,
news,kaggle_news:GuruFocus,2018-07-23 07:38:00,"Shelter Ins Retirement Plan Buys Apache Corp, Discovery Inc, Sells Intel Corp, BHP Billiton, Deere",http://www.gurufocus.com/news/711220/shelter-ins-retirement-plan-buys-apache-corp-discovery-inc-sells-intel-corp-bhp-billiton-deere,
news,kaggle_news:Seeking Alpha,2018-07-23 07:51:00,U.S. Shale: NAV Analysis Of Eagle Ford Shale E&Ps - 2018 Q1 Update,https://seekingalpha.com/article/4189049-u-s-shale-nav-analysis-eagle-ford-shale-e-and-ps-2018-q1-update?source=partner_benzinga,
news,kaggle_news:Seeking Alpha,2018-07-23 08:03:00,Financial stocks gain as 2 year-10 year Treasury yield spread widens,https://seekingalpha.com/news/3372456-financial-stocks-gain-2-yearminus-10-year-treasury-yield-spread-widens?source=partner_benzinga,
news,kaggle_news:Seeking Alpha,2018-07-23 08:04:00,Sales show for Theresa May's Brexit plan,https://seekingalpha.com/news/3372211-sales-show-theresa-mays-brexit-plan?source=partner_benzinga,
news,kaggle_news:Investor's Business Daily,2018-07-23 08:16:00,"Apple, 3M Lead Nasdaq, Dow Lower; This Bank Stock Breaks Out",http://www.investors.com/market-trend/stock-market-today/apple-nasdaq-dow-popular-bank-stock-breakout/?src=A00237A&ven=BenzingaCP&src=AURLAAM,
news,kaggle_news:Seeking Alpha,2018-07-23 09:49:00,Do Verizon Investors Know About This $300 Million Secret?,https://seekingalpha.com/article/4189128-verizon-investors-know-300-million-secret?source=partner_benzinga,
news,kaggle_news:Investor's Business Daily,2018-07-23 09:49:00,"Verizon, AT&T, Biogen, Texas Instruments Report: Investing Action Plan",http://www.investors.com/research/investing-action-plan/top-stocks-verizon-att-biogen-texas-instruments-reporting-earnings/?src=A00237A&ven=BenzingaCP&src=AURLAAM,
news,kaggle_news:Seeking Alpha,2018-07-23 09:56:00,Trump's Fed Comments Send Gold Soaring,https://seekingalpha.com/article/4189083-trumps-fed-comments-send-gold-soaring?source=partner_benzinga,
news,kaggle_news:Seeking Alpha,2018-07-23 09:58:00,"Trade War And Commodities - Bearish Short Term, But Bullish Long Term",https://seekingalpha.com/article/4188826-trade-war-commodities-bearish-short-term-bullish-long-term?source=partner_benzinga,
news,kaggle_news:Zacks,2018-07-23 10:21:00,ExxonMobil's PNG LNG Inks 3-Year Supply Deal With PetroChina,http://www.zacks.com/stock/news/312772/exxonmobils-png-lng-inks-3-year-supply-deal-with-petrochina?cid=CS-BENZ-FT-312772,
news,kaggle_news:GuruFocus,2018-07-23 11:11:00,"T Rowe Price Sells JPMorgan, XL Group",http://www.gurufocus.com/news/711209/t-rowe-price-sells-jpmorgan-xl-group,
news,kaggle_news:Zacks,2018-07-23 11:28:00,Mastercard (MA) Q2 Earnings to Gain on Transaction Growth,http://www.zacks.com/stock/news/312612/mastercard-ma-q2-earnings-to-gain-on-transaction-growth?cid=CS-BENZ-FT-312612,
news,kaggle_news:Zacks,2018-07-23 11:48:00,Can Walmart Take on Amazon's Prime With Repositioned Vudu?,http://www.zacks.com/stock/news/312627/can-walmart-take-on-amazons-prime-with-repositioned-vudu?cid=CS-BENZ-FT-312627,
news,kaggle_news:Seeking Alpha,2018-07-23 12:02:00,Buckeye Partners cut to Sell at SunTrust after Moody's downgrade,https://seekingalpha.com/news/3372499-buckeye-partners-cut-sell-suntrust-moodys-downgrade?source=partner_benzinga,
news,kaggle_news:Seeking Alpha,2018-07-23 12:13:00,Fed's Powell not a friend to cryptos - Cowen,https://seekingalpha.com/news/3372345-feds-powell-friend-cryptos-cowen?source=partner_benzinga,
news,kaggle_news:Investor's Business Daily,2018-07-23 12:36:00,Dow Jones Futures: Alphabet Stock Is A Buy On Earnings; These 2 Top Techs Also Rise,http://www.investors.com/market-trend/stock-market-today/dow-jones-futures-alphabet-earnings-lift-stock-facebook-amazon/?src=A00237A&ven=BenzingaCP&src=AURLAAM,
news,kaggle_news:Seeking Alpha,2018-07-23 12:36:00,Cleveland-Cliffs +9% as J.P. Morgan upgrades with Street-high $15 target,https://seekingalpha.com/news/3372435-cleveland-cliffs-plus-9-percent-j-p-morgan-upgrades-street-high-15-target?source=partner_benzinga,
news,kaggle_news:Seeking Alpha,2018-07-23 12:42:00,China's urban registered jobless rate falls to 3.83 percent at end-June,https://seekingalpha.com/news/3372464-chinas-urban-registered-jobless-rate-falls-3_83-percent-end-june?source=partner_benzinga,
news,kaggle_news:Zacks,2018-07-23 13:34:00,"Zacks Investment Ideas feature highlights: Wendy's, Papa John's, McDonald's, Domino's and Yum Brands",http://www.zacks.com/stock/news/312647/zacks-investment-ideas-feature-highlights-wendys-papa-johns-mcdonalds-dominos-and-yum-brands?cid=CS-BENZ-FT-312647,
news,kaggle_news:Zacks,2018-07-23 13:46:00,"Alphabet Roundup: Healthcare, Shopify, Payments, Regulatory",http://www.zacks.com/stock/news/312802/alphabet-roundup-healthcare-shopify-payments-regulatory?cid=CS-BENZ-FT-312802,
news,kaggle_news:Zacks,2018-07-23 14:46:00,Will Lower 777 & 747 Deliveries Hit Boeing (BA) Q2 Earnings?,http://www.zacks.com/stock/news/312618/will-lower-777-747-deliveries-hit-boeing-ba-q2-earnings?cid=CS-BENZ-FT-312618,
news,kaggle_news:Seeking Alpha,2018-07-23 15:11:00,Windstream default trial begins with focus on subsidiaries,https://seekingalpha.com/news/3372498-windstream-default-trial-begins-focus-subsidiaries?source=partner_benzinga,
news,kaggle_news:Seeking Alpha,2018-07-23 16:01:00,Boeing warns on pilot shortage,https://seekingalpha.com/news/3372428-boeing-warns-pilot-shortage?source=partner_benzinga,
news,kaggle_news:Seeking Alpha,2018-07-23 16:05:00,"Papa John's -3% after poison pill, downgrade",https://seekingalpha.com/news/3372279-papa-johns-minus-3-percent-poison-pill-downgrade?source=partner_benzinga,
news,kaggle_news:Zacks,2018-07-23 16:23:00,Will Data Fiasco Leave a Mark on Facebook (FB) Q2 Earnings?,http://www.zacks.com/stock/news/312632/will-data-fiasco-leave-a-mark-on-facebook-fb-q2-earnings?cid=CS-BENZ-FT-312632,
news,kaggle_news:Seeking Alpha,2018-07-23 17:03:00,"Exxon, Hess raise Stabroek resource estimate by 25% to 4B boe",https://seekingalpha.com/news/3372346-exxon-hess-raise-stabroek-resource-estimate-25-percent-4b-boe?source=partner_benzinga,
news,kaggle_news:GuruFocus,2018-07-23 17:17:00,"Woodstock Corp Buys Visa Inc, Alteryx Inc, Washington REIT, Sells Ubisoft Entertainment, Cigna ...",http://www.gurufocus.com/news/711219/woodstock-corp-buys-visa-inc-alteryx-inc-washington-reit-sells-ubisoft-entertainment-cigna-corp-us-bancorp,
news,kaggle_news:GuruFocus,2018-07-23 17:17:00,"Sumitomo Life Insurance Co Buys Broadcom Inc, Exxon Mobil Corp, Visteon Corp, Sells AutoZone ...",http://www.gurufocus.com/news/710990/sumitomo-life-insurance-co-buys-broadcom-inc-exxon-mobil-corp-visteon-corp-sells-autozone-inc-monsanto-co-time-warner-inc,
news,kaggle_news:Seeking Alpha,2018-07-23 17:33:00,Digital Realty expands IBM Cloud access in 15 metros,https://seekingalpha.com/news/3372414-digital-realty-expands-ibm-cloud-access-15-metros?source=partner_benzinga,
news,kaggle_news:Investor's Business Daily,2018-07-23 17:58:00,"Tesla Stock Dives, But Nasdaq Holds Up; JPMorgan Leads Dow As Financials Rally",http://www.investors.com/market-trend/stock-market-today/tesla-stock-sinks-jpmorgan-leads-dow/?src=A00237A&ven=BenzingaCP&src=AURLAAM,
news,kaggle_news:Zacks,2018-07-23 18:04:00,Trade War Flares Up! These Dividend Stocks Remain a Hedge,http://www.zacks.com/stock/news/312630/trade-war-flares-up-these-dividend-stocks-remain-a-hedge?cid=CS-BENZ-FT-312630,
news,kaggle_news:Seeking Alpha,2018-07-23 18:50:00,"Citi bullish on Tenet, sees 29% upside",https://seekingalpha.com/news/3372357-citi-bullish-tenet-sees-29-percent-upside?source=partner_benzinga,
news,kaggle_news:Seeking Alpha,2018-07-23 18:51:00,Biotech Stocks Are Tariff-Safe And Building Momentum,https://seekingalpha.com/article/4189138-biotech-stocks-tariff-safe-building-momentum?source=partner_benzinga,
news,kaggle_news:Investor's Business Daily,2018-07-23 19:22:00,"Stocks Reverse Higher, As Alphabet Rallies After Earnings",http://www.investors.com/market-trend/stock-market-today/stocks-reverse-higher-alphabet-rallies-earnings/?src=A00237A&ven=BenzingaCP&src=AURLAAM,
news,kaggle_news:Zacks,2018-07-23 20:56:00,Prime & AWS Are likely to Aid Amazon's (AMZN) Q2 Earnings,http://www.zacks.com/stock/news/312727/prime-aws-are-likely-to-aid-amazons-amzn-q2-earnings?cid=CS-BENZ-FT-312727,
news,kaggle_news:Benzinga_Newsdesk,2018-07-24 04:00:00,Deutsche Bank Downgrades Arbor Realty Trust to Hold,https://www.benzinga.com/news/18/07/12062960/deutsche-bank-downgrades-arbor-realty-trust-to-hold,
news,kaggle_news:Benzinga_Newsdesk,2018-07-24 04:00:00,"Verizon Communications Q2 EPS $1.20 Beats $1.14 Estimate, Sales $32.2B Beat $31.74B Estimate",https://www.benzinga.com/news/earnings/18/07/12062770/verizon-communications-q2-eps-1-20-beats-1-14-estimate-sales-32-2b-beat,
news,kaggle_news:Benzinga_Newsdesk,2018-07-24 04:00:00,"Verizon Sees FY18 Rev. Growth At Low-To-Mid Single Digits On GAAP Basis, Sees Low-Single-Digit Percentage Growth In Adj. EPS In 2018",https://www.benzinga.com/news/18/07/12062773/verizon-sees-fy18-rev-growth-at-low-to-mid-single-digits-on-gaap-basis-sees-low-,
news,kaggle_news:Benzinga_Newsdesk,2018-07-24 04:00:00,Bank of America Downgrades Illinois Tool Works to Neutral,https://www.benzinga.com/news/18/07/12062993/bank-of-america-downgrades-illinois-tool-works-to-neutral,
news,kaggle_news:Benzinga_Newsdesk,2018-07-24 04:00:00,Raymond James Downgrades Heartland Financial to Market Perform,https://www.benzinga.com/news/18/07/12062937/raymond-james-downgrades-heartland-financial-to-market-perform,
news,kaggle_news:FreightWaves,2018-07-24 04:00:00,Container Lines Prep For China-US Trade Slowdown,https://www.benzinga.com/news/18/07/12059514/container-lines-prep-for-china-us-trade-slowdown,
news,kaggle_news:Elizabeth Balboa,2018-07-24 04:00:00,"Google Prematurely Calls Time Of Death For Orrin Hatch, Sergio Marchionne",https://www.benzinga.com/news/18/07/12063590/google-prematurely-calls-time-of-death-for-orrin-hatch-sergio-marchionne,
news,kaggle_news:Jayson Derrick,2018-07-24 04:00:00,"Goldman Downgrades Illinois Tool Works, Credit Suisse Lowers Price Target After Sales, Guidance Miss",https://www.benzinga.com/analyst-ratings/analyst-color/18/07/12065746/goldman-downgrades-illinois-tool-works-credit-suisse-lo,
news,kaggle_news:Benzinga_Newsdesk,2018-07-24 04:00:00,"Imperial Capital Downgrades Gastar Exploration Inc Common Stock to Underperform, Lowers Price Target to $0.14",https://www.benzinga.com/news/18/07/12062289/imperial-capital-downgrades-gastar-exploration-inc-common-stock-to-underperform-,
news,kaggle_news:JJ Kinahan,2018-07-24 04:00:00,Food And Beverage Earnings: Reports Coming Up From Coca-Cola And McDonald's,https://www.benzinga.com/news/earnings/18/07/12065375/food-and-beverage-earnings-reports-coming-up-from-coca-cola-and-mcdonal,
news,kaggle_news:Benzinga Newsdesk,2018-07-24 04:00:00,"Benzinga Pro Mid-Day Price Check For Regional ETFs: China ETF (FXI) Up 3.4%, Brazil (EWZ) Up 2.4%, India (INDA) Up 1.2%, Mexico (EWW) Up 1.2%, US (SPY) Up 1.2%, Australia (EWA) Up 1.0%, Europe (VGK) Up 0.7%, Japan (EWJ) Up 0.5%",https://www.benzinga.com/news/18/07/12066088/benzinga-pro-mid-day-price-check-for-regional-etfs-china-etf-fxi-up-3-4-brazil-e,
news,kaggle_news:Benzinga_Newsdesk,2018-07-24 04:00:00,Baird Downgrades LifePoint Health to Neutral,https://www.benzinga.com/news/18/07/12063355/baird-downgrades-lifepoint-health-to-neutral,
news,kaggle_news:Benzinga_Newsdesk,2018-07-24 04:00:00,William Blair Downgrades LifePoint Health to Market Perform,https://www.benzinga.com/news/18/07/12062896/william-blair-downgrades-lifepoint-health-to-market-perform,
news,kaggle_news:Benzinga_Newsdesk,2018-07-24 04:00:00,RBC Capital Downgrades LifePoint Health to Sector Perform,https://www.benzinga.com/news/18/07/12062322/rbc-capital-downgrades-lifepoint-health-to-sector-perform,
news,kaggle_news:Vick Meyer,2018-07-24 04:00:00,"Citigroup Maintains Neutral on TD Ameritrade Holding, Raises Price Target to $64",https://www.benzinga.com/news/18/07/12062959/citigroup-maintains-neutral-on-td-ameritrade-holding-raises-price-target-to-64,
news,kaggle_news:Wayne Duggan,2018-07-24 04:00:00,Trump's Bailout For Farmers Caught In The Trade War: What You Need To Know,https://www.benzinga.com/general/politics/18/07/12066743/trumps-bailout-for-farmers-caught-in-the-trade-war-what-you-need-to-,
news,kaggle_news:JJ Kinahan,2018-07-24 04:00:00,"Earnings Preview: Boeing, GM And Ford To Report Q2 Earnings This Week",https://www.benzinga.com/news/earnings/18/07/12066698/earnings-preview-boeing-gm-and-ford-to-report-q2-earnings-this-week,
news,kaggle_news:Benzinga_Newsdesk,2018-07-24 04:00:00,Goldman Sachs Downgrades Illinois Tool Works to Neutral,https://www.benzinga.com/news/18/07/12063563/goldman-sachs-downgrades-illinois-tool-works-to-neutral,
news,kaggle_news:Benzinga Newsdesk,2018-07-24 04:00:00,"Benzinga Pro Morning Price Check For Regional ETFs: China ETF (FXI) Up 3.3%, Brazil (EWZ) Up 2.2%, Russia (RSX) Up 1.7%, India (INDA) Up 1.4%, Australia (EWA) Up 1.2%, Europe (VGK) Up 0.9%, Japan (EWJ) Up 0.8%, Mexico (EWW) Up 0.8%",https://www.benzinga.com/news/18/07/12064497/benzinga-pro-morning-price-check-for-regional-etfs-china-etf-fxi-up-3-3-brazil-e,
news,kaggle_news:Brett Hershman,2018-07-24 04:00:00,"Madison Square Garden Strikes Sponsorship Deal With Pepsi, Ending Century-Long Coke Partnership",https://www.benzinga.com/news/18/07/12065819/madison-square-garden-strikes-sponsorship-deal-with-pepsi-ending-century-long-co,
news,kaggle_news:Benzinga_Newsdesk,2018-07-24 04:00:00,Deutsche Bank Downgrades Two Harbors Investment to Hold,https://www.benzinga.com/news/18/07/12062961/deutsche-bank-downgrades-two-harbors-investment-to-hold,
news,kaggle_news:Benzinga_Newsdesk,2018-07-24 04:00:00,Raymond James Downgrades Gogo to Market Perform,https://www.benzinga.com/news/18/07/12062936/raymond-james-downgrades-gogo-to-market-perform,
news,kaggle_news:Benzinga Newsdesk,2018-07-24 04:00:00,'White House readies plan to extend about $12 billion in emergency aid to farmers caught in Trump's escalating trade war' -Washington Post,https://www.benzinga.com/news/18/07/12065077/white-house-readies-plan-to-extend-about-12-billion-in-emergency-aid-to-farmers-,
news,kaggle_news:Benzinga Newsdesk,2018-07-24 04:00:00,"Pfizer And GlaxoSmithKline Joint Venture, ViiV Healthcare Presents Phase III Data at AIDS 2018 From GEMINI Studies Showing Two-Drug Regimen Of Dolutegravir And Lamivudine Has Similar Efficacy To Three-Drug Regimen In Treatment Of Naïve HIV Patient",https://www.benzinga.com/general/biotech/18/07/12063358/pfizer-and-glaxosmithkline-joint-venture-viiv-healthcare-presents-pha,
news,kaggle_news:Benzinga_Newsdesk,2018-07-24 04:00:00,Stephens & Co. Downgrades Synovus Financial to Equal-Weight,https://www.benzinga.com/news/18/07/12063321/stephens-co-downgrades-synovus-financial-to-equal-weight,
news,kaggle_news:Benzinga_Newsdesk,2018-07-24 04:00:00,Monness Crespi Hardt Downgrades Hasbro to Neutral,https://www.benzinga.com/news/18/07/12063558/monness-crespi-hardt-downgrades-hasbro-to-neutral,
news,kaggle_news:Benzinga_Newsdesk,2018-07-24 04:00:00,"Pfizer To Build Sterile Injectable Facility In Michigan, Investing $465M And Creating More Than 450 Jobs With Production Beginning In 2024",https://www.benzinga.com/news/18/07/12066364/pfizer-to-build-sterile-injectable-facility-in-michigan-investing-465m-and-creat,
news,kaggle_news:Hannah Genig,2018-07-24 04:00:00,JPMorgan Places Overweight Rating On Hecla Following New Business Acquisitions,https://www.benzinga.com/analyst-ratings/analyst-color/18/07/12064833/jpmorgan-places-overweight-rating-on-hecla-following-ne,
news,kaggle_news:Vick Meyer,2018-07-24 04:00:00,"Citigroup Maintains Neutral on Crown Castle Intl, Raises Price Target to $110",https://www.benzinga.com/news/18/07/12062976/citigroup-maintains-neutral-on-crown-castle-intl-raises-price-target-to-110,
news,kaggle_news:Benzinga_Newsdesk,2018-07-24 04:00:00,"Harley-Davidson Says If There's No Mitigation Of EU Tariffs, They Would Cost $90-$100M To The Co. In 2019, Says They Are Marking Efforts To Mitigate Said Costs",https://www.benzinga.com/news/18/07/12064530/harley-davidson-says-if-theres-no-mitigation-of-eu-tariffs-they-would-cost-90-10,
news,kaggle_news:Hal Lindon,2018-07-24 04:00:00,"Harley-Davidson Sees Q3 Shipments 45.5K-50.5K; For FY18, Co. Sees Shipments 231K-236K, CapEx $250M-$270M, Motorcycles Operating Margin 9-10% Citing Impact Of Tariffs, Financial Services Income Flat To Up Slightly",https://www.benzinga.com/news/18/07/12062313/harley-davidson-sees-q3-shipments-45-5k-50-5k-for-fy18-co-sees-shipments-231k-23,
news,kaggle_news:Benzinga Newsdesk,2018-07-24 04:00:00,Coca-Cola Q2 Earnings Preview,https://www.benzinga.com/news/earnings-previews/18/07/12066523/earnings-preview-for-coca-cola,
news,kaggle_news:Benzinga_Newsdesk,2018-07-24 04:00:00,Raymond James Downgrades Infinera to Underperform,https://www.benzinga.com/news/18/07/12062939/raymond-james-downgrades-infinera-to-underperform,
news,kaggle_news:Benzinga Newsdesk,2018-07-24 04:00:00,NETSCOUT Announces Collaboration With IBM,https://www.benzinga.com/news/18/07/12064010/netscout-announces-collaboration-with-ibm,
news,kaggle_news:Benzinga_Newsdesk,2018-07-24 04:00:00,"Google Cloud Announces New Integrations With Appian, RingCentral, And Five9",https://www.benzinga.com/news/18/07/12066503/google-cloud-announces-new-integrations-with-appian-ringcentral-and-five9,
news,kaggle_news:Benzinga_Newsdesk,2018-07-24 04:00:00,Bank of America Downgrades Gildan Activewear to Underperform,https://www.benzinga.com/news/18/07/12062985/bank-of-america-downgrades-gildan-activewear-to-underperform,
news,kaggle_news:Elizabeth Balboa,2018-07-24 04:00:00,BofA Double Downgrades Gildan On Nicaraguan Unrest,https://www.benzinga.com/analyst-ratings/analyst-color/18/07/12064503/bofa-double-downgrades-gildan-on-nicaraguan-unrest,
news,kaggle_news:Benzinga Newsdesk,2018-07-24 04:00:00,"'JUST IN: Pepsi wins pouring rights for Madison Square Garden properties, including MSG & Radio City, unseats Coca-Cola, which has had deal since 1910.' -Tweet From Darren Rovell",https://www.benzinga.com/news/18/07/12065011/just-in-pepsi-wins-pouring-rights-for-madison-square-garden-properties-including,
news,kaggle_news:Benzinga Newsdesk,2018-07-24 04:00:00,'If China allows Qualcomm's NXP deal to die that decision will reverberate far beyond the investor base of both companies.' -Tweet From CNBC's David Faber,https://www.benzinga.com/news/18/07/12064980/if-china-allows-qualcomms-nxp-deal-to-die-that-decision-will-reverberate-far-bey,
news,kaggle_news:Shanthi Rexaline,2018-07-24 04:00:00,"Q2 Semi Preview: Cowen Confident In AMD, Predicts Near-Term Challenges For Intel",https://www.benzinga.com/analyst-ratings/analyst-color/18/07/12000013/q2-semi-preview-cowen-confident-in-amd-predicts-near-te,
news,kaggle_news:Vick Meyer,2018-07-24 04:00:00,"BMO Capital Maintains Market Perform on Starbucks, Lowers Price Target to $51",https://www.benzinga.com/news/18/07/12064278/bmo-capital-maintains-market-perform-on-starbucks-lowers-price-target-to-51,
news,kaggle_news:Benzinga Newsdesk,2018-07-24 04:00:00,"Pepsi Press Release Confirms Co. Will Become Exclusive Non-Alcoholic Beverage, Salty Snack Partner Across Madison Square Garden Venues",https://www.benzinga.com/news/18/07/12065249/pepsi-press-release-confirms-co-will-become-exclusive-non-alcoholic-beverage-sal,
news,kaggle_news:Benzinga_Newsdesk,2018-07-24 04:00:00,Standpoint Research Downgrades Teradata to Hold,https://www.benzinga.com/news/18/07/12065094/standpoint-research-downgrades-teradata-to-hold,
news,kaggle_news:Vick Meyer,2018-07-24 04:00:00,"Citigroup Maintains Buy on Illinois Tool Works, Lowers Price Target to $166",https://www.benzinga.com/news/18/07/12062992/citigroup-maintains-buy-on-illinois-tool-works-lowers-price-target-to-166,
news,kaggle_news:Benzinga Newsdesk,2018-07-24 04:00:00,"Medidata Solutions Shares Tick To Fresh Session Low, Now Down 12.6%, As Hearing JP Morgan Downgraded Stock To Neutral",https://www.benzinga.com/news/18/07/12066665/medidata-solutions-shares-tick-to-fresh-session-low-now-down-12-6-as-hearing-jp-,
news,kaggle_news:Jayson Derrick,2018-07-24 04:00:00,Longbow Downgrades Whirlpool After Q2 Miss,https://www.benzinga.com/analyst-ratings/analyst-color/18/07/12064764/longbow-downgrades-whirlpool-after-q2-miss,
news,kaggle_news:Benzinga_Newsdesk,2018-07-24 04:00:00,Morgan Stanley Downgrades Marriott International to Equal-Weight,https://www.benzinga.com/news/18/07/12062713/morgan-stanley-downgrades-marriott-international-to-equal-weight,
news,kaggle_news:Benzinga_Newsdesk,2018-07-24 04:00:00,Evercore ISI Group Downgrades DHT Holdings to In-Line,https://www.benzinga.com/news/18/07/12062945/evercore-isi-group-downgrades-dht-holdings-to-in-line,
news,kaggle_news:Benzinga_Newsdesk,2018-07-24 04:00:00,"Raymond James Reinstates Outperform on Mastercard, Announces $244",https://www.benzinga.com/news/18/07/12064158/raymond-james-reinstates-outperform-on-mastercard-announces-244,
news,kaggle_news:Benzinga_Newsdesk,2018-07-24 04:00:00,Longbow Research Downgrades Whirlpool to Neutral,https://www.benzinga.com/news/18/07/12062981/longbow-research-downgrades-whirlpool-to-neutral,
news,kaggle_news:Benzinga Newsdesk,2018-07-24 04:00:00,"Stocks That Made New 52-Week Highs Earlier Today Include: Tiffany, Visa, SunTrust, Baxter, Medtronics, Intuit, Costco, IHS Markit, Target, VeriSign, Salesforce, Norfolk Southern, Verisk, Facebook, Paypal, and Microsoft",https://www.benzinga.com/trading-ideas/technicals/18/07/12065868/stocks-that-made-new-52-week-highs-earlier-today-tiffany-vis,
news,kaggle_news:Lisa Levin,2018-07-24 04:00:00,"Benzinga's Top Upgrades, Downgrades For July 24, 2018",https://www.benzinga.com/analyst-ratings/upgrades/18/07/12064149/benzingas-top-upgrades-downgrades-for-july-24-2018,
news,kaggle_news:Lisa Levin,2018-07-24 04:00:00,Mid-Morning Market Update: Markets Open Higher; Alphabet Profit Tops Expectations,https://www.benzinga.com/news/18/07/12064817/mid-morning-market-update-markets-open-higher-alphabet-profit-tops-expectations,
news,kaggle_news:Vick Meyer,2018-07-24 04:00:00,"Citigroup Maintains Buy on PTC Therapeutics, Raises Price Target to $50",https://www.benzinga.com/news/18/07/12062995/citigroup-maintains-buy-on-ptc-therapeutics-raises-price-target-to-50,
news,kaggle_news:Benzinga Newsdesk,2018-07-24 04:00:00,"Google Cloud Announces New Integrations With Cisco, Twilio and Vonage",https://www.benzinga.com/news/18/07/12066475/google-cloud-announces-new-integrations-with-cisco-twilio-and-vonage,
news,kaggle_news:Benzinga Newsdesk,2018-07-24 04:00:00,Whirlpool Corp. Shares Down 9.4% Premarket After Earnings Miss And FY18 Guidance Cut; Longbow Research Downgrades Co. To Neutral Rating,https://www.benzinga.com/trading-ideas/movers/18/07/12064032/whirlpool-corp-shares-down-9-4-premarket-after-earnings-miss-and,
news,kaggle_news:Seeking Alpha,2018-07-24 07:23:00,Marriott lower after Morgan Stanley downgrade,https://seekingalpha.com/news/3372741-marriott-lower-morgan-stanley-downgrade?source=partner_benzinga,
news,kaggle_news:Zacks,2018-07-24 08:05:00,Instagram and Video Push to Aid Facebook's (FB) Q2 Earnings,http://www.zacks.com/stock/news/312848/instagram-and-video-push-to-aid-facebooks-fb-q2-earnings?cid=CS-BENZ-FT-312848,
news,kaggle_news:Seeking Alpha,2018-07-24 08:29:00,"Copper, base metals jump on new China stimulus plan",https://seekingalpha.com/news/3373037-copper-base-metals-jump-new-china-stimulus-plan?source=partner_benzinga,
news,kaggle_news:GuruFocus,2018-07-24 08:55:00,Coca-Cola Bottling Co. Consolidated To Release Second Quarter —…–8 Results,http://www.gurufocus.com/news/711961/cocacola-bottling-co-consolidated-to-release-second-quarter-2018-results,
news,kaggle_news:Zacks,2018-07-24 08:55:00,Alphabet (GOOGL) Q2 Earnings and Revenues Beat Estimates,http://www.zacks.com/stock/news/312832/alphabet-googl-q2-earnings-and-revenues-beat-estimates?cid=CS-BENZ-FT-312832,
news,kaggle_news:Investor's Business Daily,2018-07-24 08:58:00,"So Many Ways To Play Oil Stocks As Dow's Chevron, Exxon Rally",http://www.investors.com/etfs-and-funds/etfs/etfs-play-oil-stocks-chevron-exxon-rally/?src=A00237A&ven=BenzingaCP&src=AURLAAM,
news,kaggle_news:Seeking Alpha,2018-07-24 09:16:00,"Liberty Property slips as Q2 hurt by added costs from Comcast, Camden projects",https://seekingalpha.com/news/3372884-liberty-property-slips-q2-hurt-added-costs-comcast-camden-projects?source=partner_benzinga,
news,kaggle_news:Zacks,2018-07-24 09:51:00,"Comerica, Thor Industries, Alphabet and Facebook highlighted as Zacks Bull and Bear of the Day",http://www.zacks.com/stock/news/312864/comerica-thor-industries-alphabet-and-facebook-highlighted-as-zacks-bull-and-bear-of-the-day?cid=CS-BENZ-FT-312864,
news,kaggle_news:Zacks,2018-07-24 10:02:00,Will Focus on Security Benefit Facebook (FB) in Q2 Earnings?,http://www.zacks.com/stock/news/312847/will-focus-on-security-benefit-facebook-fb-in-q2-earnings?cid=CS-BENZ-FT-312847,
news,kaggle_news:Seeking Alpha,2018-07-24 10:17:00,Like Low Hanging Fruit-Look To China,https://seekingalpha.com/article/4189609-like-low-hanging-fruit-look-china?source=partner_benzinga,
news,kaggle_news:Investor's Business Daily,2018-07-24 10:18:00,"Facebook, 2 Payment Stocks At Or Near Highs Ahead Of Earnings: Investing Action Plan",http://www.investors.com/research/investing-action-plan/payment-stocks-paypal-visa-facebook-boeing-earnings-estimates/?src=A00237A&ven=BenzingaCP&src=AURLAAM,
news,kaggle_news:Zacks,2018-07-24 10:42:00,China's Likely Retaliation to US Tariffs & Its Impact on ETFs,http://www.zacks.com/stock/news/313079/chinas-likely-retaliation-to-us-tariffs-its-impact-on-etfs?cid=CS-BENZ-FT-313079,
news,kaggle_news:Seeking Alpha,2018-07-24 11:24:00,Market Volatility Bulletin: Stock Market's Google Earnings Celebration Fizzles,https://seekingalpha.com/article/4189599-market-volatility-bulletin-stock-markets-google-earnings-celebration-fizzles?source=partner_benzinga,
news,kaggle_news:Zacks,2018-07-24 12:29:00,Will North America Sales Fuel Coca-Cola's (KO) Q2 Earnings?,http://www.zacks.com/stock/news/313038/will-north-america-sales-fuel-coca-colas-ko-q2-earnings?cid=CS-BENZ-FT-313038,
news,kaggle_news:Seeking Alpha,2018-07-24 12:35:00,Raymond James downgrades infinera,https://seekingalpha.com/news/3372835-raymond-james-downgrades-infinera?source=partner_benzinga,
news,kaggle_news:Seeking Alpha,2018-07-24 13:30:00,U.S. Dollar Boosted By Higher Treasury Yields,https://seekingalpha.com/article/4189412-u-s-dollar-boosted-higher-treasury-yields?source=partner_benzinga,
news,kaggle_news:Zacks,2018-07-24 13:34:00,Verizon (VZ) Beats Q2 Earnings on Healthy Top-Line Growth,http://www.zacks.com/stock/news/313001/verizon-vz-beats-q2-earnings-on-healthy-top-line-growth?cid=CS-BENZ-FT-313001,
news,kaggle_news:Zacks,2018-07-24 13:43:00,ETFs to Tap Facebook's New Highs Ahead of Q2 Earnings,http://www.zacks.com/stock/news/313039/etfs-to-tap-facebooks-new-highs-ahead-of-q2-earnings?cid=CS-BENZ-FT-313039,
news,kaggle_news:Investor's Business Daily,2018-07-24 14:16:00,"Nasdaq Goes Negative As Alphabet Bump Fades, Leading Stocks Slump",http://www.investors.com/market-trend/stock-market-today/nasdaq-negative-alphabet-bump-fades-leading-stocks-slump/?src=A00237A&ven=BenzingaCP&src=AURLAAM,
news,kaggle_news:Zacks,2018-07-24 14:24:00,What's in the Offing for Intel (INTC) in Q2 Earnings?,http://www.zacks.com/stock/news/312835/whats-in-the-offing-for-intel-intc-in-q2-earnings?cid=CS-BENZ-FT-312835,
news,kaggle_news:Seeking Alpha,2018-07-24 14:34:00,Trade Wars: A Worldwide Web Of Worry,https://seekingalpha.com/article/4189687-trade-wars-worldwide-web-worry?source=partner_benzinga,
news,kaggle_news:Seeking Alpha,2018-07-24 15:25:00,Fox warns of Comcast losing Big Ten Network,https://seekingalpha.com/news/3372916-fox-warns-comcast-losing-big-ten-network?source=partner_benzinga,
news,kaggle_news:Seeking Alpha,2018-07-24 15:27:00,"Trump's Auto Emissions Deregulation: Great For GM, Ford And FCA - But Disaster For Tesla",https://seekingalpha.com/article/4189380-trumps-auto-emissions-deregulation-great-gm-ford-fca-disaster-tesla?source=partner_benzinga,
news,kaggle_news:Seeking Alpha,2018-07-24 15:58:00,Harley rallies after updating on tariff pain,https://seekingalpha.com/news/3372995-harley-rallies-updating-tariff-pain?source=partner_benzinga,
news,kaggle_news:Seeking Alpha,2018-07-24 16:07:00,Should China's Currency Worry Markets?,https://seekingalpha.com/article/4189344-chinas-currency-worry-markets?source=partner_benzinga,
news,kaggle_news:Seeking Alpha,2018-07-24 16:27:00,Windstream trial: Aurelius bought more notes amid default notice,https://seekingalpha.com/news/3373164-windstream-trial-aurelius-bought-notes-amid-default-notice?source=partner_benzinga,
news,kaggle_news:Investor's Business Daily,2018-07-24 16:43:00,"Dow Jones Futures: Lululemon Gets New CEO; Watch Facebook, Boeing, These Earnings Reports",http://www.investors.com/market-trend/stock-market-today/dow-jones-futures-lululemon-ceo-facebook-boeing-visa-paypal-grubhub-earnings/?src=A00237A&ven=BenzingaCP&src=AURLAAM,
news,kaggle_news:Seeking Alpha,2018-07-24 17:24:00,Did Tuesday Mark Another 'Victory' For China In The Trade War?,https://seekingalpha.com/article/4189680-tuesday-mark-another-victory-china-trade-war?source=partner_benzinga,
news,kaggle_news:Seeking Alpha,2018-07-24 17:41:00,Canada And The Not-So-New Trade Wars,https://seekingalpha.com/article/4189560-canada-new-trade-wars?source=partner_benzinga,
news,kaggle_news:Seeking Alpha,2018-07-24 18:20:00,Splashy new partnership between PepsiCo and Madison Square Garden,https://seekingalpha.com/news/3372897-splashy-new-partnership-pepsico-madison-square-garden?source=partner_benzinga,
news,kaggle_news:Seeking Alpha,2018-07-24 19:13:00,Two-notch BAML downgrade on Gildan Activewear,https://seekingalpha.com/news/3372754-two-notch-baml-downgrade-gildan-activewear?source=partner_benzinga,
news,kaggle_news:Zacks,2018-07-24 20:28:00,"Top Stock Reports for Alphabet, General Electric & Morgan Stanley",http://www.zacks.com/research-daily/173429/top-stock-reports-for-alphabet-general-electric-morgan-stanley?cid=CS-BENZ-FT-173429,
news,kaggle_news:Jason Shubnell,2018-07-25 04:00:00,"Facebook Shares Down ~8.5% To $199.35 Following Q2 Earnings Release; Amazon, Netflix Both Fall ~1% In Sympathy",https://www.benzinga.com/news/earnings/18/07/12075880/facebook-shares-down-8-5-to-199-35-following-q2-earnings-release-amazon,
news,kaggle_news:Benzinga_Newsdesk,2018-07-25 04:00:00,Stephens & Co. Downgrades Lithia Motors to Equal-Weight,https://www.benzinga.com/news/18/07/12071552/stephens-co-downgrades-lithia-motors-to-equal-weight,
news,kaggle_news:Benzinga_Newsdesk,2018-07-25 04:00:00,"Deere, Caterpillar Shares Volatile Following Recent Headlines Of EU Concessions To U.S. To Avoid Trade War",https://www.benzinga.com/trading-ideas/movers/18/07/12075408/deere-caterpillar-shares-volatile-following-recent-headlines-of-,
news,kaggle_news:Benzinga_Newsdesk,2018-07-25 04:00:00,Berenberg Downgrades Eli Lilly to Hold,https://www.benzinga.com/news/18/07/12071311/berenberg-downgrades-eli-lilly-to-hold,
news,kaggle_news:Vick Meyer,2018-07-25 04:00:00,"Citigroup Maintains Buy on CoStar Group, Raises Price Target to $490",https://www.benzinga.com/news/18/07/12070921/citigroup-maintains-buy-on-costar-group-raises-price-target-to-490,
news,kaggle_news:Benzinga Newsdesk,2018-07-25 04:00:00,"Benzinga Pro Morning Price Check For Regional ETFs: Brazil (EWZ) Up 1.7%, Russia (RSX) Up 1.2%, Mexico (EWW) Up 0.8%, China ETF (FXI) Up 0.4%, Japan (EWJ) Up 0.2%, Canada (EWC) Up 0.2%, India (INDA) Up 0.1%, US (SPY) Flat",https://www.benzinga.com/news/18/07/12072183/benzinga-pro-morning-price-check-for-regional-etfs-brazil-ewz-up-1-7-russia-rsx-,
news,kaggle_news:Vick Meyer,2018-07-25 04:00:00,"Citigroup Maintains Neutral on Stryker, Raises Price Target to $173",https://www.benzinga.com/news/18/07/12070977/citigroup-maintains-neutral-on-stryker-raises-price-target-to-173,
news,kaggle_news:Benzinga Newsdesk,2018-07-25 04:00:00,From Qualcomm Q3 Earnings Conference Call: Sees Apple Exclusively Using Modems From Qualcomm's Competitors In Next Generation Of iPhones,https://www.benzinga.com/news/18/07/12076966/from-qualcomm-q3-earnings-conference-call-sees-apple-exclusively-using-modems-fr,
news,kaggle_news:Jayson Derrick,2018-07-25 04:00:00,"Coca-Cola CEO Talks Q2 Earnings, Downplays North American Concerns",https://www.benzinga.com/news/earnings/18/07/12073615/coca-cola-ceo-talks-q2-earnings-downplays-north-american-concerns,
news,kaggle_news:Charles Gross,2018-07-25 04:00:00,China's Foreign Ministry Reports Good Communication with Qualcomm Regarding its Proposed Takeover of NXP Semiconductors,https://www.benzinga.com/news/18/07/12069837/chinas-foreign-ministry-reports-good-communication-with-qualcomm-regarding-its-p,
news,kaggle_news:Benzinga_Newsdesk,2018-07-25 04:00:00,"Coca-Cola Sees FY18 Growth Of 8-10% YoY, Organic Sales Growth Of 4%",https://www.benzinga.com/news/18/07/12070510/coca-cola-sees-fy18-growth-of-8-10-yoy-organic-sales-growth-of-4,
news,kaggle_news:Benzinga_Newsdesk,2018-07-25 04:00:00,"Coca-Cola Q2 EPS $0.61 Beats $0.60 Estimate, Sales $8.9B Beat $8.55B Estimate",https://www.benzinga.com/news/earnings/18/07/12070423/coca-cola-q2-eps-0-61-beats-0-60-estimate-sales-8-9b-beat-8-55b-estimat,
news,kaggle_news:Benzinga_Newsdesk,2018-07-25 04:00:00,Traders Are Circulating A Report From 3D Printing Industry Dated Yesterday Afternoon Titled 'Amazon Now Selling Own-Brand 3D Printer Filament',https://www.benzinga.com/news/18/07/12072144/traders-are-circulating-a-report-from-3d-printing-industry-dated-yesterday-after,
news,kaggle_news:Benzinga_Newsdesk,2018-07-25 04:00:00,"UPDATE: Variety Report Says Comcast Could Target Sony Pictures, Lionsgate, Discovery, MGM In M&A Or Possibly Spin Off NBCUniversal Into A Separate Entity",https://www.benzinga.com/news/18/07/12074129/update-variety-report-says-comcast-could-target-sony-pictures-lionsgate-discover,
news,kaggle_news:Benzinga Newsdesk,2018-07-25 04:00:00,"Stocks That Made New 52 Week Lows Earlier Include: Ford, L Brands, Goodyear Tire, AT&T, and eBay",https://www.benzinga.com/trading-ideas/technicals/18/07/12074063/stocks-that-made-new-52-week-lows-earlier-include-ford-l-bra,
news,kaggle_news:JJ Kinahan,2018-07-25 04:00:00,"Concerns About Trade Picture Overshadowing Earnings As GM, Boeing Report",https://www.benzinga.com/news/earnings/18/07/12072376/concerns-about-trade-picture-overshadowing-earnings-as-gm-boeing-report,
news,kaggle_news:Benzinga Newsdesk,2018-07-25 04:00:00,"Social Stocks Following Facebook Lower After Hours After Its Mixed Q2 Report: Facebook -16.8%, Twitter -5.9%, Snap -3.1%; FANG Stocks Also Lower: Amazon -2.2%, Netflix -2.9%, Alphabet -1%",https://www.benzinga.com/trading-ideas/movers/18/07/12077248/social-stocks-following-facebook-lower-after-hours-after-its-mix,
news,kaggle_news:Jayson Derrick,2018-07-25 04:00:00,Pro: Why Alphabet Is A Better Pick Than Facebook,https://www.benzinga.com/analyst-ratings/analyst-color/18/07/12073806/pro-why-alphabet-is-a-better-pick-than-facebook,
news,kaggle_news:Benzinga_Newsdesk,2018-07-25 04:00:00,"'After Being Jilted by Fox, Comcast on Prowl for Content, Eyes Sky' - Variety Reports",https://www.benzinga.com/news/18/07/12074107/variety-reports-after-being-jilted-by-fox-comcast-on-prowl-for-content-eyes-sky,
news,kaggle_news:Benzinga Newsdesk,2018-07-25 04:00:00,"GlycoMimetics 8-K Shows Pfizer Said Ongoing Phase 3 Trial With Rivipansel Is ~75% Enrolled, Pfizer Delayed Timeline For Complete Enrollment From 2H'18 To Early 2019, Top-Line Data Available From End OF 2018 To Q2'19",https://www.benzinga.com/news/18/07/12071596/glycomimetics-8-k-shows-pfizer-said-ongoing-phase-3-trial-with-rivipansel-is-75-,
news,kaggle_news:Vick Meyer,2018-07-25 04:00:00,"Citigroup Maintains Buy on Avery Dennison, Raises Price Target to $130",https://www.benzinga.com/news/18/07/12070865/citigroup-maintains-buy-on-avery-dennison-raises-price-target-to-130,
news,kaggle_news:Hannah Genig,2018-07-25 04:00:00,"Trump, EU Agree On Concessions To Avoid Trade War",https://www.benzinga.com/government/18/07/12076757/trump-eu-agree-on-concessions-to-avoid-trade-war,
news,kaggle_news:Benzinga_Newsdesk,2018-07-25 04:00:00,SunTrust Robinson Humphrey Downgrades PolyOne to Hold,https://www.benzinga.com/news/18/07/12070929/suntrust-robinson-humphrey-downgrades-polyone-to-hold,
news,kaggle_news:Vick Meyer,2018-07-25 04:00:00,"Citigroup Maintains Neutral on Canadian National Railway, Raises Price Target to $90",https://www.benzinga.com/news/18/07/12070874/citigroup-maintains-neutral-on-canadian-national-railway-raises-price-target-to-,
news,kaggle_news:Jayson Derrick,2018-07-25 04:00:00,Pivotal Downgrades Columbia Sportswear Ahead Of Q2 Report,https://www.benzinga.com/analyst-ratings/analyst-color/18/07/12072746/pivotal-downgrades-columbia-sportswear-ahead-of-q2-repo,
news,kaggle_news:Benzinga_Newsdesk,2018-07-25 04:00:00,Pivotal Research Downgrades Columbia Sportswear to Hold,https://www.benzinga.com/news/18/07/12071250/pivotal-research-downgrades-columbia-sportswear-to-hold,
news,kaggle_news:Vick Meyer,2018-07-25 04:00:00,"Citigroup Maintains Neutral on Continental Resources, Lowers Price Target to $68",https://www.benzinga.com/news/18/07/12070870/citigroup-maintains-neutral-on-continental-resources-lowers-price-target-to-68,
news,kaggle_news:Benzinga Newsdesk,2018-07-25 04:00:00,Comcast Q2 Earnings Preview,https://www.benzinga.com/news/earnings-previews/18/07/12074704/earnings-comcast-corporation-class-a-common-stock,
news,kaggle_news:Benzinga_Newsdesk,2018-07-25 04:00:00,Macquarie Downgrades Boston Beer Co to Underperform,https://www.benzinga.com/news/18/07/12071638/macquarie-downgrades-boston-beer-co-to-underperform,
news,kaggle_news:Vick Meyer,2018-07-25 04:00:00,"Citigroup Maintains Buy on Total System Services, Raises Price Target to $105",https://www.benzinga.com/news/18/07/12070982/citigroup-maintains-buy-on-total-system-services-raises-price-target-to-105,
news,kaggle_news:Benzinga_Newsdesk,2018-07-25 04:00:00,Raymond James Downgrades F N B to Outperform,https://www.benzinga.com/news/18/07/12071351/raymond-james-downgrades-f-n-b-to-outperform,
news,kaggle_news:Benzinga_Newsdesk,2018-07-25 04:00:00,"Graco Sees FY18 Sales Growth Of Mid-To-High Single Digits, Anticipates Second Half Pressures From Tariffs, Material Costs, And Currency",https://www.benzinga.com/news/18/07/12075857/graco-sees-fy18-sales-growth-of-mid-to-high-single-digits-anticipates-second-hal,
news,kaggle_news:Benzinga_Newsdesk,2018-07-25 04:00:00,Gabelli & Co. Downgrades FCB Financial Holdings to Hold,https://www.benzinga.com/news/18/07/12071368/gabelli-co-downgrades-fcb-financial-holdings-to-hold,
news,kaggle_news:Benzinga_Newsdesk,2018-07-25 04:00:00,"GM, FCAU, Ford All Spiking Higher Following Headlines Of EU Concessions To U.S. To Avoid Trade War",https://www.benzinga.com/trading-ideas/movers/18/07/12075405/gm-fcau-ford-all-spiking-higher-following-headlines-of-eu-conces,
news,kaggle_news:Benzinga_Newsdesk,2018-07-25 04:00:00,Jefferies Downgrades Hi-Crush Partners to Hold,https://www.benzinga.com/news/18/07/12070250/jefferies-downgrades-hi-crush-partners-to-hold,
news,kaggle_news:Benzinga Newsdesk,2018-07-25 04:00:00,"EU Official Says US Agreed Not To Raise Tariffs For Cars, Trucks",https://www.benzinga.com/news/18/07/12076947/eu-official-says-us-agreed-not-to-raise-tariffs-for-cars-trucks,
news,kaggle_news:Benzinga Newsdesk,2018-07-25 04:00:00,Some Trump Advisors Expect Auto Tariffs To Be Imposed In 2018,https://www.benzinga.com/news/18/07/12072945/some-trump-advisors-expect-auto-tariffs-to-be-imposed-in-2018,
news,kaggle_news:Benzinga_Newsdesk,2018-07-25 04:00:00,"JP Morgan Initiates Coverage On Halcon Resources with Neutral Rating, Announces $6 Price Target",https://www.benzinga.com/news/18/07/12071661/jp-morgan-initiates-coverage-on-halcon-resources-with-neutral-rating-announces-6,
news,kaggle_news:Benzinga_Newsdesk,2018-07-25 04:00:00,"Hearing TCI Fund Management, 21st Century Fox's Second-Largest Shareholder, Votes In Favor Of Disney's Offer For Co.'s Assets",https://www.benzinga.com/news/18/07/12074406/hearing-tci-fund-management-21st-century-foxs-second-largest-shareholder-votes-i,
news,kaggle_news:Lisa Levin,2018-07-25 04:00:00,Mid-Morning Market Update: Markets Mostly Lower; Coca-Cola Tops Q2 Views,https://www.benzinga.com/news/18/07/12072660/mid-morning-market-update-markets-mostly-lower-coca-cola-tops-q2-views,
news,kaggle_news:Benzinga Newsdesk,2018-07-25 04:00:00,"Benzinga Pro Mid-Day Price Check For Regional ETFs: Brazil (EWZ) Up 1.3%, Russia (RSX) Up 1.3%, Mexico (EWW) Up 1.0%, China ETF (FXI) Up 0.5%, Canada (EWC) Up 0.3%, Japan (EWJ) Up 0.2%, US (SPY) Up 0.2%, India (INDA) Up 0.1%",https://www.benzinga.com/news/18/07/12073910/benzinga-pro-mid-day-price-check-for-regional-etfs-brazil-ewz-up-1-3-russia-rsx-,
news,kaggle_news:Benzinga_Newsdesk,2018-07-25 04:00:00,RBC Capital Downgrades Whirlpool to Sector Perform,https://www.benzinga.com/news/18/07/12070245/rbc-capital-downgrades-whirlpool-to-sector-perform,
news,kaggle_news:Benzinga Newsdesk,2018-07-25 04:00:00,"Alphabet's Waymo To Launch 2 Pilots With Walmart, DDR Corp, Expand Its Existing Relationships With AutoNation, Avis Budget",https://www.benzinga.com/news/18/07/12071253/alphabets-waymo-to-launch-2-pilots-with-walmart-ddr-corp-expand-its-existing-rel,
news,kaggle_news:Lisa Levin,2018-07-25 04:00:00,"Benzinga's Top Upgrades, Downgrades For July 25, 2018",https://www.benzinga.com/analyst-ratings/upgrades/18/07/12071901/benzingas-top-upgrades-downgrades-for-july-25-2018,
news,kaggle_news:Benzinga Newsdesk,2018-07-25 04:00:00,"Stocks That Made New 52-Week Highs Earlier Include: Adobe, S&P Global, Baxter, Salesforce, Microsoft, Biogen, Becton, Norfolk Southern, Target, IHS Markit, Tiffany, Eli Lilly, Thermo Fisher, Facebook, FLIR Systems, Medtronic, and Mastercard",https://www.benzinga.com/trading-ideas/technicals/18/07/12073985/stocks-that-made-new-52-week-highs-earlier-include-adobe-s-p,
news,kaggle_news:Benzinga_Newsdesk,2018-07-25 04:00:00,Stephens & Co. Downgrades Williams Partners to Equal-Weight,https://www.benzinga.com/news/18/07/12071547/stephens-co-downgrades-williams-partners-to-equal-weight,
news,kaggle_news:Benzinga_Newsdesk,2018-07-25 04:00:00,Bank of America Downgrades Vulcan Materials to Neutral,https://www.benzinga.com/news/18/07/12071951/bank-of-america-downgrades-vulcan-materials-to-neutral,
news,kaggle_news:Benzinga Newsdesk,2018-07-25 04:00:00,Qualcomm Says Has Had No Word As Of 9 a.m. EDT From China Antitrust Authority Related To NXP Semi Deal,https://www.benzinga.com/news/18/07/12072196/qualcomm-says-has-had-no-word-as-of-9-a-m-edt-from-china-antitrust-authority-rel,
news,kaggle_news:Investor's Business Daily,2018-07-25 07:00:00,"Stock Futures Mixed, Boeing Fades Ahead Of Trump-Juncker Trade Chat",http://www.investors.com/market-trend/stock-market-today/stock-futures-2/?src=A00237A&ven=BenzingaCP&src=AURLAAM,
news,kaggle_news:Zacks,2018-07-25 07:30:00,"Tilly's, Skechers, iRobot and Amazon highlighted as Zacks Bull and Bear of the Day",http://www.zacks.com/stock/news/313141/tillys-skechers-irobot-and-amazon-highlighted-as-zacks-bull-and-bear-of-the-day?cid=CS-BENZ-FT-313141,
news,kaggle_news:Investor's Business Daily,2018-07-25 07:41:00,China Petrochemical Shows Rising Price Performance With Jump To 84 RS Rating,http://www.investors.com/ibd-data-stories/china-petrochemical-shows-rising-price-performance-with-jump-to-84-rs-rating/?src=A00237A&ven=BenzingaCP&src=AURLAAM,
news,kaggle_news:Zacks,2018-07-25 08:02:00,Alphabet Lifts Most of the Market,https://www.zacks.com/registration/ultimatetrader/welcome/eoffer/30c3?adid=ZU_CONTENT_SYND&cid=CS-BENZ-FT-17302,
news,kaggle_news:Seeking Alpha,2018-07-25 08:16:00,Why Disney Could Soon Be A Top Story Stock,https://seekingalpha.com/article/4189950-disney-soon-top-story-stock?source=partner_benzinga,
news,kaggle_news:Seeking Alpha,2018-07-25 08:22:00,China Tries To Fight Tariffs,https://seekingalpha.com/article/4189883-china-tries-fight-tariffs?source=partner_benzinga,
news,kaggle_news:Zacks,2018-07-25 09:49:00,ExxonMobil (XOM) to Report Q2 Earnings: Is a Beat in Store?,http://www.zacks.com/stock/news/313311/exxonmobil-xom-to-report-q2-earnings-is-a-beat-in-store?cid=CS-BENZ-FT-313311,
news,kaggle_news:Investor's Business Daily,2018-07-25 10:00:00,"Boeing Stock Weighs On Dow, But iRobot, Grubhub Soar On Earnings",http://www.investors.com/market-trend/stock-market-today/boeing-stock-weighs-dow-irobot-grubhub-earnings/?src=A00237A&ven=BenzingaCP&src=AURLAAM,
news,kaggle_news:Investor's Business Daily,2018-07-25 10:05:00,Apple Approaches New Buy Point; Grubhub Leads Growth Stocks Higher,http://www.investors.com/market-trend/stock-market-today/apple-approaches-new-buy-point-grubhub-leads-growth-stocks-higher/?src=A00237A&ven=BenzingaCP&src=AURLAAM,
news,kaggle_news:Seeking Alpha,2018-07-25 10:50:00,Report: No. 2 Fox holder signs off on Disney asset deal,https://seekingalpha.com/news/3373558-report-2-fox-holder-signs-disney-asset-deal?source=partner_benzinga,
news,kaggle_news:Seeking Alpha,2018-07-25 11:35:00,"Normalizing Fed Policy Presents Challenges, But Not Insurmountable Ones",https://seekingalpha.com/article/4189789-normalizing-fed-policy-presents-challenges-insurmountable-ones?source=partner_benzinga,
news,kaggle_news:Zacks,2018-07-25 12:30:00,"Coca-Cola (KO) Beats on Q2 Earnings & Revenues, Updates View",http://www.zacks.com/stock/news/313298/coca-cola-ko-beats-on-q2-earnings-revenues-updates-view?cid=CS-BENZ-FT-313298,
news,kaggle_news:Seeking Alpha,2018-07-25 12:37:00,Broad cuts to tariffs with U.S.?,https://seekingalpha.com/news/3373261-broad-cuts-tariffs-u-s?source=partner_benzinga,
news,kaggle_news:Seeking Alpha,2018-07-25 13:08:00,Harley-Davidson perks up U.S.-EC work toward zero-tariff policy,https://seekingalpha.com/news/3373730-harley-davidson-perks-u-s-ec-work-toward-zero-tariff-policy?source=partner_benzinga,
news,kaggle_news:Seeking Alpha,2018-07-25 13:56:00,"U.S. Steel, AK Steel slump as U.S., EU pledge to 'resolve' tariffs",https://seekingalpha.com/news/3373864-u-s-steel-ak-steel-slump-u-s-eu-pledge-resolve-tariffs?source=partner_benzinga,
news,kaggle_news:Seeking Alpha,2018-07-25 14:01:00,Australia Is The Bellwether Of China's Economic Growth (Not Copper),https://seekingalpha.com/article/4189896-australia-bellwether-chinas-economic-growth-copper?source=partner_benzinga,
news,kaggle_news:Seeking Alpha,2018-07-25 14:13:00,Bipartisan Senate bills aims to delay auto tariffs,https://seekingalpha.com/news/3373587-bipartisan-senate-bills-aims-delay-auto-tariffs?source=partner_benzinga,
news,kaggle_news:Seeking Alpha,2018-07-25 14:24:00,Pier 1 Imports updates on tariff impact,https://seekingalpha.com/news/3373280-pier-1-imports-updates-tariff-impact?source=partner_benzinga,
news,kaggle_news:Seeking Alpha,2018-07-25 15:24:00,The Eye Of The Trade War Storm,https://seekingalpha.com/article/4189748-eye-trade-war-storm?source=partner_benzinga,
news,kaggle_news:Seeking Alpha,2018-07-25 15:26:00,"2 Low-Risk, Recession-Resistant, High-Yield Stocks Worth Buying Today",https://seekingalpha.com/article/4189737-2-low-risk-recession-resistant-high-yield-stocks-worth-buying-today?source=partner_benzinga,
news,kaggle_news:Zacks,2018-07-25 15:33:00,Amazon Set to Beat Q2 Earnings: Buy These ETFs,http://www.zacks.com/stock/news/313326/amazon-set-to-beat-q2-earnings-buy-these-etfs?cid=CS-BENZ-FT-313326,
news,kaggle_news:Zacks,2018-07-25 15:50:00,Bet on These 5 Biotech Stocks as Trump Raises Trade Tensions,http://www.zacks.com/stock/news/313173/bet-on-these-5-biotech-stocks-as-trump-raises-trade-tensions?cid=CS-BENZ-FT-313173,
news,kaggle_news:Zacks,2018-07-25 16:00:00,Intel (INTC) to Enhance 5G Modems Via SiTime's MEMS Circuits,http://www.zacks.com/stock/news/313210/intel-intc-to-enhance-5g-modems-via-sitimes-mems-circuits?cid=CS-BENZ-FT-313210,
news,kaggle_news:Seeking Alpha,2018-07-25 16:05:00,"United Looks Like A Good Buy, But Beware The Trade War And Increasing Oil Prices!",https://seekingalpha.com/article/4189865-united-looks-like-good-buy-beware-trade-war-increasing-oil-prices?source=partner_benzinga,
news,kaggle_news:Benzinga Newsdesk,2018-07-25 16:17:05,S&P Downgrades Verifone From BB to B; Outlook Raised From Negative To Stable,https://www.benzinga.com/news/18/07/12073920/s-p-downgrades-verifone-from-bb-to-b-outlook-raised-from-negative-to-stable,
news,kaggle_news:Seeking Alpha,2018-07-25 16:38:00,Plunging Facebook takes a chunk out of the QQQs,https://seekingalpha.com/news/3373829-plunging-facebook-takes-chunk-qqqs?source=partner_benzinga,
news,kaggle_news:Seeking Alpha,2018-07-25 16:50:00,CNPC plans $22B in spending in China's far west to replace aging oil wells,https://seekingalpha.com/news/3373412-cnpc-plans-22b-spending-chinas-far-west-replace-aging-oil-wells?source=partner_benzinga,
news,kaggle_news:Seeking Alpha,2018-07-25 17:00:00,Buy This Best-In-Class Blue Chip For Recession Protection And Inflation Hedging,https://seekingalpha.com/article/4189808-buy-best-class-blue-chip-recession-protection-inflation-hedging?source=partner_benzinga,
news,kaggle_news:Zacks,2018-07-25 17:30:00,"Facebook Earnings Preview, & Today's Top Reports: BA, GM, GRUB, KO | Free Lunch",http://www.zacks.com/stock/news/313390/facebook-earnings-preview-todays-top-reports-ba-gm-grub-ko-free-lunch?cid=CS-BENZ-FT-313390,
news,kaggle_news:Seeking Alpha,2018-07-25 18:04:00,Chinese Trade Tariffs Could Have A Positive Effect On Bunge's Upcoming Earnings,https://seekingalpha.com/article/4189823-chinese-trade-tariffs-positive-effect-bunges-upcoming-earnings?source=partner_benzinga,
news,kaggle_news:Seeking Alpha,2018-07-25 18:11:00,"Midyear Outlook: What A Trade War Could Mean For The Bond Markets, And More",https://seekingalpha.com/article/4189805-midyear-outlook-trade-war-mean-bond-markets?source=partner_benzinga,
news,kaggle_news:Seeking Alpha,2018-07-25 18:23:00,Tariff blowback for auto parts names,https://seekingalpha.com/news/3373469-tariff-blowback-auto-parts-names?source=partner_benzinga,
news,kaggle_news:Seeking Alpha,2018-07-25 19:20:00,"Steel tariff adds $40M 'tax' to pipeline project, Plains exec tells Congress",https://seekingalpha.com/news/3373498-steel-tariff-adds-40m-tax-pipeline-project-plains-exec-tells-congress?source=partner_benzinga,
news,kaggle_news:Zacks,2018-07-25 20:30:00,"Facebook Misses 1st Time in 11 Quarters; Plus GILD, QCOM",http://www.zacks.com/stock/news/313415/facebook-misses-1st-time-in-11-quarters-plus-gild-qcom?cid=CS-BENZ-FT-313415,
news,kaggle_news:Benzinga_Newsdesk,2018-07-26 04:00:00,"Anthem, IBM Report Partnership to Drive Digital Transformation",https://www.benzinga.com/news/18/07/12080793/anthem-ibm-report-partnership-to-drive-digital-transformation,
news,kaggle_news:Benzinga Newsdesk,2018-07-26 04:00:00,"Walmart, Capital One Report Signing Of Credit Card Program Deal",https://www.benzinga.com/news/18/07/12086306/walmart-capital-one-report-signing-of-credit-card-program-deal,
news,kaggle_news:Lisa Levin,2018-07-26 04:00:00,Mid-Morning Market Update: Markets Mixed; Facebook Sales Miss Expectations,https://www.benzinga.com/news/18/07/12082017/mid-morning-market-update-markets-mixed-facebook-sales-miss-expectations,
news,kaggle_news:Benzinga_Newsdesk,2018-07-26 04:00:00,Bank of America Downgrades Owens-Corning to Neutral,https://www.benzinga.com/news/18/07/12080862/bank-of-america-downgrades-owens-corning-to-neutral,
news,kaggle_news:Benzinga Newsdesk,2018-07-26 04:00:00,"Stocks That Made New 52-Week Highs Earlier Today Include: Alphabet, Adobe, VeriSign, Abbott Labs, Becton, United Continental, IHS Markit, TransDigm, Kansas City Southern, Ingersoll-Rand, VF, Motorola Solutions, AES, Edward Lifesciences, Visa, AMD, & Apple",https://www.benzinga.com/trading-ideas/technicals/18/07/12082818/stocks-that-made-new-52-week-highs-earlier-today-include-alp,
news,kaggle_news:Benzinga_Newsdesk,2018-07-26 04:00:00,Baird Downgrades Gilead Sciences to Neutral,https://www.benzinga.com/news/18/07/12079070/baird-downgrades-gilead-sciences-to-neutral,
news,kaggle_news:Benzinga Newsdesk,2018-07-26 04:00:00,Starbucks Q3 Earnings Preview,https://www.benzinga.com/news/earnings-previews/18/07/12078247/starbuckss-earnings-preview,
news,kaggle_news:Benzinga Newsdesk,2018-07-26 04:00:00,"Starbucks Narrows FY18 Adj. EPS Outlook From $2.39-$2.43 To $2.40-$2.42 vs $2.41 Estimate, Comps Growth Just Below Previously Issued 3-5% Range, Sales Growth In High-Single Digit Range",https://www.benzinga.com/news/18/07/12086132/starbucks-narrows-fy18-adj-eps-outlook-from-2-39-2-43-to-2-40-2-42-vs-2-41-estim,
news,kaggle_news:Benzinga Newsdesk,2018-07-26 04:00:00,"Cox Automotive Issues Forecasts For July Auto Sales, Due Next Week; YoY, Firm Sees Ford -1.7%, FiatChrysler +8.4%, GM +5.3%, Toyota -9.9%, and American Honda -4%",https://www.benzinga.com/news/18/07/12083029/cox-automotive-issues-forecasts-for-july-auto-sales-due-next-week-yoy-firm-sees-,
news,kaggle_news:Benzinga Newsdesk,2018-07-26 04:00:00,"Starbucks Q3 EPS $0.62 Beats $0.61 Estimate, Sales $6.31B Beat $6.25B Estimate",https://www.benzinga.com/news/earnings/18/07/12085367/starbucks-q3-eps-0-62-beats-0-61-estimate-sales-6-31b-beat-6-25b-estima,
news,kaggle_news:JJ Kinahan,2018-07-26 04:00:00,"Nasdaq, Tech Names Might Come Under Pressure Following Facebook's Weak Results",https://www.benzinga.com/news/earnings/18/07/12081933/nasdaq-tech-names-might-come-under-pressure-following-facebooks-weak-re,
news,kaggle_news:Benzinga Newsdesk,2018-07-26 04:00:00,"Starbucks Earnings Out After The Close Thurs., Expect Earnings To Be Released Around 4:05pm ET",https://www.benzinga.com/news/earnings/18/07/12085150/starbucks-earnings-out-after-the-close-thurs-expect-earnings-to-be-rele,
news,kaggle_news:Benzinga Newsdesk,2018-07-26 04:00:00,"Synchrony Financial Shares Fall 6.7% Amid Report Walmart To Use Capital One To Issue Store Credit, Ending Deal With Co.",https://www.benzinga.com/news/18/07/12083783/synchrony-financial-shares-fall-6-7-amid-report-walmart-to-use-capital-one-to-is,
news,kaggle_news:Jayson Derrick,2018-07-26 04:00:00,2 Pros Talk Facebook Earnings,https://www.benzinga.com/analyst-ratings/analyst-color/18/07/12081124/two-pros-talk-facebook-earnings,
news,kaggle_news:Benzinga_Newsdesk,2018-07-26 04:00:00,"Credit Suisse Downgrades New Gold Inc. to Underperform, Lowers Price Target to $1.60",https://www.benzinga.com/news/18/07/12079033/credit-suisse-downgrades-new-gold-inc-to-underperform-lowers-price-target-to-1-6,
news,kaggle_news:Benzinga Newsdesk,2018-07-26 04:00:00,"New Gold Inc. Shares Down 21% Premarket After Co. Announces Quarterly Financial Results, EPS Misses Estimates By $0.01, Revenue Misses By $22M; Credit Suisse Downgrades Co. From Neutral To Underperform, Lowers Price Target From $2.20 To $1.60",https://www.benzinga.com/trading-ideas/movers/18/07/12081093/new-gold-inc-shares-down-21-premarket-after-co-announces-quarter,
news,kaggle_news:Benzinga_Newsdesk,2018-07-26 04:00:00,Keefe Bruyette & Woods Downgrades Heritage Financial to Market Perform,https://www.benzinga.com/news/18/07/12079065/keefe-bruyette-woods-downgrades-heritage-financial-to-market-perform,
news,kaggle_news:JJ Kinahan,2018-07-26 04:00:00,"Intel Earnings Preview: High Expectations, Still No CEO",https://www.benzinga.com/news/earnings/18/07/12082261/intel-earnings-preview-high-expectations-still-no-ceo,
news,kaggle_news:JJ Kinahan,2018-07-26 04:00:00,Upcoming Earnings: Oil Supermajors Chevron And ExxonMobil To Report Friday Morning,https://www.benzinga.com/news/earnings/18/07/12083998/upcoming-earnings-oil-supermajors-chevron-and-exxonmobil-to-report-frid,
news,kaggle_news:Benzinga_Newsdesk,2018-07-26 04:00:00,"Google Releases Its ASIC AI Infrastructure Called Edge TPU, Watch Shares of NVIDIA On This News",https://www.benzinga.com/news/18/07/12081617/google-releases-its-asic-ai-infrastructure-called-edge-tpu-watch-shares-of-nvidi,
news,kaggle_news:Benzinga_Newsdesk,2018-07-26 04:00:00,Sandler O'Neill Downgrades Chemical Financial to Hold,https://www.benzinga.com/news/18/07/12080897/sandler-oneill-downgrades-chemical-financial-to-hold,
news,kaggle_news:Benzinga_Newsdesk,2018-07-26 04:00:00,Capital One Financial Downgrades Retail Opportunity Inv to Equal-Weight,https://www.benzinga.com/news/18/07/12080373/capital-one-financial-downgrades-retail-opportunity-inv-to-equal-weight,
news,kaggle_news:Benzinga Newsdesk,2018-07-26 04:00:00,"Sealed Air Reports Participation In Amazon's Packaging Support, Supplier Network",https://www.benzinga.com/news/18/07/12086005/sealed-air-reports-participation-in-amazons-packaging-support-supplier-network,
news,kaggle_news:Benzinga_Newsdesk,2018-07-26 04:00:00,PiperJaffray Downgrades 3D Systems to Underweight,https://www.benzinga.com/news/18/07/12079844/piperjaffray-downgrades-3d-systems-to-underweight,
news,kaggle_news:Benzinga_Newsdesk,2018-07-26 04:00:00,"NXP CEO Clemmer Says China Decision Was 'Absolutely Political, Clemmer Says Chinese Review Wasn't A Fair Reasonable Process",https://www.benzinga.com/news/18/07/12081909/nxp-ceo-clemmer-says-china-decision-was-absolutely-political-clemmer-says-chines,
news,kaggle_news:Benzinga Newsdesk,2018-07-26 04:00:00,"Comcast Corporation - Class A Common Stock Q2 EPS $0.65 Beats $0.60 Estimate, Sales $21.286B Miss $21.84B Estimate",https://www.benzinga.com/news/earnings/18/07/12079449/comcast-corporation-class-a-common-stock-q2-eps-0-65-beats-0-60-estimat,
news,kaggle_news:Charles Gross,2018-07-26 04:00:00,"China's Commerce Ministry Declines Comment on Whether Qualcomm-NXP Deal was Approved; Says it's Anti-Monopoly Issue, Not Trade Issue; Qualcomm Announced Termination of Deal on Wednesday",https://www.benzinga.com/news/18/07/12078561/chinas-commerce-ministry-declines-comment-on-whether-qualcomm-nxp-deal-was-appro,
news,kaggle_news:Lisa Levin,2018-07-26 04:00:00,"Benzinga's Top Upgrades, Downgrades For July 26, 2018",https://www.benzinga.com/analyst-ratings/upgrades/18/07/12080889/benzingas-top-upgrades-downgrades-for-july-26-2018,
news,kaggle_news:Benzinga_Newsdesk,2018-07-26 04:00:00,Conoco Exec Says Steel Tariffs Are Becoming A 'Fairly Significant' Cost And WIll Impact Cap. Spending In 2019,https://www.benzinga.com/news/18/07/12083695/conoco-exec-says-steel-tariffs-are-becoming-a-fairly-significant-cost-and-will-i,
news,kaggle_news:Benzinga Newsdesk,2018-07-26 04:00:00,Exxon Mobil's Q2 Earnings Outlook,https://www.benzinga.com/news/earnings-previews/18/07/12084101/exxon-mobils-earnings-roundup,
news,kaggle_news:Benzinga Newsdesk,2018-07-26 04:00:00,Marsh & McLennan Shares Fall ~0.8% Over Last Few Mins. As Hearing BofA Downgrade,https://www.benzinga.com/news/18/07/12083484/marsh-mclennan-shares-fall-0-8-over-last-few-mins-as-hearing-bofa-downgrade,
news,kaggle_news:Benzinga Newsdesk,2018-07-26 04:00:00,"Monro, Inc. Teams Up With Amazon To Provide Tire Installation Services",https://www.benzinga.com/news/18/07/12079804/monro-inc-teams-up-with-amazon-to-provide-tire-installation-services,
news,kaggle_news:Benzinga Newsdesk,2018-07-26 04:00:00,"Stocks That Made New 52 Week Lows Today Include: Ford, and McKesson",https://www.benzinga.com/trading-ideas/technicals/18/07/12082875/stocks-that-made-new-52-week-lows-today-include-ford-and-mck,
news,kaggle_news:Benzinga Newsdesk,2018-07-26 04:00:00,Treasury Sec. Steve Mnuchin Says 'Very Disappointed' China Did Not Approve Qualcomm Deal,https://www.benzinga.com/news/18/07/12080341/treasury-sec-steve-mnuchin-says-very-disappointed-china-did-not-approve-qualcomm,
news,kaggle_news:Wayne Duggan,2018-07-26 04:00:00,Facebook Lost $120 Billion In Market Cap: Here's Some Perspective,https://www.benzinga.com/news/earnings/18/07/12083456/facebook-lost-120-billion-in-market-cap-today-heres-some-perspective,
news,kaggle_news:Benzinga_Newsdesk,2018-07-26 04:00:00,"Bank of America Downgrades Marsh & McLennan to Neutral, Lowers Price Target to $93",https://www.benzinga.com/news/18/07/12083499/bank-of-america-downgrades-marsh-mclennan-to-neutral-lowers-price-target-to-93,
news,kaggle_news:Benzinga Newsdesk,2018-07-26 04:00:00,"McDonald's Q2 EPS $1.99 Beats $1.93 Estimate, Sales $5.354B Beat $5.34B Estimate, Comps Up 4%",https://www.benzinga.com/news/earnings/18/07/12079992/mcdonalds-q2-eps-1-99-beats-1-93-estimate-sales-5-354b-beat-5-34b-estim,
news,kaggle_news:Benzinga_Newsdesk,2018-07-26 04:00:00,"ExxonMobil Starts Up New Ethane Cracker in Baytown, Texas To SUpply Co.'s Expanded Plastics Plant In Mont Belvieu With $1.5M Ton/Year Cracker",https://www.benzinga.com/news/18/07/12081841/exxonmobil-starts-up-new-ethane-cracker-in-baytown-texas-to-supply-co-s-expanded,
news,kaggle_news:Benzinga_Newsdesk,2018-07-26 04:00:00,Argus Downgrades Skechers USA to Hold,https://www.benzinga.com/news/18/07/12080379/argus-downgrades-skechers-usa-to-hold,
news,kaggle_news:Benzinga Newsdesk,2018-07-26 04:00:00,Merck Reports KEYTRUDA Approved By China National Drug Admin.,https://www.benzinga.com/news/18/07/12079276/merck-reports-keytruda-approved-by-china-national-drug-admin,
news,kaggle_news:Benzinga_Newsdesk,2018-07-26 04:00:00,"Turkish Foreign Minister Says, After U.S. Threat Of Sanctions Unless Pastor Released, 'No One Dictates Turkey, We Will Never Tolerate Threats From Anybody, Rule Of Law Is For Everyone; No Exception'",https://www.benzinga.com/news/18/07/12083559/turkish-foreign-minister-says-after-u-s-threat-of-sanctions-unless-pastor-releas,
news,kaggle_news:Benzinga Newsdesk,2018-07-26 04:00:00,"Pfizer Shares Spike ~0.5% As Traders Circulate Questionable, Unconfirmed Chatter Of Activist Interest",https://www.benzinga.com/news/18/07/12081757/pfizer-shares-spike-0-5-as-traders-circulate-questionable-unconfirmed-chatter-of,
news,kaggle_news:Benzinga Newsdesk,2018-07-26 04:00:00,'BREAKING RE $ENPH: We just received word from an individual in the solar space that AHMAD CHATILA –former $SUNE CEO & architect of the largest US bankruptcy in 2016– is currently an executive or consultant to the co!...' -Tweet From Prescience Point,https://www.benzinga.com/news/18/07/12084234/breaking-re-enph-we-just-received-word-from-an-individual-in-the-solar-space-tha,
news,kaggle_news:Hal Lindon,2018-07-26 04:00:00,Google Cloud Next Event Concludes Today,https://www.benzinga.com/news/18/07/12079232/google-cloud-next-event-concludes-today,
news,kaggle_news:Benzinga_Newsdesk,2018-07-26 04:00:00,"Trump Tweets (1/2): 'The United States will impose large sanctions on Turkey for their long time detainment of Pastor Andrew Brunson, a great Christian, family man and wonderful human being.'",https://www.benzinga.com/general/politics/18/07/12082789/trump-tweets-12-the-united-states-will-impose-large-sanctions-on-tur,
news,kaggle_news:GuruFocus,2018-07-26 07:10:00,CNH Industrial concludes agreement with IBM to evolve digital infrastructure for core business ...,http://www.gurufocus.com/news/712747/cnh-industrial-concludes-agreement-with-ibm-to-evolve-digital-infrastructure-for-core-business-processes,
news,kaggle_news:Seeking Alpha,2018-07-26 07:39:00,Disney Is Primed For A Long-Term Run,https://seekingalpha.com/article/4190385-disney-primed-long-term-run?source=partner_benzinga,
news,kaggle_news:Zacks,2018-07-26 07:43:00,Facebook Shares Tank on Awful Q2 & Outlook: ETFs to Watch,http://www.zacks.com/stock/news/313632/facebook-shares-tank-on-awful-q2-outlook-etfs-to-watch?cid=CS-BENZ-FT-313632,
news,kaggle_news:Seeking Alpha,2018-07-26 08:06:00,The White House's Trade War Is Not Helping Ethanol Producers,https://seekingalpha.com/article/4190631-white-houses-trade-war-helping-ethanol-producers?source=partner_benzinga,
news,kaggle_news:Seeking Alpha,2018-07-26 08:15:00,Peers gain after promising Comcast broadband numbers,https://seekingalpha.com/news/3374406-peers-gain-promising-comcast-broadband-numbers?source=partner_benzinga,
news,kaggle_news:Seeking Alpha,2018-07-26 08:32:00,The Narrow Win For Boeing,https://seekingalpha.com/article/4190413-narrow-win-boeing?source=partner_benzinga,
news,kaggle_news:Seeking Alpha,2018-07-26 08:43:00,Breakingviews: Disney Wins Fox Fight,https://seekingalpha.com/article/4190310-breakingviews-disney-wins-fox-fight?source=partner_benzinga,
news,kaggle_news:Investor's Business Daily,2018-07-26 08:52:00,"Facebook Hurts Tech Stock Plays, But These 3 Holding Up Fine",http://www.investors.com/etfs-and-funds/etfs/facebook-earnings-hurt-tech-stocks/?src=A00237A&ven=BenzingaCP&src=AURLAAM,
news,kaggle_news:Investor's Business Daily,2018-07-26 09:05:00,"Nasdaq Pounded But Apple Firm, Blue Chips Strong; These 3 Growth Stocks Hit Sell Signals",http://www.investors.com/market-trend/stock-market-today/nasdaq-blue-chips-strong-growth-stocks-sell-signals/?src=A00237A&ven=BenzingaCP&src=AURLAAM,
news,kaggle_news:Investor's Business Daily,2018-07-26 09:36:00,How This Firm Could Dominate China Deliveries With Alibaba's Help,http://www.investors.com/research/the-new-america/china-zto-alibaba-ecommerce/?src=A00237A&ven=BenzingaCP&src=AURLAAM,
news,kaggle_news:Seeking Alpha,2018-07-26 10:36:00,Facebook Takes The FANGs Out (Wall Street Breakfast Podcast),https://seekingalpha.com/article/4190349-facebook-takes-fangs-wall-street-breakfast-podcast?source=partner_benzinga,
news,kaggle_news:Investor's Business Daily,2018-07-26 10:58:00,"Facebook Hammers Nasdaq, But Dow Jones Leads Stock Market",http://www.investors.com/market-trend/stock-market-today/facebook-hammers-nasdaq-dow-jones-leads-stock-market/?src=A00237A&ven=BenzingaCP&src=AURLAAM,
news,kaggle_news:Zacks,2018-07-26 11:38:00,"Microsoft, H&R Block, Facebook, Qualcomm and Gilead highlighted as Zacks Bull and Bear of the Day",http://www.zacks.com/stock/news/313602/microsoft-hr-block-facebook-qualcomm-and-gilead-highlighted-as-zacks-bull-and-bear-of-the-day?cid=CS-BENZ-FT-313602,
news,kaggle_news:Zacks,2018-07-26 11:42:00,"Top Analyst Reports for PayPal, Occidental Petroleum & Southern Company",http://www.zacks.com/research-daily/173665/top-analyst-reports-for-paypal-occidental-petroleum-southern-company?cid=CS-BENZ-FT-173665,
news,kaggle_news:Zacks,2018-07-26 12:27:00,"Netflix Roundup: Earnings, Content, WMT Competition, TV, Radio",http://www.zacks.com/stock/news/313772/netflix-roundup-earnings-content-wmt-competition-tv-radio?cid=CS-BENZ-FT-313772,
news,kaggle_news:Investor's Business Daily,2018-07-26 13:10:00,"Stock Market Futures Rise As Amazon, Chipotle Headline 6 Big Movers On Earnings",http://www.investors.com/market-trend/stock-market-today/stock-market-futures-amazon-earnings-intel-chipotle/?src=A00237A&ven=BenzingaCP&src=AURLAAM,
news,kaggle_news:Zacks,2018-07-26 13:19:00,"Facebook's Dismal Q2 Hits Tech Rally: 5 Big, Top-Ranked Picks",http://www.zacks.com/stock/news/313492/facebooks-dismal-q2-hits-tech-rally-5-big-top-ranked-picks?cid=CS-BENZ-FT-313492,
news,kaggle_news:Zacks,2018-07-26 13:56:00,"Comcast (CMCSA) Q2 Earnings Top, Internet Subscribers Up Y/Y",http://www.zacks.com/stock/news/313763/comcast-cmcsa-q2-earnings-top-internet-subscribers-up-y-y?cid=CS-BENZ-FT-313763,
news,kaggle_news:Seeking Alpha,2018-07-26 14:53:00,Asia Feels The Symptoms Of China's Declining Economic Health,https://seekingalpha.com/article/4190303-asia-feels-symptoms-chinas-declining-economic-health?source=partner_benzinga,
news,kaggle_news:Zacks,2018-07-26 15:03:00,McDonald's (MCD) Q2 Earnings & Revenues Surpass Estimates,http://www.zacks.com/stock/news/313693/mcdonalds-mcd-q2-earnings-revenues-surpass-estimates?cid=CS-BENZ-FT-313693,
news,kaggle_news:GuruFocus,2018-07-26 15:20:00,"Moreno Evelyn V Buys General Dynamics Corp, CVS Health Corp, Verizon Communications Inc, Sells ...",http://www.gurufocus.com/news/713222/moreno-evelyn-v-buys-general-dynamics-corp-cvs-health-corp-verizon-communications-inc-sells-cisco-systems-inc-fortive-corp,
news,kaggle_news:Seeking Alpha,2018-07-26 15:22:00,Capital One said to have won Walmart card deal,https://seekingalpha.com/news/3374400-capital-one-said-won-walmart-card-deal?source=partner_benzinga,
news,kaggle_news:Seeking Alpha,2018-07-26 15:51:00,North Korea still making bomb fuel,https://seekingalpha.com/news/3373894-north-korea-still-making-bomb-fuel?source=partner_benzinga,
news,kaggle_news:Seeking Alpha,2018-07-26 16:02:00,"'Ok Google, Define Uptrend'",https://seekingalpha.com/article/4190454-ok-google-define-uptrend?source=partner_benzinga,
news,kaggle_news:Seeking Alpha,2018-07-26 16:19:00,"Energy Week: Making Sense Of Geopolitics, Trade Wars, And The Permian",https://seekingalpha.com/article/4190109-energy-week-making-sense-geopolitics-trade-wars-permian?source=partner_benzinga,
news,kaggle_news:Seeking Alpha,2018-07-26 16:45:00,ECB's Draghi sees trade risk rising as inflation uncertainty recedes: FT,https://seekingalpha.com/news/3374292-ecbs-draghi-sees-trade-risk-rising-inflation-uncertainty-recedes-ft?source=partner_benzinga,
news,kaggle_news:Seeking Alpha,2018-07-26 16:54:00,"Disney, Fox file for deal approval in Brazil",https://seekingalpha.com/news/3374422-disney-fox-file-deal-approval-brazil?source=partner_benzinga,
news,kaggle_news:Zacks,2018-07-26 16:56:00,Exxon Mobil's (XOM) Upstream Unit Likely to Drive Q2 Earnings,http://www.zacks.com/stock/news/313467/exxon-mobils-xom-upstream-unit-likely-to-drive-q2-earnings?cid=CS-BENZ-FT-313467,
news,kaggle_news:Seeking Alpha,2018-07-26 17:10:00,McDonald's: Best Of The Fast Food Dividend Stocks,https://seekingalpha.com/article/4190467-mcdonalds-best-fast-food-dividend-stocks?source=partner_benzinga,
news,kaggle_news:Zacks,2018-07-26 17:41:00,"Facebook (FB) Q2 Earnings Miss, Shares Fall on Dim Outlook",http://www.zacks.com/stock/news/313539/facebook-fb-q2-earnings-miss-shares-fall-on-dim-outlook?cid=CS-BENZ-FT-313539,
news,kaggle_news:Zacks,2018-07-26 18:02:00,"Ford (F) Q2 Earnings Lag Estimates & Fall Y/Y, View Slashed",http://www.zacks.com/stock/news/313630/ford-f-q2-earnings-lag-estimates-fall-y-y-view-slashed?cid=CS-BENZ-FT-313630,
news,kaggle_news:Seeking Alpha,2018-07-26 18:13:00,Coca-Cola FEMSA reports Q2 results,https://seekingalpha.com/news/3374214-coca-cola-femsa-reports-q2-results?source=partner_benzinga,
news,kaggle_news:Investor's Business Daily,2018-07-26 18:19:00,"Facebook Stock Slammed; IPOs Pinduoduo, Tenable Soar In Debuts",http://www.investors.com/market-trend/stock-market-today/facebook-stock-slammed-ipos-pinduoduo-tenable-soar/?src=A00237A&ven=BenzingaCP&src=AURLAAM,
news,kaggle_news:Seeking Alpha,2018-07-26 19:33:00,4 Brexit Scenarios,https://seekingalpha.com/article/4190280-4-brexit-scenarios?source=partner_benzinga,
news,kaggle_news:Seeking Alpha,2018-07-26 19:44:00,Wall Street Breakfast: Facebook Takes The FANGs Out,https://seekingalpha.com/article/4190327-wall-street-breakfast-facebook-takes-fangs?source=partner_benzinga,
news,kaggle_news:Seeking Alpha,2018-07-26 20:04:00,3D Systems -3.9% on Piper downgrade,https://seekingalpha.com/news/3374186-3d-systems-minus-3_9-percent-piper-downgrade?source=partner_benzinga,
news,kaggle_news:Seeking Alpha,2018-07-26 20:04:00,Markets Give Angry Emoji To Facebook,https://seekingalpha.com/article/4190427-markets-give-angry-emoji-facebook?source=partner_benzinga,
news,kaggle_news:Seeking Alpha,2018-07-26 20:14:00,China's Exchange Rate Dilemma,https://seekingalpha.com/article/4190376-chinas-exchange-rate-dilemma?source=partner_benzinga,
news,kaggle_news:Zacks,2018-07-26 20:57:00,"Amazon Web Services Revenue Climbs 49%, Remains Vital to Amazon's Growth",http://www.zacks.com/stock/news/313784/amazon-web-services-revenue-climbs-49-remains-vital-to-amazons-growth?cid=CS-BENZ-FT-313784,
news,kaggle_news:Vick Meyer,2018-07-27 04:00:00,"Wedbush Maintains Neutral on Starbucks, Lowers Price Target to $53",https://www.benzinga.com/news/18/07/12091058/wedbush-maintains-neutral-on-starbucks-lowers-price-target-to-53,
news,kaggle_news:Benzinga_Newsdesk,2018-07-27 04:00:00,"Earlier, Summit Insights Group Downgraded Maxim Integrated Products to Hold",https://www.benzinga.com/news/18/07/12091197/earlier-summit-insights-group-downgraded-maxim-integrated-products-to-hold,
news,kaggle_news:Benzinga Newsdesk,2018-07-27 04:00:00,REMINDER: Fox Shareholders to Vote On Walt Disney Deal Today,https://www.benzinga.com/news/18/07/12089599/reminder-fox-shareholders-to-vote-on-walt-disney-deal-today,
news,kaggle_news:Jayson Derrick,2018-07-27 04:00:00,Stephens' Restaurant Analyst Parses Starbucks' 'Ho-Hum' Quarter,https://www.benzinga.com/analyst-ratings/analyst-color/18/07/12090267/stephens-restaurant-analyst-parses-starbucks-ho-hum-qua,
news,kaggle_news:Vick Meyer,2018-07-27 04:00:00,"JP Morgan Maintains Overweight on Maxim Integrated Products, Raises Price Target to $71",https://www.benzinga.com/news/18/07/12089610/jp-morgan-maintains-overweight-on-maxim-integrated-products-raises-price-target-,
news,kaggle_news:Benzinga_Newsdesk,2018-07-27 04:00:00,JP Morgan Downgrades LogMeIn to Neutral,https://www.benzinga.com/news/18/07/12089152/jp-morgan-downgrades-logmein-to-neutral,
news,kaggle_news:Vick Meyer,2018-07-27 04:00:00,"JP Morgan Maintains Neutral on Expedia Group, Raises Price Target to $137",https://www.benzinga.com/news/18/07/12089519/jp-morgan-maintains-neutral-on-expedia-group-raises-price-target-to-137,
news,kaggle_news:Jayson Derrick,2018-07-27 04:00:00,Which Is The Better Buy: Netflix Or China's Fast-Growing Iqiyi?,https://www.benzinga.com/analyst-ratings/analyst-color/18/07/12091149/which-is-the-better-buy-netflix-or-chinas-fast-growing-,
news,kaggle_news:Benzinga Newsdesk,2018-07-27 04:00:00,IBM Wins $83M In E-Commerce Patent Case With Groupon,https://www.benzinga.com/news/18/07/12092884/ibm-wins-83m-in-e-commerce-patent-case-with-groupon,
news,kaggle_news:Vick Meyer,2018-07-27 04:00:00,"JP Morgan Maintains Overweight on Marathon Petroleum, Raises Price Target to $102",https://www.benzinga.com/news/18/07/12089606/jp-morgan-maintains-overweight-on-marathon-petroleum-raises-price-target-to-102,
news,kaggle_news:Benzinga_Newsdesk,2018-07-27 04:00:00,Oppenheimer Downgrades NCR to Perform,https://www.benzinga.com/news/18/07/12090354/oppenheimer-downgrades-ncr-to-perform,
news,kaggle_news:Vick Meyer,2018-07-27 04:00:00,"JP Morgan Maintains Overweight on SVB Financial, Raises Price Target to $390",https://www.benzinga.com/news/18/07/12089675/jp-morgan-maintains-overweight-on-svb-financial-raises-price-target-to-390,
news,kaggle_news:FreightWaves,2018-07-27 04:00:00,Why Amazon's Supply Chain Ambitions Should Have Logistics Companies Worried,https://www.benzinga.com/tech/18/07/12082985/why-amazons-supply-chain-ambitions-should-have-logistics-companies-worried,
news,kaggle_news:Benzinga_Newsdesk,2018-07-27 04:00:00,Raymond James Downgrades Roper Technologies to Outperform,https://www.benzinga.com/news/18/07/12089334/raymond-james-downgrades-roper-technologies-to-outperform,
news,kaggle_news:Benzinga_Newsdesk,2018-07-27 04:00:00,"BMO Capital Downgrades Nielsen Holdings to Market Weight, Lowers Price Target to $24",https://www.benzinga.com/news/18/07/12089228/bmo-capital-downgrades-nielsen-holdings-to-market-weight-lowers-price-target-to-,
news,kaggle_news:Vick Meyer,2018-07-27 04:00:00,"JP Morgan Maintains Overweight on Northrop Grumman, Lowers Price Target to $360",https://www.benzinga.com/news/18/07/12089915/jp-morgan-maintains-overweight-on-northrop-grumman-lowers-price-target-to-360,
news,kaggle_news:Vick Meyer,2018-07-27 04:00:00,"JP Morgan Maintains Neutral on ServiceNow, Raises Price Target to $200",https://www.benzinga.com/news/18/07/12089666/jp-morgan-maintains-neutral-on-servicenow-raises-price-target-to-200,
news,kaggle_news:Benzinga Newsdesk,2018-07-27 04:00:00,Disney Holders Approve Purchase Of Fox Entertainment Assets,https://www.benzinga.com/news/18/07/12090859/disney-holders-approve-purchase-of-fox-entertainment-assets,
news,kaggle_news:Vick Meyer,2018-07-27 04:00:00,"JP Morgan Maintains Overweight on Roper Technologies, Raises Price Target to $305",https://www.benzinga.com/news/18/07/12089655/jp-morgan-maintains-overweight-on-roper-technologies-raises-price-target-to-305,
news,kaggle_news:Elizabeth Balboa,2018-07-27 04:00:00,"Emblem's $58M Acquisition, Dixie Brands' Canada IPO, IBM Vet Joins Green Organic Dutchman",https://www.benzinga.com/news/18/07/12085271/emblems-58m-acquisition-dixie-brands-canada-ipo-ibm-vet-joins-green-organic-dutc,
news,kaggle_news:Benzinga_Newsdesk,2018-07-27 04:00:00,SunTrust Robinson Humphrey Downgrades Newfield Exploration to Hold,https://www.benzinga.com/news/18/07/12090281/suntrust-robinson-humphrey-downgrades-newfield-exploration-to-hold,
news,kaggle_news:Vick Meyer,2018-07-27 04:00:00,"JP Morgan Maintains Neutral on Edwards Lifesciences, Raises Price Target to $150",https://www.benzinga.com/news/18/07/12089499/jp-morgan-maintains-neutral-on-edwards-lifesciences-raises-price-target-to-150,
news,kaggle_news:Benzinga_Newsdesk,2018-07-27 04:00:00,Raymond James Downgrades Mohawk Industries to Outperform,https://www.benzinga.com/news/18/07/12090320/raymond-james-downgrades-mohawk-industries-to-outperform,
news,kaggle_news:Benzinga Newsdesk,2018-07-27 04:00:00,"Benzinga Pro Morning Price Check For Regional ETFs: Brazil (EWZ) Up 1.8%, Mexico (EWW) Up 1.2%, India (INDA) Up 1.1%, Japan (EWJ) Up 0.8%, Australia (EWA) Up 0.8%, Europe (VGK) Up 0.5%, Russia (RSX) Up 0.4%, China ETF (FXI) Up 0.2%",https://www.benzinga.com/news/18/07/12090605/benzinga-pro-morning-price-check-for-regional-etfs-brazil-ewz-up-1-8-mexico-eww-,
news,kaggle_news:Benzinga Newsdesk,2018-07-27 04:00:00,"Benzinga Pro Mid-Day Price Check For Regional ETFs: Brazil (EWZ) Up 1.1%, India (INDA) Up 0.9%, Mexico (EWW) Up 0.5%, Australia (EWA) Up 0.5%, Japan (EWJ) Up 0.5%, Europe (VGK) Up 0.2%, Russia (RSX) Down 0.1%, China ETF (FXI) Down 0.4%",https://www.benzinga.com/news/18/07/12092576/benzinga-pro-mid-day-price-check-for-regional-etfs-brazil-ewz-up-1-1-india-inda-,
news,kaggle_news:Vick Meyer,2018-07-27 04:00:00,"JP Morgan Maintains Neutral on Mettler-Toledo Int, Raises Price Target to $600",https://www.benzinga.com/news/18/07/12089616/jp-morgan-maintains-neutral-on-mettler-toledo-int-raises-price-target-to-600,
news,kaggle_news:Benzinga Newsdesk,2018-07-27 04:00:00,"Charter Equity Research Reiterates Buy On Qorvo, Highlights 'Apple's move to Intel for new iPhone raises Qorvo's content'",https://www.benzinga.com/analyst-ratings/analyst-color/18/07/12093628/charter-equity-research-reiterates-buy-on-qorvo-highlig,
news,kaggle_news:Jayson Derrick,2018-07-27 04:00:00,"Piper Jaffray, JPMorgan Are 'Logging Out' Of LogMeIn",https://www.benzinga.com/analyst-ratings/analyst-color/18/07/12091626/piperjaffray-jpmorgan-are-logging-out-of-logmein,
news,kaggle_news:Vick Meyer,2018-07-27 04:00:00,"JP Morgan Maintains Neutral on Dunkin Brands Group, Raises Price Target to $73",https://www.benzinga.com/news/18/07/12089479/jp-morgan-maintains-neutral-on-dunkin-brands-group-raises-price-target-to-73,
news,kaggle_news:Vick Meyer,2018-07-27 04:00:00,"JP Morgan Maintains Overweight on Equifax, Raises Price Target to $150",https://www.benzinga.com/news/18/07/12089512/jp-morgan-maintains-overweight-on-equifax-raises-price-target-to-150,
news,kaggle_news:Vick Meyer,2018-07-27 04:00:00,"Morgan Stanley Maintains Overweight on Mastercard, Raises Price Target to $228",https://www.benzinga.com/news/18/07/12091868/morgan-stanley-maintains-overweight-on-mastercard-raises-price-target-to-228,
news,kaggle_news:Vick Meyer,2018-07-27 04:00:00,"JP Morgan Maintains Neutral on Iconix Brand Group, Raises Price Target to $135",https://www.benzinga.com/news/18/07/12089535/jp-morgan-maintains-neutral-on-iconix-brand-group-raises-price-target-to-135,
news,kaggle_news:Vick Meyer,2018-07-27 04:00:00,"Morgan Stanley Maintains Equal-Weight on McDonald's, Lowers Price Target to $167",https://www.benzinga.com/news/18/07/12091873/morgan-stanley-maintains-equal-weight-on-mcdonalds-lowers-price-target-to-167,
news,kaggle_news:Vick Meyer,2018-07-27 04:00:00,"JP Morgan Maintains Overweight on McKesson, Lowers Price Target to $160",https://www.benzinga.com/news/18/07/12089907/jp-morgan-maintains-overweight-on-mckesson-lowers-price-target-to-160,
news,kaggle_news:Benzinga_Newsdesk,2018-07-27 04:00:00,DA Davidson Downgrades Imperva to Neutral,https://www.benzinga.com/news/18/07/12089215/da-davidson-downgrades-imperva-to-neutral,
news,kaggle_news:Vick Meyer,2018-07-27 04:00:00,"Buckingham Maintains Buy on Mastercard, Raises Price Target to $230",https://www.benzinga.com/news/18/07/12090423/buckingham-maintains-buy-on-mastercard-raises-price-target-to-230,
news,kaggle_news:Vick Meyer,2018-07-27 04:00:00,"JP Morgan Maintains Overweight on Mastercard, Raises Price Target to $210",https://www.benzinga.com/news/18/07/12089608/jp-morgan-maintains-overweight-on-mastercard-raises-price-target-to-210,
news,kaggle_news:Vick Meyer,2018-07-27 04:00:00,"KeyBanc Maintains Overweight on Mastercard, Raises Price Target to $230",https://www.benzinga.com/news/18/07/12089218/keybanc-maintains-overweight-on-mastercard-raises-price-target-to-230,
news,kaggle_news:Benzinga_Newsdesk,2018-07-27 04:00:00,Monness Crespi Hardt Downgrades Imperva to Neutral,https://www.benzinga.com/news/18/07/12090191/monness-crespi-hardt-downgrades-imperva-to-neutral,
news,kaggle_news:Benzinga_Newsdesk,2018-07-27 04:00:00,JP Morgan Downgrades PPG Industries to Neutral,https://www.benzinga.com/news/18/07/12089151/jp-morgan-downgrades-ppg-industries-to-neutral,
news,kaggle_news:Benzinga Newsdesk,2018-07-27 04:00:00,UPDATE: Charter Equity Sees Intel Guidance For Reduced Margins On Ramp In 2H'18 Modem Sales As Indicative Apple's Move Away From Qualcomm Chips In iPhone 'is happening this year',https://www.benzinga.com/analyst-ratings/analyst-color/18/07/12093662/update-charter-equity-sees-intel-guidance-for-reduced-m,
news,kaggle_news:Benzinga_Newsdesk,2018-07-27 04:00:00,Oppenheimer Downgrades Imperva to Perform,https://www.benzinga.com/news/18/07/12090356/oppenheimer-downgrades-imperva-to-perform,
news,kaggle_news:Benzinga_Newsdesk,2018-07-27 04:00:00,"BMO Capital Downgrades Juniper Networks to Market Perform, Lowers Price Target to $27",https://www.benzinga.com/news/18/07/12089240/bmo-capital-downgrades-juniper-networks-to-market-perform-lowers-price-target-to,
news,kaggle_news:Vick Meyer,2018-07-27 04:00:00,"JP Morgan Maintains Neutral on NXP Semiconductors, Lowers Price Target to $110",https://www.benzinga.com/news/18/07/12089923/jp-morgan-maintains-neutral-on-nxp-semiconductors-lowers-price-target-to-110,
news,kaggle_news:Jayson Derrick,2018-07-27 04:00:00,Juniper's Cloud 'Stall' Prompts BMO Downgrade,https://www.benzinga.com/analyst-ratings/analyst-color/18/07/12090790/junipers-cloud-stall-prompts-bmo-downgrade,
news,kaggle_news:Benzinga_Newsdesk,2018-07-27 04:00:00,Baird Downgrades LogMeIn to Neutral,https://www.benzinga.com/news/18/07/12090240/baird-downgrades-logmein-to-neutral,
news,kaggle_news:Vick Meyer,2018-07-27 04:00:00,"JP Morgan Maintains Neutral on LogMeIn, Lowers Price Target to $96",https://www.benzinga.com/news/18/07/12089900/jp-morgan-maintains-neutral-on-logmein-lowers-price-target-to-96,
news,kaggle_news:Benzinga_Newsdesk,2018-07-27 04:00:00,"PiperJaffray Downgrades LogMeIn to Neutral, Lowers Price Target to $95",https://www.benzinga.com/news/18/07/12089205/piperjaffray-downgrades-logmein-to-neutral-lowers-price-target-to-95,
news,kaggle_news:Vick Meyer,2018-07-27 04:00:00,"JP Morgan Maintains Neutral on Discover Financial, Raises Price Target to $81",https://www.benzinga.com/news/18/07/12089404/jp-morgan-maintains-neutral-on-discover-financial-raises-price-target-to-81,
news,kaggle_news:Vick Meyer,2018-07-27 04:00:00,"JP Morgan Maintains Neutral on ONEOK, Raises Price Target to $74",https://www.benzinga.com/news/18/07/12089646/jp-morgan-maintains-neutral-on-oneok-raises-price-target-to-74,
news,kaggle_news:Benzinga_Newsdesk,2018-07-27 04:00:00,"RBC Capital Downgrades LogMeIn to Sector Perform, Lowers Price Target to $90",https://www.benzinga.com/news/18/07/12088523/rbc-capital-downgrades-logmein-to-sector-perform-lowers-price-target-to-90,
news,kaggle_news:Vick Meyer,2018-07-27 04:00:00,"JP Morgan Maintains Overweight on Lam Research, Lowers Price Target to $250",https://www.benzinga.com/news/18/07/12089886/jp-morgan-maintains-overweight-on-lam-research-lowers-price-target-to-250,
news,kaggle_news:Vick Meyer,2018-07-27 04:00:00,"JP Morgan Maintains Neutral on O'Reilly Automotive, Raises Price Target to $311",https://www.benzinga.com/news/18/07/12089644/jp-morgan-maintains-neutral-on-oreilly-automotive-raises-price-target-to-311,
news,kaggle_news:Charles Gross,2018-07-27 04:00:00,China Market Regulator Says Qualcomm's Proposal to Acquire NXP Deal Did Not Adequately Address Anti-trust Concerns; Says Hopes to Continue Communication With Qualcomm to Find a Solution,https://www.benzinga.com/news/18/07/12088254/china-market-regulator-says-qualcomms-proposal-to-acquire-nxp-deal-did-not-adequ,
news,kaggle_news:Vick Meyer,2018-07-27 04:00:00,"JP Morgan Maintains Neutral on Valero Energy, Raises Price Target to $132",https://www.benzinga.com/news/18/07/12089759/jp-morgan-maintains-neutral-on-valero-energy-raises-price-target-to-132,
news,kaggle_news:Benzinga_Newsdesk,2018-07-27 04:00:00,First Analysis Downgrades Safeguard Scientifics to Equal-Weight,https://www.benzinga.com/news/18/07/12089586/first-analysis-downgrades-safeguard-scientifics-to-equal-weight,
news,kaggle_news:Benzinga_Newsdesk,2018-07-27 04:00:00,"Keefe Bruyette & Woods Downgrades Universal Insurance Hldgs to Market Perform, Raises Price Target to $44",https://www.benzinga.com/news/18/07/12090576/keefe-bruyette-woods-downgrades-universal-insurance-hldgs-to-market-perform-rais,
news,kaggle_news:Benzinga_Newsdesk,2018-07-27 04:00:00,Roth Capital Downgrades Tonix Pharmaceuticals to Neutral,https://www.benzinga.com/news/18/07/12090649/roth-capital-downgrades-tonix-pharmaceuticals-to-neutral,
news,kaggle_news:Benzinga_Newsdesk,2018-07-27 04:00:00,Mitsubishi UFJ Downgrades Valero Energy Partners to Neutral,https://www.benzinga.com/news/18/07/12089534/mitsubishi-ufj-downgrades-valero-energy-partners-to-neutral,
news,kaggle_news:Benzinga_Newsdesk,2018-07-27 04:00:00,Credit Suisse Downgrades Adecoagro to Neutral,https://www.benzinga.com/news/18/07/12089522/credit-suisse-downgrades-adecoagro-to-neutral,
news,kaggle_news:Elizabeth Balboa,2018-07-27 04:00:00,"A Fairy-Tale Ending: Disney, Fox Shareholders Approve Merger",https://www.benzinga.com/news/18/07/12091246/a-fairy-tale-ending-disney-fox-shareholders-approve-merger,
news,kaggle_news:Benzinga_Newsdesk,2018-07-27 04:00:00,"Stifel Nicolaus Downgrades Deckers Outdoor to Hold, Raises Price Target to $123",https://www.benzinga.com/news/18/07/12089155/stifel-nicolaus-downgrades-deckers-outdoor-to-hold-raises-price-target-to-123,
news,kaggle_news:Shanthi Rexaline,2018-07-27 04:00:00,"Ugg, A Downgrade: Stifel Moves Deckers Outdoor To Hold On Limited Upside Forecast",https://www.benzinga.com/analyst-ratings/analyst-color/18/07/12089876/ugg-a-downgrade-stifel-moves-deckers-outdoor-to-hold-on,
news,kaggle_news:Vick Meyer,2018-07-27 04:00:00,"JP Morgan Maintains Overweight on Core Laboratories, Lowers Price Target to $118",https://www.benzinga.com/news/18/07/12089830/jp-morgan-maintains-overweight-on-core-laboratories-lowers-price-target-to-118,
news,kaggle_news:Benzinga_Newsdesk,2018-07-27 04:00:00,"Seaport Global Downgrades Targa Resources to Neutral, Raises Price Target to $55",https://www.benzinga.com/news/18/07/12090346/seaport-global-downgrades-targa-resources-to-neutral-raises-price-target-to-55,
news,kaggle_news:Benzinga_Newsdesk,2018-07-27 04:00:00,Northland Securities Downgrades LendingTree to Market Perform,https://www.benzinga.com/news/18/07/12089782/northland-securities-downgrades-lendingtree-to-market-perform,
news,kaggle_news:Benzinga_Newsdesk,2018-07-27 04:00:00,Raymond James Downgrades ATN International to Market Perform,https://www.benzinga.com/news/18/07/12089333/raymond-james-downgrades-atn-international-to-market-perform,
news,kaggle_news:Lisa Levin,2018-07-27 04:00:00,"Benzinga's Top Upgrades, Downgrades For July 27, 2018",https://www.benzinga.com/analyst-ratings/upgrades/18/07/12090260/benzingas-top-upgrades-downgrades-for-july-27-2018,
news,kaggle_news:JJ Kinahan,2018-07-27 04:00:00,"Caterpillar Earnings Preview: Economic Outlook Seems Good, Tariffs Adding Uncertainty",https://www.benzinga.com/news/earnings/18/07/12091625/caterpillar-earnings-preview-economic-outlook-seems-good-tariffs-adding,
news,kaggle_news:Benzinga Newsdesk,2018-07-27 04:00:00,ExxonMobil Q2 EPS $0.92 vs $1.09 In Q1,https://www.benzinga.com/news/earnings/18/07/12089487/exxonmobil-q2-eps-0-92-vs-1-09-in-q1,
news,kaggle_news:Benzinga Newsdesk,2018-07-27 04:00:00,Exxon Mobil Q2 Sales $73.501B Beat $72.58B Estimate,https://www.benzinga.com/news/earnings/18/07/12089498/exxon-mobil-q2-sales-73-501b-beat-72-58b-estimate,
news,kaggle_news:Hannah Genig,2018-07-27 04:00:00,JPMorgan Projects Higher 2018 Sales In Axalta Upgrade,https://www.benzinga.com/analyst-ratings/analyst-color/18/07/12090290/jpmorgan-projects-higher-2018-sales-in-axalta-upgrade,
news,kaggle_news:Benzinga_Newsdesk,2018-07-27 04:00:00,JP Morgan Upgrades Axalta Coating Systems to Overweight,https://www.benzinga.com/news/18/07/12089150/jp-morgan-upgrades-axalta-coating-systems-to-overweight,
news,kaggle_news:Vick Meyer,2018-07-27 04:00:00,"JP Morgan Maintains Overweight on Baxter International, Raises Price Target to $85",https://www.benzinga.com/news/18/07/12089390/jp-morgan-maintains-overweight-on-baxter-international-raises-price-target-to-85,
news,kaggle_news:Vick Meyer,2018-07-27 04:00:00,"JP Morgan Maintains Overweight on Alexion Pharmaceuticals, Raises Price Target to $188",https://www.benzinga.com/news/18/07/12089365/jp-morgan-maintains-overweight-on-alexion-pharmaceuticals-raises-price-target-to,
news,kaggle_news:Benzinga_Newsdesk,2018-07-27 04:00:00,B. Riley FBR Downgrades Tonix Pharmaceuticals to Neutral,https://www.benzinga.com/news/18/07/12091125/b-riley-fbr-downgrades-tonix-pharmaceuticals-to-neutral,
news,kaggle_news:Benzinga Newsdesk,2018-07-27 04:00:00,"China Yuchai Int'l. 6-K Shows Co. Created New Exhaust Emission Control Unit, Guangxi Yuchai Exhaust Technology Co.",https://www.benzinga.com/news/18/07/12088698/china-yuchai-intl-6-k-shows-co-created-new-exhaust-emission-control-unit-guangxi,
news,kaggle_news:Vick Meyer,2018-07-27 04:00:00,"JP Morgan Maintains Overweight on ConocoPhillips, Raises Price Target to $85",https://www.benzinga.com/news/18/07/12089395/jp-morgan-maintains-overweight-on-conocophillips-raises-price-target-to-85,
news,kaggle_news:Vick Meyer,2018-07-27 04:00:00,"JP Morgan Maintains Overweight on Western Digital, Lowers Price Target to $117",https://www.benzinga.com/news/18/07/12089951/jp-morgan-maintains-overweight-on-western-digital-lowers-price-target-to-117,
news,kaggle_news:GuruFocus,2018-07-27 07:18:00,"WP Advisors, LLC Buys Adobe Systems Inc, AT&T Inc, Philip Morris International Inc, Sells ...",http://www.gurufocus.com/news/713424/wp-advisors-llc-buys-adobe-systems-inc-att-inc-philip-morris-international-inc-sells-invesco-sp-500-pure-value-invesco-sp-500-pure-growth,
news,kaggle_news:GuruFocus,2018-07-27 07:55:00,"Whittier Trust Co Buys Broadcom Inc, iShares Core S&P 5……, NVIDIA Corp, Sells Oracle ...",http://www.gurufocus.com/news/713494/whittier-trust-co-buys-broadcom-inc-ishares-core-sp-500-nvidia-corp-sells-oracle-corp-pimco-enhanced-short-maturity-active-exchangetrad-doubleline-income-solutions-fund,
news,kaggle_news:Seeking Alpha,2018-07-27 08:38:00,"Disney, Fox start meetings for $71B asset deal vote",https://seekingalpha.com/news/3374983-disney-fox-start-meetings-71b-asset-deal-vote?source=partner_benzinga,
news,kaggle_news:Seeking Alpha,2018-07-27 09:25:00,New revenue steam for Coca-Cola?,https://seekingalpha.com/news/3374752-new-revenue-steam-coca-cola?source=partner_benzinga,
news,kaggle_news:Seeking Alpha,2018-07-27 10:14:00,These Economic Indicators Weakened First Prior To The Last 3 Recessions,https://seekingalpha.com/article/4191021-economic-indicators-weakened-first-prior-last-3-recessions?source=partner_benzinga,
news,kaggle_news:Seeking Alpha,2018-07-27 10:38:00,BofAML downgrades Intel on another 10nm chip delay,https://seekingalpha.com/news/3374975-bofaml-downgrades-intel-another-10nm-chip-delay?source=partner_benzinga,
news,kaggle_news:Zacks,2018-07-27 11:24:00,"Trinity Industries, NVR, Amazon, Intel and Starbucks highlighted as Zacks Bull and Bear of the Day",http://www.zacks.com/stock/news/313905/trinity-industries-nvr-amazon-intel-and-starbucks-highlighted-as-zacks-bull-and-bear-of-the-day?cid=CS-BENZ-FT-313905,
news,kaggle_news:Investor's Business Daily,2018-07-27 12:07:00,7 Tech Stock Plays To Consider Despite Intel's Big Plunge,http://www.investors.com/etfs-and-funds/etfs/intel-chip-tech-stocks/?src=A00237A&ven=BenzingaCP&src=AURLAAM,
news,kaggle_news:Zacks,2018-07-27 13:04:00,ETFs to Ride High on Amazon's Soaring Q2 Profit,http://www.zacks.com/stock/news/313981/etfs-to-ride-high-on-amazons-soaring-q2-profit?cid=CS-BENZ-FT-313981,
news,kaggle_news:Investor's Business Daily,2018-07-27 13:12:00,"Techs Slam Nasdaq Again, Intel Thumped But This Dow Jones Stock Breaks Out",http://www.investors.com/market-trend/stock-market-today/techs-nasdaq-intel-dow-jones-stock-breaks-out/?src=A00237A&ven=BenzingaCP&src=AURLAAM,
news,kaggle_news:Zacks,2018-07-27 13:13:00,"The Zacks Analyst Blog Highlights: PayPal, Occidental Petroleum, Southern, Delta and Petrobras",http://www.zacks.com/stock/news/313938/the-zacks-analyst-blog-highlights-paypal-occidental-petroleum-southern-delta-and-petrobras?cid=CS-BENZ-FT-313938,
news,kaggle_news:Benzinga_Newsdesk,2018-07-27 13:13:21,Pivotal Research Downgrades SUPERVALU to Hold,https://www.benzinga.com/news/18/07/12090221/pivotal-research-downgrades-supervalu-to-hold,
news,kaggle_news:Seeking Alpha,2018-07-27 13:23:00,Yen Buoyed As Inflation Tops Estimates,https://seekingalpha.com/article/4191031-yen-buoyed-inflation-tops-estimates?source=partner_benzinga,
news,kaggle_news:Zacks,2018-07-27 13:48:00,"Starbucks (SBUX) Q3 Earnings & Sales Beat, China Comps Down",http://www.zacks.com/stock/news/314044/starbucks-sbux-q3-earnings-sales-beat-china-comps-down?cid=CS-BENZ-FT-314044,
news,kaggle_news:Investor's Business Daily,2018-07-27 13:55:00,Swing Trade In Amazon Took A Small Gain Ahead Of Earnings,http://www.investors.com/research/swing-trading/swing-trading-strategy-basics/?src=A00237A&ven=BenzingaCP&src=AURLAAM,
news,kaggle_news:Seeking Alpha,2018-07-27 14:37:00,Tractor Supply gives up post-earnings gain and more after downgrade,https://seekingalpha.com/news/3375072-tractor-supply-gives-post-earnings-gain-downgrade?source=partner_benzinga,
news,kaggle_news:GuruFocus,2018-07-27 14:42:00,"Genesis Asset Managers, LLP Buys 58.com Inc, Yum China Holdings Inc, Liberty Latin America, ...",http://www.gurufocus.com/news/713724/genesis-asset-managers-llp-buys-58com-inc-yum-china-holdings-inc-liberty-latin-america-sells-companhia-brasileira-de-distribuicao,
news,kaggle_news:Seeking Alpha,2018-07-27 15:11:00,Synchrony: Value Even Without Walmart,https://seekingalpha.com/article/4191421-synchrony-value-even-without-walmart?source=partner_benzinga,
news,kaggle_news:Zacks,2018-07-27 15:51:00,"Trade, Facebook Split the Market",https://www.zacks.com/registration/ultimatetrader/welcome/eoffer/30c3?adid=ZU_CONTENT_SYND&cid=CS-BENZ-FT-17338,
news,kaggle_news:Zacks,2018-07-27 15:53:00,Yum China Holdings (YUMC) Soars: Stock Adds 10.8% in Session,http://www.zacks.com/stock/news/313952/yum-china-holdings-yumc-soars-stock-adds-108-in-session?cid=CS-BENZ-FT-313952,
news,kaggle_news:Zacks,2018-07-27 16:09:00,"Top Stock Reports for Amazon, Facebook & Thermo Fisher",http://www.zacks.com/research-daily/173797/top-stock-reports-for-amazon-facebook-thermo-fisher?cid=CS-BENZ-FT-173797,
news,kaggle_news:Seeking Alpha,2018-07-27 16:49:00,Tesla Vs. Ford: Inventory Transparency,https://seekingalpha.com/article/4191328-tesla-vs-ford-inventory-transparency?source=partner_benzinga,
news,kaggle_news:Zacks,2018-07-27 17:07:00,Aerospace-Defense Equipment Outlook: Budget a Boon Amid Trade War,http://www.zacks.com/commentary/173819/aerospace-defense-equipment-outlook-budget-a-boon-amid-trade-war?cid=CS-BENZ-FT-173819,
news,kaggle_news:Zacks,2018-07-27 17:17:00,"Whiting (WLL) Set to Beat Q2 Earnings on Output, Oil Price",http://www.zacks.com/stock/news/313793/whiting-wll-set-to-beat-q2-earnings-on-output-oil-price?cid=CS-BENZ-FT-313793,
news,kaggle_news:Zacks,2018-07-27 17:18:00,Facebook Slump Drags Down Tech ETFs: Any Winners?,http://www.zacks.com/stock/news/314004/facebook-slump-drags-down-tech-etfs-any-winners?cid=CS-BENZ-FT-314004,
news,kaggle_news:Seeking Alpha,2018-07-27 17:19:00,What To Do With Tech Stocks In A Rising Interest Rate Scenario?,https://seekingalpha.com/article/4191445-tech-stocks-rising-interest-rate-scenario?source=partner_benzinga,
news,kaggle_news:GuruFocus,2018-07-27 17:21:00,"PDS Planning, Inc Buys SPDR S&P 6…… Small Cap Value ETF (based on S&P Sma, Boeing ...",http://www.gurufocus.com/news/713422/pds-planning-inc-buys-spdr-sp-600-small-cap-value-etf-based-on-sp-sma-boeing-co-alphabet-inc-sells-invesco-dwa-basic-materials-momentum-etf-invesco-dynamic-buildingnstruction-cardinal-health-inc,
news,kaggle_news:Seeking Alpha,2018-07-27 17:52:00,Hilltop Holdings Inc (HTH) CEO Jeremy Ford on Q2 2018 Results - Earnings Call Transcript,https://seekingalpha.com/article/4191352-hilltop-holdings-inc-hth-ceo-jeremy-ford-q2-2018-results-earnings-call-transcript?source=partner_benzinga,
news,kaggle_news:Benzinga_Newsdesk,2018-07-27 18:32:28,"China Auto Logistics To Be Delisted From NASDAQ, Shares Will Be Suspended At The Opening Of Business On Aug. 1st",https://www.benzinga.com/news/18/07/12093232/china-auto-logistics-to-be-delisted-from-nasdaq-shares-will-be-suspended-at-the-,
news,kaggle_news:GuruFocus,2018-07-27 18:33:00,"Amazon Delivers Strong Earnings Growth, Sending Shares Higher",http://www.gurufocus.com/news/713560/amazon-delivers-strong-earnings-growth-sending-shares-higher,
news,kaggle_news:Seeking Alpha,2018-07-27 18:36:00,Groupon -7.4% as IBM wins $83.5M patent case,https://seekingalpha.com/news/3375077-groupon-minus-7_4-percent-ibm-wins-83_5m-patent-case?source=partner_benzinga,
news,kaggle_news:Seeking Alpha,2018-07-27 18:57:00,"Disney, Fox shareholders approve $71B asset deal",https://seekingalpha.com/news/3374992-disney-fox-shareholders-approve-71b-asset-deal?source=partner_benzinga,
news,kaggle_news:Zacks,2018-07-27 18:58:00,Semiconductor ETFs to Tap Intel's Dip Post Q2 Earnings,http://www.zacks.com/stock/news/314064/semiconductor-etfs-to-tap-intels-dip-post-q2-earnings?cid=CS-BENZ-FT-314064,
news,kaggle_news:Seeking Alpha,2018-07-27 19:49:00,"3 Challenges For The U.S. Toy Manufacturers In 2018 - Tariffs, Amazon And Toys 'R' Us",https://seekingalpha.com/article/4191149-3-challenges-u-s-toy-manufacturers-2018-tariffs-amazon-toys-r-us?source=partner_benzinga,
news,kaggle_news:Seeking Alpha,2018-07-28 09:14:00,The Chemist's CEF Report - July 2018: Treasury Yield Spread Continues To Narrow,https://seekingalpha.com/article/4191546-chemists-cef-report-july-2018-treasury-yield-spread-continues-narrow?source=partner_benzinga,
news,kaggle_news:Seeking Alpha,2018-07-28 10:08:00,Venture Capital Deals Of The Week: WeWork China Gets $500M,https://seekingalpha.com/article/4191545-venture-capital-deals-week-wework-china-gets-500m?source=partner_benzinga,
news,kaggle_news:Seeking Alpha,2018-07-28 11:14:00,Using Google Trends To Predict Stocks,https://seekingalpha.com/article/4191521-using-google-trends-predict-stocks?source=partner_benzinga,
news,kaggle_news:Seeking Alpha,2018-07-28 11:51:00,Facebook Crashes Amid Shadow Banning And Censorship Controversy,https://seekingalpha.com/article/4191580-facebook-crashes-amid-shadow-banning-censorship-controversy?source=partner_benzinga,
news,kaggle_news:Seeking Alpha,2018-07-28 18:00:00,"Stocks To Watch: Apple, Harley And Tesla On The Marquee",https://seekingalpha.com/article/4191532-stocks-watch-apple-harley-tesla-marquee?source=partner_benzinga,
news,kaggle_news:Nelson Hem,2018-07-29 04:00:00,"Benzinga's Bulls & Bears Of The Week: Bitcoin, Intel, Lockheed Martin, Walgreens And More",https://www.benzinga.com/markets/cryptocurrency/18/07/12095538/benzingas-bulls-bears-of-the-week-bitcoin-intel-lockheed-marti,
news,kaggle_news:Nelson Hem,2018-07-29 04:00:00,"Barron's Picks And Pans: Amazon, Eli Lilly, Fiat Chrysler And More",https://www.benzinga.com/media/18/07/12095539/barrons-picks-and-pans-amazon-eli-lilly-fiat-chrysler-and-more,
news,kaggle_news:Seeking Alpha,2018-07-29 10:33:00,Will The Fed's Tightening Trigger Another Crisis?,https://seekingalpha.com/article/4191728-will-feds-tightening-trigger-another-crisis?source=partner_benzinga,
news,kaggle_news:GuruFocus,2018-07-29 11:11:00,"Insiders Week: Facebook, General Electric",http://www.gurufocus.com/news/713829/insiders-week-facebook-general-electric,
news,kaggle_news:Seeking Alpha,2018-07-29 13:02:00,Coca-Cola Femsa SAB de CV (KOF) on Q2 2018 Results - Earnings Call Transcript,https://seekingalpha.com/article/4191653-coca-cola-femsa-sab-de-cv-kof-q2-2018-results-earnings-call-transcript?source=partner_benzinga,
news,kaggle_news:Seeking Alpha,2018-07-29 14:49:00,British Army on standby for Brexit emergency,https://seekingalpha.com/news/3375158-british-army-standby-brexit-emergency?source=partner_benzinga,
news,kaggle_news:Seeking Alpha,2018-07-29 15:07:00,Safe 7.6% Yield From A Newly Issued Preferred Stock With Protection Against Rising Interest Rates,https://seekingalpha.com/article/4191698-safe-7_6-percent-yield-newly-issued-preferred-stock-protection-rising-interest-rates?source=partner_benzinga,
news,kaggle_news:Seeking Alpha,2018-07-29 16:43:00,"Facebook, United Natural Foods, SuperValue: One-Day Price Change Volatility",https://seekingalpha.com/article/4191779-facebook-united-natural-foods-supervalue-one-day-price-change-volatility?source=partner_benzinga,
news,kaggle_news:Seeking Alpha,2018-07-29 17:15:00,Should We Expect A Large Chinese Yuan Devaluation?,https://seekingalpha.com/article/4191758-expect-large-chinese-yuan-devaluation?source=partner_benzinga,
news,kaggle_news:Seeking Alpha,2018-07-29 17:36:00,Brexit: Are Markets Underestimating The Chances Of The U.K. Not Leaving?,https://seekingalpha.com/article/4191702-brexit-markets-underestimating-chances-u-k-leaving?source=partner_benzinga,
news,kaggle_news:Seeking Alpha,2018-07-29 18:52:00,Ingenico Exiting Iran Created A Buying Opportunity,https://seekingalpha.com/article/4191609-ingenico-exiting-iran-created-buying-opportunity?source=partner_benzinga,
news,kaggle_news:Seeking Alpha,2018-07-29 20:56:00,Emerging Market Elections In 2018 Sow Uncertainty,https://seekingalpha.com/article/4191729-emerging-market-elections-2018-sow-uncertainty?source=partner_benzinga,
news,kaggle_news:Benzinga_Newsdesk,2018-07-30 04:00:00,Zelman Downgrades American Homes 4 Rent to Hold,https://www.benzinga.com/news/18/07/12098367/zelman-downgrades-american-homes-4-rent-to-hold,
news,kaggle_news:Benzinga_Newsdesk,2018-07-30 04:00:00,"Bank of America Downgrades Southwest Gas Holdings to Underperform, Lowers Price Target to $74",https://www.benzinga.com/news/18/07/12097892/bank-of-america-downgrades-southwest-gas-holdings-to-underperform-lowers-price-t,
news,kaggle_news:Benzinga_Newsdesk,2018-07-30 04:00:00,"Stifel Nicolaus Downgrades Synchronoss Technologies to Sell, Lowers Price Target to $3",https://www.benzinga.com/news/18/07/12097041/stifel-nicolaus-downgrades-synchronoss-technologies-to-sell-lowers-price-target-,
news,kaggle_news:Jayson Derrick,2018-07-30 04:00:00,Stifel Downgrades Synchronoss Technologies: 'Time Is Not On Their Side',https://www.benzinga.com/analyst-ratings/analyst-color/18/07/12099657/stifel-downgrades-synchronoss-technologies-time-is-not-,
news,kaggle_news:Benzinga_Newsdesk,2018-07-30 04:00:00,Cowen & Co. Downgrades Hi-Crush Partners to Market Perform,https://www.benzinga.com/news/18/07/12097112/cowen-co-downgrades-hi-crush-partners-to-market-perform,
news,kaggle_news:JJ Kinahan,2018-07-30 04:00:00,"Apple To Report Earnings Amid A Busy Week Filled With Economic Data, Fed Meeting And More",https://www.benzinga.com/news/earnings/18/07/12099238/apple-to-report-earnings-amid-a-busy-week-filled-with-economic-data-fed,
news,kaggle_news:Craig Jones,2018-07-30 04:00:00,"Longbow Research Downgrades Watsco, Says HVAC Company Could Struggle With Margin Target",https://www.benzinga.com/analyst-ratings/analyst-color/18/07/12100267/longbow-research-downgrades-watsco-says-hvac-company-co,
news,kaggle_news:Vick Meyer,2018-07-30 04:00:00,"Citigroup Maintains Buy on MKS Instruments, Lowers Price Target to $118",https://www.benzinga.com/news/18/07/12097542/citigroup-maintains-buy-on-mks-instruments-lowers-price-target-to-118,
news,kaggle_news:Benzinga_Newsdesk,2018-07-30 04:00:00,Longbow Research Downgrades Watsco to Neutral,https://www.benzinga.com/news/18/07/12097503/longbow-research-downgrades-watsco-to-neutral,
news,kaggle_news:JJ Kinahan,2018-07-30 04:00:00,"CAT Climbs Into Driver's Seat To Start Earnings Parade, With Fed Meeting Ahead",https://www.benzinga.com/news/earnings/18/07/12098741/cat-climbs-into-drivers-seat-to-start-earnings-parade-with-fed-meeting-,
news,kaggle_news:Benzinga Newsdesk,2018-07-30 04:00:00,"From Cat Q2 Earnings Conference Call: 'Our Business In China Continues To Be Strong,' Sees 2H'18 Operating Margin Similar To 1H'18 Level",https://www.benzinga.com/news/18/07/12099585/from-cat-q2-earnings-conference-call-our-business-in-china-continues-to-be-stron,
news,kaggle_news:Vick Meyer,2018-07-30 04:00:00,"Citigroup Maintains Buy on Lam Research, Lowers Price Target to $216",https://www.benzinga.com/news/18/07/12097537/citigroup-maintains-buy-on-lam-research-lowers-price-target-to-216,
news,kaggle_news:Benzinga Newsdesk,2018-07-30 04:00:00,Starbucks to Deliver Coffee in China in Partnership with Alibaba's Ele.me,https://www.benzinga.com/news/18/07/12099299/starbucks-to-deliver-coffee-in-china-in-partnership-with-alibabas-ele-me,
news,kaggle_news:Vick Meyer,2018-07-30 04:00:00,"Citigroup Maintains Buy on Digital Realty Trust, Raises Price Target to $131",https://www.benzinga.com/news/18/07/12097464/citigroup-maintains-buy-on-digital-realty-trust-raises-price-target-to-131,
news,kaggle_news:Benzinga_Newsdesk,2018-07-30 04:00:00,Wells Fargo Downgrades EQT Midstream Partners to Market Perform,https://www.benzinga.com/news/18/07/12098092/wells-fargo-downgrades-eqt-midstream-partners-to-market-perform,
news,kaggle_news:Benzinga Newsdesk,2018-07-30 04:00:00,"IBM and CLS Launche a Blockchain Platform For Financial Institutions, 9 Banks are Involved with the Trial",https://www.benzinga.com/news/18/07/12097240/ibm-and-cls-launche-a-blockchain-platform-for-financial-institutions-9-banks-are,
news,kaggle_news:Benzinga Newsdesk,2018-07-30 04:00:00,"Simpson Manufacturing On Guidance Says 'the market price for steel will continue to be volatile during the third quarter of 2018, due to uncertainty related to steel tariffs'",https://www.benzinga.com/news/18/07/12102269/simpson-manufacturing-on-guidance-says-the-market-price-for-steel-will-continue-,
news,kaggle_news:Vick Meyer,2018-07-30 04:00:00,"Citigroup Maintains Buy on Martin Marietta Materials, Lowers Price Target to $250",https://www.benzinga.com/news/18/07/12097554/citigroup-maintains-buy-on-martin-marietta-materials-lowers-price-target-to-250,
news,kaggle_news:Benzinga_Newsdesk,2018-07-30 04:00:00,Macquarie Downgrades Alaska Air Group to Neutral,https://www.benzinga.com/news/18/07/12097563/macquarie-downgrades-alaska-air-group-to-neutral,
news,kaggle_news:Vick Meyer,2018-07-30 04:00:00,"Citigroup Maintains Buy on L3 Technologies, Raises Price Target to $250",https://www.benzinga.com/news/18/07/12097515/citigroup-maintains-buy-on-l3-technologies-raises-price-target-to-250,
news,kaggle_news:Vick Meyer,2018-07-30 04:00:00,"Citigroup Maintains Neutral on Visteon, Lowers Price Target to $115",https://www.benzinga.com/news/18/07/12097630/citigroup-maintains-neutral-on-visteon-lowers-price-target-to-115,
news,kaggle_news:Benzinga_Newsdesk,2018-07-30 04:00:00,Macquarie Downgrades Colgate-Palmolive to Neutral,https://www.benzinga.com/news/18/07/12097582/macquarie-downgrades-colgate-palmolive-to-neutral,
news,kaggle_news:Hannah Genig,2018-07-30 04:00:00,"Colgate-Palmolive's Weak Sales Growth 'Will Become The Norm,' Macquarie Says In Downgrade",https://www.benzinga.com/analyst-ratings/analyst-color/18/07/12099189/colgate-palmolives-weak-sales-growth-will-become-the-no,
news,kaggle_news:Benzinga_Newsdesk,2018-07-30 04:00:00,RBC Capital Downgrades Barrick Gold to Sector Perform,https://www.benzinga.com/news/18/07/12097209/rbc-capital-downgrades-barrick-gold-to-sector-perform,
news,kaggle_news:Vick Meyer,2018-07-30 04:00:00,"Citigroup Maintains Neutral on Packaging Corp of America, Raises Price Target to $124",https://www.benzinga.com/news/18/07/12097560/citigroup-maintains-neutral-on-packaging-corp-of-america-raises-price-target-to-,
news,kaggle_news:Benzinga Newsdesk,2018-07-30 04:00:00,Pfizer Q2 Earnings Preview,https://www.benzinga.com/news/earnings-previews/18/07/12100757/pfizers-earnings-preview,
news,kaggle_news:Benzinga_Newsdesk,2018-07-30 04:00:00,JP Morgan Upgrades Grupo Aval Acciones to Neutral,https://www.benzinga.com/news/18/07/12097773/jp-morgan-upgrades-grupo-aval-acciones-to-neutral,
news,kaggle_news:Benzinga_Newsdesk,2018-07-30 04:00:00,"Harley Says It Intends To Invest To Grow China Market To Drive Volume, Market Share",https://www.benzinga.com/news/18/07/12100610/harley-says-it-intends-to-invest-to-grow-china-market-to-drive-volume-market-sha,
news,kaggle_news:Benzinga_Newsdesk,2018-07-30 04:00:00,"Wells Fargo Reinstates Market Perform on IBM, Announces $155",https://www.benzinga.com/news/18/07/12098094/wells-fargo-reinstates-market-perform-on-ibm-announces-155,
news,kaggle_news:Taylor Cox,2018-07-30 04:00:00,"The Week Ahead: Apple And Tesla Earnings, FOMC Meeting, Sonos IPO",https://www.benzinga.com/general/biotech/18/07/12098646/the-week-ahead-apple-and-tesla-earnings-fomc-meeting-sonos-ipo,
news,kaggle_news:Vick Meyer,2018-07-30 04:00:00,"Citigroup Maintains Buy on Genesee & Wyoming, Raises Price Target to $95",https://www.benzinga.com/news/18/07/12097492/citigroup-maintains-buy-on-genesee-wyoming-raises-price-target-to-95,
news,kaggle_news:Vick Meyer,2018-07-30 04:00:00,"Citigroup Maintains Buy on Travelers Companies, Raises Price Target to $149",https://www.benzinga.com/news/18/07/12097596/citigroup-maintains-buy-on-travelers-companies-raises-price-target-to-149,
news,kaggle_news:Vick Meyer,2018-07-30 04:00:00,"Citigroup Maintains Buy on Columbia Sportswear, Raises Price Target to $106",https://www.benzinga.com/news/18/07/12097317/citigroup-maintains-buy-on-columbia-sportswear-raises-price-target-to-106,
news,kaggle_news:Vick Meyer,2018-07-30 04:00:00,"Citigroup Maintains Buy on Vertex Pharmaceuticals, Raises Price Target to $206",https://www.benzinga.com/news/18/07/12097717/citigroup-maintains-buy-on-vertex-pharmaceuticals-raises-price-target-to-206,
news,kaggle_news:Benzinga_Newsdesk,2018-07-30 04:00:00,Deutsche Bank Downgrades FCB Financial Holdings to Hold,https://www.benzinga.com/news/18/07/12097531/deutsche-bank-downgrades-fcb-financial-holdings-to-hold,
news,kaggle_news:Vick Meyer,2018-07-30 04:00:00,"Citigroup Maintains Neutral on CoreSite Realty, Raises Price Target to $116",https://www.benzinga.com/news/18/07/12097457/citigroup-maintains-neutral-on-coresite-realty-raises-price-target-to-116,
news,kaggle_news:Vick Meyer,2018-07-30 04:00:00,"Citigroup Maintains Buy on Western Digital, Lowers Price Target to $106",https://www.benzinga.com/news/18/07/12097730/citigroup-maintains-buy-on-western-digital-lowers-price-target-to-106,
news,kaggle_news:Benzinga_Newsdesk,2018-07-30 04:00:00,Stephens & Co. Downgrades First Merchants to Equal-Weight,https://www.benzinga.com/news/18/07/12097071/stephens-co-downgrades-first-merchants-to-equal-weight,
news,kaggle_news:Vick Meyer,2018-07-30 04:00:00,"Citigroup Maintains Buy on Expedia Group, Raises Price Target to $165",https://www.benzinga.com/news/18/07/12097467/citigroup-maintains-buy-on-expedia-group-raises-price-target-to-165,
news,kaggle_news:Benzinga_Newsdesk,2018-07-30 04:00:00,Argus Downgrades Perrigo Co to Hold,https://www.benzinga.com/news/18/07/12098182/argus-downgrades-perrigo-co-to-hold,
news,kaggle_news:Lisa Levin,2018-07-30 04:00:00,"Benzinga's Top Upgrades, Downgrades For July 30, 2018",https://www.benzinga.com/analyst-ratings/upgrades/18/07/12098109/benzingas-top-upgrades-downgrades-for-july-30-2018,
news,kaggle_news:Seeking Alpha,2018-07-30 07:19:00,"German, Spanish inflation remain above ECB target in July",https://seekingalpha.com/news/3375431-german-spanish-inflation-remain-ecb-target-july?source=partner_benzinga,
news,kaggle_news:Seeking Alpha,2018-07-30 07:36:00,The Best Way To Invest In Apple Pay Is Not Through Apple,https://seekingalpha.com/article/4192010-best-way-invest-apple-pay-apple?source=partner_benzinga,
news,kaggle_news:Seeking Alpha,2018-07-30 07:49:00,AK Steel -8% as Q2 fails to show evidence of tariff-related benefit,https://seekingalpha.com/news/3375663-ak-steel-minus-8-percent-q2-fails-show-evidence-tariff-related-benefit?source=partner_benzinga,
news,kaggle_news:Seeking Alpha,2018-07-30 07:54:00,"Barrick Gold downgraded at RBC, citing Acacia turmoil among five reasons",https://seekingalpha.com/news/3375492-barrick-gold-downgraded-rbc-citing-acacia-turmoil-among-five-reasons?source=partner_benzinga,
news,kaggle_news:Seeking Alpha,2018-07-30 08:22:00,"Turkcell Is Performing Well, While Turkey Wilts",https://seekingalpha.com/article/4191771-turkcell-performing-well-turkey-wilts?source=partner_benzinga,
news,kaggle_news:Investor's Business Daily,2018-07-30 08:43:00,"Apple, China Internets, These Top Software Stocks Report Earnings: Investing Action Plan",http://www.investors.com/research/investing-action-plan/apple-stock-baidu-iqiyi-shopify-earnings/?src=A00237A&ven=BenzingaCP&src=AURLAAM,
news,kaggle_news:Seeking Alpha,2018-07-30 09:15:00,"Fed Meeting On July 31-August 1, 2018: Impact On Investment Markets, Inflation, And Recession Risk",https://seekingalpha.com/article/4191824-fed-meeting-july-31-august-1-2018-impact-investment-markets-inflation-recession-risk?source=partner_benzinga,
news,kaggle_news:Investor's Business Daily,2018-07-30 09:31:00,"FANG Stocks Facebook, Netflix Pressured; Apple Tests Support Ahead Of Earnings",http://www.investors.com/market-trend/stock-market-today/fang-stocks-netflix-facebook-slump-apple-earnings/?src=A00237A&ven=BenzingaCP&src=AURLAAM,
news,kaggle_news:GuruFocus,2018-07-30 09:31:00,"Chatham Capital Group, Inc. Buys Alphabet Inc, Caterpillar Inc, iShares Floating Rate Bond, ...",http://www.gurufocus.com/news/714558/chatham-capital-group-inc-buys-alphabet-inc-caterpillar-inc-ishares-floating-rate-bond-sells-ishares-currency-hedged-msci-eurozone-copart-inc-ishares-13-year-treasury-bond-etf,
news,kaggle_news:GuruFocus,2018-07-30 09:32:00,"SFE Investment Counsel Buys Invesco BulletShares —…–8 High Yield Corporate Bon, PayPal ...",http://www.gurufocus.com/news/714555/sfe-investment-counsel-buys-invesco-bulletshares-2018-high-yield-corporate-bon-paypal-holdings-inc-3m-co-sells-wells-fargo-cvs-health-corp-walgreens-boots-alliance-inc,
news,kaggle_news:Seeking Alpha,2018-07-30 09:34:00,China floats free trade with U.K.,https://seekingalpha.com/news/3375180-china-floats-free-trade-u-k?source=partner_benzinga,
news,kaggle_news:Seeking Alpha,2018-07-30 10:05:00,Bank Of America And JP Morgan: Catalysts For A 2nd Half Rally,https://seekingalpha.com/article/4191902-bank-america-jp-morgan-catalysts-2nd-half-rally?source=partner_benzinga,
news,kaggle_news:Benzinga_Newsdesk,2018-07-30 10:22:12,Keefe Bruyette & Woods Downgrades CoBiz Financial to Market Perform,https://www.benzinga.com/news/18/07/12096726/keefe-bruyette-woods-downgrades-cobiz-financial-to-market-perform,
news,kaggle_news:GuruFocus,2018-07-30 10:33:00,"Fayerweather Charles Buys Celgene Corp, Sells Monsanto Co, Visa Inc, General Electric Co",http://www.gurufocus.com/news/714515/fayerweather-charles-buys-celgene-corp-sells-monsanto-co-visa-inc-general-electric-co,
news,kaggle_news:Zacks,2018-07-30 10:59:00,"The Zacks Analyst Blog Highlights: JinkoSolar, Hollysys, Woori and China Petroleum",http://www.zacks.com/stock/news/314128/the-zacks-analyst-blog-highlights-jinkosolar-hollysys-woori-and-china-petroleum?cid=CS-BENZ-FT-314128,
news,kaggle_news:Investor's Business Daily,2018-07-30 11:34:00,Netflix And This Sector Lead Sell-Off As These 8 Growth Stocks Trigger Sell Signal,http://www.investors.com/market-trend/stock-market-today/netflix-sell-off-7-growth-stocks-trigger-sell-signal/?src=A00237A&ven=BenzingaCP&src=AURLAAM,
news,kaggle_news:Benzinga Newsdesk,2018-07-30 11:36:25,"China Auto Logistics Receives Nasdaq Delisting Notice, Will be Delisted August 1",https://www.benzinga.com/news/18/07/12097206/china-auto-logistics-receives-nasdaq-delisting-notice-will-be-delisted-august-1,
news,kaggle_news:GuruFocus,2018-07-30 11:46:00,"Viridian Ria, Llc Buys Vanguard FTSE Developed Markets, Vanguard FTSE Emerging Markets, ...",http://www.gurufocus.com/news/714516/viridian-ria-llc-buys-vanguard-ftse-developed-markets-vanguard-ftse-emerging-markets-vanguard-information-tech-sells-ishares-sp-500-value-vanguard-value-spdr-select-sector-fund--financial,
news,kaggle_news:GuruFocus,2018-07-30 12:22:00,"Mar Vista Investment Partners Llc Buys Facebook Inc, Teleflex Inc, Apple Inc, Sells Walt Disney Co",http://www.gurufocus.com/news/714669/mar-vista-investment-partners-llc-buys-facebook-inc-teleflex-inc-apple-inc-sells-walt-disney-co,
news,kaggle_news:Seeking Alpha,2018-07-30 12:34:00,Netflix re-releases documentary critical of medical device industry,https://seekingalpha.com/news/3375344-netflix-re-releases-documentary-critical-medical-device-industry?source=partner_benzinga,
news,kaggle_news:Benzinga_Newsdesk,2018-07-30 13:08:16,Hovde Group Downgrades Green Bancorp to Market Perform,https://www.benzinga.com/news/18/07/12098102/hovde-group-downgrades-green-bancorp-to-market-perform,
news,kaggle_news:Seeking Alpha,2018-07-30 14:50:00,PetroChina forecasts H1 net profit to more than double,https://seekingalpha.com/news/3375391-petrochina-forecasts-h1-net-profit-double?source=partner_benzinga,
news,kaggle_news:Zacks,2018-07-30 15:03:00,"Top Research Reports for Intel, Verizon & Honeywell",http://www.zacks.com/research-daily/174078/top-research-reports-for-intel-verizon-honeywell?cid=CS-BENZ-FT-174078,
news,kaggle_news:Seeking Alpha,2018-07-30 15:52:00,Pinduoduo: The Fastest-Growing E-Commerce Platform In China Has A Neutral Valuation,https://seekingalpha.com/article/4191960-pinduoduo-fastest-growing-e-commerce-platform-china-neutral-valuation?source=partner_benzinga,
news,kaggle_news:Seeking Alpha,2018-07-30 15:56:00,"Exxon & Chevron No Longer ""Forever"" Stocks",https://seekingalpha.com/article/4192189-exxon-and-chevron-longer-forever-stocks?source=partner_benzinga,
news,kaggle_news:Seeking Alpha,2018-07-30 16:39:00,Interest Rates: The Only Way Is Up?,https://seekingalpha.com/article/4192223-interest-rates-way?source=partner_benzinga,
news,kaggle_news:Zacks,2018-07-30 17:31:00,"The Zacks Analyst Blog Highlights: Amazon, Facebook, Thermo Fisher, Home Depot and Progressive",http://www.zacks.com/stock/news/314127/the-zacks-analyst-blog-highlights-amazon-facebook-thermo-fisher-home-depot-and-progressive?cid=CS-BENZ-FT-314127,
news,kaggle_news:Zacks,2018-07-30 18:12:00,Should You Buy Apple ETFs This Earnings Season?,http://www.zacks.com/stock/news/314308/should-you-buy-apple-etfs-this-earnings-season?cid=CS-BENZ-FT-314308,
news,kaggle_news:Seeking Alpha,2018-07-30 18:40:00,Do You Know What You Really Own In Your Emerging Market Funds?,https://seekingalpha.com/article/4191986-know-really-emerging-market-funds?source=partner_benzinga,
news,kaggle_news:Zacks,2018-07-30 18:51:00,"The Zacks Analyst Blog Highlights: Daimler, Ford, Volkswagen, Fiat and Ferrari",http://www.zacks.com/stock/news/314129/the-zacks-analyst-blog-highlights-daimler-ford-volkswagen-fiat-and-ferrari?cid=CS-BENZ-FT-314129,
news,kaggle_news:Investor's Business Daily,2018-07-30 19:24:00,Apple Earnings Due As Stock Market Leaders Disintegrate: Dow Jones Futures,http://www.investors.com/market-trend/stock-market-today/apple-earnings-due-stock-market-leaders-fall-dow-jones-futures/?src=A00237A&ven=BenzingaCP&src=AURLAAM,
news,kaggle_news:Seeking Alpha,2018-07-30 19:37:00,Voya Prime Rate Trust: A Safe Way To Profit From Rising Interest Rates,https://seekingalpha.com/article/4191849-voya-prime-rate-trust-safe-way-profit-rising-interest-rates?source=partner_benzinga,
news,kaggle_news:Vick Meyer,2018-07-31 04:00:00,"Citigroup Maintains Buy on Simon Property Group, Raises Price Target to $190",https://www.benzinga.com/news/18/07/12106027/citigroup-maintains-buy-on-simon-property-group-raises-price-target-to-190,
news,kaggle_news:Benzinga Newsdesk,2018-07-31 04:00:00,Amdocs Subsidiary Vubiquity Wins Verizon Contract For Video ON-Demand,https://www.benzinga.com/news/18/07/12112366/amdocs-subsidiary-vubiquity-wins-verizon-contract-for-video-on-demand,
news,kaggle_news:Benzinga_Newsdesk,2018-07-31 04:00:00,Nomura Downgrades Signet Jewelers to Neutral,https://www.benzinga.com/news/18/07/12106441/nomura-downgrades-signet-jewelers-to-neutral,
news,kaggle_news:Brett Hershman,2018-07-31 04:00:00,"Acushnet, Signet Jewelers Downgraded After Hitting Nomura's Price Target",https://www.benzinga.com/analyst-ratings/analyst-color/18/07/12109943/acushnet-signet-jewelers-downgraded-after-hitting-nomur,
news,kaggle_news:Benzinga Newsdesk,2018-07-31 04:00:00,Alphabet's Waymo Says Is Partnering With Valley Metro To Explore Public Transportation Solutions,https://www.benzinga.com/news/18/07/12109559/alphabets-waymo-says-is-partnering-with-valley-metro-to-explore-public-transport,
news,kaggle_news:Benzinga Newsdesk,2018-07-31 04:00:00,"Watching Capital One, Microsoft Shares Following The Information Article 'Google Inks Cloud Apps Deal With Capital One'",https://www.benzinga.com/news/18/07/12110345/watching-capital-one-microsoft-shares-following-the-information-article-google-i,
news,kaggle_news:Benzinga Newsdesk,2018-07-31 04:00:00,"'Did Charter really say they ""admire"" @Comcast?! I shouldn't be surprised….it shows in their numbers. Burning $116M trying to launch their mobile product & bleeding 73K residential video customers' - T-Mobile CEO John Legere Tweets",https://www.benzinga.com/news/18/07/12108971/did-charter-really-say-they-admire-comcast-i-shouldnt-be-surprised-it-shows-in-t,
news,kaggle_news:Vick Meyer,2018-07-31 04:00:00,"Citigroup Maintains Neutral on National Oilwell Varco, Raises Price Target to $49",https://www.benzinga.com/news/18/07/12106004/citigroup-maintains-neutral-on-national-oilwell-varco-raises-price-target-to-49,
news,kaggle_news:Benzinga_Newsdesk,2018-07-31 04:00:00,Stephens & Co. Downgrades AerCap Holdings to Equal-Weight,https://www.benzinga.com/news/18/07/12105798/stephens-co-downgrades-aercap-holdings-to-equal-weight,
news,kaggle_news:Benzinga Newsdesk,2018-07-31 04:00:00,"Watching Micron, Intel Shares As, On Apple's Q3 Earnings Conference Call, CFO Maestri Says Co. Is 'Starting To See Improvement' In NAND Pricing",https://www.benzinga.com/news/earnings/18/07/12113201/watching-micron-intel-shares-as-on-apples-q3-earnings-conference-call-c,
news,kaggle_news:Benzinga Newsdesk,2018-07-31 04:00:00,ReneSola Signs Non-Binding Offer To Sell 206.8 MW Of Distributed Generation Operating Assets In China,https://www.benzinga.com/news/18/07/12105350/renesola-signs-non-binding-offer-to-sell-206-8-mw-of-distributed-generation-oper,
news,kaggle_news:Benzinga_Newsdesk,2018-07-31 04:00:00,"Chardan Capital Downgrades Castlight Health to Hold, Lowers Price Target to $4.80",https://www.benzinga.com/news/18/07/12105100/chardan-capital-downgrades-castlight-health-to-hold-lowers-price-target-to-4-80,
news,kaggle_news:Benzinga Newsdesk,2018-07-31 04:00:00,"Castlight Health Shares Down 26% Premarket After Co. Announced During Earnings Call That Walmart Will Let Contract With Co. Expire Next Year, And Co. Will Undergo Restructuring Program",https://www.benzinga.com/trading-ideas/movers/18/07/12107369/castlight-health-shares-down-26-premarket-after-co-announced-dur,
news,kaggle_news:Benzinga_Newsdesk,2018-07-31 04:00:00,Barclays Downgrades Dril-Quip to Underweight,https://www.benzinga.com/news/18/07/12105176/barclays-downgrades-dril-quip-to-underweight,
news,kaggle_news:Vick Meyer,2018-07-31 04:00:00,"Citigroup Maintains Neutral on Colgate-Palmolive, Lowers Price Target to $68",https://www.benzinga.com/news/18/07/12105892/citigroup-maintains-neutral-on-colgate-palmolive-lowers-price-target-to-68,
news,kaggle_news:Benzinga_Newsdesk,2018-07-31 04:00:00,'Caterpillar weakness yesterday was all about No China Truce. Today's talk is of China Truce...'-Jim Cramer Tweets,https://www.benzinga.com/news/18/07/12109562/caterpillar-weakness-yesterday-was-all-about-no-china-truce-todays-talk-is-of-ch,
news,kaggle_news:Benzinga Newsdesk,2018-07-31 04:00:00,Pfizer Cuts FY18 Sales Guidance From $53.5B-$55.5B To $53B-$55B vs $54.29B Est.,https://www.benzinga.com/news/18/07/12105373/pfizer-cuts-fy18-sales-guidance-from-53-5b-55-5b-to-53b-55b-vs-54-29b-est,
news,kaggle_news:Benzinga Newsdesk,2018-07-31 04:00:00,Pfizer Continues To Evaluate Strategic Alternatives For Consumer Healthcare Business; Decision Expected In 2018,https://www.benzinga.com/news/18/07/12105381/pfizer-continues-to-evaluate-strategic-alternatives-for-consumer-healthcare-busi,
news,kaggle_news:Vick Meyer,2018-07-31 04:00:00,"Citigroup Maintains Buy on TJX Companies, Raises Price Target to $111",https://www.benzinga.com/news/18/07/12106050/citigroup-maintains-buy-on-tjx-companies-raises-price-target-to-111,
news,kaggle_news:Vick Meyer,2018-07-31 04:00:00,"Citigroup Maintains Buy on Eagle Materials, Lowers Price Target to $125",https://www.benzinga.com/news/18/07/12105906/citigroup-maintains-buy-on-eagle-materials-lowers-price-target-to-125,
news,kaggle_news:ETF Professor,2018-07-31 04:00:00,This De-FAANGed ETF Avoided Facebook's Slump,https://www.benzinga.com/trading-ideas/long-ideas/18/07/12104003/this-de-faanged-etf-avoided-facebooks-slump,
news,kaggle_news:Benzinga Newsdesk,2018-07-31 04:00:00,"Benzinga Pro Morning Price Check For Regional ETFs: Russia (RSX) Up 1.3%, Australia (EWA) Up 0.9%, Europe (VGK) Up 0.7%, India (INDA) Up 0.5%, US (SPY) Up 0.5%, Mexico (EWW) Up 0.5%, Canada (EWC) Up 0.1%, China ETF (FXI) Up 0.1%",https://www.benzinga.com/news/18/07/12107689/benzinga-pro-morning-price-check-for-regional-etfs-russia-rsx-up-1-3-australia-e,
news,kaggle_news:Benzinga Newsdesk,2018-07-31 04:00:00,"Benzinga Pro Mid-Day Price Check For Regional ETFs: Russia (RSX) Up 1.5%, China ETF (FXI) Up 0.9%, Australia (EWA) Up 0.8%, India (INDA) Up 0.8%, US (SPY) Up 0.7%, Canada (EWC) Up 0.5%, Europe (VGK) Up 0.5%, Mexico (EWW) Down 0.2%",https://www.benzinga.com/news/18/07/12109872/benzinga-pro-mid-day-price-check-for-regional-etfs-russia-rsx-up-1-5-china-etf-f,
news,kaggle_news:Vick Meyer,2018-07-31 04:00:00,"Citigroup Maintains Buy on Illumina, Raises Price Target to $345",https://www.benzinga.com/news/18/07/12105939/citigroup-maintains-buy-on-illumina-raises-price-target-to-345,
news,kaggle_news:Vick Meyer,2018-07-31 04:00:00,"Citigroup Maintains Sell on Edwards Lifesciences, Raises Price Target to $118",https://www.benzinga.com/news/18/07/12105902/citigroup-maintains-sell-on-edwards-lifesciences-raises-price-target-to-118,
news,kaggle_news:Benzinga Newsdesk,2018-07-31 04:00:00,Amdocs Announces Collaboration with Amazon Web Services,https://www.benzinga.com/news/18/07/12112399/amdocs-announces-collaboration-with-amazon-web-services,
news,kaggle_news:Benzinga Newsdesk,2018-07-31 04:00:00,"Pfizer Receives European Approval For Oncology Biosimilar, TRAZIMERA (trastuzumab)",https://www.benzinga.com/general/biotech/18/07/12104979/pfizer-receives-european-approval-for-oncology-biosimilar-trazimera-t,
news,kaggle_news:Benzinga Newsdesk,2018-07-31 04:00:00,"Pfizer Q2 Adj. EPS $0.81 Beats $0.74 Estimate, Sales $13.5B Beat $13.31B Estimate",https://www.benzinga.com/news/earnings/18/07/12105366/pfizer-q2-adj-eps-0-81-beats-0-74-estimate-sales-13-5b-beat-13-31b-esti,
news,kaggle_news:Benzinga Newsdesk,2018-07-31 04:00:00,Pfizer Raises FY18 Adj. EPS Guidance From $2.90-$3.00 To $2.95-$3.05 vs $2.95 Est.,https://www.benzinga.com/news/18/07/12105371/pfizer-raises-fy18-adj-eps-guidance-from-2-90-3-00-to-2-95-3-05-vs-2-95-est,
news,kaggle_news:Benzinga Newsdesk,2018-07-31 04:00:00,Sanofi Has Been Stockpiling Drugs For 6 Months For No-Deal Brexit,https://www.benzinga.com/news/18/07/12110618/sanofi-has-been-stockpiling-drugs-for-6-months-for-no-deal-brexit,
news,kaggle_news:Benzinga Newsdesk,2018-07-31 04:00:00,UPDATE: Sanofi's Brexit-Related Preparations Began About A Year Ago,https://www.benzinga.com/news/18/07/12110622/update-sanofis-brexit-related-preparations-began-about-a-year-ago,
news,kaggle_news:Hannah Genig,2018-07-31 04:00:00,"Tupperware's Earnings Are In Decline, Argus Says In Downgrade",https://www.benzinga.com/analyst-ratings/analyst-color/18/07/12109049/tupperwares-earnings-are-in-decline-argus-says-in-downg,
news,kaggle_news:Benzinga_Newsdesk,2018-07-31 04:00:00,Pfizer CEO Says He Sees A 'Huge Sense Of Urgency' In Trump Admin To Act On Drug Rebates,https://www.benzinga.com/general/biotech/18/07/12108606/pfizer-ceo-says-he-sees-a-huge-sense-of-urgency-in-trump-admin-to-act,
news,kaggle_news:Benzinga_Newsdesk,2018-07-31 04:00:00,Barclays Downgrades Caterpillar to Equal-Weight,https://www.benzinga.com/news/18/07/12105168/barclays-downgrades-caterpillar-to-equal-weight,
news,kaggle_news:Lisa Levin,2018-07-31 04:00:00,"Benzinga's Top Upgrades, Downgrades For July 31, 2018",https://www.benzinga.com/analyst-ratings/upgrades/18/07/12107591/benzingas-top-upgrades-downgrades-for-july-31-2018,
news,kaggle_news:Vick Meyer,2018-07-31 04:00:00,"Citigroup Maintains Neutral on Burlington Stores, Raises Price Target to $158",https://www.benzinga.com/news/18/07/12105873/citigroup-maintains-neutral-on-burlington-stores-raises-price-target-to-158,
news,kaggle_news:Jayson Derrick,2018-07-31 04:00:00,"Barclays Downgrades Dril-Quip, Says Weak Quarter Is Just The Beginning",https://www.benzinga.com/analyst-ratings/analyst-color/18/07/12109653/barclays-downgrades-dril-quip-says-weak-quarter-is-just,
news,kaggle_news:Benzinga Newsdesk,2018-07-31 04:00:00,AK Steel Holding Corp. Shares Down 12% After Co. Fails To Demonstrate Bottom-Line Benefit Of Steel Tariffs,https://www.benzinga.com/trading-ideas/movers/18/07/12107699/ak-steel-holding-corp-shares-down-12-after-co-fails-to-demonstra,
news,kaggle_news:Benzinga_Newsdesk,2018-07-31 04:00:00,BTIG Research Downgrades Empire State Realty to Neutral,https://www.benzinga.com/news/18/07/12105759/btig-research-downgrades-empire-state-realty-to-neutral,
news,kaggle_news:Benzinga Newsdesk,2018-07-31 04:00:00,Embraer CEO Says Co. Is Trying To Speed Up Antitrust Approval For Deal With Boeing,https://www.benzinga.com/news/18/07/12108273/embraer-ceo-says-co-is-trying-to-speed-up-antitrust-approval-for-deal-with-boein,
news,kaggle_news:Craig Jones,2018-07-31 04:00:00,"AT&T, Cirrus Logic, Citigroup, Gold: 'Fast Money' Picks For July 31",https://www.benzinga.com/etfs/specialty-etfs/18/07/12104276/at-t-cirrus-logic-citigroup-gold-fast-money-picks-for-july-31,
news,kaggle_news:Benzinga_Newsdesk,2018-07-31 04:00:00,Argus Downgrades Tupperware Brands to Sell,https://www.benzinga.com/news/18/07/12105885/argus-downgrades-tupperware-brands-to-sell,
news,kaggle_news:Seeking Alpha,2018-07-31 08:22:00,Dril-Quip downgraded at Barclays as Q2 results reveal fundamental problems,https://seekingalpha.com/news/3376102-dril-quip-downgraded-barclays-q2-results-reveal-fundamental-problems?source=partner_benzinga,
news,kaggle_news:Seeking Alpha,2018-07-31 09:06:00,"Barclays downgrades CAT, prefers DE and CNHI",https://seekingalpha.com/news/3375884-barclays-downgrades-cat-prefers-de-cnhi?source=partner_benzinga,
news,kaggle_news:Seeking Alpha,2018-07-31 09:22:00,Embraer to fight bid on halting Boeing talks,https://seekingalpha.com/news/3375691-embraer-fight-bid-halting-boeing-talks?source=partner_benzinga,
news,kaggle_news:Seeking Alpha,2018-07-31 09:26:00,"Solar panel glut is offsetting effect of Trump tariffs, SunPower CEO says",https://seekingalpha.com/news/3375998-solar-panel-glut-offsetting-effect-trump-tariffs-sunpower-ceo-says?source=partner_benzinga,
news,kaggle_news:Seeking Alpha,2018-07-31 09:27:00,Watch: Will This Be The Last U.K. Rate Hike Before Brexit?,https://seekingalpha.com/article/4192309-watch-will-last-u-k-rate-hike-brexit?source=partner_benzinga,
news,kaggle_news:Seeking Alpha,2018-07-31 09:37:00,Pfizer's Read thinks drug rebates going bye-bye in U.S.,https://seekingalpha.com/news/3376025-pfizers-read-thinks-drug-rebates-going-bye-bye-u-s?source=partner_benzinga,
news,kaggle_news:Seeking Alpha,2018-07-31 09:47:00,The Disconnect Between Iron Ore And Finished Steel Prices In China,https://seekingalpha.com/article/4192290-disconnect-iron-ore-finished-steel-prices-china?source=partner_benzinga,
news,kaggle_news:Seeking Alpha,2018-07-31 09:49:00,Pioneer Natural's Q2 oil price differential exemplifies Permian's problems,https://seekingalpha.com/news/3376370-pioneer-naturals-q2-oil-price-differential-exemplifies-permians-problems?source=partner_benzinga,
news,kaggle_news:Investor's Business Daily,2018-07-31 10:02:00,"Stock Market Up, As Street Awaits Fed's Word",http://www.investors.com/market-trend/stock-market-today/stock-market-fed/?src=A00237A&ven=BenzingaCP&src=AURLAAM,
news,kaggle_news:GuruFocus,2018-07-31 10:32:00,"Providence First Trust Co Buys Valero Energy Corp, Microsoft Corp, iShares MSCI EAFE, Sells New ...",http://www.gurufocus.com/news/714770/providence-first-trust-co-buys-valero-energy-corp-microsoft-corp-ishares-msci-eafe-sells-new-residential-investment-corp-invesco-sp-500-low-volatility-putnam-managed-municipal-income-trust,
news,kaggle_news:Seeking Alpha,2018-07-31 10:54:00,"Caterpillar +3% despite Barclays downgrade, as industrials rally",https://seekingalpha.com/news/3376092-caterpillar-plus-3-percent-despite-barclays-downgrade-industrials-rally?source=partner_benzinga,
news,kaggle_news:GuruFocus,2018-07-31 11:58:00,"Research Report Identifies Amazon, Fanhua, Parsley Energy, Bed Bath & Beyond, ...",http://www.gurufocus.com/news/714776/research-report-identifies-amazon-fanhua-parsley-energy-bed-bath--beyond-freeportmcmoran-and-sirius-xm-with-renewed-outlook--fundamental-analysis-calculating-forward-movement,
news,kaggle_news:Seeking Alpha,2018-07-31 12:05:00,Concerns About Disney's Star Wars Franchise Are Overblown,https://seekingalpha.com/article/4192454-concerns-disneys-star-wars-franchise-overblown?source=partner_benzinga,
news,kaggle_news:Seeking Alpha,2018-07-31 12:07:00,Eurozone annual inflation rises 2.1% in July,https://seekingalpha.com/news/3376054-eurozone-annual-inflation-rises-2_1-percent-july?source=partner_benzinga,
news,kaggle_news:Investor's Business Daily,2018-07-31 12:10:00,"Small Caps, Dow Stocks Lead Market Gains; Why Apple Is Poised For A Big Move",http://www.investors.com/market-trend/stock-market-today/small-caps-cyclicals-lead-market-gains-apple/?src=A00237A&ven=BenzingaCP&src=AURLAAM,
news,kaggle_news:Seeking Alpha,2018-07-31 12:25:00,Natural Grocers slides as Wolfe sees Amazon threat,https://seekingalpha.com/news/3376363-natural-grocers-slides-wolfe-sees-amazon-threat?source=partner_benzinga,
news,kaggle_news:Zacks,2018-07-31 12:39:00,Is iShares Edge MSCI Multifactor Emerging Markets ETF (EMGF) a Hot ETF Right Now?,http://www.zacks.com/stock/news/314443/is-ishares-edge-msci-multifactor-emerging-markets-etf-emgf-a-hot-etf-right-now?cid=CS-BENZ-FT-314443,
news,kaggle_news:Zacks,2018-07-31 12:47:00,"Oil & Gas Stock Roundup: Exxon, Chevron, Shell Earnings Miss Despite Oil Rally",http://www.zacks.com/stock/news/314716/oil-gas-stock-roundup-exxon-chevron-shell-earnings-miss-despite-oil-rally?cid=CS-BENZ-FT-314716,
news,kaggle_news:Seeking Alpha,2018-07-31 14:23:00,Select Income REIT falls premarket as Q2 hurt by tenant default,https://seekingalpha.com/news/3375864-select-income-reit-falls-premarket-q2-hurt-tenant-default?source=partner_benzinga,
news,kaggle_news:Seeking Alpha,2018-07-31 15:12:00,The Information: Capital One switches from Microsoft to Google cloud products,https://seekingalpha.com/news/3376090-information-capital-one-switches-microsoft-google-cloud-products?source=partner_benzinga,
news,kaggle_news:Zacks,2018-07-31 15:20:00,Can Apple Save Us From this Tech Wreck?,https://www.zacks.com/registration/ultimatetrader/welcome/eoffer/30c3?adid=ZU_CONTENT_SYND&cid=CS-BENZ-FT-17376,
news,kaggle_news:Investor's Business Daily,2018-07-31 17:00:00,"Illumina, KLA-Tencor Hoist Tech Stocks As Apple, Fed Loom: Stock Futures Rise",http://www.investors.com/market-trend/stock-market-today/illumina-kla-tencor-hoist-tech-stocks-as-apple-fed-loom-stock-futures-rise/?src=A00237A&ven=BenzingaCP&src=AURLAAM,
news,kaggle_news:Seeking Alpha,2018-07-31 17:27:00,What to watch in Apple's Q3 report today,https://seekingalpha.com/news/3376103-watch-apples-q3-report-today?source=partner_benzinga,
news,kaggle_news:Investor's Business Daily,2018-07-31 17:57:00,Stocks Pare Early Gains; Apple Earnings On Tap,http://www.investors.com/market-trend/stock-market-today/stock-market-trade-talks-apple-stock-earnings/?src=A00237A&ven=BenzingaCP&src=AURLAAM,
news,kaggle_news:Seeking Alpha,2018-07-31 18:21:00,A David (Simon) And Goliath (Amazon) Story,https://seekingalpha.com/article/4192245-david-simon-goliath-amazon-story?source=partner_benzinga,
news,kaggle_news:Seeking Alpha,2018-07-31 18:23:00,"Eurozone posts weak growth, higher inflation",https://seekingalpha.com/news/3375719-eurozone-posts-weak-growth-higher-inflation?source=partner_benzinga,
news,kaggle_news:Seeking Alpha,2018-07-31 18:43:00,Chart Of The Week: Japanese 10-Year Bond Yield To Go To 1%?,https://seekingalpha.com/article/4192268-chart-week-japanese-10-year-bond-yield-go-1-percent?source=partner_benzinga,
news,kaggle_news:GuruFocus,2018-07-31 19:45:00,"Cascade Investment Advisors, Inc. Buys Nutrien, JM Smucker Co, F5 Networks Inc, Sells Apple ...",http://www.gurufocus.com/news/714769/cascade-investment-advisors-inc-buys-nutrien-jm-smucker-co-f5-networks-inc-sells-apple-inc-tapestry-inc-johnson-controls-international-plc,
news,kaggle_news:GuruFocus,2018-07-31 20:15:00,"Nicolet Bankshares Inc Buys FlexShares Global Upstream Natural Resources Index, Microsoft Corp, ...",http://www.gurufocus.com/news/715146/nicolet-bankshares-inc-buys-flexshares-global-upstream-natural-resources-index-microsoft-corp-facebook-inc-sells-palo-alto-networks-inc-general-dynamics-corp-spdr-portfolio-developed-world-exus,
news,kaggle_news:Investor's Business Daily,2018-07-31 20:59:00,"After Hours: Apple Hits Buy Zone, Targets $1 Trillion; These Hot Stocks Soar",http://www.investors.com/market-trend/stock-market-today/apple-stock-paycom-iqiyi-zendesk-earnings-dow-jones-futures/?src=A00237A&ven=BenzingaCP&src=AURLAAM,
news,kaggle_news:Benzinga_Newsdesk,2018-08-01 04:00:00,Citigroup Downgrades Pearson to Neutral,https://www.benzinga.com/news/18/08/12116304/citigroup-downgrades-pearson-to-neutral,
news,kaggle_news:Benzinga Newsdesk,2018-08-01 04:00:00,Baidu Shares Trading Down ~6.6% Following Q2 Beat But Worse-Than-Expected Guidance; Could Be Trading Down Related To The Intercept Report Google Is Planning To Launch A Censored Search Engine In China,https://www.benzinga.com/news/18/08/12116082/baidu-shares-trading-down-6-6-following-q2-beat-but-worse-than-expected-guidance,
news,kaggle_news:Benzinga_Newsdesk,2018-08-01 04:00:00,"Citigroup Initiates Coverage On Fate Therapeutics with Buy Rating, Announces $20 Price Target",https://www.benzinga.com/news/18/08/12116957/citigroup-initiates-coverage-on-fate-therapeutics-with-buy-rating-announces-20-p,
news,kaggle_news:Lisa Levin,2018-08-01 04:00:00,A Peek Into The Markets: US Stock Futures Mixed Ahead Of Fed Decision,https://www.benzinga.com/news/18/08/12115297/a-peek-into-the-markets-us-stock-futures-mixed-ahead-of-fed-decision,
news,kaggle_news:Javier Hasse,2018-08-01 04:00:00,The 'Shark Tank Of Cannabis' Debuts On Amazon Prime With Millions To Distribute,https://www.benzinga.com/news/18/08/12113454/the-shark-tank-of-cannabis-debuts-on-amazon-prime-with-millions-to-distribute,
news,kaggle_news:JJ Kinahan,2018-08-01 04:00:00,Strong Apple Results Compete With Trade Worries For Investor Sentiment Ahead Of Fed,https://www.benzinga.com/news/earnings/18/08/12118236/strong-apple-results-compete-with-trade-worries-for-investor-sentiment-,
news,kaggle_news:Benzinga_Newsdesk,2018-08-01 04:00:00,Craig-Hallum Downgrades InnerWorkings to Hold,https://www.benzinga.com/news/18/08/12116334/craig-hallum-downgrades-innerworkings-to-hold,
news,kaggle_news:Shanthi Rexaline,2018-08-01 04:00:00,"Benzinga's Biotech Pulse: Pfizer's Xeljanz Gets EU Nod, NewLink Losses Narrow, Neuralstem Commences Stroke Drug Trial",https://www.benzinga.com/general/biotech/18/08/12114456/benzingas-biotech-pulse-pfizers-xeljanz-gets-eu-nod-newlink-losses-na,
news,kaggle_news:Benzinga_Newsdesk,2018-08-01 04:00:00,"Morgan Stanley Downgrades Cytokinetics to Equal-Weight, Lowers Price Target to $9",https://www.benzinga.com/news/18/08/12115571/morgan-stanley-downgrades-cytokinetics-to-equal-weight-lowers-price-target-to-9,
news,kaggle_news:Benzinga_Newsdesk,2018-08-01 04:00:00,Fearnleys Downgrades Transocean to Accumulate,https://www.benzinga.com/news/18/08/12116325/fearnleys-downgrades-transocean-to-accumulate,
news,kaggle_news:Lisa Levin,2018-08-01 04:00:00,Mid-Morning Market Update: Markets Open Higher; Apple Tops Q3 Estimates,https://www.benzinga.com/news/18/08/12117941/mid-morning-market-update-markets-open-higher-apple-tops-q3-estimates,
news,kaggle_news:Benzinga Newsdesk,2018-08-01 04:00:00,"Stocks That Have Made New 52 Week Highs Thus Far Today Include: Robert Half, Eli Lilly, Pfizer, Phillips 66, Humana, HCA Healthcare, Genworth, Republic Services, Illumina, Aflac, Medtronic, Waste Management, and Apple",https://www.benzinga.com/trading-ideas/technicals/18/08/12119888/stocks-that-have-made-new-52-week-highs-thus-far-today-inclu,
news,kaggle_news:Jayson Derrick,2018-08-01 04:00:00,5 iPhone Suppliers That Could Benefit From Apple's Solid Q3,https://www.benzinga.com/analyst-ratings/analyst-color/18/08/12116769/5-iphone-suppliers-that-could-benefit-from-apples-solid,
news,kaggle_news:Lisa Levin,2018-08-01 04:00:00,"Benzinga's Top Upgrades, Downgrades For August 1, 2018",https://www.benzinga.com/analyst-ratings/upgrades/18/08/12117070/benzingas-top-upgrades-downgrades-for-august-1-2018,
news,kaggle_news:ETF Professor,2018-08-01 04:00:00,Leveraged ETF Traders Were Jittery About Apple Earnings,https://www.benzinga.com/news/earnings/18/08/12111284/leveraged-etf-traders-were-jittery-about-apple-earnings,
news,kaggle_news:Benzinga Newsdesk,2018-08-01 04:00:00,"S&P 500 Futures Down 0.2%, Dow Jones Industrial Average Down ~0.4%, Nasdaq Up ~0.3% Ahead Of Fed Rate Decision At 2 p.m. EDT",https://www.benzinga.com/news/18/08/12120051/s-p-500-futures-down-0-2-dow-jones-industrial-average-down-0-4-nasdaq-up-0-3-ahe,
news,kaggle_news:Benzinga_Newsdesk,2018-08-01 04:00:00,Hearing Amazon Plans To Move Completely Off Oracle By Early 2020,https://www.benzinga.com/news/18/08/12120548/hearing-amazon-plans-to-move-completely-off-oracle-by-early-2020,
news,kaggle_news:Jayson Derrick,2018-08-01 04:00:00,Cramer Says Apple Shares Should Trade At $300,https://www.benzinga.com/tech/18/08/12118041/cramer-says-apple-shares-should-trade-at-300,
news,kaggle_news:Benzinga Newsdesk,2018-08-01 04:00:00,Stocks That Made New 52 Week Lows Today Include Ford and Western Digital,https://www.benzinga.com/trading-ideas/technicals/18/08/12119890/stocks-that-made-new-52-week-lows-today-include-ford-and-wes,
news,kaggle_news:Hannah Genig,2018-08-01 04:00:00,Cytokinetics Downgraded On Data Delay,https://www.benzinga.com/analyst-ratings/analyst-color/18/08/12116505/cytokinetics-downgraded-on-data-delay,
news,kaggle_news:Benzinga_Newsdesk,2018-08-01 04:00:00,"Humana On Conf. Call Says They Still Have A Strong Relationship With Walmart And Continues To Look At Ways To Expand That, Says They Serve Very Similar Customer Segments",https://www.benzinga.com/news/18/08/12117570/humana-on-conf-call-says-they-still-have-a-strong-relationship-with-walmart-and-,
news,kaggle_news:Benzinga Newsdesk,2018-08-01 04:00:00,"ChannelAdvisor Reports Expansion Of Strategic Alliance With Google To Support Shopping Actions Program, No Terms Disclosed",https://www.benzinga.com/news/18/08/12116219/channeladvisor-reports-expansion-of-strategic-alliance-with-google-to-support-sh,
news,kaggle_news:Benzinga_Newsdesk,2018-08-01 04:00:00,"Senior Execs From Facebook, Twitter, And Google To Testify To U.S. Senate Intel Committee On Sept. 5th According To The Committee Vice Chairman",https://www.benzinga.com/news/18/08/12117461/senior-execs-from-facebook-twitter-and-google-to-testify-to-u-s-senate-intel-com,
news,kaggle_news:Benzinga_Newsdesk,2018-08-01 04:00:00,"'Google Plans To Launch Censored Search Engine In China, Leaded Documents Reveal'-The Intercept",https://www.benzinga.com/news/18/08/12115033/google-plans-to-launch-censored-search-engine-in-china-leaded-documents-reveal-t,
news,kaggle_news:Benzinga_Newsdesk,2018-08-01 04:00:00,Stifel Nicolaus Downgrades Equity Commonwealth to Hold,https://www.benzinga.com/news/18/08/12115550/stifel-nicolaus-downgrades-equity-commonwealth-to-hold,
news,kaggle_news:Craig Jones,2018-08-01 04:00:00,"Apple, Caterpillar, CBS, Pfizer: 'Fast Money' Picks For August 1",https://www.benzinga.com/media/18/08/12113941/apple-caterpillar-cbs-pfizer-fast-money-picks-for-august-1,
news,kaggle_news:Charles Gross,2018-08-01 04:00:00,Oracle Option Alert: Aug 10 $47.5 Puts Sweep (16) near the Ask: 500 @ $0.7 vs 54 OI; Earnings 9/13 After Close [est] Ref=$47.29,https://www.benzinga.com/markets/options/18/08/12120982/oracle-option-alert-aug-10-47-5-puts-sweep-16-near-the-ask-500-0-7-vs,
news,kaggle_news:Vick Meyer,2018-08-01 04:00:00,"Credit Suisse Maintains Neutral on Pfizer, Raises Price Target to $40",https://www.benzinga.com/news/18/08/12116775/credit-suisse-maintains-neutral-on-pfizer-raises-price-target-to-40,
news,kaggle_news:Benzinga_Newsdesk,2018-08-01 04:00:00,Compass Point Downgrades Horizon Tech Finance to Sell,https://www.benzinga.com/news/18/08/12115064/compass-point-downgrades-horizon-tech-finance-to-sell,
news,kaggle_news:Benzinga Newsdesk,2018-08-01 04:00:00,U.S. Said To Prepare List of Economic Sanctions Against Turkey,https://www.benzinga.com/news/18/08/12119028/u-s-said-to-prepare-list-of-economic-sanctions-against-turkey,
news,kaggle_news:Benzinga Newsdesk,2018-08-01 04:00:00,UPDATE: U.S. Treasury Says Turkey Sanctions Will Target Country's Justice and Interior Ministers,https://www.benzinga.com/news/18/08/12119930/update-u-s-treasury-says-turkey-sanctions-will-target-countrys-justice-and-inter,
news,kaggle_news:Benzinga_Newsdesk,2018-08-01 04:00:00,Zendesk Launches Integration With WhatsApp Business Solution,https://www.benzinga.com/news/18/08/12119168/zendesk-launches-integration-with-whatsapp-business-solution,
news,kaggle_news:Benzinga_Newsdesk,2018-08-01 04:00:00,"Stifel Nicolaus Downgrades NewLink Genetics to Hold, Lowers Price Target to $4",https://www.benzinga.com/news/18/08/12115554/stifel-nicolaus-downgrades-newlink-genetics-to-hold-lowers-price-target-to-4,
news,kaggle_news:Benzinga_Newsdesk,2018-08-01 04:00:00,BMO Capital Downgrades Acadia Healthcare Co to Market Perform,https://www.benzinga.com/news/18/08/12115806/bmo-capital-downgrades-acadia-healthcare-co-to-market-perform,
news,kaggle_news:Benzinga_Newsdesk,2018-08-01 04:00:00,BMO Capital Downgrades Universal Health Services to Market Perform,https://www.benzinga.com/news/18/08/12115807/bmo-capital-downgrades-universal-health-services-to-market-perform,
news,kaggle_news:Vick Meyer,2018-08-01 04:00:00,"BMO Capital Maintains Outperform on Pfizer, Raises Price Target to $44",https://www.benzinga.com/news/18/08/12117489/bmo-capital-maintains-outperform-on-pfizer-raises-price-target-to-44,
news,kaggle_news:Elizabeth Balboa,2018-08-01 04:00:00,Toyota Tops Ford In July Auto Sales As Most Automakers Suffer North American Declines,https://www.benzinga.com/news/18/08/12118569/toyota-tops-ford-in-july-auto-sales-as-most-automakers-suffer-north-american-dec,
news,kaggle_news:Benzinga_Newsdesk,2018-08-01 04:00:00,JMP Securities Downgrades Incyte to Market Perform,https://www.benzinga.com/news/18/08/12115599/jmp-securities-downgrades-incyte-to-market-perform,
news,kaggle_news:GuruFocus,2018-08-01 07:44:00,"Suffolk Capital Management Llc Buys Facebook Inc, AT&T Inc, PepsiCo Inc, Sells DXC ...",http://www.gurufocus.com/news/716179/suffolk-capital-management-llc-buys-facebook-inc-att-inc-pepsico-inc-sells-dxc-technology-co-microsoft-corp-time-warner-inc,
news,kaggle_news:Seeking Alpha,2018-08-01 08:04:00,America Will Win The Trade War,https://seekingalpha.com/article/4192966-america-will-win-trade-war?source=partner_benzinga,
news,kaggle_news:Seeking Alpha,2018-08-01 08:28:00,BOJ Officially Commits To Decoupling From The Fed,https://seekingalpha.com/article/4192969-boj-officially-commits-decoupling-fed?source=partner_benzinga,
news,kaggle_news:Seeking Alpha,2018-08-01 08:32:00,"ArcelorMittal says tariffs lifted Q2 results, sees improving global steel market",https://seekingalpha.com/news/3376610-arcelormittal-says-tariffs-lifted-q2-results-sees-improving-global-steel-market?source=partner_benzinga,
news,kaggle_news:Seeking Alpha,2018-08-01 08:43:00,Industrial metals plunge as Trump threatens to up the ante in China dispute,https://seekingalpha.com/news/3376729-industrial-metals-plunge-trump-threatens-ante-china-dispute?source=partner_benzinga,
news,kaggle_news:Seeking Alpha,2018-08-01 09:22:00,Fed Says No Rate Hike (Wall Street Breakfast Podcast),https://seekingalpha.com/article/4192945-fed-says-rate-hike-wall-street-breakfast-podcast?source=partner_benzinga,
news,kaggle_news:Seeking Alpha,2018-08-01 10:21:00,U.S.-China trade war back in focus,https://seekingalpha.com/news/3376391-u-s-china-trade-war-back-focus?source=partner_benzinga,
news,kaggle_news:Investor's Business Daily,2018-08-01 10:26:00,"Apple, Paycom Surge, But Dow Jones Wilts; This Key Sector Sinks",http://www.investors.com/market-trend/stock-market-today/apple-paycom-surge-dow-jones/?src=A00237A&ven=BenzingaCP&src=AURLAAM,
news,kaggle_news:Seeking Alpha,2018-08-01 11:02:00,Trade And Japan Drive Markets Ahead Of Stand Pat Fed,https://seekingalpha.com/article/4192937-trade-japan-drive-markets-ahead-stand-pat-fed?source=partner_benzinga,
news,kaggle_news:Seeking Alpha,2018-08-01 11:03:00,"Own Apple, Don't Trade It - Cramer's Mad Money (7/31/18)",https://seekingalpha.com/article/4192939-apple-trade-cramers-mad-money-7-31-18?source=partner_benzinga,
news,kaggle_news:Zacks,2018-08-01 12:04:00,"Kadant (KAI) Q2 Earnings Beat, Forex & Tariff Woes Hurt View",http://www.zacks.com/stock/news/314855/kadant-kai-q2-earnings-beat-forex-tariff-woes-hurt-view?cid=CS-BENZ-FT-314855,
news,kaggle_news:Seeking Alpha,2018-08-01 12:10:00,Kimco Shrugs Off Toys 'R' Us Bankruptcy... Shares Are Cheap,https://seekingalpha.com/article/4192903-kimco-shrugs-toys-r-us-bankruptcy-shares-cheap?source=partner_benzinga,
news,kaggle_news:Zacks,2018-08-01 12:28:00,Apple ETFs Set to Surge Post Strong Q3 Results,http://www.zacks.com/stock/news/314942/apple-etfs-set-to-surge-post-strong-q3-results?cid=CS-BENZ-FT-314942,
news,kaggle_news:Investor's Business Daily,2018-08-01 12:31:00,5 Top Tech-Stock Plays Poised To Move On Apple's Earnings Beat,http://www.investors.com/etfs-and-funds/etfs/top-tech-stock-etfs-apple-earnings/?src=A00237A&ven=BenzingaCP&src=AURLAAM,
news,kaggle_news:Zacks,2018-08-01 13:26:00,"The Zacks Analyst Blog Highlights: ExxonMobil, Chevron, Royal Dutch, TOTAL and ConocoPhillips",http://www.zacks.com/stock/news/314773/the-zacks-analyst-blog-highlights-exxonmobil-chevron-royal-dutch-total-and-conocophillips?cid=CS-BENZ-FT-314773,
news,kaggle_news:Zacks,2018-08-01 13:39:00,"The Zacks Analyst Blog Highlights: Comcast, United Technologies, Biogen, Mondelez and Valero",http://www.zacks.com/stock/news/314772/the-zacks-analyst-blog-highlights-comcast-united-technologies-biogen-mondelez-and-valero?cid=CS-BENZ-FT-314772,
news,kaggle_news:Zacks,2018-08-01 14:17:00,Looming US Sanctions on Iran Could Boost Oil Stocks: 5 Picks,http://www.zacks.com/stock/news/314920/looming-us-sanctions-on-iran-could-boost-oil-stocks-5-picks?cid=CS-BENZ-FT-314920,
news,kaggle_news:Seeking Alpha,2018-08-01 14:28:00,U.S. And World Oil Production And Exxon Mobil Outlook,https://seekingalpha.com/article/4193331-u-s-world-oil-production-exxon-mobil-outlook?source=partner_benzinga,
news,kaggle_news:Zacks,2018-08-01 14:50:00,"Top Stock Reports for Celgene, Exxon Mobil & Berkshire Hathaway",http://www.zacks.com/research-daily/174500/top-stock-reports-for-celgene-exxon-mobil-berkshire-hathaway?cid=CS-BENZ-FT-174500,
news,kaggle_news:Investor's Business Daily,2018-08-01 15:01:00,"Apple, Trade War Threats Divide Stock Futures Ahead Of Fed Vote",http://www.investors.com/market-trend/stock-market-today/apple-trade-war-stock-futures-fed-decision/?src=A00237A&ven=BenzingaCP&src=AURLAAM,
news,kaggle_news:Seeking Alpha,2018-08-01 15:24:00,"Market Volatility Bulletin: Apple Smashes, But Indexes Soften Against Global Equity Setback",https://seekingalpha.com/article/4193069-market-volatility-bulletin-apple-smashes-indexes-soften-global-equity-setback?source=partner_benzinga,
news,kaggle_news:Seeking Alpha,2018-08-01 15:26:00,"Ares Capital Q2 benefits from rising interest rates, portfolio rotation",https://seekingalpha.com/news/3376586-ares-capital-q2-benefits-rising-interest-rates-portfolio-rotation?source=partner_benzinga,
news,kaggle_news:Seeking Alpha,2018-08-01 15:27:00,RBI ups rates again to fight inflation,https://seekingalpha.com/news/3376407-rbi-ups-rates-fight-inflation?source=partner_benzinga,
news,kaggle_news:GuruFocus,2018-08-01 16:05:00,"Veritas Investment Management LLP Buys Fiserv Inc, Cerner Corp, Sells Comcast Corp, The Hershey ...",http://www.gurufocus.com/news/716171/veritas-investment-management-llp-buys-fiserv-inc-cerner-corp-sells-comcast-corp-the-hershey-co-merck-inc,
news,kaggle_news:Seeking Alpha,2018-08-01 16:18:00,Trade War Angst Trumps Fed Rate Decision,https://seekingalpha.com/article/4192973-trade-war-angst-trumps-fed-rate-decision?source=partner_benzinga,
news,kaggle_news:Investor's Business Daily,2018-08-01 16:19:00,Apple Stock Fuels Modest Tech Rally As Fed Statement Looms Large,http://www.investors.com/market-trend/stock-market-today/apple-stock-fuels-nasdaq-rally-fed-statement/?src=A00237A&ven=BenzingaCP&src=AURLAAM,
news,kaggle_news:Seeking Alpha,2018-08-01 16:42:00,Emerging Markets Sell Off In The Second Quarter,https://seekingalpha.com/article/4192985-emerging-markets-sell-second-quarter?source=partner_benzinga,
news,kaggle_news:Seeking Alpha,2018-08-01 17:52:00,"Wall Street Breakfast: Fed, Apple, Tariffs",https://seekingalpha.com/article/4192931-wall-street-breakfast-fed-apple-tariffs?source=partner_benzinga,
news,kaggle_news:Investor's Business Daily,2018-08-01 18:27:00,"'Apple Of Oil,' Shake Shack, Scandal-Ridden CBS Earnings Due: Investing Action Plan",http://www.investors.com/research/investing-action-plan/eog-earnings-shake-shack-cbs/?src=A00237A&ven=BenzingaCP&src=AURLAAM,
news,kaggle_news:Seeking Alpha,2018-08-01 18:31:00,Dollar Higher Ahead Of Fed Meeting OANDA Market Beat Podcast,https://seekingalpha.com/article/4192884-dollar-higher-ahead-fed-meeting-oanda-market-beat-podcast?source=partner_benzinga,
news,kaggle_news:GuruFocus,2018-08-01 18:43:00,"BigSur Wealth Management LLC Buys Walt Disney Co, iShares Global –……, Amazon. ...",http://www.gurufocus.com/news/716170/bigsur-wealth-management-llc-buys-walt-disney-co-ishares-global-100-amazoncom-inc-sells-ishares-iboxx--investment-grade-corporate-bond-spdr-nuveen-bloomberg-barclays-short-term-municipa-ishares-msci-acwi-index-fund,
news,kaggle_news:Investor's Business Daily,2018-08-01 18:45:00,"Rate Hikes, Trade War Help Fuel Medical Stocks As Market Leadership Rotates",http://www.investors.com/research/ibd-industry-themes/trade-war-fuel-medical-stocks/?src=A00237A&ven=BenzingaCP&src=AURLAAM,
news,kaggle_news:Seeking Alpha,2018-08-01 18:46:00,Windstream refinances $1.4B; default trial wraps up,https://seekingalpha.com/news/3376733-windstream-refinances-1_4b-default-trial-wraps?source=partner_benzinga,
news,kaggle_news:Seeking Alpha,2018-08-01 19:16:00,"Zendesk +13.3% on Q2 beats, upside guide, WhatsApp partnership",https://seekingalpha.com/news/3376807-zendesk-plus-13_3-percent-q2-beats-upside-guide-whatsapp-partnership?source=partner_benzinga,
news,kaggle_news:Seeking Alpha,2018-08-01 19:39:00,"Germany: Headline Inflation Backtracks Further, Core Remains Low",https://seekingalpha.com/article/4192923-germany-headline-inflation-backtracks-core-remains-low?source=partner_benzinga,
news,kaggle_news:Seeking Alpha,2018-08-01 20:00:00,Exxon Mobil Offers A Rare Second Chance To Buy Into The Shale Story,https://seekingalpha.com/article/4192990-exxon-mobil-offers-rare-second-chance-buy-shale-story?source=partner_benzinga,
news,kaggle_news:Investor's Business Daily,2018-08-01 20:15:00,Tech Stocks Lead As Apple Hits New Buy Point On Earnings Beat,http://www.investors.com/market-trend/stock-market-today/stock-market-apple-stock-earnings-buy-point/?src=A00237A&ven=BenzingaCP&src=AURLAAM,
news,kaggle_news:Benzinga Newsdesk,2018-08-02 04:00:00,Earlier: 'Contaminated salad: the list of McDonald's from Île-de-France concerned'- French Media Le Parisien Article,https://www.benzinga.com/news/18/08/12129928/earlier-contaminated-salad-the-list-of-mcdonalds-from-le-de-france-concerned-fre,
news,kaggle_news:Benzinga_Newsdesk,2018-08-02 04:00:00,Canaccord Genuity Downgrades Red Robin Gourmet Burgers to Hold,https://www.benzinga.com/news/18/08/12127855/canaccord-genuity-downgrades-red-robin-gourmet-burgers-to-hold,
news,kaggle_news:Benzinga Newsdesk,2018-08-02 04:00:00,"Amazon and Comcast Announce Partnership, Will Launch Prime Video on Xfinity X1 Later This Year",https://www.benzinga.com/news/18/08/12130399/amazon-and-comcast-announce-partnership-will-launch-prime-video-on-xfinity-x1-la,
news,kaggle_news:Vick Meyer,2018-08-02 04:00:00,"Citigroup Maintains Buy on Charter Communications, Lowers Price Target to $375",https://www.benzinga.com/news/18/08/12129085/citigroup-maintains-buy-on-charter-communications-lowers-price-target-to-375,
news,kaggle_news:Vick Meyer,2018-08-02 04:00:00,"Citigroup Maintains Buy on Duke Realty, Raises Price Target to $33",https://www.benzinga.com/news/18/08/12129133/citigroup-maintains-buy-on-duke-realty-raises-price-target-to-33,
news,kaggle_news:Benzinga Newsdesk,2018-08-02 04:00:00,Verizon and Motorola Launch 1st 5G Upgradable Smartphone,https://www.benzinga.com/news/18/08/12131934/verizon-and-motorola-launch-1st-5g-upgradable-smartphone,
news,kaggle_news:Benzinga Newsdesk,2018-08-02 04:00:00,Activision And Tencent Bringing New Call Of Duty Mobile Game To China,https://www.benzinga.com/news/18/08/12127856/activision-and-tencent-bringing-new-call-of-duty-mobile-game-to-china,
news,kaggle_news:Brett Hershman,2018-08-02 04:00:00,"Morgan Stanley Picks Nike Over Foot Locker, Says Brand's Growth May Not Translate To Retail Partner",https://www.benzinga.com/analyst-ratings/analyst-color/18/08/12131404/morgan-stanley-picks-nike-over-foot-locker-says-brands-,
news,kaggle_news:Benzinga Newsdesk,2018-08-02 04:00:00,Netflix To Pay ~$7.2M To Settle Litigation With Relativity,https://www.benzinga.com/news/18/08/12130691/netflix-to-pay-7-2m-to-settle-litigation-with-relativity,
news,kaggle_news:Benzinga_Newsdesk,2018-08-02 04:00:00,First Analysis Downgrades Insperity to Equal-Weight,https://www.benzinga.com/news/18/08/12127465/first-analysis-downgrades-insperity-to-equal-weight,
news,kaggle_news:Ezra Schwarzbaum,2018-08-02 04:00:00,"The iQIYI Growth Story Is Priced In, Goldman Says In Downgrade",https://www.benzinga.com/analyst-ratings/analyst-color/18/08/12129686/the-iqiyi-growth-story-is-priced-in-goldman-says-in-dow,
news,kaggle_news:Vick Meyer,2018-08-02 04:00:00,"Citigroup Maintains Neutral on National Retail Props, Raises Price Target to $44",https://www.benzinga.com/news/18/08/12129258/citigroup-maintains-neutral-on-national-retail-props-raises-price-target-to-44,
news,kaggle_news:Vick Meyer,2018-08-02 04:00:00,"Citigroup Maintains Neutral on Fortinet, Raises Price Target to $71",https://www.benzinga.com/news/18/08/12129231/citigroup-maintains-neutral-on-fortinet-raises-price-target-to-71,
news,kaggle_news:Vick Meyer,2018-08-02 04:00:00,"Citigroup Maintains Neutral on Fiserv, Raises Price Target to $76",https://www.benzinga.com/news/18/08/12129223/citigroup-maintains-neutral-on-fiserv-raises-price-target-to-76,
news,kaggle_news:Jayson Derrick,2018-08-02 04:00:00,"Red Robin's Catalysts Aren't Playing Out As Expected, Canaccord Says In Downgrade",https://www.benzinga.com/analyst-ratings/analyst-color/18/08/12129450/red-robins-catalysts-arent-playing-out-as-expected-cana,
news,kaggle_news:Benzinga_Newsdesk,2018-08-02 04:00:00,JP Morgan Downgrades Criteo to Neutral,https://www.benzinga.com/news/18/08/12127454/jp-morgan-downgrades-criteo-to-neutral,
news,kaggle_news:Charles Gross,2018-08-02 04:00:00,China's HNA Exploring Sale of Radisson Hotel Group to Jin Jang for ~$2B,https://www.benzinga.com/news/18/08/12125426/chinas-hna-exploring-sale-of-radisson-hotel-group-ti-jin-jang-for-2b,
news,kaggle_news:Vick Meyer,2018-08-02 04:00:00,"Citigroup Maintains Neutral on Criteo, Lowers Price Target to $32",https://www.benzinga.com/news/18/08/12129096/citigroup-maintains-neutral-on-criteo-lowers-price-target-to-32,
news,kaggle_news:Vick Meyer,2018-08-02 04:00:00,"Citigroup Maintains Buy on RenaissanceRe Holdings, Raises Price Target to $151",https://www.benzinga.com/news/18/08/12129270/citigroup-maintains-buy-on-renaissancere-holdings-raises-price-target-to-151,
news,kaggle_news:Benzinga_Newsdesk,2018-08-02 04:00:00,Shares of McDonald's Down ~0.6% As Traders Circulate A Report From Business Insider France Titled 'An internal audit revealed the presence of listeria at McDonald's - here is the list of restaurants involved',https://www.benzinga.com/news/18/08/12128988/shares-of-mcdonalds-down-0-6-as-traders-circulate-a-report-from-business-insider,
news,kaggle_news:Benzinga_Newsdesk,2018-08-02 04:00:00,Raymond James Downgrades Red Robin Gourmet Burgers to Market Perform,https://www.benzinga.com/news/18/08/12126909/raymond-james-downgrades-red-robin-gourmet-burgers-to-market-perform,
news,kaggle_news:Benzinga Newsdesk,2018-08-02 04:00:00,"UPDATE: Cisco Confirms Purchase Of Duo Security For $2.35B In Cash, Assumed Equity Awards For Duo's Outstanding Shares, Warrants, Equity Incentives",https://www.benzinga.com/news/18/08/12126830/update-cisco-confirms-purchase-of-duo-security-for-2-35b-in-cash-assumed-equity-,
news,kaggle_news:Hannah Genig,2018-08-02 04:00:00,Cisco To Buy Michigan-Based Duo Security In $2.35B Deal,https://www.benzinga.com/news/18/08/12127851/cisco-to-buy-michigan-based-duo-security-in-2-35b-deal,
news,kaggle_news:Benzinga Newsdesk,2018-08-02 04:00:00,Cisco Said To Be In Talks To Buy Duo Security For ~$2B,https://www.benzinga.com/news/18/08/12126824/cisco-said-to-be-in-talks-to-buy-duo-security-for-2b,
news,kaggle_news:Benzinga_Newsdesk,2018-08-02 04:00:00,Noble Financial Downgrades Engility Holdings to Hold,https://www.benzinga.com/news/18/08/12128239/noble-financial-downgrades-engility-holdings-to-hold,
news,kaggle_news:Jayson Derrick,2018-08-02 04:00:00,Cramer Questions Why Apple Trades At Valuation Discount To Procter & Gamble,https://www.benzinga.com/media/18/08/12128641/cramer-questions-why-apple-trades-at-valuation-discount-to-procter-gamble,
news,kaggle_news:Benzinga Newsdesk,2018-08-02 04:00:00,UPDATE: Business Insider France Article On Listeria Which Moved McDonald's Shares Lower Is ~4 Hours Old,https://www.benzinga.com/news/18/08/12128992/update-business-insider-france-article-on-listeria-which-moved-mcdonalds-shares-,
news,kaggle_news:Benzinga_Newsdesk,2018-08-02 04:00:00,Barclays Downgrades Hanesbrands to Equal-Weight,https://www.benzinga.com/news/18/08/12125895/barclays-downgrades-hanesbrands-to-equal-weight,
news,kaggle_news:Vick Meyer,2018-08-02 04:00:00,"Citigroup Maintains Buy on Bunge, Lowers Price Target to $92",https://www.benzinga.com/news/18/08/12129039/citigroup-maintains-buy-on-bunge-lowers-price-target-to-92,
news,kaggle_news:Benzinga_Newsdesk,2018-08-02 04:00:00,JP Morgan Downgrades Bunge to Neutral,https://www.benzinga.com/news/18/08/12127453/jp-morgan-downgrades-bunge-to-neutral,
news,kaggle_news:Benzinga Newsdesk,2018-08-02 04:00:00,McDonald's Shares Now Down 1.4% Following Circulation Of 4-Hour Old Business Insider France Article Suggesting 'Presence Of Listeria',https://www.benzinga.com/news/18/08/12129027/mcdonalds-shares-now-down-1-4-following-circulation-of-4-hour-old-business-insid,
news,kaggle_news:Jayson Derrick,2018-08-02 04:00:00,Starbucks CEO Explains New Alibaba Partnership,https://www.benzinga.com/markets/emerging-markets/18/08/12128177/starbucks-ceo-explains-new-alibaba-partnership,
news,kaggle_news:Charles Gross,2018-08-02 04:00:00,"Starbucks, Alibaba Group Form Strategic Partnership in China",https://www.benzinga.com/news/18/08/12125392/starbucks-alibaba-group-form-strategic-partnership-in-china,
news,kaggle_news:Benzinga_Newsdesk,2018-08-02 04:00:00,BMO Capital Downgrades Cross Country Healthcare to Market Perform,https://www.benzinga.com/news/18/08/12127115/bmo-capital-downgrades-cross-country-healthcare-to-market-perform,
news,kaggle_news:Benzinga_Newsdesk,2018-08-02 04:00:00,Keefe Bruyette & Woods Downgrades Verisk Analytics to Market Perform,https://www.benzinga.com/news/18/08/12127386/keefe-bruyette-woods-downgrades-verisk-analytics-to-market-perform,
news,kaggle_news:Benzinga Newsdesk,2018-08-02 04:00:00,"Stocks That Made New 52 Week Highs So Far Today Include: PerkinElmer, Eli Lilly, Zoetis, Apple, Simon Property Group, Global Payments, and Church & Dwight",https://www.benzinga.com/trading-ideas/technicals/18/08/12129601/stocks-that-made-new-52-week-highs-so-far-today-include-perk,
news,kaggle_news:Lisa Levin,2018-08-02 04:00:00,"Benzinga's Top Upgrades, Downgrades For August 2, 2018",https://www.benzinga.com/analyst-ratings/upgrades/18/08/12127906/benzingas-top-upgrades-downgrades-for-august-2-2018,
news,kaggle_news:Seeking Alpha,2018-08-02 07:21:00,"U.S. Oil Exports Rise To India, Drop To China",https://seekingalpha.com/article/4193693-u-s-oil-exports-rise-india-drop-china?source=partner_benzinga,
news,kaggle_news:Zacks,2018-08-02 07:53:00,Apple Helps the NASDAQ Stay in the Green,https://www.zacks.com/registration/ultimatetrader/welcome/eoffer/30c3?adid=ZU_CONTENT_SYND&cid=CS-BENZ-FT-17413,
news,kaggle_news:Seeking Alpha,2018-08-02 08:17:00,More post-Brexit business for Frankfurt,https://seekingalpha.com/news/3377234-post-brexit-business-frankfurt?source=partner_benzinga,
news,kaggle_news:Zacks,2018-08-02 08:19:00,"Yum China (YUMC) Q2 Earnings Beat, Revenues Miss Estimates",http://www.zacks.com/stock/news/315474/yum-china-yumc-q2-earnings-beat-revenues-miss-estimates?cid=CS-BENZ-FT-315474,
news,kaggle_news:Zacks,2018-08-02 08:29:00,"Top Research Reports for Apple, Procter & Gamble & Citigroup",http://www.zacks.com/research-daily/174635/top-research-reports-for-apple-procter-gamble-citigroup?cid=CS-BENZ-FT-174635,
news,kaggle_news:Seeking Alpha,2018-08-02 08:41:00,McDonald's: Dividend Aristocrat For Total Return And Income,https://seekingalpha.com/article/4193593-mcdonalds-dividend-aristocrat-total-return-income?source=partner_benzinga,
news,kaggle_news:Zacks,2018-08-02 09:07:00,Can Beer & Soda Makers Survive Trump Tariffs With Price Hike?,http://www.zacks.com/stock/news/315327/can-beer-soda-makers-survive-trump-tariffs-with-price-hike?cid=CS-BENZ-FT-315327,
news,kaggle_news:Zacks,2018-08-02 09:14:00,Caterpillar (CAT) Stock Is a Strong Buy Despite Tariff Concerns,http://www.zacks.com/stock/news/315557/caterpillar-cat-stock-is-a-strong-buy-despite-tariff-concerns?cid=CS-BENZ-FT-315557,
news,kaggle_news:Seeking Alpha,2018-08-02 09:42:00,Facebook: Felled By The Herd,https://seekingalpha.com/article/4193936-facebook-felled-herd?source=partner_benzinga,
news,kaggle_news:Zacks,2018-08-02 09:46:00,"Auto Stock Roundup: Ford, Tesla Earnings Miss, Honda Motor Revenues Up",http://www.zacks.com/stock/news/315396/auto-stock-roundup-ford-tesla-earnings-miss-honda-motor-revenues-up?cid=CS-BENZ-FT-315396,
news,kaggle_news:Zacks,2018-08-02 09:50:00,Why Amazon (AMZN) Stock Is A Strong Buy Right Now,http://www.zacks.com/stock/news/315545/why-amazon-amzn-stock-is-a-strong-buy-right-now?cid=CS-BENZ-FT-315545,
news,kaggle_news:Zacks,2018-08-02 10:52:00,"Apache (APA) Q2 Earnings Beat on Oil Price, Permian Strength",http://www.zacks.com/stock/news/315183/apache-apa-q2-earnings-beat-on-oil-price-permian-strength?cid=CS-BENZ-FT-315183,
news,kaggle_news:Seeking Alpha,2018-08-02 11:55:00,U.S. To Squeeze China Through Pakistan,https://seekingalpha.com/article/4193501-u-s-squeeze-china-pakistan?source=partner_benzinga,
news,kaggle_news:Investor's Business Daily,2018-08-02 12:42:00,Why You Should Be Wary Of Buying Apple Or Tesla Now: Dow Jones Futures,http://www.investors.com/market-trend/stock-market-today/apple-stock-tesla-stock-dont-buy-now-dow-futures/?src=A00237A&ven=BenzingaCP&src=AURLAAM,
news,kaggle_news:Zacks,2018-08-02 12:43:00,Trade War Fears Haunt Investors Again,http://www.zacks.com/stock/news/315439/trade-war-fears-haunt-investors-again?cid=CS-BENZ-FT-315439,
news,kaggle_news:Investor's Business Daily,2018-08-02 12:52:00,The $1 Trillion Question: What Does Apple Have In Common With These Top Stocks?,http://www.investors.com/research/what-apple-stock-common-top-stocks/?src=A00237A&ven=BenzingaCP&src=AURLAAM,
news,kaggle_news:Seeking Alpha,2018-08-02 13:04:00,Huya's First U.S. Quarter: Checking Up On The 'Twitch Of China',https://seekingalpha.com/article/4193613-huyas-first-u-s-quarter-checking-twitch-china?source=partner_benzinga,
news,kaggle_news:Zacks,2018-08-02 14:21:00,Buy 5 Low-Beta Stocks as US-China Trade Tensions Escalate,http://www.zacks.com/stock/news/315282/buy-5-low-beta-stocks-as-us-china-trade-tensions-escalate?cid=CS-BENZ-FT-315282,
news,kaggle_news:Seeking Alpha,2018-08-02 15:54:00,Stocks Down Over U.S./China Trade Dispute (Wall Street Breakfast Podcast),https://seekingalpha.com/article/4193558-stocks-u-s-china-trade-dispute-wall-street-breakfast-podcast?source=partner_benzinga,
news,kaggle_news:GuruFocus,2018-08-02 16:14:00,Warren Buffett's Apple Eclipses $– Trillion Market Cap,http://www.gurufocus.com/news/716895/warren-buffetts-apple-eclipses-1-trillion-market-cap,
news,kaggle_news:Seeking Alpha,2018-08-02 16:30:00,"Waste Management: A Strong Quarter, A Stronger Trade War",https://seekingalpha.com/article/4193537-waste-management-strong-quarter-stronger-trade-war?source=partner_benzinga,
news,kaggle_news:Zacks,2018-08-02 17:30:00,Top 5 ROE Picks as Q2 Earnings Shine Despite Trade War Woes,http://www.zacks.com/stock/news/315315/top-5-roe-picks-as-q2-earnings-shine-despite-trade-war-woes?cid=CS-BENZ-FT-315315,
news,kaggle_news:Investor's Business Daily,2018-08-02 17:31:00,Trump Torpedoes China Stocks With Escalating Trade War Threats,http://www.investors.com/etfs-and-funds/etfs/trump-trade-war-threats-hit-china-stocks/?src=A00237A&ven=BenzingaCP&src=AURLAAM,
news,kaggle_news:Seeking Alpha,2018-08-02 17:58:00,"China, Brazil And The Future For U.S. Corn",https://seekingalpha.com/article/4193506-china-brazil-future-u-s-corn?source=partner_benzinga,
news,kaggle_news:Investor's Business Daily,2018-08-02 18:20:00,"Stock Market Recovers; Apple, Sturm Ruger Race Ahead",http://www.investors.com/market-trend/stock-market-today/stocks-apple-sturm-ruger/?src=A00237A&ven=BenzingaCP&src=AURLAAM,
news,kaggle_news:Seeking Alpha,2018-08-02 18:59:00,Cigna shareholders unlikely to reject Express Scripts deal - JPMorgan,https://seekingalpha.com/news/3377477-cigna-shareholders-unlikely-reject-express-scripts-deal-jpmorgan?source=partner_benzinga,
news,kaggle_news:Investor's Business Daily,2018-08-02 19:00:00,Dow Jones Falls On Trade War Fears; Tesla Stock Buoys Nasdaq,http://www.investors.com/market-trend/stock-market-today/dow-jones-lags-trade-war-fears-apple-stock/?src=A00237A&ven=BenzingaCP&src=AURLAAM,
news,kaggle_news:Seeking Alpha,2018-08-02 19:24:00,J.P. Morgan downgrades Criteo on limited visibility,https://seekingalpha.com/news/3377624-j-p-morgan-downgrades-criteo-limited-visibility?source=partner_benzinga,
news,kaggle_news:Seeking Alpha,2018-08-02 20:24:00,Backfire Economics: The U.S. Nail Business Gets Hammered By Trump's Steel Tariffs,https://seekingalpha.com/article/4193529-backfire-economics-u-s-nail-business-gets-hammered-trumps-steel-tariffs?source=partner_benzinga,
news,kaggle_news:Seeking Alpha,2018-08-02 20:25:00,Amazon's Fulfillment Center Purchase Displays Upside For Prologis,https://seekingalpha.com/article/4193684-amazons-fulfillment-center-purchase-displays-upside-prologis?source=partner_benzinga,
news,kaggle_news:Seeking Alpha,2018-08-02 20:56:00,Another 'Strongest Since' Inflation Indicator,https://seekingalpha.com/article/4193633-another-strongest-since-inflation-indicator?source=partner_benzinga,
news,kaggle_news:Benzinga Newsdesk,2018-08-03 04:00:00,'Starbucks partners with Microsoft and a leading global exchange on a new cryptocurrency that can pay for Frappuccinos.' -Recent CNBC Tweet,https://www.benzinga.com/markets/cryptocurrency/18/08/12137934/starbucks-partners-with-microsoft-and-a-leading-global-exchang,
news,kaggle_news:Benzinga Newsdesk,2018-08-03 04:00:00,"China's Ministry Of Commerce Says New Proposed Tariffs Will Be On Semiconductors, Chemical Products, Wine, Soybean Oil, Peanut Oil, Corn Oil, Olive Oil, Beef, Coffee, Wheat Flour, Spirits",https://www.benzinga.com/news/18/08/12137548/chinas-ministry-of-commerce-says-new-proposed-tariffs-will-be-on-semiconductors-,
news,kaggle_news:Benzinga_Newsdesk,2018-08-03 04:00:00,Stifel Nicolaus Downgrades Mid-America Apartment to Hold,https://www.benzinga.com/news/18/08/12136842/stifel-nicolaus-downgrades-mid-america-apartment-to-hold,
news,kaggle_news:Benzinga_Newsdesk,2018-08-03 04:00:00,"Laidlaw & Co. Downgrades Intercept Pharmaceuticals to Hold, Raises Price Target to $95",https://www.benzinga.com/news/18/08/12137888/laidlaw-co-downgrades-intercept-pharmaceuticals-to-hold-raises-price-target-to-9,
news,kaggle_news:Benzinga_Newsdesk,2018-08-03 04:00:00,JP Morgan Downgrades Motorola Solutions to Underweight,https://www.benzinga.com/news/18/08/12136923/jp-morgan-downgrades-motorola-solutions-to-underweight,
news,kaggle_news:Charles Gross,2018-08-03 04:00:00,"China's Didi Chuxing, Alibaba's Ant Financial Considering Joint $2B Buyout of Bike-Sharing Startup Ofo",https://www.benzinga.com/news/18/08/12136170/chinas-didi-chuxing-alibabas-ant-financial-considering-joint-2b-buyout-of-bike-s,
news,kaggle_news:Benzinga Newsdesk,2018-08-03 04:00:00,"Stocks That Made New 52-Week Highs Earlier Today Include: Pfizer, AES, Simon Property Group, HCA Healthcare, Church & Dwight, Kellogg, Advanced Auto Parts, McCormick, Target, O'Reilly Automotive, Ross Stores, Mosaic, and CF Industries",https://www.benzinga.com/18/08/12139020/stocks-that-made-new-52-week-highs-earlier-today-include-pfizer-aes-simon-property-gr,
news,kaggle_news:Benzinga Newsdesk,2018-08-03 04:00:00,"Intercontinental Exchange Highlights Plan To Form New Co., Bakkt, Intended To 'leverage Microsoft cloud solutions to create an open and regulated, global ecosystem for digital assets'",https://www.benzinga.com/news/18/08/12137501/intercontinental-exchange-highlights-plan-to-form-new-co-bakkt-intended-to-lever,
news,kaggle_news:Benzinga Newsdesk,2018-08-03 04:00:00,"Semiconductor, Memory Related Stocks Appear Largely Unaffected Following Report China's Ministry Of Commerce Has Said Semiconductors Will Be One Group Targeted By New Proposed Tariffs On US",https://www.benzinga.com/news/18/08/12137566/semiconductor-memory-related-stocks-appear-largely-unaffected-following-report-c,
news,kaggle_news:Benzinga Newsdesk,2018-08-03 04:00:00,"Google In China Cloud Talks With Tencent, Inspur",https://www.benzinga.com/news/18/08/12140810/google-in-china-cloud-talks-with-tencent-inspur,
news,kaggle_news:Benzinga_Newsdesk,2018-08-03 04:00:00,Baird Downgrades Regeneron Pharmaceuticals to Neutral,https://www.benzinga.com/news/18/08/12136670/baird-downgrades-regeneron-pharmaceuticals-to-neutral,
news,kaggle_news:Benzinga Newsdesk,2018-08-03 04:00:00,"IBM Shares Up 2% Over Last 25 Mins.; Notable Trader Recently Tweets '$IBM 144 Weekly Calls were bought for $.20, they are now $3'",https://www.benzinga.com/markets/options/18/08/12138365/ibm-shares-up-2-over-last-25-mins-notable-trader-recently-tweets-ibm-,
news,kaggle_news:Benzinga Newsdesk,2018-08-03 04:00:00,"IBM Shares Push Over Intraday High At $147.21, Mark New High AT $147.27, Now Pulling Back To Below $147.20 Resistance Level; Stock Up 2.9% For Session",https://www.benzinga.com/trading-ideas/technicals/18/08/12138978/ibm-shares-push-over-intraday-high-at-147-21-mark-new-high-a,
news,kaggle_news:Benzinga Newsdesk,2018-08-03 04:00:00,McDonald's Shares Fall 0.3% As Traders Circulate CBS Chicago Article 'Nearly 400 People Ill From McDonald's Parasite Outbreak',https://www.benzinga.com/trading-ideas/movers/18/08/12138288/mcdonalds-shares-fall-0-3-as-traders-circulate-cbs-chicago-artic,
news,kaggle_news:Benzinga Newsdesk,2018-08-03 04:00:00,"McDonald's Shares Up 0.6% Just After Open; Hearing Telsey Advisors Has Said Co.'s Salad Concern Out Of France, US Not Likely To Be Material",https://www.benzinga.com/analyst-ratings/analyst-color/18/08/12138017/mcdonalds-shares-up-0-6-just-after-open-hearing-telsey-,
news,kaggle_news:Benzinga Newsdesk,2018-08-03 04:00:00,"China Biologic Products Cuts FY18 Guidance, Now Sees Adj. EPS to Decrease 2-4% YoY, Citing Intensified Competition, and Persistent Regulatory Headwinds",https://www.benzinga.com/news/18/08/12141528/china-biologic-products-cuts-fy18-guidance-now-sees-adj-eps-to-decrease-2-4-yoy-,
news,kaggle_news:Benzinga_Newsdesk,2018-08-03 04:00:00,ChinaCache Shares Spike 5% To $1.26/Share As Traders Circulate A Co. Document Of A Microsoft XBox Case Study,https://www.benzinga.com/trading-ideas/movers/18/08/12138498/chinacache-shares-spike-5-to-1-26share-as-traders-circulate-a-co,
news,kaggle_news:Benzinga Newsdesk,2018-08-03 04:00:00,"China Biologic Products Q2 EPS $1.17 Misses $1.39 Estimate, Sales $120.4M Miss $238.34M Estimate",https://www.benzinga.com/news/earnings/18/08/12141457/china-biologic-products-q2-eps-1-17-misses-1-39-estimate-sales-120-4m-m,
news,kaggle_news:Benzinga_Newsdesk,2018-08-03 04:00:00,Goldman Sachs Downgrades WPX Energy to Neutral,https://www.benzinga.com/news/18/08/12137261/goldman-sachs-downgrades-wpx-energy-to-neutral,
news,kaggle_news:Benzinga_Newsdesk,2018-08-03 04:00:00,William Blair Downgrades Navigant Consulting to Market Perform,https://www.benzinga.com/news/18/08/12137802/william-blair-downgrades-navigant-consulting-to-market-perform,
news,kaggle_news:Benzinga_Newsdesk,2018-08-03 04:00:00,"Stifel Nicolaus Downgrades Antero Midstream Partners to Hold, Lowers Price Target to $35",https://www.benzinga.com/news/18/08/12136845/stifel-nicolaus-downgrades-antero-midstream-partners-to-hold-lowers-price-target,
news,kaggle_news:Lisa Levin,2018-08-03 04:00:00,"Benzinga's Top Upgrades, Downgrades For August 3, 2018",https://www.benzinga.com/analyst-ratings/upgrades/18/08/12138040/benzingas-top-upgrades-downgrades-for-august-3-2018,
news,kaggle_news:Benzinga_Newsdesk,2018-08-03 04:00:00,JP Morgan Upgrades Treehouse Foods to Neutral,https://www.benzinga.com/news/18/08/12136926/jp-morgan-upgrades-treehouse-foods-to-neutral,
news,kaggle_news:Benzinga_Newsdesk,2018-08-03 04:00:00,JP Morgan Downgrades Pinnacle Foods to Neutral,https://www.benzinga.com/news/18/08/12136925/jp-morgan-downgrades-pinnacle-foods-to-neutral,
news,kaggle_news:Hannah Genig,2018-08-03 04:00:00,Navigant Downgraded By William Blair On Lack Of 2019 Visibility,https://www.benzinga.com/analyst-ratings/analyst-color/18/08/12139199/navigant-downgraded-by-william-blair-on-lack-of-2019-vi,
news,kaggle_news:Benzinga Newsdesk,2018-08-03 04:00:00,"Benzinga Pro Mid-Day Price Check For Regional ETFs: Brazil (EWZ) Up 3.1%, India (INDA) Up 1.1%, Mexico (EWW) Up 1.1%, Canada (EWC) Up 0.3%, US (SPY) Up 0.2%, Europe (VGK) Up 0.1%, Australia (EWA) Up 0.1%, China ETF (FXI) Flat",https://www.benzinga.com/news/18/08/12139668/benzinga-pro-mid-day-price-check-for-regional-etfs-brazil-ewz-up-3-1-india-inda-,
news,kaggle_news:Benzinga_Newsdesk,2018-08-03 04:00:00,Raymond James Downgrades Dawson Geophysical to Outperform,https://www.benzinga.com/news/18/08/12136893/raymond-james-downgrades-dawson-geophysical-to-outperform,
news,kaggle_news:Benzinga_Newsdesk,2018-08-03 04:00:00,Maxim Group Downgrades Habit Restaurants to Hold,https://www.benzinga.com/news/18/08/12137372/maxim-group-downgrades-habit-restaurants-to-hold,
news,kaggle_news:Benzinga_Newsdesk,2018-08-03 04:00:00,Capital One Financial Downgrades Physicians Realty Trust to Equal-Weight,https://www.benzinga.com/news/18/08/12137936/capital-one-financial-downgrades-physicians-realty-trust-to-equal-weight,
news,kaggle_news:Elizabeth Balboa,2018-08-03 04:00:00,How The Toys 'R' Us Bankruptcy Impacted July's Jobs Data,https://www.benzinga.com/news/18/08/12138551/how-the-toys-r-us-bankruptcy-impacted-julys-jobs-data,
news,kaggle_news:Benzinga_Newsdesk,2018-08-03 04:00:00,Baird Downgrades MYR Group to Neutral,https://www.benzinga.com/news/18/08/12136671/baird-downgrades-myr-group-to-neutral,
news,kaggle_news:Benzinga_Newsdesk,2018-08-03 04:00:00,Benchmark Downgrades Veeco Instruments to Hold,https://www.benzinga.com/news/18/08/12136662/benchmark-downgrades-veeco-instruments-to-hold,
news,kaggle_news:Hannah Genig,2018-08-03 04:00:00,"Desjardins Downgrades Gildan On Valuation, But Says Apparel Brand Is Making Impressive Progress",https://www.benzinga.com/analyst-ratings/analyst-color/18/08/12139635/desjardins-downgrades-gildan-on-valuation-but-says-appa,
news,kaggle_news:Benzinga Newsdesk,2018-08-03 04:00:00,ExxonMobil Shares Volatile Amid Report SEC's Accounting Probe Has Ended With No Action,https://www.benzinga.com/news/18/08/12139649/exxonmobil-shares-volatile-amid-report-secs-accounting-probe-has-ended-with-no-a,
news,kaggle_news:Benzinga_Newsdesk,2018-08-03 04:00:00,Desjardins Downgrades Gildan Activewear to Hold,https://www.benzinga.com/news/18/08/12137811/desjardins-downgrades-gildan-activewear-to-hold,
news,kaggle_news:Benzinga Newsdesk,2018-08-03 04:00:00,"Benzinga Pro Late-Morning Price Check For Regional ETFs: Brazil (EWZ) Up 3.1%, Mexico (EWW) Up 1.3%, India (INDA) Up 1.1%, Russia (RSX) Up 0.3%, Australia (EWA) Up 0.2%, Canada (EWC) Up 0.2%, US (SPY) Up 0.2%, China ETF (FXI) Up 0.1%",https://www.benzinga.com/news/18/08/12139140/benzinga-pro-late-morning-price-check-for-regional-etfs-brazil-ewz-up-3-1-mexico,
news,kaggle_news:Zacks,2018-08-03 07:45:00,"Top Analyst Reports for JPMorgan, Altria & NextEra",http://www.zacks.com/research-daily/174810/top-analyst-reports-for-jpmorgan-altria-nextera?cid=CS-BENZ-FT-174810,
news,kaggle_news:Zacks,2018-08-03 08:52:00,Stocks Celebrate Apple Reaching $1 Trillion,https://www.zacks.com/registration/ultimatetrader/welcome/eoffer/30c3?adid=ZU_CONTENT_SYND&cid=CS-BENZ-FT-17430,
news,kaggle_news:Seeking Alpha,2018-08-03 08:53:00,Emerging Markets: Wildfire Or Fire Sale?,https://seekingalpha.com/article/4194335-emerging-markets-wildfire-fire-sale?source=partner_benzinga,
news,kaggle_news:Seeking Alpha,2018-08-03 09:15:00,JPMorgan downgrades Motorola Solutions; shares -1.6%,https://seekingalpha.com/news/3378320-jpmorgan-downgrades-motorola-solutions-shares-minus-1_6-percent?source=partner_benzinga,
news,kaggle_news:Seeking Alpha,2018-08-03 09:46:00,China seeks more ways to support economy,https://seekingalpha.com/news/3378160-china-seeks-ways-support-economy?source=partner_benzinga,
news,kaggle_news:Seeking Alpha,2018-08-03 10:22:00,Commerce Department cuts newsprint tariffs,https://seekingalpha.com/news/3378155-commerce-department-cuts-newsprint-tariffs?source=partner_benzinga,
news,kaggle_news:Zacks,2018-08-03 10:39:00,"The Zacks Analyst Blog Highlights: Microsoft, Micron, Amazon.com, Illumina and Activision",http://www.zacks.com/stock/news/315676/the-zacks-analyst-blog-highlights-microsoft-micron-amazoncom-illumina-and-activision?cid=CS-BENZ-FT-315676,
news,kaggle_news:Seeking Alpha,2018-08-03 11:08:00,The Yuan-Gold Peg And The Commitment Of Traders Report - Craig Hemke (01/08/2018),https://seekingalpha.com/article/4194312-yuan-gold-peg-commitment-traders-report-craig-hemke-01-08-2018?source=partner_benzinga,
news,kaggle_news:Zacks,2018-08-03 11:45:00,"The Zacks Analyst Blog Highlights: Ford, Autoliv, Honda, Tesla and Penske",http://www.zacks.com/stock/news/315681/the-zacks-analyst-blog-highlights-ford-autoliv-honda-tesla-and-penske?cid=CS-BENZ-FT-315681,
news,kaggle_news:Seeking Alpha,2018-08-03 12:21:00,China dethroned by Japan as world's No. 2 stock market,https://seekingalpha.com/news/3378148-china-dethroned-japan-worlds-2-stock-market?source=partner_benzinga,
news,kaggle_news:Seeking Alpha,2018-08-03 14:04:00,"Italian bonds slump, Carney's Brexit worries",https://seekingalpha.com/news/3378158-italian-bonds-slump-carneys-brexit-worries?source=partner_benzinga,
news,kaggle_news:Seeking Alpha,2018-08-03 14:26:00,Affiliated Managers Group: An Interesting Way To Gain Exposure To China,https://seekingalpha.com/article/4194373-affiliated-managers-group-interesting-way-gain-exposure-china?source=partner_benzinga,
news,kaggle_news:Seeking Alpha,2018-08-03 14:26:00,U.S. Jobs Report Will Add To Emerging Market Woes,https://seekingalpha.com/article/4194321-u-s-jobs-report-will-add-emerging-market-woes?source=partner_benzinga,
news,kaggle_news:Seeking Alpha,2018-08-03 15:43:00,China Biologic Products reports Q2 results,https://seekingalpha.com/news/3378502-china-biologic-products-reports-q2-results?source=partner_benzinga,
news,kaggle_news:Seeking Alpha,2018-08-03 16:30:00,8-Week Losing Streak For The Chinese Yuan,https://seekingalpha.com/article/4194661-8-week-losing-streak-chinese-yuan?source=partner_benzinga,
news,kaggle_news:Zacks,2018-08-03 16:38:00,"The Zacks Analyst Blog Highlights: Apple, Procter & Gamble, Citigroup, Petrobras and Aflac",http://www.zacks.com/stock/news/315680/the-zacks-analyst-blog-highlights-apple-procter-gamble-citigroup-petrobras-and-aflac?cid=CS-BENZ-FT-315680,
news,kaggle_news:Benzinga_Newsdesk,2018-08-03 17:05:29,Raymond James Downgrades Advantage Oil & Gas to Market Perform,https://www.benzinga.com/news/18/08/12139773/raymond-james-downgrades-advantage-oil-gas-to-market-perform,
news,kaggle_news:Seeking Alpha,2018-08-03 18:43:00,Commodities: Will Inflation Cause Prices To Soar?,https://seekingalpha.com/article/4194304-commodities-will-inflation-cause-prices-soar?source=partner_benzinga,
news,kaggle_news:Seeking Alpha,2018-08-03 19:07:00,"It Ain't The Economy, Silly. It's Interest Rates And Trade",https://seekingalpha.com/article/4194296-aint-economy-silly-interest-rates-trade?source=partner_benzinga,
news,kaggle_news:Investor's Business Daily,2018-08-03 19:12:00,Apple Rises Nearly 9% For Week As This Consumer Sector Leads Bullish Run In Stock Market,http://www.investors.com/market-trend/stock-market-today/apple-notches-solid-weekly-gain-consumer-sector-leads-bullish-run-in-stock-market/?src=A00237A&ven=BenzingaCP&src=AURLAAM,
news,kaggle_news:Seeking Alpha,2018-08-03 19:29:00,10 Reasons Apple Hit $1 Trillion - Cramer's Mad Money (8/2/18),https://seekingalpha.com/article/4194322-10-reasons-apple-hit-1-trillion-cramers-mad-money-8-2-18?source=partner_benzinga,
news,kaggle_news:Seeking Alpha,2018-08-03 19:41:00,Sprott Gold Report: Tariff Tension - Trey Reik (02/08/2018),https://seekingalpha.com/article/4194327-sprott-gold-report-tariff-tension-trey-reik-02-08-2018?source=partner_benzinga,
news,kaggle_news:Seeking Alpha,2018-08-03 19:42:00,New Russia sanctions 'bill from hell',https://seekingalpha.com/news/3378152-new-russia-sanctions-bill-hell?source=partner_benzinga,
news,kaggle_news:Seeking Alpha,2018-08-03 19:52:00,Is Apple At $1 Trillion Good Or Bad?,https://seekingalpha.com/article/4194371-apple-1-trillion-good-bad?source=partner_benzinga,
news,kaggle_news:Seeking Alpha,2018-08-03 19:52:00,China Biologic -2% as it cuts H2 guidance,https://seekingalpha.com/news/3378520-china-biologic-minus-2-percent-cuts-h2-guidance?source=partner_benzinga,
news,kaggle_news:GuruFocus,2018-08-03 20:06:00,"New Research Coverage Highlights Valmont Industries, Mercury General, PICO, Alphabet, Zumiez, ...",http://www.gurufocus.com/news/717276/new-research-coverage-highlights-valmont-industries-mercury-general-pico-alphabet-zumiez-and-restoration-robotics--consolidated-revenues-company-growth-and-expectations-for-2018,
news,kaggle_news:Seeking Alpha,2018-08-03 20:36:00,"BP Prudhoe Bay Royalty Trust: Still A Bad Investment, Despite The Oil Price Rise",https://seekingalpha.com/article/4194395-bp-prudhoe-bay-royalty-trust-still-bad-investment-despite-oil-price-rise?source=partner_benzinga,
news,kaggle_news:Seeking Alpha,2018-08-04 11:34:00,China Central Bank Strikes Back,https://seekingalpha.com/article/4194790-china-central-bank-strikes-back?source=partner_benzinga,
news,kaggle_news:Seeking Alpha,2018-08-04 14:34:00,Stocks To Watch: Meet The New Ford,https://seekingalpha.com/article/4194823-stocks-watch-meet-new-ford?source=partner_benzinga,
news,kaggle_news:Seeking Alpha,2018-08-04 16:13:00,China adds liquefied natural gas to list of potential $60B in tariffs,https://seekingalpha.com/news/3378532-china-adds-liquefied-natural-gas-list-potential-60b-tariffs?source=partner_benzinga,
news,kaggle_news:Nelson Hem,2018-08-05 04:00:00,"Benzinga's Bulls & Bears Of The Week: AT&T, Caterpillar, Nike, Tesla And More",https://www.benzinga.com/trading-ideas/18/08/12143337/benzingas-bulls-bears-of-the-week-at-t-caterpillar-nike-tesla-and-more,
news,kaggle_news:Nelson Hem,2018-08-05 04:00:00,"Barron's Picks And Pans: Alphabet, Apple, CBS, Synchrony And More",https://www.benzinga.com/media/18/08/12143336/barrons-picks-and-pans-alphabet-apple-cbs-synchrony-and-more,
news,kaggle_news:Investor's Business Daily,2018-08-05 07:40:00,"Should You Buy Apple Now? Plus, A Look At 4 Other Bullish Charts",http://www.investors.com/research/apple-stock-top-stocks-to-watch-strength-buy-range/?src=A00237A&ven=BenzingaCP&src=AURLAAM,
news,kaggle_news:Investor's Business Daily,2018-08-05 08:48:00,Dow Jones Futures: Apple's Breakout And 23 More Reasons To Pay Attention This Week,http://www.investors.com/market-trend/stock-market-today/dow-jones-futures-apple-stock-top-stocks-earnings/?src=A00237A&ven=BenzingaCP&src=AURLAAM,
news,kaggle_news:Seeking Alpha,2018-08-05 09:00:00,"July Jobs, Other Data, Presages Slower Growth. And Then There's Iran.",https://seekingalpha.com/article/4195106-july-jobs-data-presages-slower-growth-iran?source=partner_benzinga,
news,kaggle_news:Seeking Alpha,2018-08-05 11:16:00,Latest rhetoric in U.S.-China trade war,https://seekingalpha.com/news/3378540-latest-rhetoric-u-s-china-trade-war?source=partner_benzinga,
news,kaggle_news:Seeking Alpha,2018-08-05 14:00:00,Trump's Fed Feud; Pelaez: Time To Position For A Decade-Long Bull Market In Natural Resources,https://seekingalpha.com/article/4195061-trumps-fed-feud-pelaez-time-position-decade-long-bull-market-natural-resources?source=partner_benzinga,
news,kaggle_news:Seeking Alpha,2018-08-05 14:24:00,Chips stacked up against Brexit deal,https://seekingalpha.com/news/3378539-chips-stacked-brexit-deal?source=partner_benzinga,
news,kaggle_news:Seeking Alpha,2018-08-05 19:40:00,Treasury Bond Yields Are Rising While Utility Stocks Rally,https://seekingalpha.com/article/4195167-treasury-bond-yields-rising-utility-stocks-rally?source=partner_benzinga,
news,kaggle_news:Benzinga Newsdesk,2018-08-06 04:00:00,"Arista Networks Entered Into A Binding Term Sheet W/Cisco, Cos. Will Dismall All Pending Litigation Upon Its Execution And Arista Will Pay Cisco $400M By August 20th; The Companies Seek A Continuance Or Stay Of The Jury Trial That Was Set To Begin Today",https://www.benzinga.com/news/18/08/12146454/arista-networks-entered-into-a-binding-term-sheet-wcisco-cos-will-dismall-all-pe,
news,kaggle_news:Benzinga_Newsdesk,2018-08-06 04:00:00,Cisco Systems 8-K Indicates The $400M Arista Networks Will Pay To Co. As Result Of Litigation Will Be Reflected In Q1 2019 Results,https://www.benzinga.com/news/18/08/12146673/cisco-systems-8-k-indicates-the-400m-arista-networks-will-pay-to-co-as-result-of,
news,kaggle_news:Benzinga Newsdesk,2018-08-06 04:00:00,Raymond James Downgrades CNX Resources to Underperform,https://www.benzinga.com/news/18/08/12144935/raymond-james-downgrades-cnx-resources-to-underperform,
news,kaggle_news:Benzinga Newsdesk,2018-08-06 04:00:00,Jefferies Downgrades CommScope Holding Co to Hold,https://www.benzinga.com/news/18/08/12144978/jefferies-downgrades-commscope-holding-co-to-hold,
news,kaggle_news:Benzinga Newsdesk,2018-08-06 04:00:00,"Hearing Diebold Nixdorf Weakness Attributed To Downgrade To Underweight At JP Morgan, Unconfirmed",https://www.benzinga.com/news/18/08/12147861/hearing-diebold-nixdorf-weakness-attributed-to-downgrade-to-underweight-at-jp-mo,
news,kaggle_news:Charles Gross,2018-08-06 04:00:00,"Can-Fite Announces Multi-Million Dollar Development and Distribution Agreement for Piclidenoson and Namodenoson in China with CMS Medical; Can-Fite to $2M Upfront; Up to $74.5M in Milestones, Royalties",https://www.benzinga.com/news/18/08/12144533/can-fite-announces-multi-million-dollar-development-and-distribution-agreement-f,
news,kaggle_news:Benzinga Newsdesk,2018-08-06 04:00:00,"BMO Capital Downgrades Horizon Pharma to Market Perform, Announces $18 Price Target",https://www.benzinga.com/news/18/08/12144988/bmo-capital-downgrades-horizon-pharma-to-market-perform-announces-18-price-targe,
news,kaggle_news:Benzinga Newsdesk,2018-08-06 04:00:00,"PiperJaffray Downgrades ACADIA Pharmaceuticals to Neutral, Announces $19 Price Target",https://www.benzinga.com/news/18/08/12145615/piperjaffray-downgrades-acadia-pharmaceuticals-to-neutral-announces-19-price-tar,
news,kaggle_news:Benzinga Newsdesk,2018-08-06 04:00:00,"Jefferies Downgrades Barrick Gold to Hold, Lowers Price Target to $11",https://www.benzinga.com/news/18/08/12144991/jefferies-downgrades-barrick-gold-to-hold-lowers-price-target-to-11,
news,kaggle_news:Benzinga Newsdesk,2018-08-06 04:00:00,"REMINDER: Presidential Task Force Has Until Friday August 10th To Make Recommendations For Potential Postal Rate Changes; Watch Shares Of Stocks Including UPS, FedEx, Stamps.com and Amazon This Week In The Event An Announcement Is Made",https://www.benzinga.com/news/18/08/12148196/reminder-presidential-task-force-has-until-friday-august-10th-to-make-recommenda,
news,kaggle_news:Benzinga Newsdesk,2018-08-06 04:00:00,"Citigroup Upgrades HMS Holdings to Buy, Raises Price Target to $35",https://www.benzinga.com/news/18/08/12145360/citigroup-upgrades-hms-holdings-to-buy-raises-price-target-to-35,
news,kaggle_news:Benzinga Newsdesk,2018-08-06 04:00:00,Everspin Technologies Spokesperson Confirms Co. CEO Kevin Conley Disclosed At MRAM Developer Day Conference Mon. 'IBM is a customer for Everspin's 256Mb STT-MRAM product',https://www.benzinga.com/news/18/08/12147752/everspin-technologies-spokesperson-confirms-co-ceo-kevin-conley-disclosed-at-mra,
news,kaggle_news:Benzinga Newsdesk,2018-08-06 04:00:00,"Everspin Technologies Shares Spike Higher, Now Up 10% For Session; Hearing A Storage Partnership With IBM Was Disclosed At Conference Currently Happening In Santa Clara, California",https://www.benzinga.com/news/18/08/12147570/everspin-technologies-shares-spike-higher-now-up-10-for-session-hearing-a-storag,
news,kaggle_news:Benzinga Newsdesk,2018-08-06 04:00:00,KBR's PCMAX Technology Selected By PMSM For Two Polycarbonate Projects In China,https://www.benzinga.com/news/18/08/12145389/kbrs-pcmax-technology-selected-by-pmsm-for-two-polycarbonate-projects-in-china,
news,kaggle_news:Benzinga Newsdesk,2018-08-06 04:00:00,"Stocks That Made New 52-Week Highs So Far Today Include: CSX, Jacobs Engineering, Medtronic, United Continental, Cintas, Advance Auto Parts, O'Reilly Automotive, Robert Half, Norfolk Southern, Verisk Analytics, NextEra Energy, Pfizer, Apple, & Illumina",https://www.benzinga.com/trading-ideas/technicals/18/08/12148566/stocks-that-made-new-52-week-highs-so-far-today-include-csx-,
news,kaggle_news:JJ Kinahan,2018-08-06 04:00:00,Disney Earnings: New Subscription Services And A Major Acquisition,https://www.benzinga.com/news/earnings/18/08/12147855/disney-earnings-new-subscription-services-and-a-major-acquisition,
news,kaggle_news:Benzinga Newsdesk,2018-08-06 04:00:00,"Stephens & Co. Downgrades Hi-Crush Partners to Equal-Weight, Announces $13 Price Target",https://www.benzinga.com/news/18/08/12145652/stephens-co-downgrades-hi-crush-partners-to-equal-weight-announces-13-price-targ,
news,kaggle_news:Benzinga Newsdesk,2018-08-06 04:00:00,"Atlantic Equities Upgrades Comcast to Overweight, Announces $42 Price Target",https://www.benzinga.com/news/18/08/12145577/atlantic-equities-upgrades-comcast-to-overweight-announces-42-price-target,
news,kaggle_news:Benzinga Newsdesk,2018-08-06 04:00:00,Antares Pharma Announces a Development Agreement with Pfizer for Drug Rescue Pen,https://www.benzinga.com/news/18/08/12144782/antares-pharma-announces-a-development-agreement-with-pfizer-for-drug-rescue-pen,
news,kaggle_news:Benzinga Newsdesk,2018-08-06 04:00:00,Bank of America Downgrades Pacira Pharmaceuticals to Neutral,https://www.benzinga.com/news/18/08/12145226/bank-of-america-downgrades-pacira-pharmaceuticals-to-neutral,
news,kaggle_news:Benzinga Newsdesk,2018-08-06 04:00:00,Pepsi Announces Ramon Laguarta to Succeed Indra Nooyi as CEO,https://www.benzinga.com/news/18/08/12144758/pepsi-announces-ramon-laguarta-to-succeed-indra-nooyi-as-ceo,
news,kaggle_news:Benzinga Newsdesk,2018-08-06 04:00:00,"UPDATE: Gemphire Adjustment To Gemcabene Deal With Pfizer Includes Extension Of Date For Deadline For First Commercial Sale Of Gemcabene: Pfizer Has Right To Terminate License If First Sale Has Not Occurred By Apr. 2024, Up From Apr. 2021 Previously",https://www.benzinga.com/news/18/08/12149065/update-gemphire-adjustment-to-gemcabene-deal-with-pfizer-includes-extension-of-d,
news,kaggle_news:Charles Gross,2018-08-06 04:00:00,"Diplomatic Sources Say Turkey, U.s. Reached Pre-agreement on Certain Issues",https://www.benzinga.com/news/18/08/12150654/diplomatic-sources-say-turkey-u-s-reached-pre-agreement-on-certain-issues,
news,kaggle_news:Benzinga Newsdesk,2018-08-06 04:00:00,"Mizuho Downgrades Noble Energy to Neutral, Announces $40 Price Target",https://www.benzinga.com/news/18/08/12145599/mizuho-downgrades-noble-energy-to-neutral-announces-40-price-target,
news,kaggle_news:Benzinga Newsdesk,2018-08-06 04:00:00,"Mattress Firm Reportedly Explores Potential Bankruptcy, Seeks To Get Out Of Some Store Leases; Watch Shares of Tempur Sealy",https://www.benzinga.com/news/18/08/12148254/mattress-firm-reportedly-explores-potential-bankruptcy-seeks-to-get-out-of-some-,
news,kaggle_news:Benzinga Newsdesk,2018-08-06 04:00:00,"Keefe Bruyette & Woods Downgrades NMI Holdings to Market Perform, Announces $23.50 Price Target",https://www.benzinga.com/news/18/08/12145590/keefe-bruyette-woods-downgrades-nmi-holdings-to-market-perform-announces-23-50-p,
news,kaggle_news:Benzinga Newsdesk,2018-08-06 04:00:00,Antares Pharma shares are up 8.9% premarket after the company announced an agreement with Pfizer to develop a drug rescue pen.,https://www.benzinga.com/trading-ideas/movers/18/08/12145824/antares-pharma-shares-are-up-8-9-premarket-after-the-company-ann,
news,kaggle_news:Charles Gross,2018-08-06 04:00:00,Apple's New iPhones Could Face Chip Delays Due to Taiwan Semiconductor Computer Virus,https://www.benzinga.com/tech/18/08/12144265/apples-bew-iphones-could-face-chip-delays-due-to-taiwan-semiconductor-computer-v,
news,kaggle_news:Benzinga Newsdesk,2018-08-06 04:00:00,PreMarket Prep Opening NYSE Imbalance Update: Berkshire Hathaway 101k Shares To Buy; Pfizer 161k To Sell; Disney 69k Shares To Buy,https://www.benzinga.com/news/18/08/12145622/premarket-prep-opening-nyse-imbalance-update-berkshire-hathaway-101k-shares-to-b,
news,kaggle_news:Benzinga Newsdesk,2018-08-06 04:00:00,Bank of America Downgrades Tesaro to Neutral,https://www.benzinga.com/news/18/08/12145227/bank-of-america-downgrades-tesaro-to-neutral,
news,kaggle_news:Charles Gross,2018-08-06 04:00:00,Apple Said to be among Affected 7nm Clients in TSMC Virus Incident,https://www.benzinga.com/news/18/08/12144253/apple-said-to-be-among-affected-7nm-clients-in-tsmc-virus-incident,
news,kaggle_news:Benzinga Newsdesk,2018-08-06 04:00:00,China's Central Bank Fines Alipay for Violating Payment Regulations,https://www.benzinga.com/news/18/08/12144649/chinas-central-bank-fines-alipay-for-violating-payment-regulations,
news,kaggle_news:Benzinga Newsdesk,2018-08-06 04:00:00,EA and NFL Announce ESPN To Telecast Madden NFL 19 Championship Series Tournaments,https://www.benzinga.com/news/18/08/12145838/ea-and-nfl-announce-espn-to-telecast-madden-nfl-19-championship-series-tournamen,
news,kaggle_news:Taylor Cox,2018-08-06 04:00:00,"The Week Ahead: Earnings From Disney, Roku And Snap, Rite Aid Votes On Albertsons Deal",https://www.benzinga.com/general/biotech/18/08/12148359/the-week-ahead-earnings-from-disney-roku-and-snap-rite-aid-votes-on-a,
news,kaggle_news:Benzinga Newsdesk,2018-08-06 04:00:00,Gilead Sciences' Genvoya for the Treatment of HIV-1 is Approved by the China National Drug Administration,https://www.benzinga.com/news/18/08/12144481/gilead-sciences-genvoya-for-the-treatment-of-hiv-1-is-approved-by-the-china-nati,
news,kaggle_news:Jayson Derrick,2018-08-06 04:00:00,The Legacy Of Outgoing PepsiCo CEO Indra Nooyi,https://www.benzinga.com/news/18/08/12146997/the-legacy-of-outgoing-pepsico-ceo-indra-nooyi,
news,kaggle_news:Lisa Levin,2018-08-06 04:00:00,"Benzinga's Top Upgrades, Downgrades For August 6, 2018",https://www.benzinga.com/analyst-ratings/upgrades/18/08/12145928/benzingas-top-upgrades-downgrades-for-august-6-2018,
news,kaggle_news:Benzinga Newsdesk,2018-08-06 04:00:00,"Gemphire Reports Amended, Restated License Deal With Pfizer For Gemcabene",https://www.benzinga.com/news/18/08/12149000/gemphire-reports-amended-restated-license-deal-with-pfizer-for-gemcabene,
news,kaggle_news:Zacks,2018-08-06 07:04:00,Will Disney (DIS) Fail to Cheer Investors in Q3 Earnings?,http://www.zacks.com/stock/news/315939/will-disney-dis-fail-to-cheer-investors-in-q3-earnings?cid=CS-BENZ-FT-315939,
news,kaggle_news:Seeking Alpha,2018-08-06 07:06:00,China Steps Up Retaliation And Prevents Capital Outflows,https://seekingalpha.com/article/4195216-china-steps-retaliation-prevents-capital-outflows?source=partner_benzinga,
news,kaggle_news:Seeking Alpha,2018-08-06 07:07:00,Is The Yuan Weakening From Intent Or Loss Of Control?,https://seekingalpha.com/article/4195200-yuan-weakening-intent-loss-control?source=partner_benzinga,
news,kaggle_news:Seeking Alpha,2018-08-06 07:17:00,"U.S. is set to implement more sanctions on Iran, others to follow on Nov. 4",https://seekingalpha.com/news/3378771-u-s-set-implement-sanctions-iran-others-follow-nov-4?source=partner_benzinga,
news,kaggle_news:Seeking Alpha,2018-08-06 07:26:00,"Biotech Analysis Central Pharma News: Roche's EMA Advance, Pfizer's New Strategy, Arrowhead's First Amgen Milestone Payment",https://seekingalpha.com/article/4195490-biotech-analysis-central-pharma-news-roches-ema-advance-pfizers-new-strategy-arrowheads-first?source=partner_benzinga,
news,kaggle_news:Zacks,2018-08-06 07:30:00,"How China's Central Bank Works, and How The Trade War Is Affecting It",http://www.zacks.com/stock/news/316204/how-chinas-central-bank-works-and-how-the-trade-war-is-affecting-it?cid=CS-BENZ-FT-316204,
news,kaggle_news:Zacks,2018-08-06 07:59:00,"Groupon (GRPN) Q2 Earnings Miss, Keeps View Despite IBM Woes",http://www.zacks.com/stock/news/316081/groupon-grpn-q2-earnings-miss-keeps-view-despite-ibm-woes?cid=CS-BENZ-FT-316081,
news,kaggle_news:GuruFocus,2018-08-06 08:11:00,"Centre Asset Management, LLC Buys HCA Healthcare Inc, Regeneron Pharmaceuticals Inc, Pfizer ...",http://www.gurufocus.com/news/717918/centre-asset-management-llc-buys-hca-healthcare-inc-regeneron-pharmaceuticals-inc-pfizer-inc-sells-cocacola-co-dollar-tree-inc-devon-energy-corp,
news,kaggle_news:GuruFocus,2018-08-06 08:13:00,"Ar Asset Management Inc Buys General Mills Inc, Boeing Co, Energy Transfer Partners LP, Sells ...",http://www.gurufocus.com/news/717852/ar-asset-management-inc-buys-general-mills-inc-boeing-co-energy-transfer-partners-lp-sells-taiwan-semiconductor-manufacturing-co,
news,kaggle_news:Seeking Alpha,2018-08-06 08:16:00,Wall Street Breakfast: Buckle Up For A Protracted Trade War,https://seekingalpha.com/article/4195223-wall-street-breakfast-buckle-protracted-trade-war?source=partner_benzinga,
news,kaggle_news:Seeking Alpha,2018-08-06 08:23:00,Facebook +2% on report it's seeking big-bank customer data,https://seekingalpha.com/news/3378752-facebook-plus-2-percent-report-seeking-big-bank-customer-data?source=partner_benzinga,
news,kaggle_news:GuruFocus,2018-08-06 08:41:00,"Blackhill Capital Inc Buys Canadian Tire Corp, Facebook Inc, Sells Philip Morris International ...",http://www.gurufocus.com/news/718208/blackhill-capital-inc-buys-canadian-tire-corp-facebook-inc-sells-philip-morris-international-inc-kinder-morgan-inc-enbridge-energy-management-llc,
news,kaggle_news:Seeking Alpha,2018-08-06 08:49:00,Gilead's Genvoya approved in China for the treatment of HIV-1 infection,https://seekingalpha.com/news/3378593-gilead-s-genvoya-approved-china-treatment-hivminus-1-infection?source=partner_benzinga,
news,kaggle_news:Seeking Alpha,2018-08-06 09:02:00,Honda recalls 97K SUVs in China,https://seekingalpha.com/news/3378801-honda-recalls-97k-suvs-china?source=partner_benzinga,
news,kaggle_news:Seeking Alpha,2018-08-06 09:04:00,"China Biologic Products, Inc. (CBPO) Q2 2018 Results - Earnings Call Transcript",https://seekingalpha.com/article/4195342-china-biologic-products-inc-cbpo-q2-2018-results-earnings-call-transcript?source=partner_benzinga,
news,kaggle_news:Zacks,2018-08-06 09:23:00,Disney (DIS) Stock Climbs 1.6% Ahead of Earnings: What To Watch,http://www.zacks.com/stock/news/316189/disney-dis-stock-climbs-16-ahead-of-earnings-what-to-watch?cid=CS-BENZ-FT-316189,
news,kaggle_news:Seeking Alpha,2018-08-06 09:42:00,Gilead's Genvoya OK'd in China,https://seekingalpha.com/news/3378613-gileads-genvoya-okd-china?source=partner_benzinga,
news,kaggle_news:Zacks,2018-08-06 09:42:00,"Zacks.com highlights: Mellanox Technologies, Fortinet, Commvault Systems and Adobe Systems",http://www.zacks.com/stock/news/316009/zackscom-highlights-mellanox-technologies-fortinet-commvault-systems-and-adobe-systems?cid=CS-BENZ-FT-316009,
news,kaggle_news:Seeking Alpha,2018-08-06 10:31:00,Trade tensions weigh on German manufacturing,https://seekingalpha.com/news/3378555-trade-tensions-weigh-german-manufacturing?source=partner_benzinga,
news,kaggle_news:Seeking Alpha,2018-08-06 10:37:00,"Top 10 August WallStar Communication Services Gains Were Led By Telefonica, China Mobil, & Vodafone. US Telecoms Did Not Place.",https://seekingalpha.com/article/4195520-top-10-august-wallstar-communication-services-gains-led-telefonica-china-mobil-and-vodafone?source=partner_benzinga,
news,kaggle_news:Zacks,2018-08-06 10:58:00,"The Zacks Analyst Blog Highlights: JPMorgan, Altria, NextEra, Tesla and Illinois Tool Works",http://www.zacks.com/stock/news/315990/the-zacks-analyst-blog-highlights-jpmorgan-altria-nextera-tesla-and-illinois-tool-works?cid=CS-BENZ-FT-315990,
news,kaggle_news:Investor's Business Daily,2018-08-06 11:03:00,Indexes Gather Steam As PepsiCo Stock Climbs Past A Buy Point,http://www.investors.com/market-trend/stock-market-today/stocks-gather-steam-pepsico-stock-climbs-past-buy-point/?src=A00237A&ven=BenzingaCP&src=AURLAAM,
news,kaggle_news:GuruFocus,2018-08-06 11:35:00,"Tom Gayner Exits Flowserve, Gilead, IBM",http://www.gurufocus.com/news/717921/tom-gayner-exits-flowserve-gilead-ibm,
news,kaggle_news:Investor's Business Daily,2018-08-06 12:03:00,"Stock Futures Mixed, Intel Drags On Dow; 3 Stocks Near Buy Points",http://www.investors.com/market-trend/stock-market-today/stock-futures-mixed-intel-drags-on-dow-3-stocks-near-buy-points/?src=A00237A&ven=BenzingaCP&src=AURLAAM,
news,kaggle_news:Seeking Alpha,2018-08-06 12:09:00,Flower Foods lower after Consumer Edge Research downgrade,https://seekingalpha.com/news/3378831-flower-foods-lower-consumer-edge-research-downgrade?source=partner_benzinga,
news,kaggle_news:Seeking Alpha,2018-08-06 12:19:00,KBR's PCMAX technology selected by PMSM for two polycarbonate projects in China,https://seekingalpha.com/news/3378583-kbrs-pcmax-technology-selected-pmsm-two-polycarbonate-projects-china?source=partner_benzinga,
news,kaggle_news:GuruFocus,2018-08-06 12:31:00,SemGroup To Participate in —…–8 Citi One-on-One MLP/Midstream Infrastructure Conference,http://www.gurufocus.com/news/718291/semgroup-to-participate-in-2018-citi-oneononemlpmidstream-infrastructure-conference,
news,kaggle_news:Zacks,2018-08-06 13:06:00,"Defense Stock Roundup: Trade War Fears Re-Emerge, Earnings Beat at HII, LLL & RTN",http://www.zacks.com/stock/news/316095/defense-stock-roundup-trade-war-fears-re-emerge-earnings-beat-at-hii-lll-rtn?cid=CS-BENZ-FT-316095,
news,kaggle_news:Zacks,2018-08-06 13:21:00,Why Facebook's (FB) Banking Push Should Scare Investors,http://www.zacks.com/stock/news/316145/why-facebooks-fb-banking-push-should-scare-investors?cid=CS-BENZ-FT-316145,
news,kaggle_news:Seeking Alpha,2018-08-06 13:40:00,How Facebook Became The Strongest Buy Of The Year,https://seekingalpha.com/article/4195264-facebook-became-strongest-buy-year?source=partner_benzinga,
news,kaggle_news:Zacks,2018-08-06 14:20:00,"Zacks.com highlights: Intel, Kroger, Progressive, Anthem and Matson",http://www.zacks.com/stock/news/316017/zackscom-highlights-intel-kroger-progressive-anthem-and-matson?cid=CS-BENZ-FT-316017,
news,kaggle_news:Zacks,2018-08-06 15:04:00,"BG Staffing, Cedar Fair Entertainment, Walt Disney, Twenty-First Century Fox and Snap highlighted as Zacks Bull and Bear of the Day",http://www.zacks.com/stock/news/315987/bg-staffing-cedar-fair-entertainment-walt-disney-twenty-first-century-fox-and-snap-highlighted-as-zacks-bull-and-bear-of-the-day?cid=CS-BENZ-FT-315987,
news,kaggle_news:Seeking Alpha,2018-08-06 15:10:00,NYT: Steel giants with Trump ties block tariff relief for hundreds of firms,https://seekingalpha.com/news/3378757-nyt-steel-giants-trump-ties-block-tariff-relief-hundreds-firms?source=partner_benzinga,
news,kaggle_news:Seeking Alpha,2018-08-06 15:16:00,Mattress Firm could be heading for bankruptcy,https://seekingalpha.com/news/3378835-mattress-firm-heading-bankruptcy?source=partner_benzinga,
news,kaggle_news:Zacks,2018-08-06 15:36:00,5 ETF Ways to Bet on China's New Tariff Threats,http://www.zacks.com/stock/news/316123/5-etf-ways-to-bet-on-chinas-new-tariff-threats?cid=CS-BENZ-FT-316123,
news,kaggle_news:Seeking Alpha,2018-08-06 15:44:00,The Time To Buy Disney Is Now,https://seekingalpha.com/article/4195523-time-buy-disney-now?source=partner_benzinga,
news,kaggle_news:Seeking Alpha,2018-08-06 15:56:00,"Cisco, Arista agree to dismiss all patent litigation",https://seekingalpha.com/news/3378754-cisco-arista-agree-dismiss-patent-litigation?source=partner_benzinga,
news,kaggle_news:Seeking Alpha,2018-08-06 16:00:00,Discovery taps Amazon's Faricy as global direct-to-consumer chief,https://seekingalpha.com/news/3378841-discovery-taps-amazons-faricy-global-direct-consumer-chief?source=partner_benzinga,
news,kaggle_news:Seeking Alpha,2018-08-06 16:35:00,Apple's $1 Trillion Lesson And Benefits - Weekly Blog # 536,https://seekingalpha.com/article/4195207-apples-1-trillion-lesson-benefits-weekly-blog-536?source=partner_benzinga,
news,kaggle_news:Investor's Business Daily,2018-08-06 17:16:00,"Tinder Parent Match, CyberArk, Disney Earnings: Investing Action Plan",http://www.investors.com/research/investing-action-plan/disney-tinder-parent-match-cyberark-jazz-pharma-earnings/?src=A00237A&ven=BenzingaCP&src=AURLAAM,
news,kaggle_news:Investor's Business Daily,2018-08-06 17:33:00,"Stocks Slip As Intel Downgrade Crimps Dow, Qualcomm Upgraded",http://www.investors.com/market-trend/stock-market-today/stock-futures-mixed-intel-drags/?src=A00237A&ven=BenzingaCP&src=AURLAAM,
news,kaggle_news:Zacks,2018-08-06 17:49:00,Can Solid Box Office Collection Aid Disney (DIS) Q3 Earnings?,http://www.zacks.com/stock/news/315952/can-solid-box-office-collection-aid-disney-dis-q3-earnings?cid=CS-BENZ-FT-315952,
news,kaggle_news:Seeking Alpha,2018-08-06 19:03:00,Buckle Up For A Protracted Trade War (Wall Street Breakfast Podcast),https://seekingalpha.com/article/4195244-buckle-protracted-trade-war-wall-street-breakfast-podcast?source=partner_benzinga,
news,kaggle_news:Seeking Alpha,2018-08-06 20:17:00,Emergency For Boeing,https://seekingalpha.com/article/4195286-emergency-boeing?source=partner_benzinga,
news,kaggle_news:Seeking Alpha,2018-08-06 20:22:00,Apple drops Infowars from podcast directory,https://seekingalpha.com/news/3378552-apple-drops-infowars-podcast-directory?source=partner_benzinga,
news,kaggle_news:Seeking Alpha,2018-08-06 20:29:00,China's Yuan Policy Could Prove Pivotal For Gold,https://seekingalpha.com/article/4195402-chinas-yuan-policy-prove-pivotal-gold?source=partner_benzinga,
news,kaggle_news:GuruFocus,2018-08-06 20:52:00,"Blueport Capital, L.P. Buys Carvana Co, Facebook Inc, MINDBODY Inc, Sells Nexstar Media Group ...",http://www.gurufocus.com/news/718116/blueport-capital-lp-buys-carvana-co-facebook-inc-mindbody-inc-sells-nexstar-media-group-inc-alarmcom-holdings-inc-financial-engines-inc,
news,kaggle_news:Seeking Alpha,2018-08-06 20:53:00,Are We Near Peak Oil Prices?,https://seekingalpha.com/article/4195456-near-peak-oil-prices?source=partner_benzinga,
news,kaggle_news:Zacks,2018-08-06 20:55:00,"T-Mobile-Sprint, Pepsi CEO Departs, Jamie Dimon's Latest Wisdom, & More | Free Lunch",http://www.zacks.com/stock/news/316139/t-mobile-sprint-pepsi-ceo-departs-jamie-dimons-latest-wisdom-more-free-lunch?cid=CS-BENZ-FT-316139,
news,kaggle_news:Benzinga Newsdesk,2018-08-07 04:00:00,"Benzinga Pro Mid-Day Price Check For Regional ETFs: China ETF (FXI) Up 2.5%, Mexico (EWW) Up 1.9%, Japan (EWJ) Up 0.9%, Russia (RSX) Up 0.8%, Europe (VGK) Up 0.8%, Brazil (EWZ) Up 0.8%, India (INDA) Up 0.4%, US (SPY) Up 0.4%",https://www.benzinga.com/news/18/08/12156424/benzinga-pro-mid-day-price-check-for-regional-etfs-china-etf-fxi-up-2-5-mexico-e,
news,kaggle_news:Benzinga_Newsdesk,2018-08-07 04:00:00,Vertical Group Downgrades Calavo Growers to Hold,https://www.benzinga.com/news/18/08/12155749/vertical-group-downgrades-calavo-growers-to-hold,
news,kaggle_news:Benzinga Newsdesk,2018-08-07 04:00:00,Fortinet Signs Cyber Threat Info Sharing Agreement With IBM,https://www.benzinga.com/news/18/08/12154178/fortinet-signs-cyber-threat-info-sharing-agreement-with-ibm,
news,kaggle_news:Benzinga_Newsdesk,2018-08-07 04:00:00,Macquarie Downgrades PDC Energy to Neutral,https://www.benzinga.com/news/18/08/12152903/macquarie-downgrades-pdc-energy-to-neutral,
news,kaggle_news:Benzinga_Newsdesk,2018-08-07 04:00:00,Societe Generale Downgrades Church & Dwight Co to Hold,https://www.benzinga.com/news/18/08/12152188/societe-generale-downgrades-church-dwight-co-to-hold,
news,kaggle_news:Lisa Levin,2018-08-07 04:00:00,"Benzinga's Top Upgrades, Downgrades For August 7, 2018",https://www.benzinga.com/analyst-ratings/upgrades/18/08/12154043/benzingas-top-upgrades-downgrades-for-august-7-2018,
news,kaggle_news:Benzinga_Newsdesk,2018-08-07 04:00:00,UBS Downgrades Bemis Co to Neutral,https://www.benzinga.com/news/18/08/12154147/ubs-downgrades-bemis-co-to-neutral,
news,kaggle_news:Benzinga Newsdesk,2018-08-07 04:00:00,"Chinese oil and natural gas stocks appear to be trading higher for the session; PetroChina Co up 3.3%, CNOOC up 3.3%, China Petroleum & Chem up 3.0%",https://www.benzinga.com/news/18/08/12156149/chinese-oil-and-natural-gas-stocks-appear-to-be-trading-higher-for-the-session-p,
news,kaggle_news:Benzinga_Newsdesk,2018-08-07 04:00:00,Bank of America Downgrades Empire State Realty to Neutral,https://www.benzinga.com/news/18/08/12154353/bank-of-america-downgrades-empire-state-realty-to-neutral,
news,kaggle_news:Benzinga Newsdesk,2018-08-07 04:00:00,"Benzinga Pro Morning Price Check For Regional ETFs: China ETF (FXI) Up 2.2%, Russia (RSX) Up 1.0%, Brazil (EWZ) Up 1.0%, Europe (VGK) Up 0.9%, Japan (EWJ) Up 0.9%, Mexico (EWW) Up 0.8%, Australia (EWA) Up 0.7%, India (INDA) Up 0.3%",https://www.benzinga.com/news/18/08/12154509/benzinga-pro-morning-price-check-for-regional-etfs-china-etf-fxi-up-2-2-russia-r,
news,kaggle_news:Benzinga_Newsdesk,2018-08-07 04:00:00,"PiperJaffray Downgrades Hi-Crush Partners to Neutral, Raises Price Target to $14.15",https://www.benzinga.com/news/18/08/12152173/piperjaffray-downgrades-hi-crush-partners-to-neutral-raises-price-target-to-14-1,
news,kaggle_news:Charles Gross,2018-08-07 04:00:00,Synergy Pharmaceuticals Announces License Agreement with Luoxin Pharmaceutical Group for TRULANCE in China; Synergy to Receive $12M Upfront; Up to $56M in Milestone Payments Plus Royalties,https://www.benzinga.com/news/18/08/12152020/synergy-pharmaceuticals-announces-license-agreement-with-luoxin-pharmaceutical-g,
news,kaggle_news:Benzinga_Newsdesk,2018-08-07 04:00:00,Attunity Wins Deal Over $500K With Global Predictive Analytics Firm to Enable AWS Cloud Data Lake,https://www.benzinga.com/news/18/08/12152489/attunity-wins-deal-over-500k-with-global-predictive-analytics-firm-to-enable-aws,
news,kaggle_news:Benzinga_Newsdesk,2018-08-07 04:00:00,Mizuho Downgrades PulteGroup to Neutral,https://www.benzinga.com/news/18/08/12152139/mizuho-downgrades-pultegroup-to-neutral,
news,kaggle_news:Benzinga Newsdesk,2018-08-07 04:00:00,"Stocks That Made New 52-Week Highs Earlier Today Include: SL Green Realty, Verisk Analytics, Medtronics, Pfizer, Conoco Phillips, Archer-Daniels, Eli Lilly, Merck, Phillips 66, Costco, Advance Auto Parts, Norfolk Southern, CSX, Zoetis, Apple, and Disney",https://www.benzinga.com/trading-ideas/technicals/18/08/12155877/stocks-that-made-new-52-week-highs-earlier-today-include-sl-,
news,kaggle_news:Benzinga_Newsdesk,2018-08-07 04:00:00,Needham Downgrades Achaogen to Hold,https://www.benzinga.com/news/18/08/12153262/needham-downgrades-achaogen-to-hold,
news,kaggle_news:Craig Jones,2018-08-07 04:00:00,"AT&T, Disney, Pfizer, Wynn Resorts: 'Fast Money' Picks For August 7",https://www.benzinga.com/media/18/08/12151191/at-t-disney-pfizer-wynn-resorts-fast-money-picks-for-august-7,
news,kaggle_news:Jayson Derrick,2018-08-07 04:00:00,"Hi-Crush Partners Downgraded On Valuation, But Simmons & Co. Says Call Could Be Proven Wrong",https://www.benzinga.com/analyst-ratings/analyst-color/18/08/12155662/hi-crush-partners-downgraded-on-valuation-but-simmons-c,
news,kaggle_news:Benzinga_Newsdesk,2018-08-07 04:00:00,Ladenburg Thalmann Downgrades Kindred Biosciences to Neutral,https://www.benzinga.com/news/18/08/12152628/ladenburg-thalmann-downgrades-kindred-biosciences-to-neutral,
news,kaggle_news:Wayne Duggan,2018-08-07 04:00:00,The 'Buffett Indicator' Says Stocks Are More Overvalued Now Than Before Dot-Com Bubble Or Great Recession,https://www.benzinga.com/markets/cryptocurrency/18/08/12147982/the-buffett-indicator-says-stocks-are-more-overvalued-now-than,
news,kaggle_news:Benzinga_Newsdesk,2018-08-07 04:00:00,Argus Downgrades Wynn Resorts to Hold,https://www.benzinga.com/news/18/08/12152842/argus-downgrades-wynn-resorts-to-hold,
news,kaggle_news:Benzinga Newsdesk,2018-08-07 04:00:00,Synergy Pharmaceuticals shares are up 9.4% after the company announced a license agreement with Luoxin Pharmaceutical Group for TRULANCE in China; Synergy will receive $12M upfront and up to $56M in Milestones.,https://www.benzinga.com/trading-ideas/movers/18/08/12154255/synergy-pharmaceuticals-shares-are-up-9-4-after-the-company-anno,
news,kaggle_news:Benzinga_Newsdesk,2018-08-07 04:00:00,"Stifel Nicolaus Downgrades Alexion Pharmaceuticals to Hold, Lowers Price Target to $130",https://www.benzinga.com/news/18/08/12152582/stifel-nicolaus-downgrades-alexion-pharmaceuticals-to-hold-lowers-price-target-t,
news,kaggle_news:Benzinga_Newsdesk,2018-08-07 04:00:00,Bank of America Downgrades Integra Lifesciences to Underperform,https://www.benzinga.com/news/18/08/12154360/bank-of-america-downgrades-integra-lifesciences-to-underperform,
news,kaggle_news:Benzinga Newsdesk,2018-08-07 04:00:00,"Turkey ETF Up 5% Amid Reports A Turkish Delegation Headed By Deputy Foreign Minister Sedat Onal Arrived In Washington DC On Tues., Began Meetings As Early As Wed. Morning",https://www.benzinga.com/news/18/08/12155392/turkey-etf-up-5-amid-reports-a-turkish-delegation-headed-by-deputy-foreign-minis,
news,kaggle_news:Benzinga_Newsdesk,2018-08-07 04:00:00,Mizuho Downgrades SCANA to Neutral,https://www.benzinga.com/news/18/08/12152140/mizuho-downgrades-scana-to-neutral,
news,kaggle_news:Benzinga_Newsdesk,2018-08-07 04:00:00,Janney Capital Downgrades National Retail Props to Neutral,https://www.benzinga.com/news/18/08/12152658/janney-capital-downgrades-national-retail-props-to-neutral,
news,kaggle_news:Benzinga Newsdesk,2018-08-07 04:00:00,Kroger Exploring Strategic Options For Turkey Hill Business,https://www.benzinga.com/news/18/08/12155445/kroger-exploring-strategic-options-for-turkey-hill-business,
news,kaggle_news:Benzinga_Newsdesk,2018-08-07 04:00:00,Vertical Group Downgrades Dean Foods to Hold,https://www.benzinga.com/news/18/08/12155854/vertical-group-downgrades-dean-foods-to-hold,
news,kaggle_news:Zacks,2018-08-07 07:25:00,US Brings Back Sanctions on Iran: Winners & Losers,http://www.zacks.com/stock/news/316423/us-brings-back-sanctions-on-iran-winners-losers?cid=CS-BENZ-FT-316423,
news,kaggle_news:GuruFocus,2018-08-07 07:45:00,"Diamond Hill Capital Management Buys Facebook Inc, Bank OZK, Brighthouse Financial Inc, Sells ...",http://www.gurufocus.com/news/718923/diamond-hill-capital-management-buys-facebook-inc-bank-ozk-brighthouse-financial-inc-sells-apple-inc-coty-inc-juniper-networks-inc,
news,kaggle_news:GuruFocus,2018-08-07 08:20:00,Home Depot: Renewed Focus Could Help Counter Amazon Threat,http://www.gurufocus.com/news/718813/home-depot-renewed-focus-could-help-counter-amazon-threat,
news,kaggle_news:Zacks,2018-08-07 09:40:00,"The Zacks Analyst Blog Highlights: Disney, Twenty-First Century Fox, Comcast, Netflix, Amazon and Apple",http://www.zacks.com/stock/news/316274/the-zacks-analyst-blog-highlights-disney-twenty-first-century-fox-comcast-netflix-amazon-and-apple?cid=CS-BENZ-FT-316274,
news,kaggle_news:GuruFocus,2018-08-07 10:06:00,"Sander Capital Advisors Inc Buys ServiceNow Inc, Netflix Inc, Salesforce. ...",http://www.gurufocus.com/news/718912/sander-capital-advisors-inc-buys-servicenow-inc-netflix-inc-salesforcecom-inc-sells-red-hat-inc-facebook-inc-apple-inc,
news,kaggle_news:Investor's Business Daily,2018-08-07 10:33:00,11 Blue Chips Drive Dow Jones Higher; How Apple Can Hit $1.25 Trillion In Market Cap,http://www.investors.com/market-trend/stock-market-today/earnings-results/?src=A00237A&ven=BenzingaCP&src=AURLAAM,
news,kaggle_news:Seeking Alpha,2018-08-07 10:44:00,Beat The Recession With Dividends,https://seekingalpha.com/article/4195677-beat-recession-dividends?source=partner_benzinga,
news,kaggle_news:Seeking Alpha,2018-08-07 11:37:00,Amazon Can't Kill Stitch Fix,https://seekingalpha.com/article/4195747-amazon-kill-stitch-fix?source=partner_benzinga,
news,kaggle_news:Seeking Alpha,2018-08-07 11:50:00,"Disney call: Iger talks Fox, streaming; shares trim losses",https://seekingalpha.com/news/3379819-disney-call-iger-talks-fox-streaming-shares-trim-losses?source=partner_benzinga,
news,kaggle_news:GuruFocus,2018-08-07 12:06:00,"Tweedy Browne Trims Halliburton, Cisco",http://www.gurufocus.com/news/718821/tweedy-browne-trims-halliburton-cisco,
news,kaggle_news:Seeking Alpha,2018-08-07 12:11:00,"Parsley Energy -6% as tight labor, steel tariffs lead to higher spending outlook",https://seekingalpha.com/news/3379818-parsley-energy-minus-6-percent-tight-labor-steel-tariffs-lead-higher-spending-outlook?source=partner_benzinga,
news,kaggle_news:Seeking Alpha,2018-08-07 12:28:00,China has outspent the U.S. in 5G,https://seekingalpha.com/news/3379087-china-outspent-u-s-5g?source=partner_benzinga,
news,kaggle_news:Seeking Alpha,2018-08-07 12:55:00,"Intel adds position in Switch, Carbon Black, and DocuSign",https://seekingalpha.com/news/3379408-intel-adds-position-switch-carbon-black-docusign?source=partner_benzinga,
news,kaggle_news:Seeking Alpha,2018-08-07 13:46:00,"Kroger roundup: Turkey Hill review, Fitch downgrade",https://seekingalpha.com/news/3379403-kroger-roundup-turkey-hill-review-fitch-downgrade?source=partner_benzinga,
news,kaggle_news:Seeking Alpha,2018-08-07 14:37:00,Eurozone wages signal inflation will return,https://seekingalpha.com/news/3379096-eurozone-wages-signal-inflation-will-return?source=partner_benzinga,
news,kaggle_news:Seeking Alpha,2018-08-07 14:44:00,Kevin Erdmann On Housing Shortages And A New Understanding Of The Great Recession,https://seekingalpha.com/article/4195643-kevin-erdmann-housing-shortages-new-understanding-great-recession?source=partner_benzinga,
news,kaggle_news:Seeking Alpha,2018-08-07 14:47:00,Financial Exchange Stock Talk: Mark Hibben On Qualcomm And Intel,https://seekingalpha.com/article/4196040-financial-exchange-stock-talk-mark-hibben-qualcomm-intel?source=partner_benzinga,
news,kaggle_news:Seeking Alpha,2018-08-07 14:55:00,TiVo loses another patent battle to Comcast,https://seekingalpha.com/news/3379821-tivo-loses-another-patent-battle-comcast?source=partner_benzinga,
news,kaggle_news:Seeking Alpha,2018-08-07 15:40:00,Could GrubHub Become The Amazon Of Restaurants?,https://seekingalpha.com/article/4196106-grubhub-become-amazon-restaurants?source=partner_benzinga,
news,kaggle_news:Seeking Alpha,2018-08-07 15:43:00,The Threat Of A Trade War To The Global Economy,https://seekingalpha.com/article/4195607-threat-trade-war-global-economy?source=partner_benzinga,
news,kaggle_news:Seeking Alpha,2018-08-07 15:44:00,Hi-Crush Partners downgraded on valuation at Piper Jaffray,https://seekingalpha.com/news/3379470-hi-crush-partners-downgraded-valuation-piper-jaffray?source=partner_benzinga,
news,kaggle_news:Zacks,2018-08-07 16:12:00,Should Investors Stay Away From Netflix (NFLX) Stock?,http://www.zacks.com/stock/news/316494/should-investors-stay-away-from-netflix-nflx-stock?cid=CS-BENZ-FT-316494,
news,kaggle_news:Zacks,2018-08-07 16:21:00,Honda (HMC) to Recall Nearly 97K Avancier Models in China,http://www.zacks.com/stock/news/316420/honda-hmc-to-recall-nearly-97k-avancier-models-in-china?cid=CS-BENZ-FT-316420,
news,kaggle_news:GuruFocus,2018-08-07 16:32:00,Matthews China Fund Establishes 8 Positions in —nd Quarter,http://www.gurufocus.com/news/718618/matthews-china-fund-establishes-8-positions-in-2nd-quarter,
news,kaggle_news:Seeking Alpha,2018-08-07 16:55:00,Wall Street Breakfast: U.S. Sanctions Reimposed On Iran,https://seekingalpha.com/article/4195648-wall-street-breakfast-u-s-sanctions-reimposed-iran?source=partner_benzinga,
news,kaggle_news:Seeking Alpha,2018-08-07 17:17:00,"Antares Pharma, Inc. (ATRS) CEO Bob Apple on Q2 2018 Results - Earnings Call Transcript",https://seekingalpha.com/article/4195823-antares-pharma-inc-atrs-ceo-bob-apple-q2-2018-results-earnings-call-transcript?source=partner_benzinga,
news,kaggle_news:Zacks,2018-08-07 17:25:00,Will Oil Prices Spike As Trump Warns Trading Partners Not To Deal With Iran?,http://www.zacks.com/stock/news/316503/will-oil-prices-spike-as-trump-warns-trading-partners-not-to-deal-with-iran?cid=CS-BENZ-FT-316503,
news,kaggle_news:Seeking Alpha,2018-08-07 17:26:00,Quick Thoughts On The Stock Market Impact Of The Trade War,https://seekingalpha.com/article/4195603-quick-thoughts-stock-market-impact-trade-war?source=partner_benzinga,
news,kaggle_news:Seeking Alpha,2018-08-07 18:00:00,SQM's Deal With Tianqi Lithium Is Under Review By Moody's For A Possible Downgrade,https://seekingalpha.com/article/4195606-sqms-deal-tianqi-lithium-review-moodys-possible-downgrade?source=partner_benzinga,
news,kaggle_news:Seeking Alpha,2018-08-07 18:02:00,"JD Selloff Amid Trade War Is A Market Overreaction, For Now.",https://seekingalpha.com/article/4195692-jd-selloff-amid-trade-war-market-overreaction-now?source=partner_benzinga,
news,kaggle_news:Seeking Alpha,2018-08-07 18:04:00,Iron ore moves close to $70/ton as China cracks down on pollution,https://seekingalpha.com/news/3379458-iron-ore-moves-close-70-ton-china-cracks-pollution?source=partner_benzinga,
news,kaggle_news:Seeking Alpha,2018-08-07 18:13:00,Synergy out-licenses Trulance in China; shares up 9% premarket,https://seekingalpha.com/news/3379321-synergy-licenses-trulance-china-shares-9-percent-premarket?source=partner_benzinga,
news,kaggle_news:Seeking Alpha,2018-08-07 18:27:00,American Tower pursues $97M in loan default claim,https://seekingalpha.com/news/3379450-american-tower-pursues-97m-loan-default-claim?source=partner_benzinga,
news,kaggle_news:Seeking Alpha,2018-08-07 18:40:00,Tech Tariffs Will Not Hurt Lam's Growth In China,https://seekingalpha.com/article/4195660-tech-tariffs-will-hurt-lams-growth-china?source=partner_benzinga,
news,kaggle_news:Seeking Alpha,2018-08-07 18:43:00,The Probability Of A U.S. Recession - August 2018,https://seekingalpha.com/article/4196009-probability-u-s-recession-august-2018?source=partner_benzinga,
news,kaggle_news:Zacks,2018-08-07 19:06:00,US Sanctions on Iran Could Brace Defense Stocks: 4 Top Picks,http://www.zacks.com/stock/news/316417/us-sanctions-on-iran-could-brace-defense-stocks-4-top-picks?cid=CS-BENZ-FT-316417,
news,kaggle_news:Seeking Alpha,2018-08-07 19:49:00,U.S. Reimposes Sanctions On Iran (Wall Street Breakfast Podcast),https://seekingalpha.com/article/4195656-u-s-reimposes-sanctions-iran-wall-street-breakfast-podcast?source=partner_benzinga,
news,kaggle_news:Investor's Business Daily,2018-08-07 19:53:00,"Dow Leads Stock Futures Higher As Disney Climbs, Global Markets Rally",http://www.investors.com/market-trend/stock-market-today/dow-leads-stock-futures-higher-as-disney-climbs-global-markets-rally/?src=A00237A&ven=BenzingaCP&src=AURLAAM,
news,kaggle_news:GuruFocus,2018-08-07 20:01:00,Barrick Gold Is Downgraded Again,http://www.gurufocus.com/news/718621/barrick-gold-is-downgraded-again,
news,kaggle_news:Vick Meyer,2018-08-08 04:00:00,"Citigroup Maintains Buy on Carnival, Lowers Price Target to $69",https://www.benzinga.com/news/18/08/12163260/citigroup-maintains-buy-on-carnival-lowers-price-target-to-69,
news,kaggle_news:Benzinga_Newsdesk,2018-08-08 04:00:00,Hearing Citi Downgrades Southern Co. To Sell,https://www.benzinga.com/news/18/08/12164894/hearing-citi-downgrades-southern-co-to-sell,
news,kaggle_news:Benzinga_Newsdesk,2018-08-08 04:00:00,JP Morgan Downgrades Cimarex Energy to Neutral,https://www.benzinga.com/news/18/08/12162402/jp-morgan-downgrades-cimarex-energy-to-neutral,
news,kaggle_news:Benzinga Newsdesk,2018-08-08 04:00:00,"Chinese Gov't. Says Tariffs Will Be Implemented On 333 Products, Including Crude Oil, Coal, Diesel, Cars, Bicycles, Steel",https://www.benzinga.com/news/18/08/12163716/chinese-govt-says-tariffs-will-be-implemented-on-333-products-including-crude-oi,
news,kaggle_news:Lisa Levin,2018-08-08 04:00:00,"Benzinga's Top Upgrades, Downgrades For August 8, 2018",https://www.benzinga.com/analyst-ratings/upgrades/18/08/12164482/benzingas-top-upgrades-downgrades-for-august-8-2018,
news,kaggle_news:Benzinga Newsdesk,2018-08-08 04:00:00,US Treasury Official Has Said The Delegation From Turkey Will Meet US Treasury Officials In Washington DC Wednesday,https://www.benzinga.com/news/18/08/12163719/us-treasury-official-has-said-the-delegation-from-turkey-will-meet-us-treasury-o,
news,kaggle_news:Benzinga_Newsdesk,2018-08-08 04:00:00,UBS Downgrades Smith & Nephew to Neutral,https://www.benzinga.com/news/18/08/12164151/ubs-downgrades-smith-nephew-to-neutral,
news,kaggle_news:Jayson Derrick,2018-08-08 04:00:00,"Disney's Quarter Is A Direct-To-Consumer Story, Says RBC Analyst",https://www.benzinga.com/analyst-ratings/analyst-color/18/08/12164966/disneys-quarter-is-a-direct-to-consumer-story-says-rbc-,
news,kaggle_news:Benzinga Newsdesk,2018-08-08 04:00:00,"Stocks That Made New 52-Week Highs So Far Today Include: Medtronic, Amazon, Pfizer, AES, W.W. Grainger, Centene, Chipotle, Emerson Electric, Zoetis, Michael Kors, United Continental, VF, Aetna, Ross Stores, and UnitedHealth Group",https://www.benzinga.com/trading-ideas/technicals/18/08/12166091/stocks-that-made-new-52-week-highs-so-far-today-include-medt,
news,kaggle_news:Benzinga_Newsdesk,2018-08-08 04:00:00,Albemarle In China Expects To See An Increases IN Lithium Hydroxide Demand Due To Rising EV Adoption,https://www.benzinga.com/news/18/08/12164841/albemarle-in-china-expects-to-see-an-increases-in-lithium-hydroxide-demand-due-t,
news,kaggle_news:Benzinga_Newsdesk,2018-08-08 04:00:00,JP Morgan Upgrades CyberArk Software to Overweight,https://www.benzinga.com/news/18/08/12162435/jp-morgan-upgrades-cyberark-software-to-overweight,
news,kaggle_news:Jayson Derrick,2018-08-08 04:00:00,"Cyberark Among The Few 'Reasonably Priced' Software Stocks, JPMorgan Says In Upgrade",https://www.benzinga.com/analyst-ratings/analyst-color/18/08/12165205/cyberark-among-the-few-reasonably-priced-software-stock,
news,kaggle_news:Benzinga Newsdesk,2018-08-08 04:00:00,Needham Downgrades Extreme Networks to Hold,https://www.benzinga.com/news/18/08/12167644/needham-downgrades-extreme-networks-to-hold,
news,kaggle_news:Vick Meyer,2018-08-08 04:00:00,"Citigroup Maintains Buy on Newell Brands, Lowers Price Target to $29",https://www.benzinga.com/news/18/08/12163514/citigroup-maintains-buy-on-newell-brands-lowers-price-target-to-29,
news,kaggle_news:Charles Gross,2018-08-08 04:00:00,Larry Ellison Says it Will be Difficult for Amazon to Stop Using Oracle Software,https://www.benzinga.com/news/18/08/12161910/larry-ellison-says-it-will-be-difficult-for-amazon-to-stop-using-oracle-software,
news,kaggle_news:Benzinga_Newsdesk,2018-08-08 04:00:00,"Guggenheim Reinstates Neutral on Adobe Systems, Announces $275",https://www.benzinga.com/news/18/08/12163324/guggenheim-reinstates-neutral-on-adobe-systems-announces-275,
news,kaggle_news:Benzinga Newsdesk,2018-08-08 04:00:00,Verizon Announces 6 Free Months of Apple Music To New And Current Unlimited Customers,https://www.benzinga.com/news/18/08/12170359/verizon-announces-6-free-months-of-apple-music-to-new-and-current-unlimited-cust,
news,kaggle_news:Benzinga_Newsdesk,2018-08-08 04:00:00,Roth Capital Downgrades Ligand Pharmaceuticals to Neutral,https://www.benzinga.com/news/18/08/12163690/roth-capital-downgrades-ligand-pharmaceuticals-to-neutral,
news,kaggle_news:Benzinga_Newsdesk,2018-08-08 04:00:00,RBC Capital Downgrades Sanchez Energy to Sector Perform,https://www.benzinga.com/news/18/08/12162575/rbc-capital-downgrades-sanchez-energy-to-sector-perform,
news,kaggle_news:Benzinga_Newsdesk,2018-08-08 04:00:00,Wells Fargo Downgrades RLJ Lodging to Market Perform,https://www.benzinga.com/news/18/08/12164050/wells-fargo-downgrades-rlj-lodging-to-market-perform,
news,kaggle_news:Hannah Genig,2018-08-08 04:00:00,JPMorgan Downgrades Cimarex As Oil Growth Doubt Lingers,https://www.benzinga.com/analyst-ratings/analyst-color/18/08/12165045/jpmorgan-downgrades-cimarex-as-oil-growth-doubt-lingers,
news,kaggle_news:Benzinga_Newsdesk,2018-08-08 04:00:00,"'Sinclair is a potential suitor for the Fox RSNs that Disney will be spun off, CEO Chris Ripley says on earnings call.'-WSJ Media Reporter Joe Flint Tweets",https://www.benzinga.com/news/18/08/12164575/sinclair-is-a-potential-suitor-for-the-fox-rsns-that-disney-will-be-spun-off-ceo,
news,kaggle_news:Benzinga_Newsdesk,2018-08-08 04:00:00,Bank of America Downgrades Kennametal to Underperform,https://www.benzinga.com/news/18/08/12163808/bank-of-america-downgrades-kennametal-to-underperform,
news,kaggle_news:Benzinga_Newsdesk,2018-08-08 04:00:00,Wells Fargo Downgrades Beacon Roofing Supply to Underperform,https://www.benzinga.com/news/18/08/12164052/wells-fargo-downgrades-beacon-roofing-supply-to-underperform,
news,kaggle_news:Benzinga_Newsdesk,2018-08-08 04:00:00,Baird Downgrades Aramark to Neutral,https://www.benzinga.com/news/18/08/12164143/baird-downgrades-aramark-to-neutral,
news,kaggle_news:Vick Meyer,2018-08-08 04:00:00,"Citigroup Maintains Neutral on Alexandria Real Estate, Raises Price Target to $133",https://www.benzinga.com/news/18/08/12163208/citigroup-maintains-neutral-on-alexandria-real-estate-raises-price-target-to-133,
news,kaggle_news:Benzinga Newsdesk,2018-08-08 04:00:00,"From 21st Century Fox Q4 Earnings Conference Call: Co. Focused On Receiving Regulatory Approvals Outside US, Believes Is On Track To Close Disney Deal In 1H'19",https://www.benzinga.com/news/18/08/12169115/from-21st-century-fox-q4-earnings-conference-call-co-focused-on-receiving-regula,
news,kaggle_news:Hannah Genig,2018-08-08 04:00:00,Seaport Downgrades Flotek After Worst-Case Q2,https://www.benzinga.com/analyst-ratings/analyst-color/18/08/12166021/seaport-downgrades-flotek-after-worst-case-q2,
news,kaggle_news:Benzinga_Newsdesk,2018-08-08 04:00:00,Seaport Global Downgrades Flotek Industries to Neutral,https://www.benzinga.com/news/18/08/12163675/seaport-global-downgrades-flotek-industries-to-neutral,
news,kaggle_news:Benzinga Newsdesk,2018-08-08 04:00:00,Form 4 Filing Late Tuesday Showed Starbucks Director Myron Ullman Sold 15K Shares at $52.13,https://www.benzinga.com/news/18/08/12166853/form-4-filing-late-tuesday-showed-starbucks-director-myron-ullman-sold-15k-share,
news,kaggle_news:Benzinga_Newsdesk,2018-08-08 04:00:00,KeyBanc Downgrades Federal Signal to Sector Weight,https://www.benzinga.com/news/18/08/12162377/keybanc-downgrades-federal-signal-to-sector-weight,
news,kaggle_news:Benzinga_Newsdesk,2018-08-08 04:00:00,"Citigroup Downgrades Beacon Roofing Supply to Neutral, Lowers Price Target to $44",https://www.benzinga.com/news/18/08/12163067/citigroup-downgrades-beacon-roofing-supply-to-neutral-lowers-price-target-to-44,
news,kaggle_news:Benzinga_Newsdesk,2018-08-08 04:00:00,Deutsche Bank Downgrades PPL to Hold,https://www.benzinga.com/news/18/08/12163090/deutsche-bank-downgrades-ppl-to-hold,
news,kaggle_news:Benzinga_Newsdesk,2018-08-08 04:00:00,Raymond James Downgrades Mallinckrodt to Market Perform,https://www.benzinga.com/news/18/08/12162540/raymond-james-downgrades-mallinckrodt-to-market-perform,
news,kaggle_news:Vick Meyer,2018-08-08 04:00:00,"Citigroup Maintains Neutral on NuStar Energy, Raises Price Target to $27",https://www.benzinga.com/news/18/08/12163468/citigroup-maintains-neutral-on-nustar-energy-raises-price-target-to-27,
news,kaggle_news:Benzinga_Newsdesk,2018-08-08 04:00:00,Seaport Global Downgrades Mueller Water Products to Neutral,https://www.benzinga.com/news/18/08/12163677/seaport-global-downgrades-mueller-water-products-to-neutral,
news,kaggle_news:Vick Meyer,2018-08-08 04:00:00,"Citigroup Maintains Buy on Hasbro, Raises Price Target to $116",https://www.benzinga.com/news/18/08/12163330/citigroup-maintains-buy-on-hasbro-raises-price-target-to-116,
news,kaggle_news:Benzinga_Newsdesk,2018-08-08 04:00:00,Imperial Capital Downgrades Energen to In-Line,https://www.benzinga.com/news/18/08/12162439/imperial-capital-downgrades-energen-to-in-line,
news,kaggle_news:Benzinga_Newsdesk,2018-08-08 04:00:00,"Coca-Cola Bottling Co Q2 EPS $(0.42) Does Not Compare To $2.91 Estimate, Sales $1.23B Up From $1.169B YoY",https://www.benzinga.com/news/earnings/18/08/12169790/coca-cola-bottling-co-q2-eps-0-42-does-not-compare-to-2-91-estimate-sal,
news,kaggle_news:Benzinga_Newsdesk,2018-08-08 04:00:00,Mylan CEO On Conf. Call Says They Have Good Months Of Epipen Supply From Pfizer And Then Suddenly Get Erratic Supply; Says They're Working Closely With Pfizer,https://www.benzinga.com/news/18/08/12165384/mylan-ceo-on-conf-call-says-they-have-good-months-of-epipen-supply-from-pfizer-a,
news,kaggle_news:Vick Meyer,2018-08-08 04:00:00,"Citigroup Maintains Buy on Becton, Raises Price Target to $283",https://www.benzinga.com/news/18/08/12163221/citigroup-maintains-buy-on-becton-raises-price-target-to-283,
news,kaggle_news:Benzinga_Newsdesk,2018-08-08 04:00:00,Oppenheimer Downgrades Enanta Pharmaceuticals to Perform,https://www.benzinga.com/news/18/08/12163696/oppenheimer-downgrades-enanta-pharmaceuticals-to-perform,
news,kaggle_news:Vick Meyer,2018-08-08 04:00:00,"Citigroup Maintains Neutral on Domino's Pizza, Raises Price Target to $298",https://www.benzinga.com/news/18/08/12163276/citigroup-maintains-neutral-on-dominos-pizza-raises-price-target-to-298,
news,kaggle_news:Seeking Alpha,2018-08-08 07:02:00,U.K. struggles to hire amid Brexit backlash,https://seekingalpha.com/news/3379860-u-k-struggles-hire-amid-brexit-backlash?source=partner_benzinga,
news,kaggle_news:Zacks,2018-08-08 07:05:00,Tariff Clash Haunts Wall Street: 5 Ultra-Safe Picks,http://www.zacks.com/stock/news/316823/tariff-clash-haunts-wall-street-5-ultra-safe-picks?cid=CS-BENZ-FT-316823,
news,kaggle_news:Seeking Alpha,2018-08-08 07:39:00,Coca-Cola Bottling reports Q2 results,https://seekingalpha.com/news/3380462-coca-cola-bottling-reports-q2-results?source=partner_benzinga,
news,kaggle_news:Zacks,2018-08-08 07:41:00,"Can Disney's Streaming Service ""Thrive"" In the Age of Netflix?",http://www.zacks.com/stock/news/316884/can-disneys-streaming-service-thrive-in-the-age-of-netflix?cid=CS-BENZ-FT-316884,
news,kaggle_news:Seeking Alpha,2018-08-08 08:37:00,Steel And Aluminum: The 'Own Goal' Trade War?,https://seekingalpha.com/article/4196370-steel-aluminum-own-goal-trade-war?source=partner_benzinga,
news,kaggle_news:Zacks,2018-08-08 09:53:00,"Kroger (KR) Builds Grocery Portfolio, Turkey Hill Sale Likely",http://www.zacks.com/stock/news/316668/kroger-kr-builds-grocery-portfolio-turkey-hill-sale-likely?cid=CS-BENZ-FT-316668,
news,kaggle_news:Seeking Alpha,2018-08-08 10:08:00,China Thoughts And The Circle Of Competence,https://seekingalpha.com/article/4196284-china-thoughts-circle-competence?source=partner_benzinga,
news,kaggle_news:Zacks,2018-08-08 11:12:00,"Disney Earnings In-Depth, Tesla's Wild Ride, & More Market Stories | Free Lunch",http://www.zacks.com/stock/news/316886/disney-earnings-in-depth-teslas-wild-ride-more-market-stories-free-lunch?cid=CS-BENZ-FT-316886,
news,kaggle_news:GuruFocus,2018-08-08 12:09:00,"Whitener Capital Management, Inc. Buys Praxair Inc, Citigroup Inc, FedEx Corp, Sells Monsanto ...",http://www.gurufocus.com/news/719522/whitener-capital-management-inc-buys-praxair-inc-citigroup-inc-fedex-corp-sells-monsanto-co-schlumberger-ishares-select-dividend-etf,
news,kaggle_news:Seeking Alpha,2018-08-08 14:39:00,Market Volatility Bulletin: U.S. Stocks Shrug Off Tariffs - Long-Vol Players May Need A New Story Line,https://seekingalpha.com/article/4196375-market-volatility-bulletin-u-s-stocks-shrug-tariffs-long-vol-players-may-need-new-story-line?source=partner_benzinga,
news,kaggle_news:Seeking Alpha,2018-08-08 15:27:00,LAND: An Inflation-Hedged Income Producing Asset At A Fair Price,https://seekingalpha.com/article/4196803-land-inflation-hedged-income-producing-asset-fair-price?source=partner_benzinga,
news,kaggle_news:Seeking Alpha,2018-08-08 15:41:00,J.P. Morgan upgrades CyberArk after solid top-line results,https://seekingalpha.com/news/3380229-j-p-morgan-upgrades-cyberark-solid-top-line-results?source=partner_benzinga,
news,kaggle_news:Investor's Business Daily,2018-08-08 16:03:00,Google Owner Brushes Off Stock Market Blues As This Internet Stock Goes En Fuego,http://www.investors.com/market-trend/stock-market-today/internet-stock-google-owner/?src=A00237A&ven=BenzingaCP&src=AURLAAM,
news,kaggle_news:Seeking Alpha,2018-08-08 16:33:00,China shares skid on fresh U.S. tariffs,https://seekingalpha.com/news/3379855-china-shares-skid-fresh-u-s-tariffs?source=partner_benzinga,
news,kaggle_news:Zacks,2018-08-08 16:35:00,"The Zacks Analyst Blog Highlights: Apple, Adobe Systems, Intel, Xilinx and Maxim Integrated Products",http://www.zacks.com/stock/news/316634/the-zacks-analyst-blog-highlights-apple-adobe-systems-intel-xilinx-and-maxim-integrated-products?cid=CS-BENZ-FT-316634,
news,kaggle_news:Zacks,2018-08-08 16:36:00,"Zacks.com highlights: Turtle Beach, PetroChina, Harsco, Integer Holdings and Triton International",http://www.zacks.com/stock/news/316640/zackscom-highlights-turtle-beach-petrochina-harsco-integer-holdings-and-triton-international?cid=CS-BENZ-FT-316640,
news,kaggle_news:Seeking Alpha,2018-08-08 16:36:00,Do Chinese LNG Tariffs Matter?,https://seekingalpha.com/article/4196405-chinese-lng-tariffs-matter?source=partner_benzinga,
news,kaggle_news:Seeking Alpha,2018-08-08 16:37:00,Backfire Economics: Alcoa Seeks Waivers From U.S. Aluminum Tariffs Meant To Help It?,https://seekingalpha.com/article/4196366-backfire-economics-alcoa-seeks-waivers-u-s-aluminum-tariffs-meant-help?source=partner_benzinga,
news,kaggle_news:Seeking Alpha,2018-08-08 17:58:00,"Reuters: PetroChina, Qatar holding advanced talks on LNG supply deals",https://seekingalpha.com/news/3380259-reuters-petrochina-qatar-holding-advanced-talks-lng-supply-deals?source=partner_benzinga,
news,kaggle_news:Zacks,2018-08-08 18:00:00,"ESPN Helps Lift Disney, But Big Problems Remain",http://www.zacks.com/stock/news/316890/espn-helps-lift-disney-but-big-problems-remain?cid=CS-BENZ-FT-316890,
news,kaggle_news:GuruFocus,2018-08-08 18:29:00,"Olstein Capital Management, L.P. Buys Walt Disney Co, Generac Holdings Inc, Skechers USA Inc, ...",http://www.gurufocus.com/news/719531/olstein-capital-management-lp-buys-walt-disney-co-generac-holdings-inc-skechers-usa-inc-sells-alphabet-inc-intel-corp-twentyfirst-century-fox-inc,
news,kaggle_news:Seeking Alpha,2018-08-08 18:58:00,"More on LTC Q2: Revenue declines on lower rental income, defaulted lease",https://seekingalpha.com/news/3380615-ltc-q2-revenue-declines-lower-rental-income-defaulted-lease?source=partner_benzinga,
news,kaggle_news:Zacks,2018-08-08 19:21:00,"Callaway Golf, Ferrari and Walt Disney highlighted as Zacks Bull and Bear of the Day",http://www.zacks.com/stock/news/316633/callaway-golf-ferrari-and-walt-disney-highlighted-as-zacks-bull-and-bear-of-the-day?cid=CS-BENZ-FT-316633,
news,kaggle_news:Seeking Alpha,2018-08-08 20:25:00,JLL Q2 EPS missed consensus when stripping out 'extra income': JPMorgan,https://seekingalpha.com/news/3380308-jll-q2-eps-missed-consensus-stripping-extra-income-jpmorgan?source=partner_benzinga,
news,kaggle_news:Investor's Business Daily,2018-08-08 20:28:00,Stocks Fall As Trade War Heats Up; This Top Growth Stock Breaks Out,http://www.investors.com/market-trend/stock-market-today/stock-market-lower-trade-war-michael-kors-stock-earnings/?src=A00237A&ven=BenzingaCP&src=AURLAAM,
news,kaggle_news:Benzinga_Newsdesk,2018-08-09 04:00:00,Raymond James Downgrades Mylan to Outperform,https://www.benzinga.com/news/18/08/12172760/raymond-james-downgrades-mylan-to-outperform,
news,kaggle_news:Vick Meyer,2018-08-09 04:00:00,"Citigroup Maintains Buy on Mylan, Lowers Price Target to $48",https://www.benzinga.com/news/18/08/12173813/citigroup-maintains-buy-on-mylan-lowers-price-target-to-48,
news,kaggle_news:Vick Meyer,2018-08-09 04:00:00,"Citigroup Maintains Buy on Bio-Techne, Raises Price Target to $205",https://www.benzinga.com/news/18/08/12173877/citigroup-maintains-buy-on-bio-techne-raises-price-target-to-205,
news,kaggle_news:Benzinga_Newsdesk,2018-08-09 04:00:00,"Chardan Capital Downgrades Globalstar, Inc. Common Stock to Neutral",https://www.benzinga.com/news/18/08/12172718/chardan-capital-downgrades-globalstar-inc-common-stock-to-neutral,
news,kaggle_news:Benzinga_Newsdesk,2018-08-09 04:00:00,"Citigroup Upgrades Green Brick Partners to Buy, Raises Price Target to $12",https://www.benzinga.com/news/18/08/12172944/citigroup-upgrades-green-brick-partners-to-buy-raises-price-target-to-12,
news,kaggle_news:Benzinga_Newsdesk,2018-08-09 04:00:00,"Lake Street Downgrades PCTEL to Hold, Lowers Price Target to $6",https://www.benzinga.com/news/18/08/12174137/lake-street-downgrades-pctel-to-hold-lowers-price-target-to-6,
news,kaggle_news:Craig Jones,2018-08-09 04:00:00,Chardan Capital Downgrades Globalstar On Monetization Concerns,https://www.benzinga.com/analyst-ratings/analyst-color/18/08/12175929/chardan-capital-downgrades-globalstar-on-monetization-c,
news,kaggle_news:Benzinga Newsdesk,2018-08-09 04:00:00,Seagate Technology shares are trading down 6.7% to $51.37 after Goldman Sachs downgraded the stock to Sell and lowered its price target to $44.,https://www.benzinga.com/trading-ideas/movers/18/08/12175175/seagate-technology-shares-are-trading-down-6-7-to-51-37-after-go,
news,kaggle_news:Benzinga_Newsdesk,2018-08-09 04:00:00,"Goldman Sachs Downgrades Seagate Technology to Sell, Lowers Price Target to $44",https://www.benzinga.com/news/18/08/12173474/goldman-sachs-downgrades-seagate-technology-to-sell-lowers-price-target-to-44,
news,kaggle_news:Benzinga Newsdesk,2018-08-09 04:00:00,"REMINDER: Friday August 10th Is The Deadline For Trump's Presidential Task Force To Make Any Recommendations For Changes To Postal Service Rates; Watch Shares of Stocks Including FedEx, UPS, Stamps.com, & Amazon",https://www.benzinga.com/news/18/08/12177465/reminder-friday-august-10th-is-the-deadline-for-trumps-presidential-task-force-t,
news,kaggle_news:Vick Meyer,2018-08-09 04:00:00,"Citigroup Maintains Buy on Biomarin Pharmaceutical, Raises Price Target to $120",https://www.benzinga.com/news/18/08/12173630/citigroup-maintains-buy-on-biomarin-pharmaceutical-raises-price-target-to-120,
news,kaggle_news:Benzinga_Newsdesk,2018-08-09 04:00:00,Craig-Hallum Downgrades TechTarget to Hold,https://www.benzinga.com/news/18/08/12172854/craig-hallum-downgrades-techtarget-to-hold,
news,kaggle_news:Benzinga Newsdesk,2018-08-09 04:00:00,"Lam Research shares are trading down 3.2% after Morgan Stanley downgraded the semiconductor sector, citing rising chip inventory levels.",https://www.benzinga.com/trading-ideas/movers/18/08/12175567/lam-research-shares-are-trading-down-3-2-after-morgan-stanley-do,
news,kaggle_news:Benzinga_Newsdesk,2018-08-09 04:00:00,"Morgan Stanley Downgrades Applied Materials to Equal-Weight, Lowers Price Target to $54",https://www.benzinga.com/news/18/08/12172556/morgan-stanley-downgrades-applied-materials-to-equal-weight-lowers-price-target-,
news,kaggle_news:Benzinga_Newsdesk,2018-08-09 04:00:00,"China XD Plastics Q2 EPS $0.41 Down From $0.43 YoY, Sales $317.329M Up From $313.556M YoY",https://www.benzinga.com/news/earnings/18/08/12172300/china-xd-plastics-q2-eps-0-41-down-from-0-43-yoy-sales-317-329m-up-from,
news,kaggle_news:Benzinga_Newsdesk,2018-08-09 04:00:00,BMO Capital Downgrades RPC to Market Perform,https://www.benzinga.com/news/18/08/12172728/bmo-capital-downgrades-rpc-to-market-perform,
news,kaggle_news:Vick Meyer,2018-08-09 04:00:00,"Citigroup Maintains Neutral on Autoliv, Lowers Price Target to $100",https://www.benzinga.com/news/18/08/12173481/citigroup-maintains-neutral-on-autoliv-lowers-price-target-to-100,
news,kaggle_news:Benzinga_Newsdesk,2018-08-09 04:00:00,Johnson Rice Downgrades Contango Oil & Gas Company Common Stock to Hold,https://www.benzinga.com/news/18/08/12176566/johnson-rice-downgrades-contango-oil-gas-company-common-stock-to-hold,
news,kaggle_news:Benzinga_Newsdesk,2018-08-09 04:00:00,"Mastercard, Visa Shares Volatile As Traders Circulate Chatter That Canada Is Said To Reach Agreement To Lower Credit Card Fees",https://www.benzinga.com/news/18/08/12176234/mastercard-visa-shares-volatile-as-traders-circulate-chatter-that-canada-is-said,
news,kaggle_news:Vick Meyer,2018-08-09 04:00:00,"Citigroup Maintains Neutral on Michael Kors Holdings, Raises Price Target to $79",https://www.benzinga.com/news/18/08/12173750/citigroup-maintains-neutral-on-michael-kors-holdings-raises-price-target-to-79,
news,kaggle_news:Benzinga Newsdesk,2018-08-09 04:00:00,TechTarget shares are trading 16% lower after beating on quarterly revenue and earnings per share; Craig-Hallum downgrades company's stock to a hold rating.,https://www.benzinga.com/trading-ideas/movers/18/08/12175684/techtarget-shares-are-trading-16-lower-after-beating-on-quarterl,
news,kaggle_news:Benzinga_Newsdesk,2018-08-09 04:00:00,Barclays Downgrades Noble to Underweight,https://www.benzinga.com/news/18/08/12172191/barclays-downgrades-noble-to-underweight,
news,kaggle_news:Benzinga_Newsdesk,2018-08-09 04:00:00,"JP Morgan Upgrades Investment Technology Gr to Overweight, Raises Price Target to $25",https://www.benzinga.com/news/18/08/12172986/jp-morgan-upgrades-investment-technology-gr-to-overweight-raises-price-target-to,
news,kaggle_news:Vick Meyer,2018-08-09 04:00:00,"Citigroup Maintains Buy on Green Dot, Raises Price Target to $93",https://www.benzinga.com/news/18/08/12173715/citigroup-maintains-buy-on-green-dot-raises-price-target-to-93,
news,kaggle_news:Vick Meyer,2018-08-09 04:00:00,"Citigroup Maintains Buy on Equinix, Raises Price Target to $506",https://www.benzinga.com/news/18/08/12173670/citigroup-maintains-buy-on-equinix-raises-price-target-to-506,
news,kaggle_news:Benzinga_Newsdesk,2018-08-09 04:00:00,"Cowen & Co. Downgrades Extreme Networks to Market Perform, Lowers Price Target to $6.50",https://www.benzinga.com/news/18/08/12174239/cowen-co-downgrades-extreme-networks-to-market-perform-lowers-price-target-to-6-,
news,kaggle_news:Benzinga_Newsdesk,2018-08-09 04:00:00,"Guggenheim Downgrades Southern to Neutral, Lowers Price Target to $47",https://www.benzinga.com/news/18/08/12173671/guggenheim-downgrades-southern-to-neutral-lowers-price-target-to-47,
news,kaggle_news:Benzinga_Newsdesk,2018-08-09 04:00:00,"Bank of America Downgrades Genesee & Wyoming to Neutral, Raises Price Target to $94",https://www.benzinga.com/news/18/08/12173660/bank-of-america-downgrades-genesee-wyoming-to-neutral-raises-price-target-to-94,
news,kaggle_news:Shanthi Rexaline,2018-08-09 04:00:00,BofA Downgrades Genesee & Wyoming On Valuation After 8% Rally,https://www.benzinga.com/analyst-ratings/analyst-color/18/08/12175012/bofa-downgrades-genesee-wyoming-on-valuation-after-8-ra,
news,kaggle_news:Benzinga Newsdesk,2018-08-09 04:00:00,UPDATE: Pfizer 10-Q Shows Dept. Of Justice Requested In Jul. 2018 Documents Related To Contracts With The Iraqi Ministry Of Health; Co. To Comply With Request,https://www.benzinga.com/news/18/08/12179023/update-pfizer-10-q-shows-dept-of-justice-requested-in-jul-2018-documents-related,
news,kaggle_news:Benzinga Newsdesk,2018-08-09 04:00:00,Pfizer 10-Q Just Out,https://www.benzinga.com/news/18/08/12178985/pfizer-10-q-just-out,
news,kaggle_news:Benzinga Newsdesk,2018-08-09 04:00:00,PreMarket Prep Opening NYSE Imbalance Update: Pfizer 237k Shares To Sell; GE 79k To Sell; Alibaba 24k To Buy,https://www.benzinga.com/news/18/08/12173635/premarket-prep-opening-nyse-imbalance-update-pfizer-237k-shares-to-sell-ge-79k-t,
news,kaggle_news:Vick Meyer,2018-08-09 04:00:00,"Citigroup Maintains Neutral on Mosaic, Raises Price Target to $36",https://www.benzinga.com/news/18/08/12173768/citigroup-maintains-neutral-on-mosaic-raises-price-target-to-36,
news,kaggle_news:Benzinga_Newsdesk,2018-08-09 04:00:00,Hearing Standpoint Downgraded Nuance Communications,https://www.benzinga.com/news/18/08/12176259/hearing-standpoint-downgraded-nuance-communications,
news,kaggle_news:Elizabeth Balboa,2018-08-09 04:00:00,"RBC Downgrades Old Fox, Waits For New Fox And 'Potentially Compelling Investment Opportunity'",https://www.benzinga.com/analyst-ratings/analyst-color/18/08/12174948/rbc-downgrades-old-fox-waits-for-new-fox-and-potentiall,
news,kaggle_news:Benzinga_Newsdesk,2018-08-09 04:00:00,RBC Capital Downgrades Twenty-First Century Fox to Sector Perform,https://www.benzinga.com/news/18/08/12172771/rbc-capital-downgrades-twenty-first-century-fox-to-sector-perform,
news,kaggle_news:Benzinga_Newsdesk,2018-08-09 04:00:00,Standpoint Research Downgrades Nuance Communications to Hold,https://www.benzinga.com/news/18/08/12176910/standpoint-research-downgrades-nuance-communications-to-hold,
news,kaggle_news:Benzinga Newsdesk,2018-08-09 04:00:00,"NETSOL Technologies Reports Signing Of $30M Contract With Major Global Auto Captive For Implementation Of Ascent Retail, Wholesale Platforms In China",https://www.benzinga.com/news/18/08/12173399/netsol-technologies-reports-signing-of-30m-contract-with-major-global-auto-capti,
news,kaggle_news:Benzinga_Newsdesk,2018-08-09 04:00:00,"Shares Of NetEase At The Low Down ~11%, Hearing Macquarie Downgraded Shares To Neutral",https://www.benzinga.com/news/18/08/12175962/shares-of-netease-at-the-low-down-11-hearing-macquarie-downgraded-shares-to-neut,
news,kaggle_news:Benzinga_Newsdesk,2018-08-09 04:00:00,"China Automotive Systems Q2 EPS $0.03 Misses $0.17 Estimate, Sales $125.782M Beat $125.36M Estimate",https://www.benzinga.com/news/earnings/18/08/12172047/china-automotive-systems-q2-eps-0-03-misses-0-17-estimate-sales-125-782,
news,kaggle_news:Benzinga_Newsdesk,2018-08-09 04:00:00,China Automotive Systems Sees FY18 Sales $520M vs $522M Est.,https://www.benzinga.com/news/18/08/12172052/china-automotive-systems-sees-fy18-sales-520m-vs-522m-est,
news,kaggle_news:Hannah Genig,2018-08-09 04:00:00,"Extreme Networks Experienced A Challenging Quarter, Cowen Downgrades Stock",https://www.benzinga.com/analyst-ratings/analyst-color/18/08/12175879/extreme-networks-experienced-a-challenging-quarter-cowe,
news,kaggle_news:Vick Meyer,2018-08-09 04:00:00,"Citigroup Maintains Neutral on Inter Parfums, Raises Price Target to $66",https://www.benzinga.com/news/18/08/12173734/citigroup-maintains-neutral-on-inter-parfums-raises-price-target-to-66,
news,kaggle_news:Benzinga Newsdesk,2018-08-09 04:00:00,"Benzinga Pro Mid-Day Price Check For Regional ETFs: China ETF (FXI) Up 1.8%, Canada (EWC) Up 0.3%, Australia (EWA) Up 0.2%, US (SPY) Up 0.1%, India (INDA) Down 0.1%, Europe (VGK) Down 0.1%, Japan (EWJ) Down 0.2%, Russia (RSX) Down 0.4%",https://www.benzinga.com/news/18/08/12176164/benzinga-pro-mid-day-price-check-for-regional-etfs-china-etf-fxi-up-1-8-canada-e,
news,kaggle_news:FreightWaves,2018-08-09 04:00:00,Toys 'R' Us Bankruptcy Leaves Retailers Anxious To Pick Up The Slack,https://www.benzinga.com/general/topics/18/08/12172834/toys-r-us-bankruptcy-leaves-retailers-anxious-to-pick-up-the-slack,
news,kaggle_news:Benzinga Newsdesk,2018-08-09 04:00:00,"Coca-Cola European Partners plc Ordinary Shares Q2 EPS $0.78 Misses $0.80 Estimate, Sales $3.546B Beat $3.06B Estimate",https://www.benzinga.com/news/earnings/18/08/12172912/coca-cola-european-partners-plc-ordinary-shares-q2-eps-0-78-misses-0-80,
news,kaggle_news:Benzinga Newsdesk,2018-08-09 04:00:00,Coca-Cola European Partners shares are trading up 4.2% after reporting mixed Q2 results; The company missed EPS estimates but beat on sales.,https://www.benzinga.com/trading-ideas/movers/18/08/12175316/coca-cola-european-partners-shares-are-trading-up-4-2-after-repo,
news,kaggle_news:Benzinga Newsdesk,2018-08-09 04:00:00,REMINDER: Alnylam and Sanofi Have FDA PDUFA Date for Patisiran APOLLO Saturday Aug. 11th,https://www.benzinga.com/general/biotech/18/08/12177469/reminder-alnylam-and-sanofi-have-fda-pdufa-date-for-patisiran-apollo-,
news,kaggle_news:Benzinga_Newsdesk,2018-08-09 04:00:00,Barclays Downgrades Southern to Equal-Weight,https://www.benzinga.com/news/18/08/12172193/barclays-downgrades-southern-to-equal-weight,
news,kaggle_news:Benzinga_Newsdesk,2018-08-09 04:00:00,"Credit Suisse Downgrades Southern to Underperform, Lowers Price Target to $43",https://www.benzinga.com/news/18/08/12174219/credit-suisse-downgrades-southern-to-underperform-lowers-price-target-to-43,
news,kaggle_news:Benzinga_Newsdesk,2018-08-09 04:00:00,Raymond James Downgrades Ryanair Holdings to Market Perform,https://www.benzinga.com/news/18/08/12174120/raymond-james-downgrades-ryanair-holdings-to-market-perform,
news,kaggle_news:Vick Meyer,2018-08-09 04:00:00,"Citigroup Maintains Buy on Magna International, Lowers Price Target to $69",https://www.benzinga.com/news/18/08/12173757/citigroup-maintains-buy-on-magna-international-lowers-price-target-to-69,
news,kaggle_news:Benzinga_Newsdesk,2018-08-09 04:00:00,Noble Financial Downgrades Salem Media Group to Hold,https://www.benzinga.com/news/18/08/12174102/noble-financial-downgrades-salem-media-group-to-hold,
news,kaggle_news:Benzinga_Newsdesk,2018-08-09 04:00:00,Hearing JPMorgan Downgrades Huaneng Power To Neutral,https://www.benzinga.com/news/18/08/12176021/hearing-jpmorgan-downgrades-huaneng-power-to-neutral,
news,kaggle_news:Benzinga_Newsdesk,2018-08-09 04:00:00,"Ladenburg Thalmann Downgrades Inuvo, Inc. to Neutral",https://www.benzinga.com/news/18/08/12172990/ladenburg-thalmann-downgrades-inuvo-inc-to-neutral,
news,kaggle_news:Benzinga_Newsdesk,2018-08-09 04:00:00,Gabelli & Co. Downgrades KAR Auction Services to Hold,https://www.benzinga.com/news/18/08/12174577/gabelli-co-downgrades-kar-auction-services-to-hold,
news,kaggle_news:Lisa Levin,2018-08-09 04:00:00,"Benzinga's Top Upgrades, Downgrades For August 9, 2018",https://www.benzinga.com/analyst-ratings/upgrades/18/08/12174224/benzingas-top-upgrades-downgrades-for-august-9-2018,
news,kaggle_news:Benzinga Newsdesk,2018-08-09 04:00:00,ExxonMobil Joins Apache and Subsidiaries of Kinder Morgan and Blackstone In Permian Highway Pipeline Project,https://www.benzinga.com/news/18/08/12179496/exxonmobil-joins-apache-and-subsidiaries-of-kinder-morgan-and-blackstone-in-perm,
news,kaggle_news:Benzinga Newsdesk,2018-08-09 04:00:00,"Stocks That Made New 52-Week Highs So Far Today Include: Nike, Becton, Cintas, Exelon, Amazon, United Continental, Michael Kors, Target, Medtronic, W.W. Grainger, Ross Stores, Zoetis, Robert Half, IHS Markit, VF, Flowserv, Verisk Analytics, aApple",https://www.benzinga.com/trading-ideas/technicals/18/08/12175468/stocks-that-made-new-52-week-highs-so-far-today-include-nike,
news,kaggle_news:Benzinga Newsdesk,2018-08-09 04:00:00,"Michael's Shares Spike ~2% Higher Following Credit Suisse Comments On Potentially Expanded Partnership With Co.'s Darice Wholesale Unit, Amazon; BZ NOTE: Michael's Last 10-Q Showed 'Darice does not meet materiality criteria...'",https://www.benzinga.com/analyst-ratings/analyst-color/18/08/12175696/michaels-shares-spike-2-higher-following-credit-suisse-,
news,kaggle_news:GuruFocus,2018-08-09 07:23:00,"Oakmont Partners LLC Buys Essex Property Trust Inc, Amazon. ...",http://www.gurufocus.com/news/720041/oakmont-partners-llc-buys-essex-property-trust-inc-amazoncom-inc-microsoft-corp-sells-invesco-senior-loan-ishares-trust-invesco-emerging-markets-sovereign-debt,
news,kaggle_news:Seeking Alpha,2018-08-09 07:48:00,Coca-Cola European declares EUR 0.26 dividend,https://seekingalpha.com/news/3381032-coca-cola-european-declares-eur-0_26-dividend?source=partner_benzinga,
news,kaggle_news:Seeking Alpha,2018-08-09 08:38:00,Semi stocks slip after Morgan Stanley downgrade,https://seekingalpha.com/news/3381033-semi-stocks-slip-morgan-stanley-downgrade?source=partner_benzinga,
news,kaggle_news:Seeking Alpha,2018-08-09 09:19:00,Are Tariffs Good Or Bad News For Archer Daniels Midland?,https://seekingalpha.com/article/4196689-tariffs-good-bad-news-archer-daniels-midland?source=partner_benzinga,
news,kaggle_news:Seeking Alpha,2018-08-09 09:23:00,The Bionic REIT Portfolio: 10 Years Since The Great Recession,https://seekingalpha.com/article/4196852-bionic-reit-portfolio-10-years-since-great-recession?source=partner_benzinga,
news,kaggle_news:Investor's Business Daily,2018-08-09 09:34:00,Stock Futures Mixed; 3 Chip Stocks Dive On Downgrades,http://www.investors.com/market-trend/stock-market-today/stock-futures-chip-stocks-downgrades/?src=A00237A&ven=BenzingaCP&src=AURLAAM,
news,kaggle_news:GuruFocus,2018-08-09 09:48:00,"Private Advisor Group, LLC Buys Alphabet Inc, Apple Inc, Amazon. ...",http://www.gurufocus.com/news/720042/private-advisor-group-llc-buys-alphabet-inc-apple-inc-amazoncom-inc-sells-spdr-sp-500-ishares-core-sp-smallcap-vanguard-sp-500,
news,kaggle_news:Investor's Business Daily,2018-08-09 09:50:00,Facebook Drop Doesn't Stop Momentum ETFs From Going Forward,http://www.investors.com/etfs-and-funds/etfs/facebook-drop-momentum-etfs-going-forward/?src=A00237A&ven=BenzingaCP&src=AURLAAM,
news,kaggle_news:Seeking Alpha,2018-08-09 09:55:00,The Trauma In Turkey Continues,https://seekingalpha.com/article/4197288-trauma-turkey-continues?source=partner_benzinga,
news,kaggle_news:Seeking Alpha,2018-08-09 10:20:00,China Mobile Limited 2018 Q2 - Results - Earnings Call Slides,https://seekingalpha.com/article/4197202-china-mobile-limited-2018-q2-results-earnings-call-slides?source=partner_benzinga,
news,kaggle_news:Seeking Alpha,2018-08-09 10:24:00,China Automotive Systems reports Q2 results,https://seekingalpha.com/news/3380740-china-automotive-systems-reports-q2-results?source=partner_benzinga,
news,kaggle_news:Seeking Alpha,2018-08-09 10:27:00,"TechTarget -10.5% after Q2 beats with in-line guide, analyst downgrade",https://seekingalpha.com/news/3380879-techtarget-minus-10_5-percent-q2-beats-line-guide-analyst-downgrade?source=partner_benzinga,
news,kaggle_news:Seeking Alpha,2018-08-09 10:30:00,Cheniere CEO expects no economic impact from Chinese tariffs on U.S. LNG,https://seekingalpha.com/news/3381095-cheniere-ceo-expects-economic-impact-chinese-tariffs-u-s-lng?source=partner_benzinga,
news,kaggle_news:Seeking Alpha,2018-08-09 10:44:00,"No Recession Signaled By iM's Business Cycle Index: Update - August 9, 2018",https://seekingalpha.com/article/4197001-recession-signaled-ims-business-cycle-index-update-august-9-2018?source=partner_benzinga,
news,kaggle_news:Seeking Alpha,2018-08-09 11:21:00,"Coca-Cola European beats by €0.02, misses on revenue",https://seekingalpha.com/news/3380862-coca-cola-european-beats-0_02-misses-revenue?source=partner_benzinga,
news,kaggle_news:GuruFocus,2018-08-09 11:32:00,"Suncoast Equity Management Buys Microsoft Corp, The Home Depot Inc, iShares U.S. ...",http://www.gurufocus.com/news/720040/suncoast-equity-management-buys-microsoft-corp-the-home-depot-inc-ishares-us-preferred-stock-etf-sells-walt-disney-co-lowes-inc-brookfield-infrastructure-partners-lp,
news,kaggle_news:Zacks,2018-08-09 11:39:00,China Slaps Fresh Tariffs on U.S. Goods: 6 Defensive Picks,http://www.zacks.com/stock/news/317081/china-slaps-fresh-tariffs-on-us-goods-6-defensive-picks?cid=CS-BENZ-FT-317081,
news,kaggle_news:Seeking Alpha,2018-08-09 12:00:00,Currency Outlook: We Expect U.S. Dollar Appreciation Due To Trade Tensions,https://seekingalpha.com/article/4196954-currency-outlook-expect-u-s-dollar-appreciation-due-trade-tensions?source=partner_benzinga,
news,kaggle_news:Seeking Alpha,2018-08-09 12:21:00,"Lockheed Martin, Boeing And Leonardo In Massive Contract Showdown",https://seekingalpha.com/article/4197046-lockheed-martin-boeing-leonardo-massive-contract-showdown?source=partner_benzinga,
news,kaggle_news:GuruFocus,2018-08-09 12:57:00,"Kabarec Financial Advisors, Ltd. Buys Coca-Cola Co, iShares Edge MSCI USA Momentum Factor, SPDR ...",http://www.gurufocus.com/news/720076/kabarec-financial-advisors-ltd-buys-cocacola-co-ishares-edge-msci-usa-momentum-factor-spdr-sp-600-small-cap-growth-etf-based-on-sp-sm-sells-invesco-dynamic-buildingnstruction-ltc-properties-inc-spdr-select-sector-fund-,
news,kaggle_news:GuruFocus,2018-08-09 13:31:00,"Vista Capital Partners, Inc. Buys Jewett-Cameron Trading Co, Intel Corp, iShares Core S&P ...",http://www.gurufocus.com/news/719782/vista-capital-partners-inc-buys-jewettcameron-trading-co-intel-corp-ishares-core-sp-smallcap-sells-deckers-outdoor-corp-microsoft-corp-oracle-corp,
news,kaggle_news:Seeking Alpha,2018-08-09 13:41:00,"Speeding Toward Brexit, Some Off-Ramps Emerge: A Dialogue With Lord Kerr",https://seekingalpha.com/article/4196919-speeding-toward-brexit-ramps-emerge-dialogue-lord-kerr?source=partner_benzinga,
news,kaggle_news:Seeking Alpha,2018-08-09 14:08:00,Exxon to support Permian Highway pipeline project,https://seekingalpha.com/news/3381465-exxon-support-permian-highway-pipeline-project?source=partner_benzinga,
news,kaggle_news:Zacks,2018-08-09 14:21:00,Energy ETFs: Victims of China Tariffs,http://www.zacks.com/stock/news/317254/energy-etfs-victims-of-china-tariffs?cid=CS-BENZ-FT-317254,
news,kaggle_news:Seeking Alpha,2018-08-09 14:22:00,"Ruble, lira, pound slide against dollar",https://seekingalpha.com/news/3380687-ruble-lira-pound-slide-dollar?source=partner_benzinga,
news,kaggle_news:Seeking Alpha,2018-08-09 14:30:00,Michaels Companies rallies after Amazon tie-in observed in the wild,https://seekingalpha.com/news/3381116-michaels-companies-rallies-amazon-tie-observed-wild?source=partner_benzinga,
news,kaggle_news:Investor's Business Daily,2018-08-09 14:39:00,Apple Leads Nasdaq Charge Again; These 4 Sectors Lead The Stock Market,http://www.investors.com/market-trend/stock-market-today/apple-leads-nasdaq-charge-again-these-4-sectors-lead-the-stock-market/?src=A00237A&ven=BenzingaCP&src=AURLAAM,
news,kaggle_news:Seeking Alpha,2018-08-09 15:09:00,"Interest Rate Outlook: Strong U.S. GDP Growth, Trade Worries May Keep Rates Range-Bound In 2018",https://seekingalpha.com/article/4196950-interest-rate-outlook-strong-u-s-gdp-growth-trade-worries-may-keep-rates-range-bound-2018?source=partner_benzinga,
news,kaggle_news:Seeking Alpha,2018-08-09 15:10:00,Why Emerging Market Stocks Are Looking Cheap,https://seekingalpha.com/article/4196879-emerging-market-stocks-looking-cheap?source=partner_benzinga,
news,kaggle_news:Zacks,2018-08-09 15:39:00,Better Buy: Nike (NKE) vs. Adidas (ADDYY),http://www.zacks.com/stock/news/317250/better-buy-nike-nke-vs-adidas-addyy?cid=CS-BENZ-FT-317250,
news,kaggle_news:Seeking Alpha,2018-08-09 15:47:00,Tariffs And The Economic Marriage Of The United States And China,https://seekingalpha.com/article/4197353-tariffs-economic-marriage-united-states-china?source=partner_benzinga,
news,kaggle_news:Seeking Alpha,2018-08-09 16:06:00,China XD Plastics reports Q2 results,https://seekingalpha.com/news/3380766-china-xd-plastics-reports-q2-results?source=partner_benzinga,
news,kaggle_news:GuruFocus,2018-08-09 16:30:00,"Greenwood Gearhart Inc Buys Liberty Latin America, Berkshire Hathaway Inc, Verizon ...",http://www.gurufocus.com/news/719779/greenwood-gearhart-inc-buys-liberty-latin-america-berkshire-hathaway-inc-verizon-communications-inc-sells-jm-smucker-co-procter--gamble-co-schwab-us-mid-cap,
news,kaggle_news:Seeking Alpha,2018-08-09 16:47:00,Group 1 Automotive (GPI) Presents At JPMorgan Chase & Co. Auto Conference - Slideshow,https://seekingalpha.com/article/4197089-group-1-automotive-gpi-presents-jpmorgan-chase-and-co-auto-conference-slideshow?source=partner_benzinga,
news,kaggle_news:Seeking Alpha,2018-08-09 17:23:00,July inflation data out of China,https://seekingalpha.com/news/3380713-july-inflation-data-china?source=partner_benzinga,
news,kaggle_news:Zacks,2018-08-09 17:59:00,Disney Disappoints: ETFs to Watch,http://www.zacks.com/stock/news/317226/disney-disappoints-etfs-to-watch?cid=CS-BENZ-FT-317226,
news,kaggle_news:Seeking Alpha,2018-08-09 18:05:00,The Yin And Yang Of The U.S.-China Relationship,https://seekingalpha.com/article/4197476-yin-yang-u-s-china-relationship?source=partner_benzinga,
news,kaggle_news:Seeking Alpha,2018-08-09 18:22:00,Home Improvement Building Permit Data Shows Recession Fears May Be Overblown,https://seekingalpha.com/article/4197023-home-improvement-building-permit-data-shows-recession-fears-may-overblown?source=partner_benzinga,
news,kaggle_news:Seeking Alpha,2018-08-09 18:25:00,The Strategic Transformation Of GM And Ford,https://seekingalpha.com/article/4196748-strategic-transformation-gm-ford?source=partner_benzinga,
news,kaggle_news:Zacks,2018-08-09 18:37:00,Coca-Cola Enterprises (CCE) Q2 Earnings and Revenues Top Estimates,http://www.zacks.com/stock/news/317190/coca-cola-enterprises-cce-q2-earnings-and-revenues-top-estimates?cid=CS-BENZ-FT-317190,
news,kaggle_news:Seeking Alpha,2018-08-09 18:41:00,Gentex (GNTX) Presents at JPMorgan Chase & Co. Auto Conference - Slideshow,https://seekingalpha.com/article/4197324-gentex-gntx-presents-jpmorgan-chase-and-co-auto-conference-slideshow?source=partner_benzinga,
news,kaggle_news:GuruFocus,2018-08-09 18:49:00,"CORDA Investment Management, LLC. Buys US Bancorp, Enterprise Products Partners LP, Facebook ...",http://www.gurufocus.com/news/720079/corda-investment-management-llc-buys-us-bancorp-enterprise-products-partners-lp-facebook-inc-sells-ishares-us-preferred-stock-etf,
news,kaggle_news:GuruFocus,2018-08-09 19:01:00,"Ako Capital Llp Buys Edwards Lifesciences Corp, Nike Inc",http://www.gurufocus.com/news/719863/ako-capital-llp-buys-edwards-lifesciences-corp-nike-inc,
news,kaggle_news:Seeking Alpha,2018-08-09 19:31:00,NetEase Is A Chinese Hedge Against New Tariffs,https://seekingalpha.com/article/4197341-netease-chinese-hedge-new-tariffs?source=partner_benzinga,
news,kaggle_news:Seeking Alpha,2018-08-09 19:44:00,"Walmart, JD.com invest in Chinese online delivery",https://seekingalpha.com/news/3380700-walmart-jd-com-invest-chinese-online-delivery?source=partner_benzinga,
news,kaggle_news:Vick Meyer,2018-08-10 04:00:00,"Citigroup Maintains Buy on Monster Beverage, Raises Price Target to $71",https://www.benzinga.com/news/18/08/12183505/citigroup-maintains-buy-on-monster-beverage-raises-price-target-to-71,
news,kaggle_news:Benzinga Newsdesk,2018-08-10 04:00:00,'The Turkish lira traded down 11% against the U.S. dollar at 6.18 after Turkish President Erdogan asked citizens to convert their dollar and gold holdings to lira' -CNBC,https://www.benzinga.com/news/18/08/12182408/the-turkish-lira-traded-down-11-against-the-u-s-dollar-at-6-18-after-turkish-pre,
news,kaggle_news:Craig Jones,2018-08-10 04:00:00,"Intel, Lowe's, Ralph Lauren, Twitter: 'Fast Money' Picks For August 10",https://www.benzinga.com/media/18/08/12180773/intel-lowes-ralph-lauren-twitter-fast-money-picks-for-august-10,
news,kaggle_news:Vick Meyer,2018-08-10 04:00:00,"JP Morgan Maintains Neutral on Altair Engineering, Raises Price Target to $40",https://www.benzinga.com/news/18/08/12182220/jp-morgan-maintains-neutral-on-altair-engineering-raises-price-target-to-40,
news,kaggle_news:Benzinga Newsdesk,2018-08-10 04:00:00,"UPDATE: Alnylam PDUFA Date Related To Patisiran APOLLO Is Sat., Aug. 11; A Decision Ahead Of The Date Could Come Today; Sanofi Is Working With Alnylma Related To Patisiran",https://www.benzinga.com/news/18/08/12184778/update-alnylam-pdufa-date-related-to-patisiran-apollo-is-sat-aug-11-a-decision-a,
news,kaggle_news:Wayne Duggan,2018-08-10 04:00:00,"The Turkish Crisis: What You Need To Know About Erdogan, The Lira, Turkey",https://www.benzinga.com/government/18/08/12184039/the-turkish-crisis-what-you-need-to-know-about-erdogan-the-lira-turkey,
news,kaggle_news:Benzinga_Newsdesk,2018-08-10 04:00:00,Citigroup Upgrades Sanofi to Buy,https://www.benzinga.com/news/18/08/12182054/citigroup-upgrades-sanofi-to-buy,
news,kaggle_news:Benzinga Newsdesk,2018-08-10 04:00:00,Turkcell Iletisim Hizmetleri AS shares are trading 17.49% lower to $4.67 as fears rise of Turkish crisis.,https://www.benzinga.com/trading-ideas/movers/18/08/12183037/turkcell-iletisim-hizmetleri-as-shares-are-trading-17-49-lower-t,
news,kaggle_news:Benzinga Newsdesk,2018-08-10 04:00:00,Standpoint Research Downgrades Macy's to Hold,https://www.benzinga.com/news/18/08/12186138/standpoint-research-downgrades-macys-to-hold,
news,kaggle_news:Benzinga Newsdesk,2018-08-10 04:00:00,Standpoint Research Downgrades Mosaic to Hold,https://www.benzinga.com/news/18/08/12186141/standpoint-research-downgrades-mosaic-to-hold,
news,kaggle_news:Lisa Levin,2018-08-10 04:00:00,"Benzinga's Top Upgrades, Downgrades For August 10, 2018",https://www.benzinga.com/analyst-ratings/upgrades/18/08/12182927/benzingas-top-upgrades-downgrades-for-august-10-2018,
news,kaggle_news:Benzinga Newsdesk,2018-08-10 04:00:00,"Benzinga Pro Afternoon Price Check For Regional ETFs: Australia (EWA) Down 0.3%, Canada (EWC) Down 0.3%, India (INDA) Down 0.4%, Russia (RSX) Down 0.6%, China ETF (FXI) Down 0.6%, Japan (EWJ) Down 0.8%, Europe (VGK) Down 1.3%, Brazil (EWZ) Down 1.5%",https://www.benzinga.com/news/18/08/12186293/benzinga-pro-afternoon-price-check-for-regional-etfs-australia-ewa-down-0-3-cana,
news,kaggle_news:Benzinga_Newsdesk,2018-08-10 04:00:00,KeyBanc Downgrades Owens-Corning to Sector Weight,https://www.benzinga.com/news/18/08/12181869/keybanc-downgrades-owens-corning-to-sector-weight,
news,kaggle_news:Benzinga Newsdesk,2018-08-10 04:00:00,"Microchip Technology shares are trading down 6.88% to $91.33 premarket after JP Morgan and KeyBanc lowered their price targets to $113 and $111, respectively.",https://www.benzinga.com/trading-ideas/movers/18/08/12182737/microchip-technology-shares-are-trading-down-6-88-to-91-33-prema,
news,kaggle_news:Vick Meyer,2018-08-10 04:00:00,"JP Morgan Maintains Overweight on TiVo, Lowers Price Target to $18",https://www.benzinga.com/news/18/08/12182612/jp-morgan-maintains-overweight-on-tivo-lowers-price-target-to-18,
news,kaggle_news:Benzinga Newsdesk,2018-08-10 04:00:00,"Benzinga Pro Morning Price Check For Regional ETFs: US (SPY) Down 0.6%, Canada (EWC) Down 0.9%, India (INDA) Down 1.2%, Japan (EWJ) Down 1.3%, Australia (EWA) Down 1.4%, China ETF (FXI) Down 1.6%, Europe (VGK) Down 2.0%, Russia (RSX) Down 2.8%",https://www.benzinga.com/news/18/08/12183140/benzinga-pro-morning-price-check-for-regional-etfs-us-spy-down-0-6-canada-ewc-do,
news,kaggle_news:Benzinga Newsdesk,2018-08-10 04:00:00,PreMarket Prep Opening NYSE Imbalance Update: Pfizer 125k Shares To Sell; Alibaba 52k To Sell; GE 153k To Sell; Deutsche Bank 14k to sell: Taiwan Semiconductor 81k To Sell,https://www.benzinga.com/news/18/08/12182625/premarket-prep-opening-nyse-imbalance-update-pfizer-125k-shares-to-sell-alibaba-,
news,kaggle_news:Jayson Derrick,2018-08-10 04:00:00,"Goldman's Chipmaker Pair Trade: Sell Intel, Not AMD",https://www.benzinga.com/analyst-ratings/analyst-color/18/08/12183591/goldmans-chipmaker-pair-trade-sell-intel-not-amd,
news,kaggle_news:Vick Meyer,2018-08-10 04:00:00,"Wells Fargo Maintains Market Perform on Coca-Cola European, Raises Price Target to $40",https://www.benzinga.com/news/18/08/12182034/wells-fargo-maintains-market-perform-on-coca-cola-european-raises-price-target-t,
news,kaggle_news:Benzinga Newsdesk,2018-08-10 04:00:00,"Jay Sekulow, Team Member Of Trump's Personal Legal Counsel, Says A Resolution Related To Turkey/Pastor Case 'Close'",https://www.benzinga.com/news/18/08/12186043/jay-sekulow-team-member-of-trumps-personal-legal-counsel-says-a-resolution-relat,
news,kaggle_news:Benzinga Newsdesk,2018-08-10 04:00:00,UK Chancellor Philip Hammond Is Considering An 'Amazon Tax' For Online Retailers -Sky News,https://www.benzinga.com/news/18/08/12182160/uk-chancellor-philip-hammond-is-considering-an-amazon-tax-for-online-retailers-s,
news,kaggle_news:Vick Meyer,2018-08-10 04:00:00,"JP Morgan Maintains Overweight on NetEase, Lowers Price Target to $265",https://www.benzinga.com/news/18/08/12182457/jp-morgan-maintains-overweight-on-netease-lowers-price-target-to-265,
news,kaggle_news:Benzinga Newsdesk,2018-08-10 04:00:00,"Benzinga Pro Mid-Day Price Check For Regional ETFs: US (SPY) Down 0.6%, India (INDA) Down 1.2%, Canada (EWC) Down 1.3%, Japan (EWJ) Down 1.4%, Australia (EWA) Down 1.6%, China ETF (FXI) Down 1.8%, Europe (VGK) Down 2.3%, Mexico (EWW) Down 3.1%",https://www.benzinga.com/news/18/08/12185119/benzinga-pro-mid-day-price-check-for-regional-etfs-us-spy-down-0-6-india-inda-do,
news,kaggle_news:Vick Meyer,2018-08-10 04:00:00,"JP Morgan Maintains Overweight on Emerson Electric, Raises Price Target to $82",https://www.benzinga.com/news/18/08/12182228/jp-morgan-maintains-overweight-on-emerson-electric-raises-price-target-to-82,
news,kaggle_news:Benzinga Newsdesk,2018-08-10 04:00:00,Banco Bradesco SA shares are trading 5.22% lower as sentiment falls on banks doing business in EU due to financial distress in Turkey.,https://www.benzinga.com/trading-ideas/movers/18/08/12184037/banco-bradesco-sa-shares-are-trading-5-22-lower-as-sentiment-fal,
news,kaggle_news:Jayson Derrick,2018-08-10 04:00:00,"Copa Holdings' 15% Decline Is Just The Beginning, Stifel Says In Downgrade",https://www.benzinga.com/analyst-ratings/analyst-color/18/08/12182438/copa-holdings-15-decline-is-just-the-beginning-stifel-s,
news,kaggle_news:Benzinga Newsdesk,2018-08-10 04:00:00,"'Number of cases of people sickened by McDonald's salad is up 615 percent in less than a month, CDC says.' - NBC New York Tweets",https://www.benzinga.com/news/18/08/12184433/number-of-cases-of-people-sickened-by-mcdonalds-salad-is-up-615-percent-in-less-,
news,kaggle_news:Benzinga Newsdesk,2018-08-10 04:00:00,BBVA Frances shares fall 12% as fears regarding Turkish lira escalate.,https://www.benzinga.com/trading-ideas/movers/18/08/12183645/bbva-frances-shares-fall-12-as-fears-regarding-turkish-lira-esca,
news,kaggle_news:Benzinga_Newsdesk,2018-08-10 04:00:00,Keefe Bruyette & Woods Downgrades Invesco Mortgage Capital to Market Perform,https://www.benzinga.com/news/18/08/12181805/keefe-bruyette-woods-downgrades-invesco-mortgage-capital-to-market-perform,
news,kaggle_news:Benzinga Newsdesk,2018-08-10 04:00:00,Itau Unibanco Holding SA shares are trading 4.20% lower as fears rise regarding EU banks' exposure to Turkish crisis.,https://www.benzinga.com/trading-ideas/movers/18/08/12183843/itau-unibanco-holding-sa-shares-are-trading-4-20-lower-as-fears-,
news,kaggle_news:Benzinga_Newsdesk,2018-08-10 04:00:00,Benchmark Downgrades Amtech Systems to Hold,https://www.benzinga.com/news/18/08/12181890/benchmark-downgrades-amtech-systems-to-hold,
news,kaggle_news:Vick Meyer,2018-08-10 04:00:00,"JP Morgan Maintains Overweight on Microchip Technology, Lowers Price Target to $113",https://www.benzinga.com/news/18/08/12182449/jp-morgan-maintains-overweight-on-microchip-technology-lowers-price-target-to-11,
news,kaggle_news:Vick Meyer,2018-08-10 04:00:00,"JP Morgan Maintains Overweight on Norwegian Cruise Line, Lowers Price Target to $61",https://www.benzinga.com/news/18/08/12182467/jp-morgan-maintains-overweight-on-norwegian-cruise-line-lowers-price-target-to-6,
news,kaggle_news:Benzinga_Newsdesk,2018-08-10 04:00:00,"Sysco Shares Down 1.16%, Pivotal Research Earlier Downgraded Shares From Hold To Sell",https://www.benzinga.com/analyst-ratings/downgrades/18/08/12183899/sysco-shares-down-1-16-pivotal-research-earlier-downgraded,
news,kaggle_news:Benzinga_Newsdesk,2018-08-10 04:00:00,"China Yuchai Intl Q2 EPS $0.49 Doesn't Compare To $4.68 Estimate, Sales $635.5M Miss $4.05B Estimate",https://www.benzinga.com/news/earnings/18/08/12181686/china-yuchai-intl-q2-eps-0-49-doesnt-compare-to-4-68-estimate-sales-635,
news,kaggle_news:Benzinga_Newsdesk,2018-08-10 04:00:00,CL King Downgrades Lancaster Colony to Neutral,https://www.benzinga.com/news/18/08/12183016/cl-king-downgrades-lancaster-colony-to-neutral,
news,kaggle_news:Benzinga_Newsdesk,2018-08-10 04:00:00,"Credit Suisse Downgrades Portola Pharmaceuticals to Underperform, Lowers Price Target to $28",https://www.benzinga.com/news/18/08/12181811/credit-suisse-downgrades-portola-pharmaceuticals-to-underperform-lowers-price-ta,
news,kaggle_news:Benzinga_Newsdesk,2018-08-10 04:00:00,KeyBanc Downgrades Beacon Roofing Supply to Sector Weight,https://www.benzinga.com/news/18/08/12181868/keybanc-downgrades-beacon-roofing-supply-to-sector-weight,
news,kaggle_news:Benzinga_Newsdesk,2018-08-10 04:00:00,"Deutsche Bank Downgrades Perrigo Co to Hold, Lowers Price Target to $78",https://www.benzinga.com/news/18/08/12182204/deutsche-bank-downgrades-perrigo-co-to-hold-lowers-price-target-to-78,
news,kaggle_news:Benzinga_Newsdesk,2018-08-10 04:00:00,Barclays Downgrades Dun & Bradstreet to Equal-Weight,https://www.benzinga.com/news/18/08/12182143/barclays-downgrades-dun-bradstreet-to-equal-weight,
news,kaggle_news:Hannah Genig,2018-08-10 04:00:00,"Perrigo Needs 'Meet-Or-Beat' Quarters, Deutsche Bank Says In Downgrade",https://www.benzinga.com/analyst-ratings/analyst-color/18/08/12183449/perrigo-needs-meet-or-beat-quarters-deutsche-bank-says-,
news,kaggle_news:Benzinga_Newsdesk,2018-08-10 04:00:00,"Raymond James Downgrades Asterias Biotherapeutics, Inc. Common Series A to Market Perform",https://www.benzinga.com/news/18/08/12183006/raymond-james-downgrades-asterias-biotherapeutics-inc-common-series-a-to-market-,
news,kaggle_news:Benzinga Newsdesk,2018-08-10 04:00:00,BBVA shares are trading down 5.73% lower to $6.42 premarket as fears surrounding Turkish Lira increase. Company has largest exposure to Turkey of any European bank.,https://www.benzinga.com/trading-ideas/movers/18/08/12182933/bbva-shares-are-trading-down-5-73-lower-to-6-42-premarket-as-fea,
news,kaggle_news:Benzinga_Newsdesk,2018-08-10 04:00:00,"Bank of America Downgrades Fortune Brands Home to Underperform, Lowers Price Target to $61",https://www.benzinga.com/news/18/08/12182224/bank-of-america-downgrades-fortune-brands-home-to-underperform-lowers-price-targ,
news,kaggle_news:Shanthi Rexaline,2018-08-10 04:00:00,Fortune Brands Downgraded By BofA On Cautious View For Building Products Stocks,https://www.benzinga.com/analyst-ratings/analyst-color/18/08/12182614/fortune-brands-downgraded-by-bofa-on-cautious-view-for-,
news,kaggle_news:Charles Gross,2018-08-10 04:00:00,Morgan Stanley Downgrades Deutsche Bank to Underweight,https://www.benzinga.com/analyst-ratings/downgrades/18/08/12181493/morgan-stanley-downgrades-deutsche-bank-to-underweight,
news,kaggle_news:Vick Meyer,2018-08-10 04:00:00,"JP Morgan Maintains Neutral on Occidental Petroleum, Lowers Price Target to $90",https://www.benzinga.com/news/18/08/12182471/jp-morgan-maintains-neutral-on-occidental-petroleum-lowers-price-target-to-90,
news,kaggle_news:Jayson Derrick,2018-08-10 04:00:00,JPMorgan Loses Its Appetite For Campbell Soup,https://www.benzinga.com/analyst-ratings/analyst-color/18/08/12183107/jpmorgan-loses-its-appetite-for-campbell-soup,
news,kaggle_news:Benzinga_Newsdesk,2018-08-10 04:00:00,JP Morgan Downgrades Campbell Soup to Underweight,https://www.benzinga.com/news/18/08/12181980/jp-morgan-downgrades-campbell-soup-to-underweight,
news,kaggle_news:Benzinga_Newsdesk,2018-08-10 04:00:00,"Stifel Nicolaus Downgrades Copa Holdings to Sell, Lowers Price Target to $70",https://www.benzinga.com/news/18/08/12181975/stifel-nicolaus-downgrades-copa-holdings-to-sell-lowers-price-target-to-70,
news,kaggle_news:Benzinga_Newsdesk,2018-08-10 04:00:00,PiperJaffray Downgrades Endologix to Neutral,https://www.benzinga.com/news/18/08/12183010/piperjaffray-downgrades-endologix-to-neutral,
news,kaggle_news:Benzinga Newsdesk,2018-08-10 04:00:00,Banco Santander Brasil SA shares are trading 3.8% lower on fears that Turkish instability will have negative impact on European banks.,https://www.benzinga.com/trading-ideas/movers/18/08/12184054/banco-santander-brasil-sa-shares-are-trading-3-8-lower-on-fears-,
news,kaggle_news:GuruFocus,2018-08-10 07:15:00,"Haverford Financial Services, Inc. Buys Lowe's Inc, Emerson Electric Co, PepsiCo Inc, Sells ...",http://www.gurufocus.com/news/721691/haverford-financial-services-inc-buys-lowes-inc-emerson-electric-co-pepsico-inc-sells-nike-inc-procter--gamble-co-ishares-trust,
news,kaggle_news:Seeking Alpha,2018-08-10 07:30:00,"July Inflation Rises 0.2%: What It Means For TIPS, I Bonds, And Social Security",https://seekingalpha.com/article/4197606-july-inflation-rises-0_2-percent-means-tips-bonds-social-security?source=partner_benzinga,
news,kaggle_news:GuruFocus,2018-08-10 07:35:00,"Fiduciary Management Inc Buys PepsiCo Inc, Aetna Inc, Masco Corp, Sells Comcast Corp, ...",http://www.gurufocus.com/news/721609/fiduciary-management-inc-buys-pepsico-inc-aetna-inc-masco-corp-sells-comcast-corp-microsoft-corp-te-connectivity,
news,kaggle_news:Seeking Alpha,2018-08-10 08:17:00,The Dollar Muscles Higher As Turkey Melts Down,https://seekingalpha.com/article/4197571-dollar-muscles-higher-turkey-melts?source=partner_benzinga,
news,kaggle_news:Seeking Alpha,2018-08-10 08:35:00,Bloomberg: Barrick chair eyes China partner for potential copper company,https://seekingalpha.com/news/3381709-bloomberg-barrick-chair-eyes-china-partner-potential-copper-company?source=partner_benzinga,
news,kaggle_news:GuruFocus,2018-08-10 08:36:00,US Markets Red Ahead of Inflation Data,http://www.gurufocus.com/news/721536/us-markets-red-ahead-of-inflation-data-,
news,kaggle_news:GuruFocus,2018-08-10 08:50:00,"Haverford Trust Co Buys Lowe's Inc, Emerson Electric Co, iShares Floating Rate Bond, Sells Nike ...",http://www.gurufocus.com/news/721689/haverford-trust-co-buys-lowes-inc-emerson-electric-co-ishares-floating-rate-bond-sells-nike-inc-ishares-trust-procter--gamble-co,
news,kaggle_news:Seeking Alpha,2018-08-10 09:26:00,Reduce Holdings Of Regional Banks On Turkey Turmoil,https://seekingalpha.com/article/4197625-reduce-holdings-regional-banks-turkey-turmoil?source=partner_benzinga,
news,kaggle_news:Seeking Alpha,2018-08-10 09:35:00,"U.S. automakers left behind as China's tariff actions boost Europe, Japan",https://seekingalpha.com/news/3381610-u-s-automakers-left-behind-china-s-tariff-actions-boost-europe-japan?source=partner_benzinga,
news,kaggle_news:Zacks,2018-08-10 09:38:00,Dollar Strengthens on Turkey's Trouble: Top 5 Gainers,http://www.zacks.com/stock/news/317433/dollar-strengthens-on-turkeys-trouble-top-5-gainers?cid=CS-BENZ-FT-317433,
news,kaggle_news:Investor's Business Daily,2018-08-10 09:50:00,"Apple, Indexes Fall On Turkey Fear; These 6 Stocks Hit Sell Signals",http://www.investors.com/market-trend/stock-market-today/apple-turkey-indexes-fall-stocks-sell-signals/?src=A00237A&ven=BenzingaCP&src=AURLAAM,
news,kaggle_news:GuruFocus,2018-08-10 10:19:00,"Levin Capital Strategies, L.p. Buys PG&E Corp, Exxon Mobil Corp, General Dynamics Corp, ...",http://www.gurufocus.com/news/721647/levin-capital-strategies-lp-buys-pge-corp-exxon-mobil-corp-general-dynamics-corp-sells-post-holdings-inc-general-electric-co-textron-inc,
news,kaggle_news:Zacks,2018-08-10 10:34:00,"Parsley Energy (PE) Q2 Earnings Jump on Production, Oil Price",http://www.zacks.com/stock/news/317450/parsley-energy-pe-q2-earnings-jump-on-production-oil-price?cid=CS-BENZ-FT-317450,
news,kaggle_news:Seeking Alpha,2018-08-10 10:47:00,"Tiffany, potential next victim of U.S.-China trade war, cut at Oppenheimer",https://seekingalpha.com/news/3381688-tiffany-potential-next-victim-u-s-china-trade-war-cut-oppenheimer?source=partner_benzinga,
news,kaggle_news:Zacks,2018-08-10 10:48:00,Will Trade War Fears Halt the Rally of Luxury Goods' Stocks?,http://www.zacks.com/stock/news/317358/will-trade-war-fears-halt-the-rally-of-luxury-goods-stocks?cid=CS-BENZ-FT-317358,
news,kaggle_news:Seeking Alpha,2018-08-10 11:39:00,"Trump doubles tariffs on Turkish steel, aluminum",https://seekingalpha.com/news/3381655-trump-doubles-tariffs-turkish-steel-aluminum?source=partner_benzinga,
news,kaggle_news:Seeking Alpha,2018-08-10 11:45:00,Hong Kong: Cutting GDP Forecast On Trade War Woes,https://seekingalpha.com/article/4197614-hong-kong-cutting-gdp-forecast-trade-war-woes?source=partner_benzinga,
news,kaggle_news:Seeking Alpha,2018-08-10 11:57:00,Facebook Is Already Recovering Again,https://seekingalpha.com/article/4197690-facebook-already-recovering?source=partner_benzinga,
news,kaggle_news:Seeking Alpha,2018-08-10 11:59:00,Russia likens U.S. sanctions to economic war,https://seekingalpha.com/news/3381520-russia-likens-u-s-sanctions-economic-war?source=partner_benzinga,
news,kaggle_news:GuruFocus,2018-08-10 12:38:00,"Commerzbank Aktiengesellschaft Buys Netflix Inc, Tesla Inc, Apple Inc, Sells PayPal Holdings ...",http://www.gurufocus.com/news/721730/commerzbank-aktiengesellschaft-buys-netflix-inc-tesla-inc-apple-inc-sells-paypal-holdings-inc-ishares-20-year-treasury-bond-etf-johnson--johnson,
news,kaggle_news:GuruFocus,2018-08-10 12:43:00,"Locust Wood Capital Advisers, Llc Buys Praxair Inc, Abbott Laboratories, Microsoft Corp, Sells ...",http://www.gurufocus.com/news/721476/locust-wood-capital-advisers-llc-buys-praxair-inc-abbott-laboratories-microsoft-corp-sells-kinder-morgan-inc-hess-corp-thermo-fisher-scientific-inc,
news,kaggle_news:Seeking Alpha,2018-08-10 13:13:00,"Turkcell Iletisim Hizmetleri -14.2% on Turkey tariffs, lira drop",https://seekingalpha.com/news/3381776-turkcell-iletisim-hizmetleri-minus-14_2-percent-turkey-tariffs-lira-drop?source=partner_benzinga,
news,kaggle_news:Seeking Alpha,2018-08-10 13:14:00,Wall Street Breakfast: Contagion Concerns Erupt From Turkey,https://seekingalpha.com/article/4197563-wall-street-breakfast-contagion-concerns-erupt-turkey?source=partner_benzinga,
news,kaggle_news:GuruFocus,2018-08-10 13:26:00,"Hamel Associates, Inc. Buys Citigroup Inc, Southwest Airlines Co, Verizon Communications Inc, ...",http://www.gurufocus.com/news/721687/hamel-associates-inc-buys-citigroup-inc-southwest-airlines-co-verizon-communications-inc-sells-community-bank-system-inc-northern-trust-corp-spdr-select-sector-fund--technology,
news,kaggle_news:Seeking Alpha,2018-08-10 13:28:00,China Yuchai International Limited's (CYD) on Q2 2018 Results - Earnings Call Transcript,https://seekingalpha.com/article/4197680-china-yuchai-international-limiteds-cyd-q2-2018-results-earnings-call-transcript?source=partner_benzinga,
news,kaggle_news:Seeking Alpha,2018-08-10 13:30:00,"What's Next For The U.S. Dollar? Major Impact On Gold, Silver And China In 2018",https://seekingalpha.com/article/4197561-next-u-s-dollar-major-impact-gold-silver-china-2018?source=partner_benzinga,
news,kaggle_news:GuruFocus,2018-08-10 13:44:00,"Roundview Capital LLC Buys Vanguard Total Bond Market ETF, Comcast Corp, Liberty Media Corp, ...",http://www.gurufocus.com/news/721605/roundview-capital-llc-buys-vanguard-total-bond-market-etf-comcast-corp-liberty-media-corp-sells-danaher-corp-invesco-senior-loan-ishares-msci-japan-sm-cap,
news,kaggle_news:Seeking Alpha,2018-08-10 14:20:00,Why China Won't Reverse Gold's Slide,https://seekingalpha.com/article/4197654-china-reverse-golds-slide?source=partner_benzinga,
news,kaggle_news:Zacks,2018-08-10 14:28:00,Apple's India Troubles To Continue,http://www.zacks.com/stock/news/317510/apples-india-troubles-to-continue?cid=CS-BENZ-FT-317510,
news,kaggle_news:Seeking Alpha,2018-08-10 14:31:00,"Brighthouse, Deutsche Bank downgraded; Beneficial Bancorp, RBS upgraded",https://seekingalpha.com/news/3381783-brighthouse-deutsche-bank-downgraded-beneficial-bancorp-rbs-upgraded?source=partner_benzinga,
news,kaggle_news:GuruFocus,2018-08-10 14:37:00,"DDD Partners, LLC Buys Microsoft Corp, Seaspan Co, Limelight Networks Inc, Sells Lowe's Inc, ...",http://www.gurufocus.com/news/721630/ddd-partners-llc-buys-microsoft-corp-seaspan-co-limelight-networks-inc-sells-lowes-inc-xcerra-corp-sony-corp,
news,kaggle_news:ETF Professor,2018-08-10 14:48:54,Sanctions Spark Activity In Leveraged Russia ETFs,https://www.benzinga.com/trading-ideas/long-ideas/18/08/12180684/sanctions-spark-activity-in-leveraged-russia-etfs,
news,kaggle_news:Seeking Alpha,2018-08-10 15:03:00,More on China Yuchai International's Q2 results,https://seekingalpha.com/news/3381747-china-yuchai-internationals-q2-results?source=partner_benzinga,
news,kaggle_news:Seeking Alpha,2018-08-10 15:09:00,Contagion concerns from Turkish drama,https://seekingalpha.com/news/3381519-contagion-concerns-turkish-drama?source=partner_benzinga,
news,kaggle_news:Seeking Alpha,2018-08-10 16:09:00,Trump's Turkey tariffs seen raising costs for Kinder Morgan pipeline project,https://seekingalpha.com/news/3381837-trumps-turkey-tariffs-seen-raising-costs-kinder-morgan-pipeline-project?source=partner_benzinga,
news,kaggle_news:Seeking Alpha,2018-08-10 16:13:00,A Weaker Chinese Yuan: Contagion Or Confusion For Global Currencies?,https://seekingalpha.com/article/4197620-weaker-chinese-yuan-contagion-confusion-global-currencies?source=partner_benzinga,
news,kaggle_news:Seeking Alpha,2018-08-10 16:26:00,Contagion Concerns Erupt From Turkey (Wall Street Breakfast Podcast),https://seekingalpha.com/article/4197575-contagion-concerns-erupt-turkey-wall-street-breakfast-podcast?source=partner_benzinga,
news,kaggle_news:Seeking Alpha,2018-08-10 16:34:00,USDA forecasts record soybean crop; China tariffs mean big surplus,https://seekingalpha.com/news/3381833-usda-forecasts-record-soybean-crop-china-tariffs-mean-big-surplus?source=partner_benzinga,
news,kaggle_news:Investor's Business Daily,2018-08-10 16:43:00,U.S. Indexes Trim Losses On Turkey Jitters As This Group Sinks Fast,http://www.investors.com/market-trend/stock-market-today/world-stocks-turkey/?src=A00237A&ven=BenzingaCP&src=AURLAAM,
news,kaggle_news:Seeking Alpha,2018-08-10 16:59:00,Dana (DAN) Presents At JPMorgan Chase & Co. Auto Conference - Slideshow,https://seekingalpha.com/article/4197514-dana-dan-presents-jpmorgan-chase-and-co-auto-conference-slideshow?source=partner_benzinga,
news,kaggle_news:Seeking Alpha,2018-08-10 16:59:00,"China Yuchai misses by $1.45, beats on revenue",https://seekingalpha.com/news/3381549-china-yuchai-misses-1_45-beats-revenue?source=partner_benzinga,
news,kaggle_news:Seeking Alpha,2018-08-10 17:01:00,Regulator seeks $1B-plus sanctions against SCANA in V.C. Summer case,https://seekingalpha.com/news/3381789-regulator-seeks-1b-plus-sanctions-scana-v-c-summer-case?source=partner_benzinga,
news,kaggle_news:GuruFocus,2018-08-10 18:28:00,"Shelton Capital Management Buys Broadcom Inc, Intel Corp, Eli Lilly and Co, Sells Mastercard ...",http://www.gurufocus.com/news/721610/shelton-capital-management-buys-broadcom-inc-intel-corp-eli-lilly-and-co-sells-mastercard-inc-facebook-inc-csx-corp,
news,kaggle_news:Zacks,2018-08-10 18:31:00,Kinder Morgan's PHP Project to Receive ExxonMobil's Support,http://www.zacks.com/stock/news/317395/kinder-morgans-php-project-to-receive-exxonmobils-support?cid=CS-BENZ-FT-317395,
news,kaggle_news:GuruFocus,2018-08-10 18:39:00,"Country Trust Bank Buys Incyte Corp, First Trust Preferred Securities and Income ETF, Visa Inc, ...",http://www.gurufocus.com/news/721728/country-trust-bank-buys-incyte-corp-first-trust-preferred-securities-and-income-etf-visa-inc-sells-bristolmyers-squibb-company-monsanto-co-cardinal-health-inc,
news,kaggle_news:GuruFocus,2018-08-10 19:22:00,"Gables Capital Management Inc. Buys Lockheed Martin Corp, Amazon. ...",http://www.gurufocus.com/news/721546/gables-capital-management-inc-buys-lockheed-martin-corp-amazoncom-inc-dynavax-technologies-corp-sells-facebook-inc-monsanto-co-starbucks-corp,
news,kaggle_news:Investor's Business Daily,2018-08-10 19:34:00,"Small Cap Stocks Resilient As Intel, Caterpillar, Goldman Weigh On Dow",http://www.investors.com/market-trend/stock-market-today/small-cap-stocks-lead-goldman-downgrades-intel/?src=A00237A&ven=BenzingaCP&src=AURLAAM,
news,kaggle_news:Seeking Alpha,2018-08-10 19:37:00,The Long-Term Impact Of Brexit On The European Union,https://seekingalpha.com/article/4197853-long-term-impact-brexit-european-union?source=partner_benzinga,
news,kaggle_news:Investor's Business Daily,2018-08-10 20:09:00,"Stock Futures Lower, Chips Hit Again As Goldman Downgrades Intel",http://www.investors.com/market-trend/stock-market-today/stock-futures-goldman-downgrades-intel/?src=A00237A&ven=BenzingaCP&src=AURLAAM,
news,kaggle_news:Seeking Alpha,2018-08-10 20:09:00,China XD Plastics' (CXDC) CEO Jie Han on Q2 2018 Results - Earnings Call Transcript,https://seekingalpha.com/article/4197499-china-xd-plastics-cxdc-ceo-jie-han-q2-2018-results-earnings-call-transcript?source=partner_benzinga,
news,kaggle_news:Seeking Alpha,2018-08-10 20:19:00,Inflation Surprises Abound,https://seekingalpha.com/article/4197576-inflation-surprises-abound?source=partner_benzinga,
news,kaggle_news:Seeking Alpha,2018-08-10 20:52:00,CPI And PPI Continue To Hint At Creeping Inflationary Pressures,https://seekingalpha.com/article/4197782-cpi-ppi-continue-hint-creeping-inflationary-pressures?source=partner_benzinga,
news,kaggle_news:Seeking Alpha,2018-08-11 09:33:00,Report: WPP considers IBM cloud exec for CEO post,https://seekingalpha.com/news/3381850-report-wpp-considers-ibm-cloud-exec-ceo-post?source=partner_benzinga,
news,kaggle_news:Seeking Alpha,2018-08-11 15:23:00,Jive Turkey,https://seekingalpha.com/article/4198012-jive-turkey?source=partner_benzinga,
news,kaggle_news:Seeking Alpha,2018-08-11 16:04:00,"Stakes Are Now High For Disney, But The Potential Is As Well",https://seekingalpha.com/article/4198096-stakes-now-high-disney-potential-well?source=partner_benzinga,
news,kaggle_news:Nelson Hem,2018-08-12 04:00:00,"Benzinga's Bulls & Bears Of The Week: AMD, Seagate, Sprint, Nike, Zynga, More",https://www.benzinga.com/media/18/08/12188486/benzingas-bulls-bears-of-the-week-amd-seagate-sprint-nike-zynga-more,
news,kaggle_news:Charles Gross,2018-08-12 04:00:00,Turkish Lira Falls to Record Low of 7.22 to U.S. Dollar in Asian Trade,https://www.benzinga.com/markets/forex/18/08/12188945/turkish-lira-falls-to-record-low-of-7-22-to-u-s-dollar-in-asian-trade,
news,kaggle_news:Seeking Alpha,2018-08-12 08:08:00,Emerging Markets And Developed Markets (Ex-U.S.): Setting Up For An Attractive Entry Point?,https://seekingalpha.com/article/4198280-emerging-markets-developed-markets-ex-u-s-setting-attractive-entry-point?source=partner_benzinga,
news,kaggle_news:Seeking Alpha,2018-08-12 09:08:00,The Turkish Hamam Is Getting Too Hot For European Banks. Avoid The Bazaar!,https://seekingalpha.com/article/4198315-turkish-hamam-getting-hot-european-banks-avoid-bazaar?source=partner_benzinga,
news,kaggle_news:Seeking Alpha,2018-08-12 13:10:00,What Could A Trade War Mean For U.S. Macro Fundamentals?,https://seekingalpha.com/article/4198198-trade-war-mean-u-s-macro-fundamentals?source=partner_benzinga,
news,kaggle_news:Seeking Alpha,2018-08-12 15:58:00,Weekly Commentary: Turkey (Nudged Over The Cliff),https://seekingalpha.com/article/4198154-weekly-commentary-turkey-nudged-cliff?source=partner_benzinga,
news,kaggle_news:Seeking Alpha,2018-08-12 19:15:00,Asian Invasion: Tianqi And Ganfeng Seek To Expand China's Global Supply Of Lithium,https://seekingalpha.com/article/4198375-asian-invasion-tianqi-ganfeng-seek-expand-chinas-global-supply-lithium?source=partner_benzinga,
news,kaggle_news:Benzinga Newsdesk,2018-08-13 04:00:00,"13F Late Friday From Dan Loeb's Third Point Shows New Stake In Camping World, Exited Stake In Alphabet",https://www.benzinga.com/general/hedge-funds/18/08/12191705/13f-late-friday-from-dan-loebs-third-point-shows-new-stake-in-cam,
news,kaggle_news:Benzinga Newsdesk,2018-08-13 04:00:00,"India Reportedly Seeking New Rules For American Tech Companies Operating In The Country, To Shelter Homegrown Startups; Potential Negative For Amazon, Alphabet, Facebook, and Apple",https://www.benzinga.com/news/18/08/12193466/india-reportedly-seeking-new-rules-for-american-tech-companies-operating-in-the-,
news,kaggle_news:Vick Meyer,2018-08-13 04:00:00,"Citigroup Maintains Neutral on j2 Global, Lowers Price Target to $86",https://www.benzinga.com/news/18/08/12190920/citigroup-maintains-neutral-on-j2-global-lowers-price-target-to-86,
news,kaggle_news:Vick Meyer,2018-08-13 04:00:00,"Citigroup Maintains Buy on Dunkin Brands Group, Raises Price Target to $83",https://www.benzinga.com/news/18/08/12190904/citigroup-maintains-buy-on-dunkin-brands-group-raises-price-target-to-83,
news,kaggle_news:Jayson Derrick,2018-08-13 04:00:00,"Mark Cuban Talks Musk, Netflix, Amazon And More",https://www.benzinga.com/short-sellers/18/08/12194098/mark-cuban-talks-musk-netflix-amazon-and-more,
news,kaggle_news:Jayson Derrick,2018-08-13 04:00:00,Longtime Netflix CFO David Wells To Leave Company,https://www.benzinga.com/news/18/08/12191963/longtime-netflix-cfo-david-wells-to-leave-company,
news,kaggle_news:Benzinga Newsdesk,2018-08-13 04:00:00,Netflix Announces CFO David Wells to Step Down,https://www.benzinga.com/news/18/08/12191064/netflix-announces-cfo-david-wells-to-step-down,
news,kaggle_news:Benzinga Newsdesk,2018-08-13 04:00:00,BBVA shares are trading down 3.1% amid concerns over Turkish lira; The bank has large exposure to Turkey.,https://www.benzinga.com/trading-ideas/movers/18/08/12192750/bbva-shares-are-trading-down-3-1-amid-concerns-over-turkish-lira,
news,kaggle_news:Benzinga Newsdesk,2018-08-13 04:00:00,UPDATE: Mark Cuban on CNBC Earlier Mentioned Amazon and Netflix Remain His Largest Holdings,https://www.benzinga.com/news/18/08/12193471/update-mark-cuban-on-cnbc-earlier-mentioned-amazon-and-netflix-remain-his-larges,
news,kaggle_news:Benzinga Newsdesk,2018-08-13 04:00:00,"UPDATE: 13F Late Friday From Third Point Shows Reduced Stake In Facebook, Blackrock, Constellation Brands, and Lennar; Exited Stakes In PagSeguro, Mohawk Industries, Mercadolibre",https://www.benzinga.com/general/hedge-funds/18/08/12191791/update-13f-late-friday-from-third-point-shows-reduced-stake-in-fa,
news,kaggle_news:Benzinga_Newsdesk,2018-08-13 04:00:00,JP Morgan Downgrades AGCO to Underweight,https://www.benzinga.com/news/18/08/12191150/jp-morgan-downgrades-agco-to-underweight,
news,kaggle_news:Benzinga_Newsdesk,2018-08-13 04:00:00,KeyBanc Downgrades Dycom Industries to Sector Weight,https://www.benzinga.com/news/18/08/12192929/keybanc-downgrades-dycom-industries-to-sector-weight,
news,kaggle_news:Benzinga_Newsdesk,2018-08-13 04:00:00,Moffett Nathanson Downgrades DISH Network to Sell,https://www.benzinga.com/news/18/08/12190555/moffett-nathanson-downgrades-dish-network-to-sell,
news,kaggle_news:Benzinga_Newsdesk,2018-08-13 04:00:00,IBM And Travelport Announce Collaboration For AI Travel Platform,https://www.benzinga.com/news/18/08/12193443/ibm-and-travelport-announce-collaboration-for-ai-travel-platform,
news,kaggle_news:Benzinga Newsdesk,2018-08-13 04:00:00,"Mark Cuban On CNBC Says He Doesn't Believe Netflix CFO's Departure Is A Significant Negative, Hasn't Sold Any Of His Shares",https://www.benzinga.com/news/18/08/12193375/mark-cuban-on-cnbc-says-he-doesnt-believe-netflix-cfos-departure-is-a-significan,
news,kaggle_news:Vick Meyer,2018-08-13 04:00:00,"Citigroup Maintains Buy on Noble Energy, Lowers Price Target to $42",https://www.benzinga.com/news/18/08/12190925/citigroup-maintains-buy-on-noble-energy-lowers-price-target-to-42,
news,kaggle_news:Benzinga_Newsdesk,2018-08-13 04:00:00,Evercore ISI Group Downgrades OGE Energy to In-Line,https://www.benzinga.com/news/18/08/12190628/evercore-isi-group-downgrades-oge-energy-to-in-line,
news,kaggle_news:Benzinga Newsdesk,2018-08-13 04:00:00,"Benzinga Pro Morning Price Check For Regional ETFs: Russia (RSX) Up 1.0%, US (SPY) Up 0.1%, Canada (EWC) Flat, Australia (EWA) Down 0.1%, Europe (VGK) Down 0.1%, Mexico (EWW) Down 0.4%, Japan (EWJ) Down 0.5%, China ETF (FXI) Down 1.0%",https://www.benzinga.com/news/18/08/12191533/benzinga-pro-morning-price-check-for-regional-etfs-russia-rsx-up-1-0-us-spy-up-0,
news,kaggle_news:Vick Meyer,2018-08-13 04:00:00,"Citigroup Maintains Buy on Restaurant Brands Intl, Raises Price Target to $72",https://www.benzinga.com/news/18/08/12191111/citigroup-maintains-buy-on-restaurant-brands-intl-raises-price-target-to-72,
news,kaggle_news:Benzinga_Newsdesk,2018-08-13 04:00:00,Cowen & Co. Downgrades Rite Aid to Market Perform,https://www.benzinga.com/news/18/08/12189903/cowen-co-downgrades-rite-aid-to-market-perform,
news,kaggle_news:Vick Meyer,2018-08-13 04:00:00,"Citigroup Maintains Neutral on NetApp, Raises Price Target to $83",https://www.benzinga.com/news/18/08/12190931/citigroup-maintains-neutral-on-netapp-raises-price-target-to-83,
news,kaggle_news:Benzinga Newsdesk,2018-08-13 04:00:00,Turkcell Iletisim shares are down 9.2% premarket as Turkish stocks continue to fall amid concerns over the lira.,https://www.benzinga.com/trading-ideas/movers/18/08/12190911/turkcell-iletisim-shares-are-down-9-2-premarket-as-turkish-stock,
news,kaggle_news:Vick Meyer,2018-08-13 04:00:00,"Citigroup Maintains Buy on Howard Hughes, Lowers Price Target to $157",https://www.benzinga.com/news/18/08/12190913/citigroup-maintains-buy-on-howard-hughes-lowers-price-target-to-157,
news,kaggle_news:Benzinga_Newsdesk,2018-08-13 04:00:00,"xG Technology Vislink Enters Into Strategic Partnership With Cogent Technologies, Under Memorandum of Understanding, Vislink will Have Responsibility for All Sales of Cogent Products Outside of China",https://www.benzinga.com/news/18/08/12191479/xg-technology-vislink-enters-into-strategic-partnership-with-cogent-technologies,
news,kaggle_news:Benzinga_Newsdesk,2018-08-13 04:00:00,Raymond James Downgrades Ruth's Hospitality Group to Market Perform,https://www.benzinga.com/news/18/08/12190232/raymond-james-downgrades-ruths-hospitality-group-to-market-perform,
news,kaggle_news:Vick Meyer,2018-08-13 04:00:00,"Citigroup Maintains Neutral on Anadarko Petroleum, Lowers Price Target to $74",https://www.benzinga.com/news/18/08/12190891/citigroup-maintains-neutral-on-anadarko-petroleum-lowers-price-target-to-74,
news,kaggle_news:Jayson Derrick,2018-08-13 04:00:00,"Forex Experts Discuss Turkey, Lira Meltdown",https://www.benzinga.com/analyst-ratings/analyst-color/18/08/12190852/forex-experts-discuss-turkey-lira-meltdown,
news,kaggle_news:Benzinga_Newsdesk,2018-08-13 04:00:00,Bank of America Downgrades Deutsche Bank to Underperform,https://www.benzinga.com/news/18/08/12191254/bank-of-america-downgrades-deutsche-bank-to-underperform,
news,kaggle_news:Benzinga_Newsdesk,2018-08-13 04:00:00,Janney Capital Downgrades Ampco-Pittsburgh to Neutral,https://www.benzinga.com/news/18/08/12190458/janney-capital-downgrades-ampco-pittsburgh-to-neutral,
news,kaggle_news:Benzinga_Newsdesk,2018-08-13 04:00:00,JPMorgan's Matt Boss On CNBC Says Macy's Could See Strong Comp. This Week,https://www.benzinga.com/analyst-ratings/analyst-color/18/08/12193162/jpmorgans-matt-boss-on-cnbc-says-macys-could-see-strong,
news,kaggle_news:Benzinga_Newsdesk,2018-08-13 04:00:00,JP Morgan Upgrades Eaton to Overweight,https://www.benzinga.com/news/18/08/12191146/jp-morgan-upgrades-eaton-to-overweight,
news,kaggle_news:Vick Meyer,2018-08-13 04:00:00,"Citigroup Maintains Buy on Pioneer Natural Resources, Lowers Price Target to $235",https://www.benzinga.com/news/18/08/12191093/citigroup-maintains-buy-on-pioneer-natural-resources-lowers-price-target-to-235,
news,kaggle_news:Benzinga_Newsdesk,2018-08-13 04:00:00,Twitter Says Twitter Lite Will Be Available In The Google Play Store In Over 45 Countries,https://www.benzinga.com/news/18/08/12193523/twitter-says-twitter-lite-will-be-available-in-the-google-play-store-in-over-45-,
news,kaggle_news:Benzinga_Newsdesk,2018-08-13 04:00:00,China Biologic Names Bing Li as New CEO,https://www.benzinga.com/news/18/08/12190477/china-biologic-names-bing-li-as-new-ceo,
news,kaggle_news:Benzinga Newsdesk,2018-08-13 04:00:00,"UPDATE: 13F Late Friday From Third Point Confirms Reported New Campbell Soup Stake, New Stakes In Paypal, Deere, and Visa; Shows Increased Stakes In Adobe, Salesforce, Microsoft, and Electronic Arts",https://www.benzinga.com/general/hedge-funds/18/08/12191827/update-13f-late-friday-from-third-point-confirms-reported-new-cam,
news,kaggle_news:Lisa Levin,2018-08-13 04:00:00,"Benzinga's Top Upgrades, Downgrades For August 13, 2018",https://www.benzinga.com/analyst-ratings/upgrades/18/08/12191121/benzingas-top-upgrades-downgrades-for-august-13-2018,
news,kaggle_news:Zacks,2018-08-13 07:00:00,"The Zacks Analyst Blog Highlights: Home Depot, Lowe's, Target and Walmart",http://www.zacks.com/stock/news/317539/the-zacks-analyst-blog-highlights-home-depot-lowes-target-and-walmart?cid=CS-BENZ-FT-317539,
news,kaggle_news:GuruFocus,2018-08-13 07:04:00,Sify and Cisco unveil 'Software Defined WAN' for Indian Enterprises,http://www.gurufocus.com/news/722594/sify-and-cisco-unveil-software-defined-wan-for-indian-enterprises,
news,kaggle_news:Seeking Alpha,2018-08-13 07:06:00,Greenbrier Expands With Majority Stake In Turkey's Rayvag,https://seekingalpha.com/article/4198716-greenbrier-expands-majority-stake-turkeys-rayvag?source=partner_benzinga,
news,kaggle_news:Seeking Alpha,2018-08-13 07:07:00,OPEC July Crude Production Data,https://seekingalpha.com/article/4198562-opec-july-crude-production-data?source=partner_benzinga,
news,kaggle_news:Seeking Alpha,2018-08-13 07:19:00,U.S. Likely To Follow Global Stocks Lower As Turkish Lira Tumbles (Wall Street Breakfast Podcast),https://seekingalpha.com/article/4198466-u-s-likely-follow-global-stocks-lower-turkish-lira-tumbles-wall-street-breakfast-podcast?source=partner_benzinga,
news,kaggle_news:Seeking Alpha,2018-08-13 07:22:00,"Sanctions, Oil, And The Emerging China-Russia-Iran Axis",https://seekingalpha.com/article/4198454-sanctions-oil-emerging-china-russia-iran-axis?source=partner_benzinga,
news,kaggle_news:Seeking Alpha,2018-08-13 07:26:00,Why Tariffs Will Not Reduce The U.S. Trade Deficit,https://seekingalpha.com/article/4198597-tariffs-will-reduce-u-s-trade-deficit?source=partner_benzinga,
news,kaggle_news:Seeking Alpha,2018-08-13 07:37:00,Education sector rattled by rule change in China,https://seekingalpha.com/news/3382030-education-sector-rattled-rule-change-china?source=partner_benzinga,
news,kaggle_news:Seeking Alpha,2018-08-13 08:07:00,GMO Quarterly Letter Q2 2018: Emerging Markets - No Reward Without Risk,https://seekingalpha.com/article/4198394-gmo-quarterly-letter-q2-2018-emerging-markets-reward-without-risk?source=partner_benzinga,
news,kaggle_news:Investor's Business Daily,2018-08-13 08:29:00,Stock Futures Mixed On Turkey; Elliott Stake Boosts Nielsen,http://www.investors.com/market-trend/stock-market-today/stock-futures-lower-on-turkey-lira-elliott-stake-boosts-nielsen/?src=A00237A&ven=BenzingaCP&src=AURLAAM,
news,kaggle_news:Investor's Business Daily,2018-08-13 08:32:00,"This Is Why TAL Education, China School Stocks Are Failing Today",http://www.investors.com/research/ibd-industry-themes/china-education-stocks-dive-tal-education/?src=A00237A&ven=BenzingaCP&src=AURLAAM,
news,kaggle_news:GuruFocus,2018-08-13 08:32:00,"Grand Jean Capital Management Inc Buys Broadcom Inc, Amazon. ...",http://www.gurufocus.com/news/722659/grand-jean-capital-management-inc-buys-broadcom-inc-amazoncom-inc-american-international-group-inc-sells-dowdupont-inc-apple-inc,
news,kaggle_news:Zacks,2018-08-13 08:41:00,"Top Analyst Reports: Mastercard, AbbVie, Twenty-First Century Fox & More",http://www.zacks.com/research-daily/176056/top-analyst-reports-mastercard-abbvie-twenty-first-century-fox-more?cid=CS-BENZ-FT-176056,
news,kaggle_news:Investor's Business Daily,2018-08-13 09:22:00,"Amazon, Netflix Use This Potential Breakout Cloud Stock With 110% Growth",http://www.investors.com/research/ibd-stock-analysis/workday-stock-cloud-computing-amazon-netflix-bofa/?src=A00237A&ven=BenzingaCP&src=AURLAAM,
news,kaggle_news:Seeking Alpha,2018-08-13 09:26:00,Bloomberg: PetroChina considering temporary halt of U.S. LNG purchases,https://seekingalpha.com/news/3381865-bloomberg-petrochina-considering-temporary-halt-u-s-lng-purchases?source=partner_benzinga,
news,kaggle_news:GuruFocus,2018-08-13 09:40:00,"Aureus Asset Management, LLC Buys Waste Connections Inc, Schlumberger, Starbucks Corp, Sells ...",http://www.gurufocus.com/news/722809/aureus-asset-management-llc-buys-waste-connections-inc-schlumberger-starbucks-corp-sells-tjx-inc-mondelez-international-inc-abbvie-inc,
news,kaggle_news:Investor's Business Daily,2018-08-13 10:06:00,"Apple Hits New High, Helps Nasdaq; These 2 Top Stocks Break Out",http://www.investors.com/market-trend/stock-market-today/apple-new-high-nasdaq-top-stocks-breakout/?src=A00237A&ven=BenzingaCP&src=AURLAAM,
news,kaggle_news:Seeking Alpha,2018-08-13 10:34:00,"On Monday, Cold Turkey",https://seekingalpha.com/article/4198780-monday-cold-turkey?source=partner_benzinga,
news,kaggle_news:Seeking Alpha,2018-08-13 10:48:00,Turkey's lira remains in the red after central bank unveils mild measures,https://seekingalpha.com/news/3381864-turkeys-lira-remains-red-central-bank-unveils-mild-measures?source=partner_benzinga,
news,kaggle_news:Seeking Alpha,2018-08-13 11:02:00,Market Movers: August OPEC Meeting,https://seekingalpha.com/article/4198429-market-movers-august-opec-meeting?source=partner_benzinga,
news,kaggle_news:Seeking Alpha,2018-08-13 11:26:00,"Global stocks lower, U.S. dollar higher amid Turkish currency crisis",https://seekingalpha.com/news/3381870-global-stocks-lower-u-s-dollar-higher-amid-turkish-currency-crisis?source=partner_benzinga,
news,kaggle_news:GuruFocus,2018-08-13 11:26:00,"Gardner Russo & Gardner Buys Alphabet Inc, Vulcan Materials Co, Outfront Media Inc, Sells ...",http://www.gurufocus.com/news/722733/gardner-russo--gardner-buys-alphabet-inc-vulcan-materials-co-outfront-media-inc-sells-british-american-tobacco-plc-a-p-moller-maersk-as-bbt-corp,
news,kaggle_news:Zacks,2018-08-13 11:39:00,Turkey Crisis Spooks Wall Street: 5 Top Small-Cap Picks,http://www.zacks.com/stock/news/317556/turkey-crisis-spooks-wall-street-5-top-small-cap-picks?cid=CS-BENZ-FT-317556,
news,kaggle_news:GuruFocus,2018-08-13 11:57:00,"ProVise Management Group, LLC Buys Textron Inc, Comcast Corp, Citigroup Inc, Sells Invesco ...",http://www.gurufocus.com/news/722794/provise-management-group-llc-buys-textron-inc-comcast-corp-citigroup-inc-sells-invesco-sp-500-equal-weight-financial-american-electric-power-co-inc-invesco-sp-smallcap-600-pure-value,
news,kaggle_news:Zacks,2018-08-13 12:01:00,Netflix (NFLX) Inks Deal With Paul Rudd of Ant-Man Fame,http://www.zacks.com/stock/news/317698/netflix-nflx-inks-deal-with-paul-rudd-of-ant-man-fame?cid=CS-BENZ-FT-317698,
news,kaggle_news:Seeking Alpha,2018-08-13 12:08:00,Turkey collapse doesn't stop plunge in gold,https://seekingalpha.com/news/3381944-turkey-collapse-stop-plunge-gold?source=partner_benzinga,
news,kaggle_news:Seeking Alpha,2018-08-13 12:26:00,Wall Street Breakfast: U.S. Likely To Follow Global Stocks Lower As Turkish Lira Tumbles,https://seekingalpha.com/article/4198446-wall-street-breakfast-u-s-likely-follow-global-stocks-lower-turkish-lira-tumbles?source=partner_benzinga,
news,kaggle_news:Investor's Business Daily,2018-08-13 12:41:00,"Indexes Down, But SendGrid Breaks Out; Netflix Holds Up Despite CFO News",http://www.investors.com/market-trend/stock-market-today/netflix-stock-falls-cfo-departure-apple-leads-dow/?src=A00237A&ven=BenzingaCP&src=AURLAAM,
news,kaggle_news:Seeking Alpha,2018-08-13 12:55:00,Ruth's Hospitality heads lower after Raymond James downgrade,https://seekingalpha.com/news/3382101-ruths-hospitality-heads-lower-raymond-james-downgrade?source=partner_benzinga,
news,kaggle_news:GuruFocus,2018-08-13 13:42:00,"Davis Selected Advisers Buys US Bancorp, Facebook Inc, Adient PLC, Sells FedEx Corp, Amazon. ...",http://www.gurufocus.com/news/722628/davis-selected-advisers-buys-us-bancorp-facebook-inc-adient-plc-sells-fedex-corp-amazoncom-inc-axalta-coating-systems,
news,kaggle_news:Zacks,2018-08-13 13:57:00,Profit From Turkish Turmoil With These Global Inverse ETFs,http://www.zacks.com/stock/news/317732/profit-from-turkish-turmoil-with-these-global-inverse-etfs?cid=CS-BENZ-FT-317732,
news,kaggle_news:Seeking Alpha,2018-08-13 14:02:00,"Turkey Drives Risk-Off, But Pressure Abating",https://seekingalpha.com/article/4198455-turkey-drives-risk-pressure-abating?source=partner_benzinga,
news,kaggle_news:Seeking Alpha,2018-08-13 14:35:00,A Historical Perspective Into Turkey's Crisis And What It Means For Investors In IShares MSCI Turkey ETF,https://seekingalpha.com/article/4198485-historical-perspective-turkeys-crisis-means-investors-ishares-msci-turkey-etf?source=partner_benzinga,
news,kaggle_news:GuruFocus,2018-08-13 15:13:00,"Glen Harbor Capital Management LLC Buys iShares Core MSCI Emerging Markets, Centene Corp, ...",http://www.gurufocus.com/news/722793/glen-harbor-capital-management-llc-buys-ishares-core-msci-emerging-markets-centene-corp-vanguard-ftse-emerging-markets-sells-marriott-international-inc-hp-inc-southwest-airlines-co,
news,kaggle_news:GuruFocus,2018-08-13 15:28:00,Sphere 'D Announces Event of Default under Existing Credit Facilities,http://www.gurufocus.com/news/722610/sphere-3d-announces-event-of-default-under-existing-credit-facilities,
news,kaggle_news:Seeking Alpha,2018-08-13 15:44:00,Treasury Bonds And Utility Stocks Rebound On Turkey Turmoil As Junk Bonds Slump,https://seekingalpha.com/article/4198400-treasury-bonds-utility-stocks-rebound-turkey-turmoil-junk-bonds-slump?source=partner_benzinga,
news,kaggle_news:Zacks,2018-08-13 16:42:00,Turkey Crisis Spills Over to Wall Street: Winners & Losers,http://www.zacks.com/stock/news/317651/turkey-crisis-spills-over-to-wall-street-winners-losers?cid=CS-BENZ-FT-317651,
news,kaggle_news:Zacks,2018-08-13 17:01:00,How Worried Should Investors Be About Facebook (FB) Stock?,http://www.zacks.com/stock/news/317740/how-worried-should-investors-be-about-facebook-fb-stock?cid=CS-BENZ-FT-317740,
news,kaggle_news:GuruFocus,2018-08-13 17:12:00,"Brandes Investment Buys Jefferies Financial Group Inc, Cardinal Health Inc, Comcast Corp, Sells ...",http://www.gurufocus.com/news/722656/brandes-investment-buys-jefferies-financial-group-inc-cardinal-health-inc-comcast-corp-sells-microsoft-corp-bp-plc-petroleo-brasileiro-sa-petrobras,
news,kaggle_news:GuruFocus,2018-08-13 17:46:00,"Weitz Investment Management Inc Buys Facebook Inc, Mohawk Industries Inc, CarMax Inc, Sells ...",http://www.gurufocus.com/news/722711/weitz-investment-management-inc-buys-facebook-inc-mohawk-industries-inc-carmax-inc-sells-allison-transmission-holdings-inc-monsanto-co-redwood-trust-inc,
news,kaggle_news:Seeking Alpha,2018-08-13 17:54:00,Turkish lira woes spill over to other emerging-market ETFs,https://seekingalpha.com/news/3382067-turkish-lira-woes-spill-emerging-market-etfs?source=partner_benzinga,
news,kaggle_news:Seeking Alpha,2018-08-13 17:56:00,"Total's commitment to Iran's South Pars gas field unchanged, official says",https://seekingalpha.com/news/3381923-totals-commitment-irans-south-pars-gas-field-unchanged-official-says?source=partner_benzinga,
news,kaggle_news:Seeking Alpha,2018-08-13 18:09:00,China economic reads slightly below expectations,https://seekingalpha.com/news/3382277-china-economic-reads-slightly-expectations?source=partner_benzinga,
news,kaggle_news:Seeking Alpha,2018-08-13 18:11:00,New chief at China Biologic,https://seekingalpha.com/news/3382011-new-chief-china-biologic?source=partner_benzinga,
news,kaggle_news:Seeking Alpha,2018-08-13 18:17:00,"Eaton upgraded, AGCO downgraded at J.P. Morgan in machinery stocks review",https://seekingalpha.com/news/3382139-eaton-upgraded-agco-downgraded-j-p-morgan-machinery-stocks-review?source=partner_benzinga,
news,kaggle_news:Seeking Alpha,2018-08-13 18:19:00,"Snow White, Amazon And The Shrinking Retail Dwarfs",https://seekingalpha.com/article/4198573-snow-white-amazon-shrinking-retail-dwarfs?source=partner_benzinga,
news,kaggle_news:GuruFocus,2018-08-13 18:23:00,"First City Capital Management, Inc. Buys Pfizer Inc, AT&T Inc, Chevron Corp, Sells Canadian ...",http://www.gurufocus.com/news/722792/first-city-capital-management-inc-buys-pfizer-inc-att-inc-chevron-corp-sells-canadian-national-railway-co-monsanto-co-netflix-inc,
news,kaggle_news:Seeking Alpha,2018-08-13 18:27:00,Turkey's Political Nuclear Option,https://seekingalpha.com/article/4198499-turkeys-political-nuclear-option?source=partner_benzinga,
news,kaggle_news:Seeking Alpha,2018-08-13 18:53:00,"A Turkish Italian Domino, If Not Now, Then By December",https://seekingalpha.com/article/4198528-turkish-italian-domino-now-december?source=partner_benzinga,
news,kaggle_news:Zacks,2018-08-13 19:03:00,"Facebook's Revenue Growth, Tesla and the Saudis, & Monday's News | Free Lunch",http://www.zacks.com/stock/news/317720/facebooks-revenue-growth-tesla-and-the-saudis-mondays-news-free-lunch?cid=CS-BENZ-FT-317720,
news,kaggle_news:GuruFocus,2018-08-13 19:30:00,"Snow Capital Management, L.P. Buys Walt Disney Co, Exxon Mobil Corp, NCR Corp, Sells VeriFone ...",http://www.gurufocus.com/news/722673/snow-capital-management-lp-buys-walt-disney-co-exxon-mobil-corp-ncr-corp-sells-verifone-systems-inc-centene-corp-pbf-energy-inc,
news,kaggle_news:Seeking Alpha,2018-08-13 19:34:00,4 Core Reasons To Buy The Correction In Intel,https://seekingalpha.com/article/4198418-4-core-reasons-buy-correction-intel?source=partner_benzinga,
news,kaggle_news:Zacks,2018-08-13 19:37:00,5 Safe Investing Zones & Their Stocks to Escape Turkish Rout,http://www.zacks.com/stock/news/317606/5-safe-investing-zones-their-stocks-to-escape-turkish-rout?cid=CS-BENZ-FT-317606,
news,kaggle_news:Zacks,2018-08-13 19:40:00,What's Next For Disney's (DIS) ESPN?,http://www.zacks.com/stock/news/317730/whats-next-for-disneys-dis-espn?cid=CS-BENZ-FT-317730,
news,kaggle_news:Seeking Alpha,2018-08-13 19:53:00,"MR2 IPO: Working For Coca-Cola, But With Expensive Shares",https://seekingalpha.com/article/4198723-mr2-ipo-working-coca-cola-expensive-shares?source=partner_benzinga,
news,kaggle_news:GuruFocus,2018-08-13 19:54:00,US Stocks Green Monday Ahead of Turkey's Tumble,http://www.gurufocus.com/news/722511/us-stocks-green-monday-ahead-of-turkeys-tumble,
news,kaggle_news:Zacks,2018-08-13 20:02:00,"Turkey Ruins Week for Dow, S&P",https://www.zacks.com/registration/ultimatetrader/welcome/eoffer/30c3?adid=ZU_CONTENT_SYND&cid=CS-BENZ-FT-17530,
news,kaggle_news:Seeking Alpha,2018-08-13 20:33:00,Will Ultra Petroleum File For Bankruptcy Again As Stock Drops Over 90%,https://seekingalpha.com/article/4198706-will-ultra-petroleum-file-bankruptcy-stock-drops-90-percent?source=partner_benzinga,
news,kaggle_news:GuruFocus,2018-08-13 20:46:00,"Delek Logistics Partners, LP to Participate in the Citi One-on-One MLP/Midstream Infrastructure ...",http://www.gurufocus.com/news/722756/delek-logistics-partners-lp-to-participate-in-the-citi-oneonone-mlpmidstream-infrastructure-conference,
news,kaggle_news:GuruFocus,2018-08-13 20:50:00,"Sustainable Insight Capital Management, LLC Buys Intel Corp, Visa Inc, Prologis Inc, Sells CMS ...",http://www.gurufocus.com/news/722811/sustainable-insight-capital-management-llc-buys-intel-corp-visa-inc-prologis-inc-sells-cms-energy-corp-aon-plc-metlife-inc,
news,kaggle_news:Benzinga Newsdesk,2018-08-14 04:00:00,Alibaba US Spokesperson Says Co. Is Pleased To Work With Kroger To Bring Kroger's 'Simple Truth' Products To China Through Tmall Global Platform,https://www.benzinga.com/news/18/08/12203070/alibaba-us-spokesperson-says-co-is-pleased-to-work-with-kroger-to-bring-krogers-,
news,kaggle_news:Benzinga Newsdesk,2018-08-14 04:00:00,"13F From Omega Advisors Shows Increased Stakes In Citigroup, Keane Group, Sinclair Broadcast Group, and Shire",https://www.benzinga.com/general/hedge-funds/18/08/12201550/13f-from-omega-advisors-shows-increased-stakes-in-citigroup-keane,
news,kaggle_news:Benzinga_Newsdesk,2018-08-14 04:00:00,Jefferies Downgrades Wynn Resorts to Hold,https://www.benzinga.com/news/18/08/12198878/jefferies-downgrades-wynn-resorts-to-hold,
news,kaggle_news:JJ Kinahan,2018-08-14 04:00:00,"As Turkish Currency Concerns Ease, Market Gets A Boost; Home Depot Earnings Strong",https://www.benzinga.com/news/18/08/12200813/as-turkish-currency-concerns-ease-market-gets-a-boost-home-depot-earnings-strong,
news,kaggle_news:Benzinga Newsdesk,2018-08-14 04:00:00,"13F Filing From Tiger Global Shows Reduced Stake In Adobe, Alphabet, Bank of America, Boot Barn, Cisco, JP Morgan, Ooma, & Norwegian Cruise Lines (from 435.1K Shares to 42.1K Shares);Raised Stake In Alibaba, Amazon, Delta Airlines, & Pure Storage",https://www.benzinga.com/general/hedge-funds/18/08/12203956/13f-filing-from-tiger-global-shows-reduced-stake-in-adobe-alphabe,
news,kaggle_news:Benzinga_Newsdesk,2018-08-14 04:00:00,"Daiwa Capital Downgrades Vipshop Holdings to Underperform, Lowers Price Target to $8",https://www.benzinga.com/news/18/08/12199818/daiwa-capital-downgrades-vipshop-holdings-to-underperform-lowers-price-target-to,
news,kaggle_news:Benzinga_Newsdesk,2018-08-14 04:00:00,"Hearing Brazil's Gomes Pledges To Undo Embraer, Boeing Deal If Elected",https://www.benzinga.com/news/18/08/12200937/hearing-brazils-gomes-pledges-to-undo-embraer-boeing-deal-if-elected,
news,kaggle_news:Benzinga Newsdesk,2018-08-14 04:00:00,Tudor Investment Corporation Shows New 28.23K Share Stake In Pfizer,https://www.benzinga.com/news/18/08/12204172/tudor-investment-corporation-shows-new-28-23k-share-stake-in-pfizer,
news,kaggle_news:Benzinga Newsdesk,2018-08-14 04:00:00,OneSmart International Education Group Ltd. shares are trading 8.7% lower at $$9.60 after China's Ministry of Justice released draft of law revision that aims to limit opportunities for private education companies in China.,https://www.benzinga.com/trading-ideas/movers/18/08/12201444/onesmart-international-education-group-ltd-shares-are-trading-8-,
news,kaggle_news:Benzinga Newsdesk,2018-08-14 04:00:00,"13F Filing From Tiger Global Shows New Stake In Qualcomm (20K Shares), Redfin (115.831K Shares), Home Depot (7K Shares), Citigroup (20K Shares), and Guess (15K Shares)",https://www.benzinga.com/general/hedge-funds/18/08/12203914/13f-filing-from-tiger-global-shows-new-stake-in-qualcomm-20k-shar,
news,kaggle_news:Benzinga Newsdesk,2018-08-14 04:00:00,Tudor Investment Corp 13F Shows Dissolved ~5.7K Share Stake In IBM,https://www.benzinga.com/news/18/08/12204026/tufor-investment-corp-13f-shows-dissolved-5-7k-share-stake-in-ibm,
news,kaggle_news:Benzinga Newsdesk,2018-08-14 04:00:00,"13F Filing From Tiger Global Shows Increased Stake In Facebook, New 17.769K Share Stake In Spotify, New 10K Stake In Starbucks",https://www.benzinga.com/general/hedge-funds/18/08/12203750/13f-filing-from-tiger-global-shows-increased-stake-in-facebook-ne,
news,kaggle_news:Benzinga Newsdesk,2018-08-14 04:00:00,Jana Partners 13F Shows Reduced Stake In Adobe Systems From 239.305K Shares To 199.250K Shares,https://www.benzinga.com/news/18/08/12200151/jana-partners-13f-shows-reduced-stake-in-adobe-systems-from-239-305k-shares-to-1,
news,kaggle_news:Benzinga_Newsdesk,2018-08-14 04:00:00,"Coca-Cola to Acquire Minority Stake in BODYARMOR with Path to Ownership Under Defined Terms, BODYARMOR to Gain Access to U.S. Coca-Cola Bottling System with Future Potential for Global Expansion",https://www.benzinga.com/news/18/08/12197524/coca-cola-to-acquire-minority-stake-in-bodyarmor-with-path-to-ownership-under-de,
news,kaggle_news:Benzinga Newsdesk,2018-08-14 04:00:00,JD.Com Inc. shares are trading down 4.7% to $33.42 after sources revealed the company is participating in effort with Sequoia Capital China to raise ~$6 billion for tech investment fund.,https://www.benzinga.com/trading-ideas/movers/18/08/12201527/jd-com-inc-shares-are-trading-down-4-7-to-33-42-after-sources-re,
news,kaggle_news:Benzinga_Newsdesk,2018-08-14 04:00:00,Kroger To Sell Groceries On Alibaba In China,https://www.benzinga.com/news/18/08/12202764/kroger-to-sell-groceries-on-alibaba-in-china,
news,kaggle_news:Benzinga Newsdesk,2018-08-14 04:00:00,"ChemoCentryx Inc. shares are trading 8.4% lower to $11.59 after JP Morgan downgraded the company to a ""Neutral"" rating.",https://www.benzinga.com/trading-ideas/movers/18/08/12200513/chemocentryx-inc-shares-are-trading-8-4-lower-to-11-59-after-jp-,
news,kaggle_news:Benzinga_Newsdesk,2018-08-14 04:00:00,"JP Morgan Downgrades ChemoCentryx to Neutral, Raises Price Target to $15",https://www.benzinga.com/news/18/08/12198962/jp-morgan-downgrades-chemocentryx-to-neutral-raises-price-target-to-15,
news,kaggle_news:Brett Hershman,2018-08-14 04:00:00,Sports Drink Wars: Coca-Cola Acquires BodyArmor Stake In Challenge To Gatorade,https://www.benzinga.com/analyst-ratings/analyst-color/18/08/12202323/sports-drink-wars-coca-cola-acquires-bodyarmor-stake-in,
news,kaggle_news:Benzinga_Newsdesk,2018-08-14 04:00:00,Citigroup Upgrades Core Laboratories to Neutral,https://www.benzinga.com/news/18/08/12198956/citigroup-upgrades-core-laboratories-to-neutral,
news,kaggle_news:Benzinga_Newsdesk,2018-08-14 04:00:00,JP Morgan Downgrades Fiserv to Underweight,https://www.benzinga.com/news/18/08/12198384/jp-morgan-downgrades-fiserv-to-underweight,
news,kaggle_news:Benzinga Newsdesk,2018-08-14 04:00:00,Trump Has 'Great Deal Of Frustration' That Turkey Has Not Released Brunson,https://www.benzinga.com/general/politics/18/08/12203800/trump-has-great-deal-of-frustration-that-turkey-has-not-released-bru,
news,kaggle_news:Benzinga_Newsdesk,2018-08-14 04:00:00,"Citigroup Initiates Coverage On Eros International with Buy Rating, Announces $16 Price Target",https://www.benzinga.com/news/18/08/12198955/citigroup-initiates-coverage-on-eros-international-with-buy-rating-announces-16-,
news,kaggle_news:Benzinga_Newsdesk,2018-08-14 04:00:00,"iShares MSCI Turkey Market Index Fund Spikes Higher, Now Up ~11% On The Day",https://www.benzinga.com/trading-ideas/movers/18/08/12202682/ishares-msci-turkey-market-index-fund-spikes-higher-now-up-11-on,
news,kaggle_news:Benzinga Newsdesk,2018-08-14 04:00:00,"13F From Soros Fund Shows Reduced Stake In Activision Blizzard, Reduced Stake In Amazon From 44.2K to 29.9K Shares, Raised Stake In Aetna, New 2M Share Stake In AT&T",https://www.benzinga.com/general/hedge-funds/18/08/12205971/13f-from-soros-fund-shows-reduced-stake-in-activision-blizzard-re,
news,kaggle_news:Benzinga Newsdesk,2018-08-14 04:00:00,"CDA Jeffrey Hovenier After Visiting Pastor Brunson In Turkey; ""We Continue Our Call On Turkish Authorities With Regard To This Case...That Their Cases Be Resolved Without Delay And In A Fair And Transparent Manner""",https://www.benzinga.com/news/18/08/12201600/cda-jeffrey-hovenier-after-visiting-pastor-brunson-in-turkey-we-continue-our-cal,
news,kaggle_news:Charles Gross,2018-08-14 04:00:00,Erdogan Says Turkey Started to Convert FX to Turkish Liras,https://www.benzinga.com/news/18/08/12197398/erdogan-says-turkey-started-to-convert-fx-to-turkish-liras,
news,kaggle_news:Charles Gross,2018-08-14 04:00:00,"Turkey's Finance Minister Says Will Hold Teleconference with Investors from U.S., Europe, Mideast on Thursday",https://www.benzinga.com/news/18/08/12197392/turkeys-finance-minister-says-will-hold-teleconference-with-investors-from-u-s-e,
news,kaggle_news:Jayson Derrick,2018-08-14 04:00:00,KeyBanc: CFO's Retirement To Cause 'Minimal Disruption' At Netflix,https://www.benzinga.com/analyst-ratings/analyst-color/18/08/12198454/keybanc-cfos-retirement-to-cause-minimal-disruption-at-,
news,kaggle_news:Lisa Levin,2018-08-14 04:00:00,"Benzinga's Top Upgrades, Downgrades For August 14, 2018",https://www.benzinga.com/analyst-ratings/upgrades/18/08/12199633/benzingas-top-upgrades-downgrades-for-august-14-2018,
news,kaggle_news:Benzinga_Newsdesk,2018-08-14 04:00:00,JP Morgan Downgrades Paychex to Underweight,https://www.benzinga.com/news/18/08/12198383/jp-morgan-downgrades-paychex-to-underweight,
news,kaggle_news:Benzinga Newsdesk,2018-08-14 04:00:00,"China Jo-Jo Drugstores Q1 EPS $(0.65) Down From $(0.06) YoY, Sales $22.77M Up From $21.67M YoY",https://www.benzinga.com/news/earnings/18/08/12199804/china-jo-jo-drugstores-q1-eps-0-65-down-from-0-06-yoy-sales-22-77m-up-f,
news,kaggle_news:Benzinga_Newsdesk,2018-08-14 04:00:00,Standpoint Research Downgrades Bed Bath & Beyond to Hold,https://www.benzinga.com/news/18/08/12201986/standpoint-research-downgrades-bed-bath-beyond-to-hold,
news,kaggle_news:Benzinga Newsdesk,2018-08-14 04:00:00,Omega Advisors 13F Shows Dissolved 65K Share Stake In Netflix,https://www.benzinga.com/news/18/08/12201303/omega-advisors-13f-shows-dissolved-stake-in-netflix,
news,kaggle_news:Benzinga Newsdesk,2018-08-14 04:00:00,"13F From Soros Fund Shows Exited Stake In Fiat Chrysler, Exited Stake In NVIDIA; Reduced Stake In JP Morgan, Netflix; Raised Stake In Lululemon",https://www.benzinga.com/general/hedge-funds/18/08/12206046/13f-from-soros-fund-shows-exited-stake-in-fiat-chrysler-exited-st,
news,kaggle_news:JJ Kinahan,2018-08-14 04:00:00,Earnings Preview: Retail Giant Walmart To Report Q2 Results On Thursday,https://www.benzinga.com/news/earnings/18/08/12205188/earnings-preview-retail-giant-walmart-to-report-q2-results-on-thursday,
news,kaggle_news:Benzinga_Newsdesk,2018-08-14 04:00:00,JP Morgan Downgrades Cognizant Tech Solns to Neutral,https://www.benzinga.com/news/18/08/12198114/jp-morgan-downgrades-cognizant-tech-solns-to-neutral,
news,kaggle_news:Benzinga_Newsdesk,2018-08-14 04:00:00,Citigroup Upgrades JinkoSolar Holding Co to Neutral,https://www.benzinga.com/news/18/08/12198954/citigroup-upgrades-jinkosolar-holding-co-to-neutral,
news,kaggle_news:Benzinga_Newsdesk,2018-08-14 04:00:00,Argus Downgrades Parker Hannifin to Hold,https://www.benzinga.com/news/18/08/12198248/argus-downgrades-parker-hannifin-to-hold,
news,kaggle_news:Benzinga_Newsdesk,2018-08-14 04:00:00,"Goldman Sachs Downgrades Kaiser Aluminum to Sell, Lowers Price Target to $101",https://www.benzinga.com/news/18/08/12198188/goldman-sachs-downgrades-kaiser-aluminum-to-sell-lowers-price-target-to-101,
news,kaggle_news:Benzinga_Newsdesk,2018-08-14 04:00:00,"'Scoop: Alibaba paid $750 million for Turkish startup Trendyol'-Axios Reports, Citing Sources",https://www.benzinga.com/news/18/08/12202060/scoop-alibaba-paid-750-million-for-turkish-startup-trendyol-axios-reports-citing,
news,kaggle_news:Charles Gross,2018-08-14 04:00:00,Rimini Street to Seek a Stay Pending Appeal of Injunction in Oracle Case,https://www.benzinga.com/news/18/08/12207007/rimini-street-to-seek-a-stay-pending-appeal-of-injunction-in-oracle-case,
news,kaggle_news:Benzinga_Newsdesk,2018-08-14 04:00:00,Canaccord Genuity Downgrades Premier to Hold,https://www.benzinga.com/news/18/08/12197752/canaccord-genuity-downgrades-premier-to-hold,
news,kaggle_news:Charles Gross,2018-08-14 04:00:00,"Sequoia China to Raise $6B for New Fund with Starquest Capital, JD.com",https://www.benzinga.com/news/18/08/12197298/sequoia-china-to-raise-6b-for-new-fund-with-starquest-capital-jd-com,
news,kaggle_news:Benzinga_Newsdesk,2018-08-14 04:00:00,Baird Downgrades Urban Outfitters to Neutral,https://www.benzinga.com/news/18/08/12198823/baird-downgrades-urban-outfitters-to-neutral,
news,kaggle_news:Benzinga Newsdesk,2018-08-14 04:00:00,"13F Filing Shows Jana Partners Took New Stakes In Facebook (651.5K Shares), Alphabet (44.4K Shares), and Alibaba (439.5K Shares)",https://www.benzinga.com/general/hedge-funds/18/08/12200106/13f-filing-shows-jana-partners-took-new-stakes-in-facebook-alphab,
news,kaggle_news:Benzinga_Newsdesk,2018-08-14 04:00:00,'DC Entertainment's New Streaming And Digital Comics Service Pops Up On Google Play'-TechCrunch Reports,https://www.benzinga.com/news/18/08/12202183/dc-entertainments-new-streaming-and-digital-comics-service-pops-up-on-google-pla,
news,kaggle_news:Shanthi Rexaline,2018-08-14 04:00:00,"Heavy Metal: Goldman Downgrades Kaiser Aluminum, Upgrades Commercial Metals",https://www.benzinga.com/analyst-ratings/analyst-color/18/08/12200482/heavy-metal-goldman-downgrades-kaiser-aluminum-upgrades,
news,kaggle_news:Benzinga Newsdesk,2018-08-14 04:00:00,AVEO Oncology Announces the China National Drug Administration Accepted the Investigational New Drug Application for CAN017 Trial in Esophageal Squamous Cell Cancer,https://www.benzinga.com/news/18/08/12198735/aveo-oncology-announces-the-china-national-drug-administration-accepted-the-inve,
news,kaggle_news:Benzinga Newsdesk,2018-08-14 04:00:00,Tudor Investment Corp 13F Shows New ~272.4K Share Stake In Verizon,https://www.benzinga.com/news/18/08/12203929/tudor-investment-corp-13f-shows-new-272-4k-share-stake-in-verizon,
news,kaggle_news:Benzinga_Newsdesk,2018-08-14 04:00:00,"Google Says Users Can Ask Google Home Assistant, Mini And Max To Play Music With Pandora Premium And Deezer",https://www.benzinga.com/news/18/08/12202380/google-says-users-can-ask-google-home-assistant-mini-and-max-to-play-music-with-,
news,kaggle_news:Wayne Duggan,2018-08-14 04:00:00,The Most Searched Questions About Jeff Bezos,https://www.benzinga.com/general/education/18/08/12157237/the-most-searched-questions-about-jeff-bezos,
news,kaggle_news:Benzinga_Newsdesk,2018-08-14 04:00:00,JP Morgan Downgrades MACOM Technology to Underweight,https://www.benzinga.com/news/18/08/12198197/jp-morgan-downgrades-macom-technology-to-underweight,
news,kaggle_news:Charles Gross,2018-08-14 04:00:00,Federal Court Rules that Oracle is Entitled to a Permanent Injunction vs Rimini Street; Awards Attorneys' Fees in Copyright Suit,https://www.benzinga.com/news/18/08/12206769/federal-court-rules-that-oracle-is-entitled-to-a-permanent-injunction-vs-rimini-,
news,kaggle_news:Benzinga_Newsdesk,2018-08-14 04:00:00,Pareto Downgrades DHT Holdings to Hold,https://www.benzinga.com/news/18/08/12199254/pareto-downgrades-dht-holdings-to-hold,
news,kaggle_news:Brett Hershman,2018-08-14 04:00:00,"Baird Downgrades Urban Outfitters On Valuation, Not Execution",https://www.benzinga.com/analyst-ratings/analyst-color/18/08/12201865/baird-downgrades-urban-outfitters-on-valuation-not-exec,
news,kaggle_news:Benzinga_Newsdesk,2018-08-14 04:00:00,13F From Soros Fund Shows Reduced Stake In Alphabet From 25.4K to 12.4K Shares,https://www.benzinga.com/general/hedge-funds/18/08/12205868/13f-from-soros-fund-shows-reduced-stake-in-alphabet-from-25-4k-to,
news,kaggle_news:Benzinga_Newsdesk,2018-08-14 04:00:00,JP Morgan Upgrades Alliance Data Systems to Overweight,https://www.benzinga.com/news/18/08/12198390/jp-morgan-upgrades-alliance-data-systems-to-overweight,
news,kaggle_news:Jayson Derrick,2018-08-14 04:00:00,"KeyBanc Downgrades Dycom After Guidance Cut, Awaits Revenue Re-Acceleration",https://www.benzinga.com/analyst-ratings/analyst-color/18/08/12198945/keybanc-downgrades-dycom-after-guidance-cut-awaits-reve,
news,kaggle_news:Benzinga Newsdesk,2018-08-14 04:00:00,"Benzinga Pro Morning Price Check For Regional ETFs: US (SPY) Up 1.9%, Mexico (EWW) Up 0.9%, India (INDA) Up 0.5%, Brazil (EWZ) Up 0.5%, Russia (RSX) Up 0.4%, Canada (EWC) Up 0.3%, Japan (EWJ) Up 0.3%, China ETF (FXI) Down 0.2%",https://www.benzinga.com/news/18/08/12201164/benzinga-pro-morning-price-check-for-regional-etfs-us-spy-up-1-9-mexico-eww-up-0,
news,kaggle_news:Benzinga_Newsdesk,2018-08-14 04:00:00,JP Morgan Downgrades Genpact to Underweight,https://www.benzinga.com/news/18/08/12198113/jp-morgan-downgrades-genpact-to-underweight,
news,kaggle_news:GuruFocus,2018-08-14 07:14:00,"Gotham Asset Management, LLC Buys Intuit Inc, FedEx Corp, Walt Disney Co, Sells Time Warner ...",http://www.gurufocus.com/news/723220/gotham-asset-management-llc-buys-intuit-inc-fedex-corp-walt-disney-co-sells-time-warner-inc-stanley-black--decker-inc-general-dynamics-corp,
news,kaggle_news:Seeking Alpha,2018-08-14 07:18:00,Cisco's Earnings: Here's What I See Coming,https://seekingalpha.com/article/4198739-ciscos-earnings-see-coming?source=partner_benzinga,
news,kaggle_news:GuruFocus,2018-08-14 07:36:00,"American Economic Planning Group Inc Buys iShares Core Moderate Allocation, Facebook Inc, ...",http://www.gurufocus.com/news/723222/american-economic-planning-group-inc-buys-ishares-core-moderate-allocation-facebook-inc-sells-invesco-bulletshares-2019-corporate-bond-invesco-bulletshares-2020-corporate-bond-invesco-sp-500-low-volatility,
news,kaggle_news:Seeking Alpha,2018-08-14 07:39:00,The Rest Of Disney's Story With Brian Langis And Derek Thompson (Podcast),https://seekingalpha.com/article/4198481-rest-disneys-story-brian-langis-derek-thompson-podcast?source=partner_benzinga,
news,kaggle_news:Seeking Alpha,2018-08-14 07:43:00,Analysts weigh in on Coca-Cola/BodyArmor deal,https://seekingalpha.com/news/3382559-analysts-weigh-coca-cola-bodyarmor-deal?source=partner_benzinga,
news,kaggle_news:Zacks,2018-08-14 07:55:00,Index Futures Jump as Turkish Lira Stages Rebound,http://www.zacks.com/stock/news/317894/index-futures-jump-as-turkish-lira-stages-rebound?cid=CS-BENZ-FT-317894,
news,kaggle_news:Seeking Alpha,2018-08-14 08:03:00,Turkey Response Fails To Impress,https://seekingalpha.com/article/4198818-turkey-response-fails-impress?source=partner_benzinga,
news,kaggle_news:Seeking Alpha,2018-08-14 08:23:00,Turkey Could Create A Larger Crisis Than Greece,https://seekingalpha.com/article/4198842-turkey-create-larger-crisis-greece?source=partner_benzinga,
news,kaggle_news:Investor's Business Daily,2018-08-14 08:26:00,"Small Cap Stocks Lead, But This Country's Shares Fall — And It's Not Turkey",http://www.investors.com/market-trend/stock-market-today/small-cap-stocks-lead-china-shares-fall/?src=A00237A&ven=BenzingaCP&src=AURLAAM,
news,kaggle_news:GuruFocus,2018-08-14 08:28:00,"Selkirk Management LLC Buys The Stars Group Inc, Alibaba Group Holding, Facebook Inc, Sells ...",http://www.gurufocus.com/news/723140/selkirk-management-llc-buys-the-stars-group-inc-alibaba-group-holding-facebook-inc-sells-macquarie-infrastructure-corp,
news,kaggle_news:Seeking Alpha,2018-08-14 08:45:00,Canada moves toward new steel tariffs amid dumping fears,https://seekingalpha.com/news/3382658-canada-moves-toward-new-steel-tariffs-amid-dumping-fears?source=partner_benzinga,
news,kaggle_news:Seeking Alpha,2018-08-14 08:54:00,Why Turkey's Bubble Economy Is Heading For An Even Worse Crash,https://seekingalpha.com/article/4199127-turkeys-bubble-economy-heading-even-worse-crash?source=partner_benzinga,
news,kaggle_news:Zacks,2018-08-14 08:56:00,"Top Research Reports: UnitedHealth, PepsiCo, Amgen & More",http://www.zacks.com/research-daily/176208/top-research-reports-unitedhealth-pepsico-amgen-more?cid=CS-BENZ-FT-176208,
news,kaggle_news:Zacks,2018-08-14 08:57:00,"CSX, Cheesecake Factory, Tapestry, Home Depot, Macy???s, Walmart and J.C. Penney highlighted as Zacks Bull and Bear of the Day",http://www.zacks.com/stock/news/317763/csx-cheesecake-factory-tapestry-home-depot-macys-walmart-and-jc-penney-highlighted-as-zacks-bull-and-bear-of-the-day?cid=CS-BENZ-FT-317763,
news,kaggle_news:Seeking Alpha,2018-08-14 09:04:00,"UK unemployment rate unexpectedly drops to 4.0%, wage inflation Slows",https://seekingalpha.com/news/3382623-uk-unemployment-rate-unexpectedly-drops-4_0-percent-wage-inflation-slows?source=partner_benzinga,
news,kaggle_news:Seeking Alpha,2018-08-14 09:13:00,Shipping Surging Despite Trade War,https://seekingalpha.com/article/4199065-shipping-surging-despite-trade-war?source=partner_benzinga,
news,kaggle_news:Seeking Alpha,2018-08-14 09:20:00,The Turkish Lira Collapse... And Why Divine Intervention Will Not Be Forthcoming,https://seekingalpha.com/article/4198832-turkish-lira-collapse-divine-intervention-will-forthcoming?source=partner_benzinga,
news,kaggle_news:GuruFocus,2018-08-14 09:23:00,"Williams Jones & Associates LLC Buys Victrex PLC, PayPal Holdings Inc, Zoetis Inc, Sells ...",http://www.gurufocus.com/news/722955/williams-jones--associates-llc-buys-victrex-plc-paypal-holdings-inc-zoetis-inc-sells-mohawk-industries-inc-facebook-inc-dentsply-sirona-inc,
news,kaggle_news:Seeking Alpha,2018-08-14 09:25:00,MACOM Technology -3.6% as J.P. Morgan moves down,https://seekingalpha.com/news/3382454-macom-technology-minus-3_6-percent-j-p-morgan-moves?source=partner_benzinga,
news,kaggle_news:Investor's Business Daily,2018-08-14 09:29:00,"Macy's, Cisco, Tencent, NetApp Earnings On Tap: Investing Action Plan",http://www.investors.com/research/investing-action-plan/macys-cisco-tencent-netapp-earnings/?src=A00237A&ven=BenzingaCP&src=AURLAAM,
news,kaggle_news:Seeking Alpha,2018-08-14 10:02:00,The China Threat?,https://seekingalpha.com/article/4198814-china-threat?source=partner_benzinga,
news,kaggle_news:GuruFocus,2018-08-14 10:23:00,"Guardian Point Capital, Lp Buys Twenty-First Century Fox Inc, Comcast Corp, Foundation Building ...",http://www.gurufocus.com/news/723342/guardian-point-capital-lp-buys-twentyfirst-century-fox-inc-comcast-corp-foundation-building-materials-inc-sells-interactive-brokers-group-inc-jpmorgan-chase-builders-firstsource-inc,
news,kaggle_news:Zacks,2018-08-14 11:08:00,Microsoft & 3 Other Computer Software Stocks to Snap Up Now,http://www.zacks.com/stock/news/317760/microsoft-3-other-computer-software-stocks-to-snap-up-now?cid=CS-BENZ-FT-317760,
news,kaggle_news:Seeking Alpha,2018-08-14 11:08:00,Einhorn's Greenlight Capital cuts Apple stake by 77%,https://seekingalpha.com/news/3382578-einhorns-greenlight-capital-cuts-apple-stake-77-percent?source=partner_benzinga,
news,kaggle_news:Seeking Alpha,2018-08-14 11:09:00,Lira Crash,https://seekingalpha.com/article/4198821-lira-crash?source=partner_benzinga,
news,kaggle_news:Seeking Alpha,2018-08-14 11:20:00,Kroger updates on online China push,https://seekingalpha.com/news/3382654-kroger-updates-online-china-push?source=partner_benzinga,
news,kaggle_news:GuruFocus,2018-08-14 11:26:00,"Raub Brock Capital Management LP Buys Zoetis Inc, Sells Magellan Midstream Partners LP, Apple ...",http://www.gurufocus.com/news/723317/raub-brock-capital-management-lp-buys-zoetis-inc-sells-magellan-midstream-partners-lp-apple-inc-jpmorgan-chase,
news,kaggle_news:Seeking Alpha,2018-08-14 11:42:00,"The Market Neared A New Record High, Until Turkey Collapsed",https://seekingalpha.com/article/4198833-market-neared-new-record-high-turkey-collapsed?source=partner_benzinga,
news,kaggle_news:Seeking Alpha,2018-08-14 11:42:00,Investment firm eye Yum China buyout,https://seekingalpha.com/news/3382502-investment-firm-eye-yum-china-buyout?source=partner_benzinga,
news,kaggle_news:Seeking Alpha,2018-08-14 11:58:00,Let's Transfer More Technology To China,https://seekingalpha.com/article/4198817-transfer-technology-china?source=partner_benzinga,
news,kaggle_news:Zacks,2018-08-14 12:02:00,"The Zacks Analyst Blog Highlights: Microsoft, Apple, Mellanox, Vishay and Cypress",http://www.zacks.com/stock/news/317756/the-zacks-analyst-blog-highlights-microsoft-apple-mellanox-vishay-and-cypress?cid=CS-BENZ-FT-317756,
news,kaggle_news:Seeking Alpha,2018-08-14 12:07:00,Turkey Is Caput But The U.S. May Be Its Own Victim,https://seekingalpha.com/article/4198820-turkey-caput-u-s-may-victim?source=partner_benzinga,
news,kaggle_news:GuruFocus,2018-08-14 12:24:00,"Tekne Capital Management, LLC Buys Broadcom Inc, Snap Inc, PagSeguro Digital, Sells Alphabet Inc",http://www.gurufocus.com/news/722931/tekne-capital-management-llc-buys-broadcom-inc-snap-inc-pagseguro-digital-sells-alphabet-inc,
news,kaggle_news:Seeking Alpha,2018-08-14 12:31:00,Parker-Hannifin downgraded at Argus on guidance concerns,https://seekingalpha.com/news/3382662-parker-hannifin-downgraded-argus-guidance-concerns?source=partner_benzinga,
news,kaggle_news:Seeking Alpha,2018-08-14 12:52:00,Vipshop -15.5% after earnings; Citi cuts to Sell,https://seekingalpha.com/news/3382644-vipshop-minus-15_5-percent-earnings-citi-cuts-sell?source=partner_benzinga,
news,kaggle_news:GuruFocus,2018-08-14 13:02:00,"TowerJazz to hold Technical Global Symposium (TGS) in China, focused on Specialty Analog ...",http://www.gurufocus.com/news/722919/towerjazz-to-hold-technical-global-symposium-tgs-in-china-focused-on-specialty-analog-technologies-and-advanced-ic-manufacturing-solutions,
news,kaggle_news:Seeking Alpha,2018-08-14 13:03:00,"Turkey Tumbles, Financial Markets Are Unnerved",https://seekingalpha.com/article/4198822-turkey-tumbles-financial-markets-unnerved?source=partner_benzinga,
news,kaggle_news:GuruFocus,2018-08-14 13:12:00,"Marathon Capital Management Buys Facebook Inc, eBay Inc, Alphabet Inc, Sells Dollar General ...",http://www.gurufocus.com/news/722886/marathon-capital-management-buys-facebook-inc-ebay-inc-alphabet-inc-sells-dollar-general-corp-kar-auction-services-inc-on-deck-capital-inc,
news,kaggle_news:Seeking Alpha,2018-08-14 13:36:00,PetroChina Set To Double Output At Iraq Oil Field,https://seekingalpha.com/article/4199015-petrochina-set-double-output-iraq-oil-field?source=partner_benzinga,
news,kaggle_news:Zacks,2018-08-14 13:38:00,Most-Hurt EM ETFs on Turkey Upheaval,http://www.zacks.com/stock/news/317930/most-hurt-em-etfs-on-turkey-upheaval?cid=CS-BENZ-FT-317930,
news,kaggle_news:GuruFocus,2018-08-14 13:41:00,"Managed Asset Portfolios, Llc Buys Exxon Mobil Corp, Nokia Oyj, Synaptics Inc, Sells iShares ...",http://www.gurufocus.com/news/723241/managed-asset-portfolios-llc-buys-exxon-mobil-corp-nokia-oyj-synaptics-inc-sells-ishares-russell-2000-value-verifone-systems-inc-diebold-nixdorf-inc,
news,kaggle_news:Seeking Alpha,2018-08-14 13:46:00,Mixed U.K. Jobs Data Overshadowed By Brexit For BoE,https://seekingalpha.com/article/4198950-mixed-u-k-jobs-data-overshadowed-brexit-boe?source=partner_benzinga,
news,kaggle_news:Zacks,2018-08-14 13:53:00,Market Slides on Turkey's Troubles,https://www.zacks.com/registration/ultimatetrader/welcome/eoffer/30c3?adid=ZU_CONTENT_SYND&cid=CS-BENZ-FT-17546,
news,kaggle_news:Seeking Alpha,2018-08-14 13:54:00,Emerging Market Defaults Loom On Slumping Currencies,https://seekingalpha.com/article/4198834-emerging-market-defaults-loom-slumping-currencies?source=partner_benzinga,
news,kaggle_news:Seeking Alpha,2018-08-14 14:01:00,Russian Aluminum Giant Rusal Feels The Pain Of Sanctions Crunch,https://seekingalpha.com/article/4198838-russian-aluminum-giant-rusal-feels-pain-sanctions-crunch?source=partner_benzinga,
news,kaggle_news:GuruFocus,2018-08-14 14:07:00,"Sirios Capital Management L P Buys Kansas City Southern, Abbott Laboratories, JPMorgan Chase, ...",http://www.gurufocus.com/news/723179/sirios-capital-management-l-p-buys-kansas-city-southern-abbott-laboratories-jpmorgan-chase-sells-time-warner-inc-csx-corp-lowes-inc,
news,kaggle_news:Seeking Alpha,2018-08-14 14:19:00,Cognizant Tech -1.2% as J.P. Morgan moves to sidelines,https://seekingalpha.com/news/3382477-cognizant-tech-minus-1_2-percent-j-p-morgan-moves-sidelines?source=partner_benzinga,
news,kaggle_news:Zacks,2018-08-14 14:23:00,ETFs That Are Hardly Hurt by the Turkey Turmoil,http://www.zacks.com/stock/news/317928/etfs-that-are-hardly-hurt-by-the-turkey-turmoil?cid=CS-BENZ-FT-317928,
news,kaggle_news:GuruFocus,2018-08-14 14:42:00,"Willis Investment Counsel Buys McDonald's Corp, Texas Instruments Inc, Paychex Inc, Sells ...",http://www.gurufocus.com/news/723326/willis-investment-counsel-buys-mcdonalds-corp-texas-instruments-inc-paychex-inc-sells-campbell-soup-co-apple-inc-general-electric-co,
news,kaggle_news:GuruFocus,2018-08-14 14:43:00,"Sprucegrove Investment Management Ltd Buys Copa Holdings SA, Walt Disney Co, Walgreens Boots ...",http://www.gurufocus.com/news/723322/sprucegrove-investment-management-ltd-buys-copa-holdings-sa-walt-disney-co-walgreens-boots-alliance-inc-sells-cullenfrost-bankers-inc-denbury-resources-inc-apache-corp,
news,kaggle_news:Seeking Alpha,2018-08-14 14:49:00,Under Siege: How Trade Wars Affect The World's Major Automakers,https://seekingalpha.com/article/4199143-siege-trade-wars-affect-worlds-major-automakers?source=partner_benzinga,
news,kaggle_news:GuruFocus,2018-08-14 14:57:00,"Duquesne Capital Management, LLC Buys Facebook Inc, Gilead Sciences Inc, Microsoft Corp, Sells ...",http://www.gurufocus.com/news/723142/duquesne-capital-management-llc-buys-facebook-inc-gilead-sciences-inc-microsoft-corp-sells-intel-corp-nektar-therapeutics-inc-micron-technology-inc,
news,kaggle_news:Seeking Alpha,2018-08-14 15:20:00,Interest rates in Argentina on the move,https://seekingalpha.com/news/3382302-interest-rates-argentina-move?source=partner_benzinga,
news,kaggle_news:Seeking Alpha,2018-08-14 15:25:00,NAND And DRAM Oversupply And Morgan Stanley's Downgrade Of Applied Materials,https://seekingalpha.com/article/4198920-nand-dram-oversupply-morgan-stanleys-downgrade-applied-materials?source=partner_benzinga,
news,kaggle_news:Seeking Alpha,2018-08-14 15:55:00,Estee Lauder's Play In China: Next Growth Driver In The Makeup Segment,https://seekingalpha.com/article/4198954-estee-lauders-play-china-next-growth-driver-makeup-segment?source=partner_benzinga,
news,kaggle_news:Seeking Alpha,2018-08-14 16:02:00,CNBC: Apple working on health data processing chip,https://seekingalpha.com/news/3382649-cnbc-apple-working-health-data-processing-chip?source=partner_benzinga,
news,kaggle_news:Seeking Alpha,2018-08-14 16:07:00,"Berkshire boosts stakes in Apple, US Bank, Teva, BNY Mellon, Delta in Q2",https://seekingalpha.com/news/3382761-berkshire-boosts-stakes-apple-us-bank-teva-bny-mellon-delta-q2?source=partner_benzinga,
news,kaggle_news:Seeking Alpha,2018-08-14 16:21:00,Higher prices add to labor inflation pressure,https://seekingalpha.com/news/3382300-higher-prices-add-labor-inflation-pressure?source=partner_benzinga,
news,kaggle_news:GuruFocus,2018-08-14 16:24:00,"Two Sigma Advisers, Llc Buys Johnson & Johnson, Amazon. ...",http://www.gurufocus.com/news/723318/two-sigma-advisers-llc-buys-johnson--johnson-amazoncom-inc-the-home-depot-inc-sells-mcdonalds-corp-pfizer-inc-pepsico-inc,
news,kaggle_news:Seeking Alpha,2018-08-14 16:39:00,Analyst weigh in with downgrades for Dycom following disastrous guidance,https://seekingalpha.com/news/3382651-analyst-weigh-downgrades-dycom-following-disastrous-guidance?source=partner_benzinga,
news,kaggle_news:Seeking Alpha,2018-08-14 16:40:00,7 Things To Keep In Mind About Turkey,https://seekingalpha.com/article/4198902-7-things-keep-mind-turkey?source=partner_benzinga,
news,kaggle_news:GuruFocus,2018-08-14 17:59:00,"Point7— Asset Management Buys Alphabet Inc, Marathon Petroleum Corp, Twenty-First Century Fox ...",http://www.gurufocus.com/news/723221/point72-asset-management-buys-alphabet-inc-marathon-petroleum-corp-twentyfirst-century-fox-inc-sells-wynn-resorts-broadcom-inc-constellation-brands-inc,
news,kaggle_news:GuruFocus,2018-08-14 18:11:00,"Chris Davis Trims FedEx, Amazon Positions",http://www.gurufocus.com/news/723111/chris-davis-trims-fedex-amazon-positions,
news,kaggle_news:Investor's Business Daily,2018-08-14 18:21:00,Key Indexes Thrive Despite China Sell-Off; Google Stock Alphabet Creates A New Buy Point,http://www.investors.com/market-trend/stock-market-today/china-sell-off-google-stock-alphabet-new-buy-point/?src=A00237A&ven=BenzingaCP&src=AURLAAM,
news,kaggle_news:Seeking Alpha,2018-08-14 18:45:00,"Jana gets back into Facebook; discloses stakes in Alphabet, Wells Fargo",https://seekingalpha.com/news/3382556-jana-gets-back-facebook-discloses-stakes-alphabet-wells-fargo?source=partner_benzinga,
news,kaggle_news:GuruFocus,2018-08-14 19:01:00,"King Wealth Management Group, LLC Buys Fidelity MSCI Information Technology Index, Amazon. ...",http://www.gurufocus.com/news/722954/king-wealth-management-group-llc-buys-fidelity-msci-information-technology-index-amazoncom-inc-vanguard-total-bond-market-etf-sells-altria-group-inc-pepsico-inc-philip-morris-international-inc,
news,kaggle_news:Seeking Alpha,2018-08-14 19:11:00,SQM sells stake in lithium project to China's Genfeng for $87.5M,https://seekingalpha.com/news/3382426-sqm-sells-stake-lithium-project-chinas-genfeng-87_5m?source=partner_benzinga,
news,kaggle_news:Seeking Alpha,2018-08-14 19:27:00,AVEO nabs $2M milestone from CANbridge on China OK of CAN017 trial,https://seekingalpha.com/news/3382439-aveo-nabs-2m-milestone-canbridge-china-ok-can017-trial?source=partner_benzinga,
news,kaggle_news:Seeking Alpha,2018-08-14 19:35:00,Intellectual Property And China,https://seekingalpha.com/article/4198926-intellectual-property-china?source=partner_benzinga,
news,kaggle_news:Zacks,2018-08-14 19:55:00,"The Zacks Analyst Blog Highlights: Citigroup, Bank of America, Goldman Sachs, JPMorgan, Morgan Stanley, Wells Fargo, Armstrong Flooring, Bridgepoint, Summer Infant, BG Staffing and Atlantic Power",http://www.zacks.com/stock/news/317755/the-zacks-analyst-blog-highlights-citigroup-bank-of-america-goldman-sachs-jpmorgan-morgan-stanley-wells-fargo-armstrong-flooring-bridgepoint-summer-infant-bg-staffing-and-atlantic-power?cid=CS-BENZ-FT-317755,
news,kaggle_news:GuruFocus,2018-08-14 20:15:00,"Hancock Holding Co Buys Dick's Sporting Goods Inc, Amazon. ...",http://www.gurufocus.com/news/723243/hancock-holding-co-buys-dicks-sporting-goods-inc-amazoncom-inc-ross-stores-inc-sells-pool-corp-manpowergroup-inc-toll-brothers-inc,
news,kaggle_news:Seeking Alpha,2018-08-14 20:33:00,Buy High Quality Stocks On Turkey-Induced Weakness - Cramer's Mad Money (8/13/18),https://seekingalpha.com/article/4198867-buy-high-quality-stocks-turkey-induced-weakness-cramers-mad-money-8-13-18?source=partner_benzinga,
news,kaggle_news:Seeking Alpha,2018-08-14 20:37:00,China Jo - Jo Drugstores reports Q1 results,https://seekingalpha.com/news/3382515-china-jo-jo-drugstores-reports-q1-results?source=partner_benzinga,
news,kaggle_news:Seeking Alpha,2018-08-14 20:54:00,"Turkey fires back with tariffs on U.S. cars, alcohol, tobacco",https://seekingalpha.com/news/3382889-turkey-fires-back-tariffs-u-s-cars-alcohol-tobacco?source=partner_benzinga,
news,kaggle_news:Benzinga Newsdesk,2018-08-15 04:00:00,"Stocks That Made New 52-Week Lows Today Include: Invesco, COTY, Cimarex Energy, Affiliated Managers Group, Whirlpool, and Ford",https://www.benzinga.com/trading-ideas/technicals/18/08/12211091/stocks-that-made-new-52-week-lows-today-include-invesco-coty,
news,kaggle_news:Benzinga Newsdesk,2018-08-15 04:00:00,"Shares of GlaxoSmithKline are up 1.5% and shares of Pfizer are up 0.7% after ViiV Healthcare, a joint venture between the two companies, announced positive 48-week study results for HIV treatment regimen.",https://www.benzinga.com/trading-ideas/movers/18/08/12210643/shares-of-glaxosmithkline-are-up-1-5-and-shares-of-pfizer-are-up,
news,kaggle_news:Vick Meyer,2018-08-15 04:00:00,"Citigroup Maintains Buy on Discovery, Raises Price Target to $32",https://www.benzinga.com/news/18/08/12208732/citigroup-maintains-buy-on-discovery-raises-price-target-to-32,
news,kaggle_news:Benzinga_Newsdesk,2018-08-15 04:00:00,Pivotal Research Downgrades Nielsen Holdings to Hold,https://www.benzinga.com/news/18/08/12207676/pivotal-research-downgrades-nielsen-holdings-to-hold,
news,kaggle_news:Benzinga_Newsdesk,2018-08-15 04:00:00,Hearing Citi Is Out Saying Verizon Communications 5G News Could Be Prelude To Larger OTT Video Strategy,https://www.benzinga.com/analyst-ratings/analyst-color/18/08/12210712/hearing-citi-is-out-saying-verizon-communications-5g-ne,
news,kaggle_news:Jayson Derrick,2018-08-15 04:00:00,Citi No Longer Bearish On Advance Auto Parts,https://www.benzinga.com/analyst-ratings/analyst-color/18/08/12210197/citi-no-longer-bearish-on-advance-auto-parts,
news,kaggle_news:Benzinga_Newsdesk,2018-08-15 04:00:00,Johnson Rice Downgrades Matador Resources to Accumulate,https://www.benzinga.com/news/18/08/12208000/johnson-rice-downgrades-matador-resources-to-accumulate,
news,kaggle_news:Benzinga_Newsdesk,2018-08-15 04:00:00,Citigroup Upgrades Advance Auto Parts to Neutral,https://www.benzinga.com/news/18/08/12209867/citigroup-upgrades-advance-auto-parts-to-neutral,
news,kaggle_news:JJ Kinahan,2018-08-15 04:00:00,"Turkish Economy, Trade Tensions Retake Center-Stage; Global Markets Retreat",https://www.benzinga.com/news/earnings/18/08/12210080/turkish-economy-trade-tensions-retake-center-stage-global-markets-retre,
news,kaggle_news:Benzinga_Newsdesk,2018-08-15 04:00:00,Argus Downgrades AECOM to Hold,https://www.benzinga.com/news/18/08/12208839/argus-downgrades-aecom-to-hold,
news,kaggle_news:Benzinga_Newsdesk,2018-08-15 04:00:00,"Societe Generale Downgrades Kimberly-Clark to Hold, Lowers Price Target to $116",https://www.benzinga.com/news/18/08/12208998/societe-generale-downgrades-kimberly-clark-to-hold-lowers-price-target-to-116,
news,kaggle_news:Benzinga_Newsdesk,2018-08-15 04:00:00,Johnson Rice Downgrades Southwestern Energy to Accumulate,https://www.benzinga.com/news/18/08/12209265/johnson-rice-downgrades-southwestern-energy-to-accumulate,
news,kaggle_news:Vick Meyer,2018-08-15 04:00:00,"Citigroup Maintains Buy on Home Depot, Raises Price Target to $227",https://www.benzinga.com/news/18/08/12208736/citigroup-maintains-buy-on-home-depot-raises-price-target-to-227,
news,kaggle_news:Benzinga Newsdesk,2018-08-15 04:00:00,"Cisco Systems Q4 Adj. EPS $0.70 Beats $0.68 Estimate, Sales $12.8B Beat $12.77B Estimate",https://www.benzinga.com/news/earnings/18/08/12213787/cisco-systems-q4-adj-eps-0-70-beats-0-68-estimate-sales-12-8b-beat-12-7,
news,kaggle_news:Charles Gross,2018-08-15 04:00:00,Cisco Systems Option Alert: Sep 21 $45 Calls Sweep (20) near the Ask: 560 @ $0.75 vs 16319 OI; Earnings 8/15 After Close Ref=$43.43,https://www.benzinga.com/markets/options/18/08/12211576/cisco-systems-option-alert-sep-21-45-calls-sweep-20-near-the-ask-560-,
news,kaggle_news:Benzinga Newsdesk,2018-08-15 04:00:00,Cisco Systems Sees Q1 Sales Up 7%-9% YoY,https://www.benzinga.com/news/18/08/12213813/cisco-systems-sees-q1-sales-up-7-9-yoy,
news,kaggle_news:Benzinga Newsdesk,2018-08-15 04:00:00,Cisco Systems Sees Q1 Adj. EPS $0.70-$0.72 vs $0.69 Est.,https://www.benzinga.com/news/18/08/12213805/cisco-systems-sees-q1-adj-eps-0-70-0-72-vs-0-69-est,
news,kaggle_news:Benzinga_Newsdesk,2018-08-15 04:00:00,Maxim Group Downgrades Cytori Therapeutics to Hold,https://www.benzinga.com/news/18/08/12208314/maxim-group-downgrades-cytori-therapeutics-to-hold,
news,kaggle_news:Benzinga Newsdesk,2018-08-15 04:00:00,Cisco Systems Q4 Earnings Preview,https://www.benzinga.com/news/earnings-previews/18/08/12207326/cisco-systems-earnings-preview,
news,kaggle_news:Benzinga_Newsdesk,2018-08-15 04:00:00,Cowen & Co. Downgrades Western Digital to Market Perform,https://www.benzinga.com/news/18/08/12207801/cowen-co-downgrades-western-digital-to-market-perform,
news,kaggle_news:Benzinga_Newsdesk,2018-08-15 04:00:00,"B. Riley FBR Downgrades Marcus to Neutral, Lowers Price Target to $41",https://www.benzinga.com/news/18/08/12208295/b-riley-fbr-downgrades-marcus-to-neutral-lowers-price-target-to-41,
news,kaggle_news:Benzinga_Newsdesk,2018-08-15 04:00:00,JP Morgan Downgrades Hollysys Automation to Neutral,https://www.benzinga.com/news/18/08/12209276/jp-morgan-downgrades-hollysys-automation-to-neutral,
news,kaggle_news:Benzinga Newsdesk,2018-08-15 04:00:00,"Network 1 8-K Indicates On Aug. 11., District Court Granted Facebook's Motion For Summary Judgement On Non-Infringement; Co. Is Evaluating An Appeal To US District Court Of Appeals",https://www.benzinga.com/news/18/08/12214298/network-1-8-k-indicates-on-aug-11-district-court-granted-facebooks-motion-for-su,
news,kaggle_news:Benzinga_Newsdesk,2018-08-15 04:00:00,"Marriott International Expands Relationship With PepsiCo, Multiyear Deal Is Incremental to Existing Marriott International Partnership; PepsiCo Now Beverage Provider for 6,300+ Properties",https://www.benzinga.com/news/18/08/12209982/marriott-international-expands-relationship-with-pepsico-multiyear-deal-is-incre,
news,kaggle_news:Benzinga Newsdesk,2018-08-15 04:00:00,"13F From David Tepper's Appaloosa Late Tuesday Showed Cut Stake In Alibaba, Allergan, Alphabet, Altaba, Dollar General, Facebook, & MGM Resorts; Raised Stake In Caesars Entertainment, Micron, Western Digital, & Wells Fargo",https://www.benzinga.com/general/hedge-funds/18/08/12210585/13f-from-david-teppers-appaloosa-late-tuesday-showed-cut-stake-in,
news,kaggle_news:Benzinga_Newsdesk,2018-08-15 04:00:00,Baird Downgrades AvalonBay Communities to Neutral,https://www.benzinga.com/news/18/08/12208396/baird-downgrades-avalonbay-communities-to-neutral,
news,kaggle_news:Benzinga_Newsdesk,2018-08-15 04:00:00,Johnson Rice Downgrades Energen to Hold,https://www.benzinga.com/news/18/08/12209264/johnson-rice-downgrades-energen-to-hold,
news,kaggle_news:Hannah Genig,2018-08-15 04:00:00,"RBC Downgrades Intercept Pharma On Valuation, Remains Positive On Upcoming Trial Data",https://www.benzinga.com/analyst-ratings/analyst-color/18/08/12210367/rbc-downgrades-intercept-pharma-on-valuation-remains-po,
news,kaggle_news:Benzinga_Newsdesk,2018-08-15 04:00:00,Johnson Rice Downgrades Anadarko Petroleum to Accumulate,https://www.benzinga.com/news/18/08/12209261/johnson-rice-downgrades-anadarko-petroleum-to-accumulate,
news,kaggle_news:Benzinga_Newsdesk,2018-08-15 04:00:00,Hearing Bankers Say No Thanks To Volcker Proposal In Meeting With Fed,https://www.benzinga.com/news/18/08/12211348/hearing-bankers-say-no-thanks-to-volcker-proposal-in-meeting-with-fed,
news,kaggle_news:Vick Meyer,2018-08-15 04:00:00,"Citigroup Maintains Neutral on McDonald's, Lowers Price Target to $171",https://www.benzinga.com/news/18/08/12208748/citigroup-maintains-neutral-on-mcdonalds-lowers-price-target-to-171,
news,kaggle_news:Charles Gross,2018-08-15 04:00:00,Pastor Brunson's Appeal for Release by Turkish Court has been Rejected,https://www.benzinga.com/news/18/08/12207533/pastor-brunsons-appeal-for-release-by-turkish-court-has-been-rejected,
news,kaggle_news:ETF Professor,2018-08-15 04:00:00,How Traders Are Treating The Turkey ETF,https://www.benzinga.com/markets/cryptocurrency/18/08/12206953/how-traders-are-treating-the-turkey-etf,
news,kaggle_news:Benzinga Newsdesk,2018-08-15 04:00:00,Hollysys Automation Technologies shares are down 21.4% to $18.36 following mixed Q1 earnings; JP Morgan downgraded the stock from Overweight to Neutral,https://www.benzinga.com/trading-ideas/movers/18/08/12210227/hollysys-automation-technologies-shares-are-down-21-4-to-18-36-f,
news,kaggle_news:Benzinga_Newsdesk,2018-08-15 04:00:00,IIF Chief Economist Says Fair Value For Lira Probably Around 5 To 5.5 To Dollar; Expects Strengthening Over Next One To Two Years,https://www.benzinga.com/news/18/08/12209505/iif-chief-economist-says-fair-value-for-lira-probably-around-5-to-5-5-to-dollar-,
news,kaggle_news:Vick Meyer,2018-08-15 04:00:00,"Citigroup Maintains Buy on LyondellBasell Industries, Raises Price Target to $125",https://www.benzinga.com/news/18/08/12208742/citigroup-maintains-buy-on-lyondellbasell-industries-raises-price-target-to-125,
news,kaggle_news:Benzinga_Newsdesk,2018-08-15 04:00:00,"Morgan Stanley Downgrades Schnitzer Steel Indus to Underweight, Lowers Price Target to $26",https://www.benzinga.com/news/18/08/12208191/morgan-stanley-downgrades-schnitzer-steel-indus-to-underweight-lowers-price-targ,
news,kaggle_news:Vick Meyer,2018-08-15 04:00:00,"Citigroup Maintains Buy on Chipotle Mexican Grill, Raises Price Target to $573",https://www.benzinga.com/news/18/08/12208708/citigroup-maintains-buy-on-chipotle-mexican-grill-raises-price-target-to-573,
news,kaggle_news:Benzinga_Newsdesk,2018-08-15 04:00:00,"Oppenheimer Downgrades Intellicheck, Inc. Common Stock to Perform",https://www.benzinga.com/news/18/08/12208963/oppenheimer-downgrades-intellicheck-inc-common-stock-to-perform,
news,kaggle_news:Craig Jones,2018-08-15 04:00:00,Oppenheimer Downgrades Intellicheck After Q2 Revenue Miss,https://www.benzinga.com/analyst-ratings/analyst-color/18/08/12211220/oppenheimer-downgrades-intellicheck-after-q2-revenue-mi,
news,kaggle_news:Benzinga_Newsdesk,2018-08-15 04:00:00,RBC Capital Downgrades Intercept Pharmaceuticals to Sector Perform,https://www.benzinga.com/news/18/08/12208614/rbc-capital-downgrades-intercept-pharmaceuticals-to-sector-perform,
news,kaggle_news:Benzinga_Newsdesk,2018-08-15 04:00:00,"Johnson Rice Downgrades Evolution Petroleum Corporation, Inc. Common Stock to Hold",https://www.benzinga.com/news/18/08/12208001/johnson-rice-downgrades-evolution-petroleum-corporation-inc-common-stock-to-hold,
news,kaggle_news:Benzinga Newsdesk,2018-08-15 04:00:00,"From Earlier, UK Senior Minister Alistair Burt Is Reportedly Polling Constituents On Holding Another Referendum On Brexit",https://www.benzinga.com/news/18/08/12213350/from-earlier-uk-senior-minister-alistair-burt-is-reportedly-polling-constituents,
news,kaggle_news:Benzinga Newsdesk,2018-08-15 04:00:00,"China Pharma Holding Q2 EPS $(0.02) Up From $(0.05) YoY, Sales $3.17M Up From $2.917M YoY",https://www.benzinga.com/news/earnings/18/08/12207856/china-pharma-holding-q2-eps-0-02-up-from-0-05-yoy-sales-3-17m-up-from-2,
news,kaggle_news:Benzinga Newsdesk,2018-08-15 04:00:00,"White House Reportedly Says Steel Tariffs On Turkey Won't Be Removed Even If Pastor Brunson Were to Be Released By Turkish Authorities, But Would Consider Lifting Sanctions",https://www.benzinga.com/news/18/08/12213161/white-house-reportedly-says-steel-tariffs-on-turkey-wons-be-removed-even-if-past,
news,kaggle_news:Lisa Levin,2018-08-15 04:00:00,"Benzinga's Top Upgrades, Downgrades For August 15, 2018",https://www.benzinga.com/analyst-ratings/upgrades/18/08/12209283/benzingas-top-upgrades-downgrades-for-august-15-2018,
news,kaggle_news:Benzinga_Newsdesk,2018-08-15 04:00:00,RBC Capital Downgrades New Gold Inc. to Underperform,https://www.benzinga.com/news/18/08/12208615/rbc-capital-downgrades-new-gold-inc-to-underperform,
news,kaggle_news:Seeking Alpha,2018-08-15 07:36:00,"'Safer' Dividend Dow Dogs: Caterpillar, DowDupont; Chevron, Boeing, & Intel, Cast Big Gains Per Broker August Tally",https://seekingalpha.com/article/4199624-safer-dividend-dow-dogs-caterpillar-dowdupont-chevron-boeing-and-intel-cast-big-gains-per?source=partner_benzinga,
news,kaggle_news:Seeking Alpha,2018-08-15 07:48:00,Bloomberg: Boeing 737 monthly deliveries fall to lowest since 2012,https://seekingalpha.com/news/3383147-bloomberg-boeing-737-monthly-deliveries-fall-lowest-since-2012?source=partner_benzinga,
news,kaggle_news:Seeking Alpha,2018-08-15 08:26:00,NGL Energy Partners (NGL) Presents at Citi One-on-One MLP/Midstream Infrastructure Conference - Slideshow,https://seekingalpha.com/article/4199534-ngl-energy-partners-ngl-presents-citi-one-one-mlp-midstream-infrastructure-conference?source=partner_benzinga,
news,kaggle_news:GuruFocus,2018-08-15 09:22:00,"Raab & Moskowitz Asset Management LLC Buys Walt Disney Co, Foot Locker Inc, Deere, Sells ...",http://www.gurufocus.com/news/723379/raab--moskowitz-asset-management-llc-buys-walt-disney-co-foot-locker-inc-deere-sells-invesco-water-resources-etf-wyndham-destinations-inc-express-scripts-holding-co,
news,kaggle_news:GuruFocus,2018-08-15 10:07:00,"Peregrine Asset Advisers, Inc. Buys Etsy Inc, McDonald's Corp, Veeva Systems Inc, Sells W.W. ...",http://www.gurufocus.com/news/724747/peregrine-asset-advisers-inc-buys-etsy-inc-mcdonalds-corp-veeva-systems-inc-sells-ww-grainger-inc-mastercard-inc-kb-home,
news,kaggle_news:Seeking Alpha,2018-08-15 10:08:00,China to ensure achievement of annual growth target despite trade war: state planner,https://seekingalpha.com/news/3383201-china-ensure-achievement-annual-growth-target-despite-trade-war-state-planner?source=partner_benzinga,
news,kaggle_news:Seeking Alpha,2018-08-15 10:13:00,China files WTO complaint over U.S. solar tariffs,https://seekingalpha.com/news/3382892-china-files-wto-complaint-u-s-solar-tariffs?source=partner_benzinga,
news,kaggle_news:Seeking Alpha,2018-08-15 10:27:00,Wall Street Breakfast: Turkey Fires Back With Tariffs,https://seekingalpha.com/article/4199294-wall-street-breakfast-turkey-fires-back-tariffs?source=partner_benzinga,
news,kaggle_news:Seeking Alpha,2018-08-15 10:47:00,Cowen downgrades WDC for cost structure trailing INTC and MU,https://seekingalpha.com/news/3382996-cowen-downgrades-wdc-cost-structure-trailing-intc-mu?source=partner_benzinga,
news,kaggle_news:GuruFocus,2018-08-15 10:56:00,"DRW Securities, LLC Buys SPDR S&P 5……, SPDR Gold Trust, iShares China Large-Cap, Sells ...",http://www.gurufocus.com/news/724738/drw-securities-llc-buys-spdr-sp-500-spdr-gold-trust-ishares-china-largecap-sells-ishares-msci-emerging-index-fund-vanguard-total-bond-market-etf-ishares-inc-msci-taiwan,
news,kaggle_news:Seeking Alpha,2018-08-15 11:00:00,Rise Of U.S. Dollar Haunts Emerging Market Debt,https://seekingalpha.com/article/4199297-rise-u-s-dollar-haunts-emerging-market-debt?source=partner_benzinga,
news,kaggle_news:Seeking Alpha,2018-08-15 11:00:00,Genesis Energy (GEL) Presents At Citi One-on-One MLP/Midstream Infrastructure Conference - Slideshow,https://seekingalpha.com/article/4199508-genesis-energy-gel-presents-citi-one-one-mlp-midstream-infrastructure-conference-slideshow?source=partner_benzinga,
news,kaggle_news:Investor's Business Daily,2018-08-15 12:03:00,Stocks To Watch: China Petrochemical Sees RS Rating Rise To 83,http://www.investors.com/ibd-data-stories/stocks-to-watch-china-petrochemical-sees-rs-rating-rise-to-83/?src=A00237A&ven=BenzingaCP&src=AURLAAM,
news,kaggle_news:Seeking Alpha,2018-08-15 12:17:00,Turkey Gets Roasted,https://seekingalpha.com/article/4199289-turkey-gets-roasted?source=partner_benzinga,
news,kaggle_news:Seeking Alpha,2018-08-15 12:22:00,Summit Midstream Partners (SMLP) Presents At Citi One-on-One MLP/Midstream Infrastructure Conference - Slideshow,https://seekingalpha.com/article/4199452-summit-midstream-partners-smlp-presents-citi-one-one-mlp-midstream-infrastructure-conference?source=partner_benzinga,
news,kaggle_news:Seeking Alpha,2018-08-15 12:22:00,Amazon's smart speaker share fell in Q2 while Google grew,https://seekingalpha.com/news/3383075-amazons-smart-speaker-share-fell-q2-google-grew?source=partner_benzinga,
news,kaggle_news:GuruFocus,2018-08-15 12:33:00,"Smith & Howard Wealth Management, LLC Buys iShares Core MSCI EAFE, Microsoft Corp, Apple ...",http://www.gurufocus.com/news/723387/smith--howard-wealth-management-llc-buys-ishares-core-msci-eafe-microsoft-corp-apple-inc-sells-spdr-dow-jones-industrial-average-ishares-core-sp-midcap-exxon-mobil-corp,
news,kaggle_news:GuruFocus,2018-08-15 12:38:00,"Lumbard Investment Counseling, LLC Buys Walt Disney Co, Facebook Inc, AT&T Inc, Sells Time ...",http://www.gurufocus.com/news/724611/lumbard-investment-counseling-llc-buys-walt-disney-co-facebook-inc-att-inc-sells-time-warner-inc-regions-financial-corp-apple-inc,
news,kaggle_news:Investor's Business Daily,2018-08-15 12:41:00,Dow Jones Cuts Some Losses As Oil Plunges; Why Apple Is Holding Firm,http://www.investors.com/market-trend/stock-market-today/dow-jones-oil-plunges-why-apple-is-holding-firm/?src=A00237A&ven=BenzingaCP&src=AURLAAM,
news,kaggle_news:Seeking Alpha,2018-08-15 12:55:00,Turkish Turmoil To Send Economic Storm Clouds Over U.S. Soon,https://seekingalpha.com/article/4199307-turkish-turmoil-send-economic-storm-clouds-u-s-soon?source=partner_benzinga,
news,kaggle_news:Investor's Business Daily,2018-08-15 12:55:00,Stock Futures Slip As Turkey Imposes Tariffs; Chipotle Upgraded,http://www.investors.com/market-trend/stock-market-today/stock-futures-stocks-global-markets-chipotle/?src=A00237A&ven=BenzingaCP&src=AURLAAM,
news,kaggle_news:Seeking Alpha,2018-08-15 12:57:00,Time To Gobble Up Some Turkey!,https://seekingalpha.com/article/4199479-time-gobble-turkey?source=partner_benzinga,
news,kaggle_news:GuruFocus,2018-08-15 13:04:00,"Valiant Capital Management, L.P. Buys Netflix Inc, Facebook Inc, Sells Snap Inc, Liberty Global ...",http://www.gurufocus.com/news/723369/valiant-capital-management-lp-buys-netflix-inc-facebook-inc-sells-snap-inc-liberty-global-plc-dropbox-inc,
news,kaggle_news:Seeking Alpha,2018-08-15 13:23:00,Turkey Fires Back With Tariffs (Wall Street Breakfast Podcast),https://seekingalpha.com/article/4199313-turkey-fires-back-tariffs-wall-street-breakfast-podcast?source=partner_benzinga,
news,kaggle_news:Seeking Alpha,2018-08-15 13:32:00,Emerging Markets: Buy The Dip Or Wait?,https://seekingalpha.com/article/4199306-emerging-markets-buy-dip-wait?source=partner_benzinga,
news,kaggle_news:GuruFocus,2018-08-15 13:40:00,"Joel Greenblatt Boosts Intuit, Walt Disney Positions",http://www.gurufocus.com/news/724550/joel-greenblatt-boosts-intuit-walt-disney-positions,
news,kaggle_news:Seeking Alpha,2018-08-15 13:43:00,USA Technologies +3.5% on Admiral Pepsi agreement,https://seekingalpha.com/news/3383026-usa-technologies-plus-3_5-percent-admiral-pepsi-agreement?source=partner_benzinga,
news,kaggle_news:Seeking Alpha,2018-08-15 14:16:00,China Pharma reports Q2 results,https://seekingalpha.com/news/3382952-china-pharma-reports-q2-results?source=partner_benzinga,
news,kaggle_news:Zacks,2018-08-15 14:28:00,"Top Research Reports for Caterpillar, Morgan Stanley & Walmart",http://www.zacks.com/research-daily/176210/top-research-reports-for-caterpillar-morgan-stanley-walmart?cid=CS-BENZ-FT-176210,
news,kaggle_news:Seeking Alpha,2018-08-15 14:42:00,BlackRock among investors hurt by Turkey troubles: WSJ,https://seekingalpha.com/news/3383238-blackrock-among-investors-hurt-turkey-troubles-wsj?source=partner_benzinga,
news,kaggle_news:Seeking Alpha,2018-08-15 14:46:00,"Tariffs will save U.S. steel industry, Trump tells WSJ",https://seekingalpha.com/news/3383352-tariffs-will-save-u-s-steel-industry-trump-tells-wsj?source=partner_benzinga,
news,kaggle_news:Investor's Business Daily,2018-08-15 15:36:00,"Nvidia, Walmart, JD.com, Nordstrom Report Earnings: Investing Action Plan",http://www.investors.com/research/investing-action-plan/buy-point-nvidia-jd-com-walmart-nordstrom-earnings/?src=A00237A&ven=BenzingaCP&src=AURLAAM,
news,kaggle_news:GuruFocus,2018-08-15 16:16:00,"BW Gestao de Investimentos Ltda. Buys BRF SA, SPDR S&P 5……, Apple Inc, Sells iShares ...",http://www.gurufocus.com/news/724536/bw-gestao-de-investimentos-ltda-buys-brf-sa-spdr-sp-500-apple-inc-sells-ishares-edge-msci-min-vol-emerging-markets-ishares-msci-japan-index-fund-validus-holdings,
news,kaggle_news:Seeking Alpha,2018-08-15 16:18:00,China Pharma Q2 revenues up 10%,https://seekingalpha.com/news/3382981-china-pharma-q2-revenues-10-percent?source=partner_benzinga,
news,kaggle_news:Seeking Alpha,2018-08-15 16:46:00,"Turkish Currency On The Slide, Economy Set To Follow",https://seekingalpha.com/article/4199305-turkish-currency-slide-economy-set-follow?source=partner_benzinga,
news,kaggle_news:Seeking Alpha,2018-08-15 16:52:00,Crude oil prices slammed by surprise U.S. inventories build,https://seekingalpha.com/news/3383193-crude-oil-prices-slammed-surprise-u-s-inventories-build?source=partner_benzinga,
news,kaggle_news:Seeking Alpha,2018-08-15 17:18:00,"Copper, industrial metals plunge on emerging market selloff",https://seekingalpha.com/news/3383035-copper-industrial-metals-plunge-emerging-market-selloff?source=partner_benzinga,
news,kaggle_news:Seeking Alpha,2018-08-15 18:35:00,"China Pharma Holdings, Inc. (CPHI) CEO Zhilin Li on Q2 2018 Results - Earnings Call Transcript",https://seekingalpha.com/article/4199334-china-pharma-holdings-inc-cphi-ceo-zhilin-li-q2-2018-results-earnings-call-transcript?source=partner_benzinga,
news,kaggle_news:Seeking Alpha,2018-08-15 18:57:00,Tariffs Lift Prices But Capacity Utilization Remains An Issue,https://seekingalpha.com/article/4199395-tariffs-lift-prices-capacity-utilization-remains-issue?source=partner_benzinga,
news,kaggle_news:Seeking Alpha,2018-08-15 19:23:00,"UK inflation rises for first time in 2018, London house prices fall",https://seekingalpha.com/news/3383195-uk-inflation-rises-first-time-2018-london-house-prices-fall?source=partner_benzinga,
news,kaggle_news:Investor's Business Daily,2018-08-15 19:28:00,Bears Rip U.S. Stocks On China And Turkey News,http://www.investors.com/market-trend/stock-market-today/stocks-china-turkey/?src=A00237A&ven=BenzingaCP&src=AURLAAM,
news,kaggle_news:Seeking Alpha,2018-08-15 19:36:00,Rise In U.K. Inflation Unlikely To Last,https://seekingalpha.com/article/4199358-rise-u-k-inflation-unlikely-last?source=partner_benzinga,
news,kaggle_news:Seeking Alpha,2018-08-15 19:37:00,What Currency Pressures In Turkey And Other Countries May Mean For Investors,https://seekingalpha.com/article/4199296-currency-pressures-turkey-countries-may-mean-investors?source=partner_benzinga,
news,kaggle_news:GuruFocus,2018-08-15 19:57:00,"Odey Asset Management Group Ltd Buys Alphabet Inc, Banco Macro SA, Ensco PLC, Sells Viasat Inc, ...",http://www.gurufocus.com/news/723367/odey-asset-management-group-ltd-buys-alphabet-inc-banco-macro-sa-ensco-plc-sells-viasat-inc-the-stars-group-inc-rowan-plc,
news,kaggle_news:Seeking Alpha,2018-08-15 20:06:00,"Brighthouse, Bok Financial upgraded; AvalonBay downgraded",https://seekingalpha.com/news/3383250-brighthouse-bok-financial-upgraded-avalonbay-downgraded?source=partner_benzinga,
news,kaggle_news:GuruFocus,2018-08-15 20:33:00,"SRS Investment Management, LLC Buys Walt Disney Co, Broadcom Inc, L Brands Inc, Sells Netflix ...",http://www.gurufocus.com/news/724612/srs-investment-management-llc-buys-walt-disney-co-broadcom-inc-l-brands-inc-sells-netflix-inc-twentyfirst-century-fox-inc-fiat-chrysler-automobiles-nv,
news,kaggle_news:Benzinga_Newsdesk,2018-08-16 04:00:00,Hearing Turkish Presidential Spokesman Says They've Taken Necessary Measures In Financial Market To Shield It From A Speculative Attack,https://www.benzinga.com/news/18/08/12218600/hearing-turkish-presidential-spokesman-says-theyve-taken-necessary-measures-in-f,
news,kaggle_news:Benzinga_Newsdesk,2018-08-16 04:00:00,Hearing That Turkey To Announce Extra Funding Sources Within Weeks,https://www.benzinga.com/news/18/08/12218053/hearing-that-turkey-to-announce-extra-funding-sources-within-weeks,
news,kaggle_news:Benzinga_Newsdesk,2018-08-16 04:00:00,Fed Judge Orders New Environmental Review For Keystone XL,https://www.benzinga.com/news/18/08/12218457/fed-judge-orders-new-environmental-review-for-keystone-xl,
news,kaggle_news:Benzinga Newsdesk,2018-08-16 04:00:00,Turkish Foreign Minister Says Doesn't Want Problems With The United States,https://www.benzinga.com/news/18/08/12220348/turkish-foreign-minister-says-doesnt-want-problems-with-the-united-states,
news,kaggle_news:Wayne Duggan,2018-08-16 04:00:00,What Wall Street Thinks Of Cisco's Q4 Earnings,https://www.benzinga.com/analyst-ratings/analyst-color/18/08/12219457/what-wall-street-thinks-of-ciscos-q4-earnings,
news,kaggle_news:Jayson Derrick,2018-08-16 04:00:00,"Walmart Soars On Q2 Earnings Beat, Other Retailers Follow",https://www.benzinga.com/news/earnings/18/08/12217146/walmart-soars-on-q2-earnings-beat-other-retailers-follow,
news,kaggle_news:Vick Meyer,2018-08-16 04:00:00,"Citigroup Maintains Neutral on Progressive, Raises Price Target to $65",https://www.benzinga.com/news/18/08/12217081/citigroup-maintains-neutral-on-progressive-raises-price-target-to-65,
news,kaggle_news:Benzinga_Newsdesk,2018-08-16 04:00:00,Santander Holdings USA Confirms Termination of Written Agreement with Federal Reserve Bank of Boston,https://www.benzinga.com/news/18/08/12219094/santander-holdings-usa-confirms-termination-of-written-agreement-with-federal-re,
news,kaggle_news:Benzinga_Newsdesk,2018-08-16 04:00:00,'Google to release display-equipped speaker in time for holidays'-Nikkei Asian Review,https://www.benzinga.com/news/18/08/12219605/google-to-release-display-equipped-speaker-in-time-for-holidays-nikkei-asian-rev,
news,kaggle_news:Benzinga_Newsdesk,2018-08-16 04:00:00,"Turkish Foreign Minister Says Problems With U.S. Can Be Solved Easily, But Not With The Current Approach",https://www.benzinga.com/news/18/08/12220356/turkish-foreign-minister-says-problems-with-u-s-can-be-solved-easily-but-now-wit,
news,kaggle_news:Lisa Levin,2018-08-16 04:00:00,Mid-Morning Market Update: Markets Open Higher; Walmart Tops Q2 Expectations,https://www.benzinga.com/news/18/08/12218409/mid-morning-market-update-markets-open-higher-walmart-tops-q2-expectations,
news,kaggle_news:official@stockmetrix.net,2018-08-16 04:00:00,Netflix's Race Against Time,https://www.benzinga.com/18/08/12219644/netflixs-race-against-time,
news,kaggle_news:Wayne Duggan,2018-08-16 04:00:00,"Jefferies Downgrades AstraZeneca, Sees Limited Additional Upside",https://www.benzinga.com/analyst-ratings/analyst-color/18/08/12218581/jefferies-downgrades-astrazeneca-sees-limited-additiona,
news,kaggle_news:Benzinga_Newsdesk,2018-08-16 04:00:00,Jefferies Downgrades AstraZeneca to Hold,https://www.benzinga.com/news/18/08/12216374/jefferies-downgrades-astrazeneca-to-hold,
news,kaggle_news:JJ Kinahan,2018-08-16 04:00:00,"Care Package: Walmart Results, China Trade Talks Might Help Lift Spirits",https://www.benzinga.com/news/earnings/18/08/12218456/care-package-walmart-results-china-trade-talks-might-help-lift-spirits,
news,kaggle_news:Benzinga Newsdesk,2018-08-16 04:00:00,'Tiffany & Co. joins forces with Alibaba in China' - Axios,https://www.benzinga.com/news/18/08/12219342/tiffany-co-joins-forces-with-alibaba-in-china-axios,
news,kaggle_news:Benzinga Newsdesk,2018-08-16 04:00:00,"Nanometrics shares are down 10.1% after DA Davidson downgraded the stock to Neutral; The research firm said that the stock's ""explosive"" run has surpassed its fundamentals.",https://www.benzinga.com/trading-ideas/movers/18/08/12218452/nanometrics-shares-are-down-10-1-after-da-davidson-downgraded-th,
news,kaggle_news:Benzinga_Newsdesk,2018-08-16 04:00:00,DA Davidson Downgrades Nanometrics to Neutral,https://www.benzinga.com/news/18/08/12216469/da-davidson-downgrades-nanometrics-to-neutral,
news,kaggle_news:Brett Hershman,2018-08-16 04:00:00,Higher Prices At Kimberly Clark Are Behind JPMorgan's Higher Rating,https://www.benzinga.com/analyst-ratings/analyst-color/18/08/12220098/higher-prices-at-kimberly-clark-are-behind-jpmorgans-hi,
news,kaggle_news:Lisa Levin,2018-08-16 04:00:00,"Benzinga's Top Upgrades, Downgrades For August 16, 2018",https://www.benzinga.com/analyst-ratings/upgrades/18/08/12217495/benzingas-top-upgrades-downgrades-for-august-16-2018,
news,kaggle_news:Benzinga_Newsdesk,2018-08-16 04:00:00,"BioNTech Signs Collaboration Agreement with Pfizer to Develop mRNA-based Vaccines for Prevention of Influenza, BioNTech To Receive $120M Upfront With $305M IN Potential Milestone Payments Along With Double-Digit Royalties",https://www.benzinga.com/news/18/08/12216295/biontech-signs-collaboration-agreement-with-pfizer-to-develop-mrna-based-vaccine,
news,kaggle_news:Benzinga_Newsdesk,2018-08-16 04:00:00,Barclays Downgrades Central North Airport Gr to Equal-Weight,https://www.benzinga.com/news/18/08/12216591/barclays-downgrades-central-north-airport-gr-to-equal-weight,
news,kaggle_news:Brett Hershman,2018-08-16 04:00:00,Niche Brands Continue To Threaten The Mass Beauty Industry; Analyst Downgrades Coty,https://www.benzinga.com/analyst-ratings/analyst-color/18/08/12219753/niche-brands-continue-to-threaten-the-mass-beauty-indus,
news,kaggle_news:OANDA,2018-08-16 04:00:00,Turkish Lira Erases Economic Attack Losses: 5 Things The Global Markets Are Talking About Today,https://www.benzinga.com/news/18/08/12216599/turkish-lira-erases-economic-attack-losses-5-things-the-global-markets-are-talki,
news,kaggle_news:Benzinga_Newsdesk,2018-08-16 04:00:00,KeyBanc Downgrades Multi-Color to Underweight,https://www.benzinga.com/news/18/08/12216335/keybanc-downgrades-multi-color-to-underweight,
news,kaggle_news:Benzinga_Newsdesk,2018-08-16 04:00:00,"SEC Says Citi To Pay More Than $10M For Books, Records Violations And Inadequate Controls",https://www.benzinga.com/news/18/08/12218610/sec-says-citi-to-pay-more-than-10m-for-books-records-violations-and-inadequate-c,
news,kaggle_news:Benzinga_Newsdesk,2018-08-16 04:00:00,Flagstar Announces Lifting of Federal Reserve Supervisory Agreement,https://www.benzinga.com/news/18/08/12220498/flagstar-announces-lifting-of-federal-reserve-supervisory-agreement,
news,kaggle_news:ETF Professor,2018-08-16 04:00:00,Hone In On Health Care In China With This New ETF,https://www.benzinga.com/trading-ideas/long-ideas/18/08/12213962/hone-in-on-health-care-in-china-with-this-new-etf,
news,kaggle_news:Benzinga_Newsdesk,2018-08-16 04:00:00,HSBC Downgrades Cemex to Hold,https://www.benzinga.com/news/18/08/12216449/hsbc-downgrades-cemex-to-hold,
news,kaggle_news:Benzinga_Newsdesk,2018-08-16 04:00:00,JP Morgan Upgrades Kimberly-Clark to Neutral,https://www.benzinga.com/news/18/08/12217197/jp-morgan-upgrades-kimberly-clark-to-neutral,
news,kaggle_news:Benzinga Newsdesk,2018-08-16 04:00:00,"Benzinga Pro Mid-Day Price Check For Regional ETFs: US (SPY) Up 3.0%, China ETF (FXI) Up 0.6%, Europe (VGK) Up 0.6%, Japan (EWJ) Up 0.4%, India (INDA) Up 0.4%, Australia (EWA) Up 0.3%, Mexico (EWW) Up 0.3%, Canada (EWC) Up 0.2%",https://www.benzinga.com/news/18/08/12219310/benzinga-pro-mid-day-price-check-for-regional-etfs-us-spy-up-3-0-china-etf-fxi-u,
news,kaggle_news:Vick Meyer,2018-08-16 04:00:00,"BMO Capital Maintains Market Perform on Cisco Systems, Raises Price Target to $48",https://www.benzinga.com/news/18/08/12218140/bmo-capital-maintains-market-perform-on-cisco-systems-raises-price-target-to-48,
news,kaggle_news:Benzinga Newsdesk,2018-08-16 04:00:00,Invacare shares are trading down 8.2% after KeyBanc downgraded the stock from Overweight to Sector Weight.,https://www.benzinga.com/trading-ideas/movers/18/08/12219607/invacare-shares-are-trading-down-8-2-after-keybanc-downgraded-th,
news,kaggle_news:Benzinga Newsdesk,2018-08-16 04:00:00,Cisco Systems shares are up 4.3% after the company late Wednesday reported a Q4 earnings beat and issued upbeat Q1 guidance.,https://www.benzinga.com/trading-ideas/movers/18/08/12218028/cisco-systems-shares-are-up-4-3-after-the-company-late-wednesday,
news,kaggle_news:Benzinga_Newsdesk,2018-08-16 04:00:00,KeyBanc Downgrades Invacare to Sector Weight,https://www.benzinga.com/news/18/08/12216334/keybanc-downgrades-invacare-to-sector-weight,
news,kaggle_news:Vick Meyer,2018-08-16 04:00:00,"Credit Suisse Maintains Neutral on Cisco Systems, Raises Price Target to $43",https://www.benzinga.com/news/18/08/12217921/credit-suisse-maintains-neutral-on-cisco-systems-raises-price-target-to-43,
news,kaggle_news:Benzinga_Newsdesk,2018-08-16 04:00:00,First Midwest Receives Federal Reserve Approval for Acquisition of Northern States Financial Corporation,https://www.benzinga.com/news/18/08/12220438/first-midwest-receives-federal-reserve-approval-for-acquisition-of-northern-stat,
news,kaggle_news:Benzinga_Newsdesk,2018-08-16 04:00:00,Canaccord Genuity Downgrades Cenovus Energy to Hold,https://www.benzinga.com/news/18/08/12216388/canaccord-genuity-downgrades-cenovus-energy-to-hold,
news,kaggle_news:Benzinga Newsdesk,2018-08-16 04:00:00,EARNING PREVIEW: Walmart Expected To Report Q2 Results At 7:00am ET; Co. Expected To Report EPS Of $1.22 On Sales Of $126.04B,https://www.benzinga.com/news/earnings/18/08/12216460/earning-preview-walmart-expected-to-report-q2-results-at-7-00am-et-co-e,
news,kaggle_news:Benzinga_Newsdesk,2018-08-16 04:00:00,JP Morgan Downgrades JC Penney Co to Underweight,https://www.benzinga.com/news/18/08/12219137/jp-morgan-downgrades-jc-penney-co-to-underweight,
news,kaggle_news:Benzinga Newsdesk,2018-08-16 04:00:00,"Retail sector is experiencing volatility premarket following earnings from major retail names; Walmart up 10.5%, 58.com up 10.1%, Nordstrom up 1.3%, Macy's up 0.9%, Dillard's down 3.5%, JC Penney down 21.2%.",https://www.benzinga.com/trading-ideas/movers/18/08/12217944/retail-sector-is-experiencing-volatility-premarket-following-ear,
news,kaggle_news:Benzinga_Newsdesk,2018-08-16 04:00:00,"Morgan Stanley Downgrades Healthcare Trust to Equal-Weight, Lowers Price Target to $26",https://www.benzinga.com/news/18/08/12216668/morgan-stanley-downgrades-healthcare-trust-to-equal-weight-lowers-price-target-t,
news,kaggle_news:Seeking Alpha,2018-08-16 07:27:00,Turkish Lira Plunge Signals Warning Signs?,https://seekingalpha.com/article/4199663-turkish-lira-plunge-signals-warning-signs?source=partner_benzinga,
news,kaggle_news:Seeking Alpha,2018-08-16 07:28:00,ONEOK (OKE) Presents At Citi One-on-One MLP/Midstream Infrastructure Conference - Slideshow,https://seekingalpha.com/article/4199847-oneok-oke-presents-citi-one-one-mlp-midstream-infrastructure-conference-slideshow?source=partner_benzinga,
news,kaggle_news:Investor's Business Daily,2018-08-16 07:29:00,Stocks Showing Improved Relative Strength: Coca Cola European Partners,http://www.investors.com/ibd-data-stories/stocks-showing-improved-relative-strength-coca-cola-european-partners/?src=A00237A&ven=BenzingaCP&src=AURLAAM,
news,kaggle_news:Seeking Alpha,2018-08-16 08:01:00,Wall Street Breakfast: U.S. And China Back To The Table,https://seekingalpha.com/article/4199679-wall-street-breakfast-u-s-china-back-table?source=partner_benzinga,
news,kaggle_news:GuruFocus,2018-08-16 08:09:00,"Crawford Lake Capital Management, LLC Buys Alibaba Group Holding, Apple Inc, Alphabet Inc, ...",http://www.gurufocus.com/news/724775/crawford-lake-capital-management-llc-buys-alibaba-group-holding-apple-inc-alphabet-inc-sells-spdr-sp-500-booking-holdings-inc-alnylam-pharmaceuticals-inc,
news,kaggle_news:Seeking Alpha,2018-08-16 08:31:00,China Unicom reports 1H results,https://seekingalpha.com/news/3383576-china-unicom-reports-1h-results?source=partner_benzinga,
news,kaggle_news:Seeking Alpha,2018-08-16 08:35:00,China Zenix Auto reports Q2 results,https://seekingalpha.com/news/3383385-china-zenix-auto-reports-q2-results?source=partner_benzinga,
news,kaggle_news:Zacks,2018-08-16 08:44:00,Ford (F) Intends to Expend $740M for Detroit Redevelopment,http://www.zacks.com/stock/news/318136/ford-f-intends-to-expend-%24740m-for-detroit-redevelopment?cid=CS-BENZ-FT-318136,
news,kaggle_news:Seeking Alpha,2018-08-16 09:01:00,Netflix A Sell On Disney News,https://seekingalpha.com/article/4199908-netflix-sell-disney-news?source=partner_benzinga,
news,kaggle_news:Seeking Alpha,2018-08-16 09:06:00,Trade Wars And Walmart Innovation,https://seekingalpha.com/article/4199669-trade-wars-walmart-innovation?source=partner_benzinga,
news,kaggle_news:Seeking Alpha,2018-08-16 09:25:00,JPMorgan pulls negative rating on Kimberly-Clark,https://seekingalpha.com/news/3383411-jpmorgan-pulls-negative-rating-kimberly-clark?source=partner_benzinga,
news,kaggle_news:Seeking Alpha,2018-08-16 09:27:00,Business bonds between Japan and China improve,https://seekingalpha.com/news/3383449-business-bonds-japan-china-improve?source=partner_benzinga,
news,kaggle_news:Seeking Alpha,2018-08-16 09:43:00,Turkey's finance minister rules out restrictions on capital movement,https://seekingalpha.com/news/3383565-turkeys-finance-minister-rules-restrictions-capital-movement?source=partner_benzinga,
news,kaggle_news:Zacks,2018-08-16 10:03:00,"Walmart Soared, But Amazon (AMZN) Stock Is Still a Must Buy",http://www.zacks.com/stock/news/318316/walmart-soared-but-amazon-amzn-stock-is-still-a-must-buy?cid=CS-BENZ-FT-318316,
news,kaggle_news:Zacks,2018-08-16 10:07:00,"Michael Kors, JetBlue, Walmart, Microsoft, Amazon and Tesla highlighted as Zacks Bull and Bear of the Day",http://www.zacks.com/stock/news/318145/michael-kors-jetblue-walmart-microsoft-amazon-and-tesla-highlighted-as-zacks-bull-and-bear-of-the-day?cid=CS-BENZ-FT-318145,
news,kaggle_news:Seeking Alpha,2018-08-16 10:09:00,NuStar Energy (NS) Presents At Citi One-on-One MLP/Midstream Infrastructure Conference - Slideshow,https://seekingalpha.com/article/4199803-nustar-energy-ns-presents-citi-one-one-mlp-midstream-infrastructure-conference-slideshow?source=partner_benzinga,
news,kaggle_news:Zacks,2018-08-16 10:20:00,Explore China's Booming Biopharma Space With This New ETF,http://www.zacks.com/stock/news/318306/explore-chinas-booming-biopharma-space-with-this-new-etf?cid=CS-BENZ-FT-318306,
news,kaggle_news:Zacks,2018-08-16 10:51:00,"WMT & NVDA Earnings, Trade War Talks, & Long-Term Strategy | Free Lunch",http://www.zacks.com/stock/news/318314/wmt-nvda-earnings-trade-war-talks-long-term-strategy-free-lunch?cid=CS-BENZ-FT-318314,
news,kaggle_news:Investor's Business Daily,2018-08-16 11:10:00,"Stocks Pop As China, Turkey Say They Are 'Ready To Talk' To U.S.",http://www.investors.com/market-trend/stock-market-today/stocks-china-turkey-2/?src=A00237A&ven=BenzingaCP&src=AURLAAM,
news,kaggle_news:GuruFocus,2018-08-16 11:13:00,"Amussen Hunsaker & Associates LLC Buys SPDR S&P Dividend, Boeing Co, SPDR Select Sector ...",http://www.gurufocus.com/news/725341/amussen-hunsaker--associates-llc-buys-spdr-sp-dividend-boeing-co-spdr-select-sector-fund--utilities-sells-united-technologies-corp-wells-fargo-intel-corp,
news,kaggle_news:Seeking Alpha,2018-08-16 11:14:00,Is Turkey The Problem Or A Symptom?,https://seekingalpha.com/article/4199674-turkey-problem-symptom?source=partner_benzinga,
news,kaggle_news:Investor's Business Daily,2018-08-16 11:25:00,"Stock Futures Soar On Trade War Break: Walmart, Cisco Dominate The Dow",http://www.investors.com/market-trend/stock-market-today/stock-futures-trade-war-stocks-walmart-cisco/?src=A00237A&ven=BenzingaCP&src=AURLAAM,
news,kaggle_news:Seeking Alpha,2018-08-16 11:40:00,China Zenix's (ZX) CEO Junqiu Gao on Q2 2018 Results - Earnings Call Transcript,https://seekingalpha.com/article/4199901-china-zenixs-zx-ceo-junqiu-gao-q2-2018-results-earnings-call-transcript?source=partner_benzinga,
news,kaggle_news:Zacks,2018-08-16 11:46:00,"The Zacks Analyst Blog Highlights: Caterpillar, Morgan Stanley, Walmart, Phillips 66 and Marriott",http://www.zacks.com/stock/news/318123/the-zacks-analyst-blog-highlights-caterpillar-morgan-stanley-walmart-phillips-66-and-marriott?cid=CS-BENZ-FT-318123,
news,kaggle_news:Seeking Alpha,2018-08-16 11:54:00,"Boeing leads aerospace, defense names higher amid UBS upbeat outlook",https://seekingalpha.com/news/3383633-boeing-leads-aerospace-defense-names-higher-amid-ubs-upbeat-outlook?source=partner_benzinga,
news,kaggle_news:Seeking Alpha,2018-08-16 11:57:00,Breaking: Bloomberg says J.P. Morgan shopping Diebold rescue loan,https://seekingalpha.com/news/3383573-breaking-bloomberg-says-j-p-morgan-shopping-diebold-rescue-loan?source=partner_benzinga,
news,kaggle_news:GuruFocus,2018-08-16 12:21:00,"Davy Asset Management Ltd Buys Taiwan Semiconductor Manufacturing Co, Alphabet Inc, Eastman ...",http://www.gurufocus.com/news/725316/davy-asset-management-ltd-buys-taiwan-semiconductor-manufacturing-co-alphabet-inc-eastman-chemical-co-sells-general-electric-co-att-inc-altria-group-inc,
news,kaggle_news:Seeking Alpha,2018-08-16 12:36:00,"China, U.S. to resume trade talks this month",https://seekingalpha.com/news/3383356-china-u-s-resume-trade-talks-month?source=partner_benzinga,
news,kaggle_news:Seeking Alpha,2018-08-16 12:37:00,Talking Turkey: 'This Will Be The Single Largest Default In Financial History',https://seekingalpha.com/article/4199686-talking-turkey-this-will-single-largest-default-financial-history?source=partner_benzinga,
news,kaggle_news:Zacks,2018-08-16 12:46:00,"Marriott Extends Partnership With PepsiCo, Eyes Sales Growth",http://www.zacks.com/stock/news/318265/marriott-extends-partnership-with-pepsico-eyes-sales-growth?cid=CS-BENZ-FT-318265,
news,kaggle_news:Seeking Alpha,2018-08-16 14:03:00,BP And PetroChina Set To Rake In Billions Developing Iraq's Super-Massive Rumaila Oil Field,https://seekingalpha.com/article/4199988-bp-petrochina-set-rake-billions-developing-iraqs-super-massive-rumaila-oil-field?source=partner_benzinga,
news,kaggle_news:Seeking Alpha,2018-08-16 14:12:00,Delek Logistics Partners (DKL) Presents At Citi One-On-One MLP/Midstream Infrastructure Conference - Slideshow,https://seekingalpha.com/article/4199850-delek-logistics-partners-dkl-presents-citi-one-one-mlp-midstream-infrastructure-conference?source=partner_benzinga,
news,kaggle_news:Zacks,2018-08-16 14:25:00,Walmart (WMT) Raises Outlook on Solid Q2 Earnings & Sales,http://www.zacks.com/stock/news/318280/walmart-wmt-raises-outlook-on-solid-q2-earnings-sales?cid=CS-BENZ-FT-318280,
news,kaggle_news:Seeking Alpha,2018-08-16 14:26:00,U.S. And China Back To The Table (Wall Street Breakfast Podcast),https://seekingalpha.com/article/4199696-u-s-china-back-table-wall-street-breakfast-podcast?source=partner_benzinga,
news,kaggle_news:Seeking Alpha,2018-08-16 14:46:00,"Fed terminates enforcement actions with Flagstar, Santander Holdings",https://seekingalpha.com/news/3383624-fed-terminates-enforcement-actions-flagstar-santander-holdings?source=partner_benzinga,
news,kaggle_news:Investor's Business Daily,2018-08-16 14:47:00,"Boeing, Walmart, Cisco Lift Dow Jones; Apple On Track To A $1.25 Trillion Market Cap",http://www.investors.com/market-trend/stock-market-today/boeing-walmart-dow-jones-apple-market-cap/?src=A00237A&ven=BenzingaCP&src=AURLAAM,
news,kaggle_news:Seeking Alpha,2018-08-16 15:06:00,Magellan Midstream Partners (MMP) Presents At Citi One-on-One MLP/Midstream Infrastructure Conference - Slideshow,https://seekingalpha.com/article/4199812-magellan-midstream-partners-mmp-presents-citi-one-one-mlp-midstream-infrastructure-conference?source=partner_benzinga,
news,kaggle_news:Seeking Alpha,2018-08-16 15:09:00,Tallgrass Energy (TGE) Presents At Citi One-On-One MLP/Midstream Infrastructure Conference - Slideshow,https://seekingalpha.com/article/4199861-tallgrass-energy-tge-presents-citi-one-one-mlp-midstream-infrastructure-conference-slideshow?source=partner_benzinga,
news,kaggle_news:Seeking Alpha,2018-08-16 15:10:00,Opportunities Starting To Appear In Turkey But Too Early To Pounce,https://seekingalpha.com/article/4199727-opportunities-starting-appear-turkey-early-pounce?source=partner_benzinga,
news,kaggle_news:Investor's Business Daily,2018-08-16 15:37:00,"China Stocks: Under Pressure, But Livestreaming Market Explodes",http://www.investors.com/research/industry-snapshot/chinas-live-video-streaming-stocks-are-ready-for-primetime/?src=A00237A&ven=BenzingaCP&src=AURLAAM,
news,kaggle_news:GuruFocus,2018-08-16 15:39:00,"SNS Financial Group, LLC Buys SPDR Bloomberg Barclays –-' Month T-Bill, Facebook Inc, ...",http://www.gurufocus.com/news/724795/sns-financial-group-llc-buys-spdr-bloomberg-barclays-13-month-tbill-facebook-inc-invesco-bulletshares-2018-corporate-bond-sells-ishares-msci-eafe-cme-group-inc-microsoft-corp,
news,kaggle_news:Seeking Alpha,2018-08-16 16:02:00,"McCullough: Get Inflation Right, You Get The Bond Market Right",https://seekingalpha.com/article/4199954-mccullough-get-inflation-right-get-bond-market-right?source=partner_benzinga,
news,kaggle_news:Seeking Alpha,2018-08-16 16:13:00,Smashing earnings from Walmart lifts retail sector,https://seekingalpha.com/news/3383461-smashing-earnings-walmart-lifts-retail-sector?source=partner_benzinga,
news,kaggle_news:Seeking Alpha,2018-08-16 16:44:00,PepsiCo And Gilead: 2 Very Different CEO Departures,https://seekingalpha.com/article/4199661-pepsico-gilead-2-different-ceo-departures?source=partner_benzinga,
news,kaggle_news:Zacks,2018-08-16 16:49:00,"ExxonMobil Acquires Interest in PEL 44, Offshore Namibia",http://www.zacks.com/stock/news/318191/exxonmobil-acquires-interest-in-pel-44-offshore-namibia?cid=CS-BENZ-FT-318191,
news,kaggle_news:Zacks,2018-08-16 16:50:00,Netflix (NFLX) Set to Air Matt Groening's Animated Sitcom,http://www.zacks.com/stock/news/318273/netflix-nflx-set-to-air-matt-groenings-animated-sitcom?cid=CS-BENZ-FT-318273,
news,kaggle_news:Seeking Alpha,2018-08-16 16:52:00,Morgan Stanley advising further cut to emerging market exposure,https://seekingalpha.com/news/3383443-morgan-stanley-advising-cut-emerging-market-exposure?source=partner_benzinga,
news,kaggle_news:Seeking Alpha,2018-08-16 17:20:00,"U.S./Turkey Dispute, Seasonal Fundamentals Could Sink Cotton Prices",https://seekingalpha.com/article/4199737-u-s-turkey-dispute-seasonal-fundamentals-sink-cotton-prices?source=partner_benzinga,
news,kaggle_news:Seeking Alpha,2018-08-16 17:24:00,Energy Transfer Equity (ETE) Presents at Citi One-on-One MLP/Midstream Infrastructure Conference - Slideshow,https://seekingalpha.com/article/4199909-energy-transfer-equity-ete-presents-citi-one-one-mlp-midstream-infrastructure-conference?source=partner_benzinga,
news,kaggle_news:Zacks,2018-08-16 17:34:00,"The Zacks Analyst Blog Highlights: Banner, Amazon.com, BJ's, athenahealth and BioTelemetry",http://www.zacks.com/stock/news/318127/the-zacks-analyst-blog-highlights-banner-amazoncom-bjs-athenahealth-and-biotelemetry?cid=CS-BENZ-FT-318127,
news,kaggle_news:GuruFocus,2018-08-16 17:38:00,First Midwest Receives Federal Reserve Approval for Acquisition of Northern States Financial ...,http://www.gurufocus.com/news/725156/first-midwest-receives-federal-reserve-approval-for-acquisition-of-northern-states-financial-corporation,
news,kaggle_news:Seeking Alpha,2018-08-16 17:43:00,Will Chinese Renminbi Destabilize Markets As Trade Wars Escalate?,https://seekingalpha.com/article/4199746-will-chinese-renminbi-destabilize-markets-trade-wars-escalate?source=partner_benzinga,
news,kaggle_news:Zacks,2018-08-16 17:48:00,Verizon (VZ) to Deploy 5G Broadband Service in Indianapolis,http://www.zacks.com/stock/news/318277/verizon-vz-to-deploy-5g-broadband-service-in-indianapolis?cid=CS-BENZ-FT-318277,
news,kaggle_news:Seeking Alpha,2018-08-16 17:53:00,Market Update: Turkish Disruption,https://seekingalpha.com/article/4199671-market-update-turkish-disruption?source=partner_benzinga,
news,kaggle_news:Zacks,2018-08-16 18:02:00,"Auto Stock Roundup: Earnings Approaching End, Ford to Spend on Self-Driving Technology",http://www.zacks.com/stock/news/318197/auto-stock-roundup-earnings-approaching-end-ford-to-spend-on-self-driving-technology?cid=CS-BENZ-FT-318197,
news,kaggle_news:Seeking Alpha,2018-08-16 18:19:00,China Unicom (Hong Kong) Limited 2018 Q2 - Results - Earnings Call Slides,https://seekingalpha.com/article/4199819-china-unicom-hong-kong-limited-2018-q2-results-earnings-call-slides?source=partner_benzinga,
news,kaggle_news:Seeking Alpha,2018-08-16 18:31:00,Deadline: Amazon not running for Landmark acquisition,https://seekingalpha.com/news/3383632-deadline-amazon-running-landmark-acquisition?source=partner_benzinga,
news,kaggle_news:GuruFocus,2018-08-16 18:33:00,Sphere 'D Announces Assignment of Debt and Withdrawal of Default Notices on all Existing ...,http://www.gurufocus.com/news/725161/sphere-3d-announces-assignment-of-debt-and-withdrawal-of-default-notices-on-all-existing-credit-facilities,
news,kaggle_news:Seeking Alpha,2018-08-16 18:37:00,Weekly Edge: Trouble May Not Be Over For Turkish Lira,https://seekingalpha.com/article/4199667-weekly-edge-trouble-may-turkish-lira?source=partner_benzinga,
news,kaggle_news:Seeking Alpha,2018-08-16 18:39:00,View From EM Credit Desk: Assessing The Fallout From Turkey's Crisis,https://seekingalpha.com/article/4199714-view-em-credit-desk-assessing-fallout-turkeys-crisis?source=partner_benzinga,
news,kaggle_news:GuruFocus,2018-08-16 18:47:00,"Fairfield Research Corp Buys Tencent Holdings, Square Inc, Vanguard Financials, Sells Oracle ...",http://www.gurufocus.com/news/725325/fairfield-research-corp-buys-tencent-holdings-square-inc-vanguard-financials-sells-oracle-corp-international-flavors--fragrances-inc-ww-grainger-inc,
news,kaggle_news:Seeking Alpha,2018-08-16 18:48:00,China's Economy Is Taking Its Preventive Medicine,https://seekingalpha.com/article/4199744-chinas-economy-taking-preventive-medicine?source=partner_benzinga,
news,kaggle_news:Zacks,2018-08-16 19:00:00,"Market Down on Tech, Turkey, Trade and Tencent",https://www.zacks.com/registration/ultimatetrader/welcome/eoffer/30c3?adid=ZU_CONTENT_SYND&cid=CS-BENZ-FT-17584,
news,kaggle_news:Zacks,2018-08-16 19:33:00,Coca-Cola's (KO) Investment in BODYARMOR to Augment Sales,http://www.zacks.com/stock/news/318250/coca-colas-ko-investment-in-bodyarmor-to-augment-sales?cid=CS-BENZ-FT-318250,
news,kaggle_news:Seeking Alpha,2018-08-16 20:04:00,Ignore The Bad News? The Curious Case Of Turkey,https://seekingalpha.com/article/4199818-ignore-bad-news-curious-case-turkey?source=partner_benzinga,
news,kaggle_news:GuruFocus,2018-08-16 20:10:00,"Signature Financial Management, Inc. Buys Schwab Emerging Markets Equity, SPDR S&P 5……, ...",http://www.gurufocus.com/news/725318/signature-financial-management-inc-buys-schwab-emerging-markets-equity-spdr-sp-500-murphy-oil-corp-sells-ishares-core-us-aggregate-bond-vanguard-ftse-emerging-markets-ishares-core-msci-eafe,
news,kaggle_news:Investor's Business Daily,2018-08-16 20:25:00,"Blue Chips Rip Higher Thanks To Walmart, Cisco Earnings; FANG Stocks Lag",http://www.investors.com/market-trend/stock-market-today/blue-chips-walmart-cisco-boeing-lead-dow-jones/?src=A00237A&ven=BenzingaCP&src=AURLAAM,
news,kaggle_news:Seeking Alpha,2018-08-16 20:39:00,These Could Be The Beneficiaries Of The Trade War,https://seekingalpha.com/article/4199822-beneficiaries-trade-war?source=partner_benzinga,
news,kaggle_news:Zacks,2018-08-16 20:40:00,ETFs to Soar on Robust Cisco Results,http://www.zacks.com/stock/news/318282/etfs-to-soar-on-robust-cisco-results?cid=CS-BENZ-FT-318282,
news,kaggle_news:Seeking Alpha,2018-08-16 20:49:00,Theater stocks lower on report of potential Amazon-Landmark deal,https://seekingalpha.com/news/3383465-theater-stocks-lower-report-potential-amazon-landmark-deal?source=partner_benzinga,
news,kaggle_news:Benzinga_Newsdesk,2018-08-17 04:00:00,Noble Financial Downgrades CACI International to Hold,https://www.benzinga.com/news/18/08/12224586/noble-financial-downgrades-caci-international-to-hold,
news,kaggle_news:Benzinga_Newsdesk,2018-08-17 04:00:00,"Citigroup Upgrades Esperion Therapeutics to Buy, Raises Price Target to $75",https://www.benzinga.com/news/18/08/12223429/citigroup-upgrades-esperion-therapeutics-to-buy-raises-price-target-to-75,
news,kaggle_news:Benzinga_Newsdesk,2018-08-17 04:00:00,Deere On Conf. Call Says They Expect Pricing Actions To Offset Material Inflation,https://www.benzinga.com/news/18/08/12224619/deere-on-conf-call-says-they-expect-pricing-actions-to-offset-material-inflation,
news,kaggle_news:Benzinga_Newsdesk,2018-08-17 04:00:00,"JP Morgan Downgrades Dean Foods to Underweight, Lowers Price Target to $6",https://www.benzinga.com/news/18/08/12223623/jp-morgan-downgrades-dean-foods-to-underweight-lowers-price-target-to-6,
news,kaggle_news:Benzinga Newsdesk,2018-08-17 04:00:00,"Benzinga Pro Mid-Day Price Check For Regional ETFs: US (SPY) Up 0.5%, India (INDA) Up 0.4%, Europe (VGK) Up 0.3%, Japan (EWJ) Up 0.2%, Australia (EWA) Up 0.2%, Canada (EWC) Up 0.2%, Russia (RSX) Flat, China ETF (FXI) Down 0.1%",https://www.benzinga.com/news/18/08/12225239/benzinga-pro-mid-day-price-check-for-regional-etfs-us-spy-up-0-5-india-inda-up-0,
news,kaggle_news:Benzinga_Newsdesk,2018-08-17 04:00:00,"Citigroup Maintains Sell on JC Penney Co, Lowers Price Target to $0.50",https://www.benzinga.com/news/18/08/12223648/citigroup-maintains-sell-on-jc-penney-co-lowers-price-target-to-0-50,
news,kaggle_news:Benzinga Newsdesk,2018-08-17 04:00:00,"Benzinga Pro Morning Price Check For Regional ETFs: India (INDA) Up 0.2%, Australia (EWA) Up 0.1%, Canada (EWC) Up 0.1%, Japan (EWJ) Flat, Russia (RSX) Down 0.1%, Europe (VGK) Down 0.1%, Mexico (EWW) Down 0.2%, China ETF (FXI) Down 0.5%'",https://www.benzinga.com/news/18/08/12224502/benzinga-pro-morning-price-check-for-regional-etfs-india-inda-up-0-2-australia-e,
news,kaggle_news:Benzinga_Newsdesk,2018-08-17 04:00:00,"ChinaNet Online Holdings Q2 EPS $(0.60) Down From $(0.07) YoY, Sales $22.52M Up From $10.5M YoY",https://www.benzinga.com/news/earnings/18/08/12223376/chinanet-online-holdings-q2-eps-0-60-down-from-0-07-yoy-sales-22-52m-up,
news,kaggle_news:Benzinga_Newsdesk,2018-08-17 04:00:00,Prudential To Consolidate Non-UK European Insurance In Ireland As Part Of Brexit Planning In Letter To Clients,https://www.benzinga.com/news/18/08/12225048/prudential-to-consolidate-non-uk-european-insurance-in-ireland-as-part-of-brexit,
news,kaggle_news:Benzinga Newsdesk,2018-08-17 04:00:00,ChinaNet Online Holdings shares are trading up 22%; The company earlier reported Q2 EPS down from last year but sales up.,https://www.benzinga.com/trading-ideas/movers/18/08/12224753/chinanet-online-holdings-shares-are-trading-up-22-the-company-ea,
news,kaggle_news:OANDA,2018-08-17 04:00:00,The Lira's Rally Halted By U.S. Threats: 5 Things The Global Markets Are Talking About Today,https://www.benzinga.com/news/18/08/12223313/the-liras-rally-halted-by-u-s-threats-5-things-the-global-markets-are-talking-ab,
news,kaggle_news:Shanthi Rexaline,2018-08-17 04:00:00,10 Reasons Why JPMorgan Turned Bearish On Dean Foods,https://www.benzinga.com/analyst-ratings/analyst-color/18/08/12224959/10-reasons-why-jpmorgan-turned-bearish-on-dean-foods,
news,kaggle_news:Benzinga_Newsdesk,2018-08-17 04:00:00,Bernstein Downgrades Hilton Worldwide Holdings to Market Perform,https://www.benzinga.com/news/18/08/12223240/bernstein-downgrades-hilton-worldwide-holdings-to-market-perform,
news,kaggle_news:Benzinga_Newsdesk,2018-08-17 04:00:00,"Evercore ISI Group Downgrades Sun Communities to In-Line, Lowers Price Target to $100",https://www.benzinga.com/news/18/08/12223164/evercore-isi-group-downgrades-sun-communities-to-in-line-lowers-price-target-to-,
news,kaggle_news:Benzinga_Newsdesk,2018-08-17 04:00:00,"Chardan Capital Downgrades Amicus Therapeutics to Neutral, Lowers Price Target to $15",https://www.benzinga.com/news/18/08/12223567/chardan-capital-downgrades-amicus-therapeutics-to-neutral-lowers-price-target-to,
news,kaggle_news:Vick Meyer,2018-08-17 04:00:00,"Citigroup Maintains Buy on CACI International, Raises Price Target to $210",https://www.benzinga.com/news/18/08/12223446/citigroup-maintains-buy-on-caci-international-raises-price-target-to-210,
news,kaggle_news:Benzinga_Newsdesk,2018-08-17 04:00:00,Hearing Amazon To Plan Live TV Recording Box Challenging Tivo,https://www.benzinga.com/news/18/08/12225835/hearing-amazon-to-plan-live-tv-recording-box-challenging-tivo,
news,kaggle_news:Charles Gross,2018-08-17 04:00:00,Turkish Diplomats Told U.S. They are Close to Releasing Pastor Brunson But Want Something in Return,https://www.benzinga.com/news/18/08/12223174/turkish-diplomats-told-u-s-they-are-close-to-releasing-pastor-brunson-but-want-s,
news,kaggle_news:ETF Professor,2018-08-17 04:00:00,This ETF Loves Turkish Turmoil,https://www.benzinga.com/trading-ideas/long-ideas/18/08/12196567/this-etf-loves-turkish-turmoil,
news,kaggle_news:Benzinga Newsdesk,2018-08-17 04:00:00,"S@P Lowers Turkey's Sovereign Rating To B+ From BB-, Maintains Outlook At Stable",https://www.benzinga.com/news/18/08/12226477/s-p-lowers-turkeys-sovereign-rating-to-b-from-bb-maintains-outlook-at-stable,
news,kaggle_news:Brett Hershman,2018-08-17 04:00:00,"Oppenheimer: Yum China Takeout Speculation Is Intriguing, But Shares No Longer Undervalued",https://www.benzinga.com/analyst-ratings/analyst-color/18/08/12226302/oppenheimer-yum-china-takeout-speculation-is-intriguing,
news,kaggle_news:Vick Meyer,2018-08-17 04:00:00,"Citigroup Maintains Buy on Applied Materials, Lowers Price Target to $68",https://www.benzinga.com/news/18/08/12223436/citigroup-maintains-buy-on-applied-materials-lowers-price-target-to-68,
news,kaggle_news:Benzinga_Newsdesk,2018-08-17 04:00:00,KeyBanc Downgrades Westinghouse Air Brake to Sector Weight,https://www.benzinga.com/news/18/08/12223065/keybanc-downgrades-westinghouse-air-brake-to-sector-weight,
news,kaggle_news:Shanthi Rexaline,2018-08-17 04:00:00,"KeyBanc Downgrades Westinghouse Air Brake, Says Forecast Is A 'Rough Estimate'",https://www.benzinga.com/analyst-ratings/analyst-color/18/08/12224496/keybanc-downgrades-westinghouse-air-brake-says-forecast,
news,kaggle_news:Benzinga Newsdesk,2018-08-17 04:00:00,Verizon and Nokia Report First Successful Transmission of a 5G Signal To A Moving Receiver,https://www.benzinga.com/news/18/08/12223922/verizon-and-nokia-report-first-successful-transmission-of-a-5g-signal-to-a-movin,
news,kaggle_news:Vick Meyer,2018-08-17 04:00:00,"Citigroup Maintains Buy on Royal Caribbean Cruises, Lowers Price Target to $136",https://www.benzinga.com/news/18/08/12223491/citigroup-maintains-buy-on-royal-caribbean-cruises-lowers-price-target-to-136,
news,kaggle_news:Vick Meyer,2018-08-17 04:00:00,"Citigroup Maintains Neutral on Nordstrom, Raises Price Target to $62",https://www.benzinga.com/news/18/08/12223464/citigroup-maintains-neutral-on-nordstrom-raises-price-target-to-62,
news,kaggle_news:Craig Jones,2018-08-17 04:00:00,"Cisco, Macy's, Nvidia, TLT: 'Fast Money' Picks For August 17",https://www.benzinga.com/media/18/08/12222481/cisco-macys-nvidia-tlt-fast-money-picks-for-august-17,
news,kaggle_news:Lisa Levin,2018-08-17 04:00:00,"Benzinga's Top Upgrades, Downgrades For August 17, 2018",https://www.benzinga.com/analyst-ratings/upgrades/18/08/12223853/benzingas-top-upgrades-downgrades-for-august-17-2018,
news,kaggle_news:FreightWaves,2018-08-17 04:00:00,E-Commerce Growth Helps Fuel A Strong Quarter For Walmart,https://www.benzinga.com/news/earnings/18/08/12223996/e-commerce-growth-helps-fuel-a-strong-quarter-for-walmart,
news,kaggle_news:Seeking Alpha,2018-08-17 07:33:00,Stock Exchange: Caught Leaning Into A China Trade? Now What?,https://seekingalpha.com/article/4200020-stock-exchange-caught-leaning-china-trade-now?source=partner_benzinga,
news,kaggle_news:Seeking Alpha,2018-08-17 07:55:00,What Will Happen To Natural Gas Prices In China This Winter?,https://seekingalpha.com/article/4200051-will-happen-natural-gas-prices-china-winter?source=partner_benzinga,
news,kaggle_news:Seeking Alpha,2018-08-17 08:25:00,Energy prices lift Canada annual inflation higher,https://seekingalpha.com/news/3383826-energy-prices-lift-canada-annual-inflation-higher?source=partner_benzinga,
news,kaggle_news:Investor's Business Daily,2018-08-17 08:46:00,"Stock Futures Slip: Caterpillar, Walmart Drag On Dow; Deere Dives",http://www.investors.com/market-trend/stock-market-today/stock-futures-mixed-stocks-oil-prices-deere/?src=A00237A&ven=BenzingaCP&src=AURLAAM,
news,kaggle_news:Seeking Alpha,2018-08-17 09:33:00,ChinaNet Online reports Q2 results,https://seekingalpha.com/news/3383768-chinanet-online-reports-q2-results?source=partner_benzinga,
news,kaggle_news:Investor's Business Daily,2018-08-17 09:58:00,Apple Charges To 4% Weekly Gain As This Dow Jones Stock Is A New Emerging Winner,http://www.investors.com/market-trend/stock-market-today/apple-dow-jones-stock-new-winner/?src=A00237A&ven=BenzingaCP&src=AURLAAM,
news,kaggle_news:GuruFocus,2018-08-17 10:10:00,Stanley Druckenmiller Bets on Facebook and Oil,http://www.gurufocus.com/news/725556/stanley-druckenmiller-bets-on-facebook-and-oil,
news,kaggle_news:Seeking Alpha,2018-08-17 10:26:00,TiVo sinks on report of Amazon DVR plans,https://seekingalpha.com/news/3383921-tivo-sinks-report-amazon-dvr-plans?source=partner_benzinga,
news,kaggle_news:GuruFocus,2018-08-17 10:27:00,"Wealthstar Advisors, LLC Buys Invesco Preferred, Amazon. ...",http://www.gurufocus.com/news/725386/wealthstar-advisors-llc-buys-invesco-preferred-amazoncom-inc-invesco-qqq-trust-series-1-sells-spdr-sp-500-altria-group-inc-ishares-core-sp-500,
news,kaggle_news:Seeking Alpha,2018-08-17 10:54:00,China may be strengthening the yuan ahead of trade talks with U.S.,https://seekingalpha.com/news/3383721-china-may-strengthening-yuan-ahead-trade-talks-u-s?source=partner_benzinga,
news,kaggle_news:Seeking Alpha,2018-08-17 11:09:00,Eurozone annual inflation at 2.1% in July,https://seekingalpha.com/news/3383893-eurozone-annual-inflation-2_1-percent-july?source=partner_benzinga,
news,kaggle_news:Seeking Alpha,2018-08-17 11:12:00,How Far Will The Fed Raise Rates?,https://seekingalpha.com/article/4200070-far-will-fed-raise-rates?source=partner_benzinga,
news,kaggle_news:Seeking Alpha,2018-08-17 11:25:00,Japan's manufacturers most confident in seven months despite trade war worries: Reuters Tankan,https://seekingalpha.com/news/3383915-japans-manufacturers-confident-seven-months-despite-trade-war-worries-reuters-tankan?source=partner_benzinga,
news,kaggle_news:Seeking Alpha,2018-08-17 11:29:00,Walmart Not Out Of The Woods,https://seekingalpha.com/article/4200195-walmart-woods?source=partner_benzinga,
news,kaggle_news:Seeking Alpha,2018-08-17 12:16:00,Walmart Has Become A Must-Own Stock - Cramer's Mad Money (8/16/18),https://seekingalpha.com/article/4200033-walmart-become-must-stock-cramers-mad-money-8-16-18?source=partner_benzinga,
news,kaggle_news:Zacks,2018-08-17 12:34:00,"Top Research Reports for Cisco, AstraZeneca & Enbridge",http://www.zacks.com/research-daily/176912/top-research-reports-for-cisco-astrazeneca-enbridge?cid=CS-BENZ-FT-176912,
news,kaggle_news:Seeking Alpha,2018-08-17 12:37:00,Citi tags J.C. Penney as $0.50 stock,https://seekingalpha.com/news/3383801-citi-tags-j-c-penney-0_50-stock?source=partner_benzinga,
news,kaggle_news:Seeking Alpha,2018-08-17 12:39:00,Turkish Lira Rally Halted On U.S. Sanctions Threat,https://seekingalpha.com/article/4200038-turkish-lira-rally-halted-u-s-sanctions-threat?source=partner_benzinga,
news,kaggle_news:Seeking Alpha,2018-08-17 13:01:00,ChinaNet Online +15% after top line doubles in Q2,https://seekingalpha.com/news/3383852-chinanet-online-plus-15-percent-top-line-doubles-q2?source=partner_benzinga,
news,kaggle_news:Seeking Alpha,2018-08-17 13:05:00,Report: Turkey nearing release of U.S. prisoner,https://seekingalpha.com/news/3383878-report-turkey-nearing-release-u-s-prisoner?source=partner_benzinga,
news,kaggle_news:Seeking Alpha,2018-08-17 13:19:00,Risk Appetite Boosted By Higher Yuan Fix,https://seekingalpha.com/article/4199993-risk-appetite-boosted-higher-yuan-fix?source=partner_benzinga,
news,kaggle_news:Seeking Alpha,2018-08-17 13:58:00,Is Argentina Drowning Itself In A Glass Of Water? Fed-Up Investors Are Talking: Don't Blame Turkey.,https://seekingalpha.com/article/4199968-argentina-drowning-glass-water-fed-investors-talking-blame-turkey?source=partner_benzinga,
news,kaggle_news:Investor's Business Daily,2018-08-17 15:07:00,Stocks Poised For Mixed Week; Apple Rises Fifth Day In Row,http://www.investors.com/market-trend/stock-market-today/stocks-poised-for-mixed-week-apple-rises-fifth-day-in-row/?src=A00237A&ven=BenzingaCP&src=AURLAAM,
news,kaggle_news:GuruFocus,2018-08-17 15:09:00,"California Public Employees Retirement System Buys Broadcom Inc, AT&T Inc, Alphabet Inc, ...",http://www.gurufocus.com/news/725637/california-public-employees-retirement-system-buys-broadcom-inc-att-inc-alphabet-inc-sells-time-warner-inc-monsanto-co-unilever-plc,
news,kaggle_news:Seeking Alpha,2018-08-17 15:39:00,"Aristocrats: Nucor, Chevron, Leggett, Exxon, And Air Products Flash 15.4% To 24.85% Net Gains Per August Broker Targets",https://seekingalpha.com/article/4200232-aristocrats-nucor-chevron-leggett-exxon-air-products-flash-15_4-percent-24_85-percent-net?source=partner_benzinga,
news,kaggle_news:Seeking Alpha,2018-08-17 16:39:00,Investors sell lira ahead of holiday,https://seekingalpha.com/news/3383846-investors-sell-lira-ahead-holiday?source=partner_benzinga,
news,kaggle_news:Seeking Alpha,2018-08-17 16:50:00,Here's How 'External Dollar Debt' Produces An 'Emerging Market Crisis',https://seekingalpha.com/article/4200030-external-dollar-debt-produces-emerging-market-crisis?source=partner_benzinga,
news,kaggle_news:Benzinga_Newsdesk,2018-08-17 17:07:51,Jefferies Downgrades Zoe's Kitchen to Hold,https://www.benzinga.com/news/18/08/12225471/jefferies-downgrades-zoes-kitchen-to-hold,
news,kaggle_news:Zacks,2018-08-17 17:17:00,"Zacks Value Trader Highlights: Sony, Carrizo Oil & Gas, Intel, United Rentals and Gilead",http://www.zacks.com/stock/news/318352/zacks-value-trader-highlights-sony-carrizo-oil-gas-intel-united-rentals-and-gilead?cid=CS-BENZ-FT-318352,
news,kaggle_news:Zacks,2018-08-17 17:31:00,First Midwest Receives Fed's Nod for Northern States Deal,http://www.zacks.com/stock/news/318429/first-midwest-receives-feds-nod-for-northern-states-deal?cid=CS-BENZ-FT-318429,
news,kaggle_news:Seeking Alpha,2018-08-17 18:10:00,Kinder Morgan (KMI) Presents At Citi One-on-One MLP/Midstream Infrastructure Conference - Slideshow,https://seekingalpha.com/article/4200151-kinder-morgan-kmi-presents-citi-one-one-mlp-midstream-infrastructure-conference-slideshow?source=partner_benzinga,
news,kaggle_news:Zacks,2018-08-17 18:50:00,Wal-Mart Blockbuster Q2 Earnings Pushes Consumer ETFs Higher,http://www.zacks.com/stock/news/318498/wal-mart-blockbuster-q2-earnings-pushes-consumer-etfs-higher?cid=CS-BENZ-FT-318498,
news,kaggle_news:Seeking Alpha,2018-08-17 19:17:00,"China, U.S. aim to end trade impasse before November Trump-Xi meeting: WSJ",https://seekingalpha.com/news/3383928-china-u-s-aim-end-trade-impasse-november-trump-xi-meeting-wsj?source=partner_benzinga,
news,kaggle_news:Seeking Alpha,2018-08-17 19:37:00,Holly Energy Partners (HEP) Presents At Citi One-on-One MLP/Midstream Infrastructure Conference - Slideshow,https://seekingalpha.com/article/4200115-holly-energy-partners-hep-presents-citi-one-one-mlp-midstream-infrastructure-conference?source=partner_benzinga,
news,kaggle_news:Seeking Alpha,2018-08-17 19:54:00,China Automotive Systems chairman pulls takeover offer,https://seekingalpha.com/news/3383815-china-automotive-systems-chairman-pulls-takeover-offer?source=partner_benzinga,
news,kaggle_news:Seeking Alpha,2018-08-17 20:22:00,Dean Foods -7% after JPMorgan cut,https://seekingalpha.com/news/3383765-dean-foods-minus-7-percent-jpmorgan-cut?source=partner_benzinga,
news,kaggle_news:Zacks,2018-08-17 20:31:00,Walmart (WMT) Catches Eye: Stock Jumps 9.3%,http://www.zacks.com/stock/news/318386/walmart-wmt-catches-eye-stock-jumps-93?cid=CS-BENZ-FT-318386,
news,kaggle_news:ETF Professor,2018-08-18 04:00:00,Another Week Of Woes For The Turkey ETF,https://www.benzinga.com/analyst-ratings/analyst-color/18/08/12227488/another-week-woes-for-the-turkey-etf,
news,kaggle_news:Seeking Alpha,2018-08-18 08:11:00,Venture Capital Deals Of The Week: Alphabet's $375M Bet On Oscar Health,https://seekingalpha.com/article/4200285-venture-capital-deals-week-alphabets-375m-bet-oscar-health?source=partner_benzinga,
news,kaggle_news:Seeking Alpha,2018-08-18 08:33:00,Canada: Inflation Spikes But Few Signs Of Tariff Impact,https://seekingalpha.com/article/4200278-canada-inflation-spikes-signs-tariff-impact?source=partner_benzinga,
news,kaggle_news:Seeking Alpha,2018-08-18 08:39:00,China: Central Bank Closing Outflow Loopholes For Further Monetary Easing,https://seekingalpha.com/article/4200266-china-central-bank-closing-outflow-loopholes-monetary-easing?source=partner_benzinga,
news,kaggle_news:Seeking Alpha,2018-08-18 09:23:00,Let's Talk Turkey And Emerging Markets,https://seekingalpha.com/article/4200265-talk-turkey-emerging-markets?source=partner_benzinga,
news,kaggle_news:Seeking Alpha,2018-08-18 10:56:00,"Cisco Systems - Transformation Is In Full Swing, Fairly Valued",https://seekingalpha.com/article/4200316-cisco-systems-transformation-full-swing-fairly-valued?source=partner_benzinga,
news,kaggle_news:Seeking Alpha,2018-08-18 12:41:00,An 8.1% Yield REIT That Benefits From The 'Amazon' Trend,https://seekingalpha.com/article/4199972-8_1-percent-yield-reit-benefits-amazon-trend?source=partner_benzinga,
news,kaggle_news:Seeking Alpha,2018-08-18 17:07:00,Homemade Apple Dividends Are 100 Times Bigger Than The 'Real' Dividends,https://seekingalpha.com/article/4200273-homemade-apple-dividends-100-times-bigger-real-dividends?source=partner_benzinga,
news,kaggle_news:GuruFocus,2018-08-18 20:14:00,Can Ford Sustain Its Dividend?,http://www.gurufocus.com/news/725708/can-ford-sustain-its-dividend,
news,kaggle_news:Charles Gross,2018-08-19 04:00:00,"Facebook, Mastercard, Visa, American Express, PayPal, Amazon, Microsoft to Fight India's Data Localization Requirements",https://www.benzinga.com/news/18/08/12228380/facebook-mastercard-visa-american-express-paypal-amazon-microsoft-to-fight-india,
news,kaggle_news:Nelson Hem,2018-08-19 04:00:00,"Benzinga's Bulls & Bears Of The Week: Facebook, Netflix, Twitter, Walmart And More",https://www.benzinga.com/short-sellers/18/08/12228225/benzingas-bulls-bears-of-the-week-facebook-netflix-twitter-walmart-and-,
news,kaggle_news:Nelson Hem,2018-08-19 04:00:00,"Barron's Picks And Pans: AT&T, Starbucks, State Street, Verizon And More",https://www.benzinga.com/media/18/08/12228227/barrons-picks-and-pans-at-t-starbucks-state-street-verizon-and-more,
news,kaggle_news:Seeking Alpha,2018-08-19 08:46:00,"Global Viewpoints: Sovereign Debt - U.S. Dollar Rally Drives Global Risk, Puts Pressure On Emerging Markets",https://seekingalpha.com/article/4200337-global-viewpoints-sovereign-debt-u-s-dollar-rally-drives-global-risk-puts-pressure-emerging?source=partner_benzinga,
news,kaggle_news:Investor's Business Daily,2018-08-19 10:09:00,Why Amazon Could Soon Join 3 Hot IBD 50 Growth Stocks In This Rare Bullish Pattern,http://www.investors.com/research/amazon-stock-hot-growth-stocks-ascending-base/?src=A00237A&ven=BenzingaCP&src=AURLAAM,
news,kaggle_news:Seeking Alpha,2018-08-19 12:35:00,Mixed Fortunes For Flows To China,https://seekingalpha.com/article/4200341-mixed-fortunes-flows-china?source=partner_benzinga,
news,kaggle_news:Seeking Alpha,2018-08-19 13:03:00,Brexit 'no-deal' scenario set out,https://seekingalpha.com/news/3384001-brexit-no-deal-scenario-set?source=partner_benzinga,
news,kaggle_news:Seeking Alpha,2018-08-19 15:47:00,Emerging Markets: Far (East) From Being Out Of The Woods/Wounds,https://seekingalpha.com/article/4200336-emerging-markets-far-east-woods-wounds?source=partner_benzinga,
news,kaggle_news:Seeking Alpha,2018-08-19 17:03:00,Erdogan: Turkey will not be cowed by U.S.,https://seekingalpha.com/news/3384002-erdogan-turkey-will-cowed-u-s?source=partner_benzinga,
news,kaggle_news:Seeking Alpha,2018-08-19 20:41:00,Walmart Vs. Amazon: Who's Scared Now?,https://seekingalpha.com/article/4200357-walmart-vs-amazon-scared-now?source=partner_benzinga,
news,kaggle_news:Benzinga_Newsdesk,2018-08-20 04:00:00,Roth Capital Downgrades Lannett to Neutral,https://www.benzinga.com/news/18/08/12231171/roth-capital-downgrades-lannett-to-neutral,
news,kaggle_news:luke@benzinga.com,2018-08-20 04:00:00,Anthem and Walmart Partner to Increase Access to OTC Medications,https://www.benzinga.com/news/18/08/12229933/anthem-and-walmart-partner-to-increase-access-to-otc-medications,
news,kaggle_news:Wayne Duggan,2018-08-20 04:00:00,"Earnings Show That As Macy's And Walmart Go, So Goes Retail",https://www.benzinga.com/etfs/sector-etfs/18/08/12232390/earnings-show-that-as-macys-and-walmart-go-so-goes-retail,
news,kaggle_news:Charles Gross,2018-08-20 04:00:00,Zanageh Says Total has Officially Left Iran,https://www.benzinga.com/news/18/08/12228931/zanageh-says-total-has-officially-left-iran,
news,kaggle_news:Benzinga_Newsdesk,2018-08-20 04:00:00,Craig-Hallum Downgrades Lannett to Hold,https://www.benzinga.com/news/18/08/12232352/craig-hallum-downgrades-lannett-to-hold,
news,kaggle_news:Benzinga Newsdesk,2018-08-20 04:00:00,"NVIDIA CEO Jensen Huang Giving Latest Updates From The Company's GeForce Pre-Gamescom Event, Live On YouTube",https://www.benzinga.com/news/18/08/12232449/nvidia-ceo-jensen-huang-giving-latest-updates-from-the-companys-geforce-pre-game,
news,kaggle_news:Jayson Derrick,2018-08-20 04:00:00,It's Official: PepsiCo To Buy SodaStream For $3.2 Billion,https://www.benzinga.com/news/18/08/12229797/its-official-pepsico-to-buy-sodastream-for-3-2-billion,
news,kaggle_news:Benzinga Newsdesk,2018-08-20 04:00:00,"Benzinga Pro Mid-Day Price Check For Regional ETFs: US (SPY) Up 0.8%, Europe (VGK) Up 0.4%, Japan (EWJ) Up 0.3%, India (INDA) Up 0.1%, China ETF (FXI) Flat, Mexico (EWW) Flat, Australia (EWA) Flat, Canada (EWC) Flat",https://www.benzinga.com/news/18/08/12232202/benzinga-pro-mid-day-price-check-for-regional-etfs-us-spy-up-0-8-europe-vgk-up-0,
news,kaggle_news:FreightWaves,2018-08-20 04:00:00,PepsiCo Aims For DIY Bevs With Acquisition Of SodaStream,https://www.benzinga.com/news/18/08/12230985/pepsico-aims-for-diy-bevs-with-acquisition-of-sodastream,
news,kaggle_news:Brett Hershman,2018-08-20 04:00:00,"Analysts Upgrade Nike On $50B Revenue Potential, Direct-To-Consumer Growth",https://www.benzinga.com/analyst-ratings/analyst-color/18/08/12232243/analysts-upgrade-nike-on-50b-revenue-potential-direct-t,
news,kaggle_news:JJ Kinahan,2018-08-20 04:00:00,Wyoming Vacation: Fed's Jackson Hole Symposium In Focus As New Week Begins,https://www.benzinga.com/news/18/08/12230852/wyoming-vacation-feds-jackson-hole-symposium-in-focus-as-new-week-begins,
news,kaggle_news:Lisa Levin,2018-08-20 04:00:00,Mid-Morning Market Update: Markets Mostly Higher; PepsiCo To Buy SodaStream For $3.2 Billion,https://www.benzinga.com/news/18/08/12231180/mid-morning-market-update-markets-mostly-higher-pepsico-to-buy-sodastream-for-3-,
news,kaggle_news:Benzinga_Newsdesk,2018-08-20 04:00:00,'Google and Imax's VR Camera Project Canceled'-Variety Reports,https://www.benzinga.com/news/18/08/12233209/google-and-imaxs-vr-camera-project-canceled-variety-reports,
news,kaggle_news:Vick Meyer,2018-08-20 04:00:00,"Citigroup Maintains Buy on Five Prime Therapeutics, Lowers Price Target to $44",https://www.benzinga.com/news/18/08/12229559/citigroup-maintains-buy-on-five-prime-therapeutics-lowers-price-target-to-44,
news,kaggle_news:Benzinga Newsdesk,2018-08-20 04:00:00,"Benzinga Pro Morning Price Check For Regional ETFs: US (SPY) Up 0.5%, Europe (VGK) Up 0.3%, Japan (EWJ) Up 0.2%, China ETF (FXI) Up 0.1%, India (INDA) Up 0.1%, Australia (EWA) Flat, Canada (EWC) Flat, Russia (RSX) Flat",https://www.benzinga.com/news/18/08/12230998/benzinga-pro-morning-price-check-for-regional-etfs-us-spy-up-0-5-europe-vgk-up-0,
news,kaggle_news:Charles Gross,2018-08-20 04:00:00,Shots Fired at U.S. Embassy in Ankara Turkey; No Injuried Reported,https://www.benzinga.com/news/18/08/12228898/shots-fired-at-u-s-embassy-in-ankara-turkey-no-injuried-reported,
news,kaggle_news:Jayson Derrick,2018-08-20 04:00:00,"Constellation Brands Is Overvalued, Susquehanna Says In Downgrade",https://www.benzinga.com/analyst-ratings/analyst-color/18/08/12230259/constellation-brands-is-overvalued-susquehanna-says-in-,
news,kaggle_news:Charles Gross,2018-08-20 04:00:00,UPDATE: Erdogan Says Those Who Think They Can Make Turkey Give Up Through Exchange Rate are Mistaken,https://www.benzinga.com/news/18/08/12228905/update-erdogan-says-those-who-think-they-can-make-turkey-give-up-through-exchang,
news,kaggle_news:Benzinga_Newsdesk,2018-08-20 04:00:00,RBC Capital Downgrades Kinross Gold to Sector Perform,https://www.benzinga.com/news/18/08/12229336/rbc-capital-downgrades-kinross-gold-to-sector-perform,
news,kaggle_news:Benzinga Newsdesk,2018-08-20 04:00:00,'Netflix tests out ads for other shows in between episodes' - CNBC Reports,https://www.benzinga.com/news/18/08/12232875/netflix-tests-out-ads-for-other-shows-in-between-episodes-cnbc-reports,
news,kaggle_news:Benzinga_Newsdesk,2018-08-20 04:00:00,Baird Downgrades Hersha Hospitality to Neutral,https://www.benzinga.com/news/18/08/12229370/baird-downgrades-hersha-hospitality-to-neutral,
news,kaggle_news:Benzinga Newsdesk,2018-08-20 04:00:00,China Biologic Products Holdings shares are up 14.7% in pre-market trading after the a leading investor group proposed to acquire the company for $118/share in cash.,https://www.benzinga.com/trading-ideas/movers/18/08/12230720/china-biologic-products-holdings-shares-are-up-14-7-in-pre-marke,
news,kaggle_news:Benzinga_Newsdesk,2018-08-20 04:00:00,Susquehanna Downgrades Constellation Brands to Negative,https://www.benzinga.com/news/18/08/12229299/susquehanna-downgrades-constellation-brands-to-negative,
news,kaggle_news:Charles Gross,2018-08-20 04:00:00,Turkish President Erdogan Says Attack on Turkish Economy is No Different from Attack on Flag or Call to Prayer; Says Aim Is to Bring Turkey and Its People to Their Knees,https://www.benzinga.com/news/18/08/12228902/turkish-president-erdogan-says-attack-on-turkish-economy-is-no-different-from-at,
news,kaggle_news:Benzinga_Newsdesk,2018-08-20 04:00:00,Leading Investor Group Proposes to Acquire China Biologic Products for $118.00 Per Share in Cash,https://www.benzinga.com/news/18/08/12230191/leading-investor-group-proposes-to-acquire-china-biologic-products-for-118-00-pe,
news,kaggle_news:Lisa Levin,2018-08-20 04:00:00,"Benzinga's Top Upgrades, Downgrades For August 20, 2018",https://www.benzinga.com/analyst-ratings/upgrades/18/08/12230292/benzingas-top-upgrades-downgrades-for-august-20-2018,
news,kaggle_news:Benzinga_Newsdesk,2018-08-20 04:00:00,"Morgan Stanley Downgrades News to Underweight, Lowers Price Target to $12.50",https://www.benzinga.com/news/18/08/12229565/morgan-stanley-downgrades-news-to-underweight-lowers-price-target-to-12-50,
news,kaggle_news:Charles Gross,2018-08-20 04:00:00,PepsiCo Enters Into Agreement to Acquire SodaStream for $144/Share in Cash,https://www.benzinga.com/news/18/08/12228871/pepsico-enters-into-agreement-to-acquire-sodastream-for-144share-in-cash,
news,kaggle_news:luke@benzinga.com,2018-08-20 04:00:00,President Trump Says Not Concerned About Potential For Economic Damage To Europe Over US Tariffs Against Turkey,https://www.benzinga.com/news/18/08/12233853/president-trump-says-not-concerned-about-potential-for-economic-damage-to-europe,
news,kaggle_news:Benzinga Newsdesk,2018-08-20 04:00:00,Turkey Initiates WTO Dispute Complaint Against Additional US Tariffs On Steel And Aluminum,https://www.benzinga.com/news/18/08/12231644/turkey-initiates-wto-dispute-complaint-against-additional-us-tariffs-on-steel-an,
news,kaggle_news:Benzinga_Newsdesk,2018-08-20 04:00:00,China Automotive Systems Shareholders Announce Withdrawal Of 'Go-Private' Proposal,https://www.benzinga.com/news/18/08/12229088/china-automotive-systems-shareholders-announce-withdrawal-of-go-private-proposal,
news,kaggle_news:Seeking Alpha,2018-08-20 07:00:00,"Trade War Costs To Consumers, Companies, And Nations",https://seekingalpha.com/article/4200575-trade-war-costs-consumers-companies-nations?source=partner_benzinga,
news,kaggle_news:GuruFocus,2018-08-20 07:02:00,"Odey Asset Management Group Ltd Buys Alphabet Inc, Banco Macro SA, Ensco PLC, Sells The Stars ...",http://www.gurufocus.com/news/726452/odey-asset-management-group-ltd-buys-alphabet-inc-banco-macro-sa-ensco-plc-sells-the-stars-group-inc-finish-line-inc-monsanto-co,
news,kaggle_news:GuruFocus,2018-08-20 07:02:00,"Cognios Capital, LLC Buys Twitter Inc, The Hershey Co, Range Resources Corp, Sells Facebook ...",http://www.gurufocus.com/news/726450/cognios-capital-llc-buys-twitter-inc-the-hershey-co-range-resources-corp-sells-facebook-inc-starbucks-corp-flir-systems-inc,
news,kaggle_news:GuruFocus,2018-08-20 07:40:00,"Delphi Management, Inc. Buys JPMorgan Chase, Principal Financial Group Inc, Equinor ASA, Sells ...",http://www.gurufocus.com/news/726427/delphi-management-inc-buys-jpmorgan-chase-principal-financial-group-inc-equinor-asa-sells-royal-dutch-shell-plc-milacron-holdings-corp-freeportmcmoran-inc,
news,kaggle_news:Seeking Alpha,2018-08-20 07:52:00,Anthem teams up with Walmart to reduce OTC drug costs for seniors,https://seekingalpha.com/news/3384080-anthem-teams-walmart-reduce-otc-drug-costs-seniors?source=partner_benzinga,
news,kaggle_news:Seeking Alpha,2018-08-20 08:27:00,"BBVA Bets Big On Fintech, But Must Focus On The Turkey Situation First",https://seekingalpha.com/article/4200487-bbva-bets-big-fintech-must-focus-turkey-situation-first?source=partner_benzinga,
news,kaggle_news:GuruFocus,2018-08-20 08:32:00,"Sky Investment Group LLC Buys Church & Dwight Co Inc, Amazon. ...",http://www.gurufocus.com/news/726569/sky-investment-group-llc-buys-church--dwight-co-inc-amazoncom-inc-canadian-national-railway-co-sells-polaris-industries-inc-occidental-petroleum-corp-johnson-controls-international-plc,
news,kaggle_news:Seeking Alpha,2018-08-20 09:31:00,"Toxic Mix In Canada: Spiking Inflation, Variable Rate Mortgages, And A Housing Bubble",https://seekingalpha.com/article/4200576-toxic-mix-canada-spiking-inflation-variable-rate-mortgages-housing-bubble?source=partner_benzinga,
news,kaggle_news:Seeking Alpha,2018-08-20 09:55:00,Sanchez Q2 Results In Eagle Ford's Second Tier Acreage An Indication Of Field's Future,https://seekingalpha.com/article/4200503-sanchez-q2-results-eagle-fords-second-tier-acreage-indication-fields-future?source=partner_benzinga,
news,kaggle_news:Zacks,2018-08-20 10:03:00,AptarGroup Rides on Business Transformation Amid Inflation,http://www.zacks.com/stock/news/318631/aptargroup-rides-on-business-transformation-amid-inflation?cid=CS-BENZ-FT-318631,
news,kaggle_news:Seeking Alpha,2018-08-20 10:29:00,Class action suit against Mylan and Pfizer to proceed,https://seekingalpha.com/news/3384248-class-action-suit-mylan-pfizer-proceed?source=partner_benzinga,
news,kaggle_news:Seeking Alpha,2018-08-20 10:39:00,More details on the PepsiCo-SodaStream deal,https://seekingalpha.com/news/3384045-details-pepsico-sodastream-deal?source=partner_benzinga,
news,kaggle_news:Seeking Alpha,2018-08-20 10:46:00,Google and IMAX scrap VR camera project,https://seekingalpha.com/news/3384252-google-imax-scrap-vr-camera-project?source=partner_benzinga,
news,kaggle_news:Seeking Alpha,2018-08-20 10:46:00,China Biologic up 18% premarket on $118/share bid,https://seekingalpha.com/news/3384092-china-biologic-18-percent-premarket-118-share-bid?source=partner_benzinga,
news,kaggle_news:GuruFocus,2018-08-20 11:14:00,"Ken Heebner Trims Citigroup, Vale Positions",http://www.gurufocus.com/news/726467/ken-heebner-trims-citigroup-vale-positions,
news,kaggle_news:Seeking Alpha,2018-08-20 11:14:00,Comerica: A Good Play On Higher Interest Rates,https://seekingalpha.com/article/4200756-comerica-good-play-higher-interest-rates?source=partner_benzinga,
news,kaggle_news:Zacks,2018-08-20 11:24:00,Intel Gains Deep Learning Capabilities With Vertex.AI Buyout,http://www.zacks.com/stock/news/318686/intel-gains-deep-learning-capabilities-with-vertexai-buyout?cid=CS-BENZ-FT-318686,
news,kaggle_news:Zacks,2018-08-20 12:04:00,"BodyArmor, Amazon Prime, & the Future of Sports",http://www.zacks.com/stock/news/318736/bodyarmor-amazon-prime-the-future-of-sports?cid=CS-BENZ-FT-318736,
news,kaggle_news:Zacks,2018-08-20 12:29:00,"Pot Stocks, Tesla, Pepsi Buys SodaStream, & Retail Earnings | Free Lunch",http://www.zacks.com/stock/news/318734/pot-stocks-tesla-pepsi-buys-sodastream-retail-earnings-free-lunch?cid=CS-BENZ-FT-318734,
news,kaggle_news:Seeking Alpha,2018-08-20 12:55:00,The Young Investor's ETF Strategy - Performance Update And Adding SCHE For Exposure To Emerging Markets,https://seekingalpha.com/article/4200647-young-investors-etf-strategy-performance-update-adding-sche-exposure-emerging-markets?source=partner_benzinga,
news,kaggle_news:Zacks,2018-08-20 13:11:00,Pepsi Buys SodaStream for $144 per Share,http://www.zacks.com/stock/news/318690/pepsi-buys-sodastream-for-%24144-per-share?cid=CS-BENZ-FT-318690,
news,kaggle_news:Seeking Alpha,2018-08-20 13:11:00,"PepsiCo loses initial fizz, may have paid too much in Sodastream deal",https://seekingalpha.com/news/3384311-pepsico-loses-initial-fizz-may-paid-much-sodastream-deal?source=partner_benzinga,
news,kaggle_news:Zacks,2018-08-20 13:41:00,Aqua America (WTR) Unit Files for Rate Hike After 7 Years,http://www.zacks.com/stock/news/318688/aqua-america-wtr-unit-files-for-rate-hike-after-7-years?cid=CS-BENZ-FT-318688,
news,kaggle_news:Zacks,2018-08-20 13:50:00,ExxonMobil (XOM) Executes SPA for PNG LNG Project With BP,http://www.zacks.com/stock/news/318615/exxonmobil-xom-executes-spa-for-png-lng-project-with-bp?cid=CS-BENZ-FT-318615,
news,kaggle_news:Seeking Alpha,2018-08-20 13:51:00,SodaStream: Thank You Pepsi,https://seekingalpha.com/article/4200715-sodastream-thank-pepsi?source=partner_benzinga,
news,kaggle_news:Zacks,2018-08-20 13:52:00,TiVo Stock Down on Reports of Amazon's Live TV Recorder,http://www.zacks.com/stock/news/318680/tivo-stock-down-on-reports-of-amazons-live-tv-recorder?cid=CS-BENZ-FT-318680,
news,kaggle_news:Seeking Alpha,2018-08-20 14:15:00,China's top lithium producer set for Hong Kong IPO to fund SQM purchase,https://seekingalpha.com/news/3384166-china-s-top-lithium-producer-set-hong-kong-ipo-fund-sqm-purchase?source=partner_benzinga,
news,kaggle_news:Seeking Alpha,2018-08-20 14:23:00,China Telecom Corporation Limited 2018 Q2 - Results - Earnings Call Slides,https://seekingalpha.com/article/4200602-china-telecom-corporation-limited-2018-q2-results-earnings-call-slides?source=partner_benzinga,
news,kaggle_news:Zacks,2018-08-20 14:25:00,PepsiCo Acquires SodaStream For $3.2 billion,http://www.zacks.com/stock/news/318707/pepsico-acquires-sodastream-for-%2432-billion?cid=CS-BENZ-FT-318707,
news,kaggle_news:Seeking Alpha,2018-08-20 14:34:00,How Contagious Is Turkey?,https://seekingalpha.com/article/4200430-contagious-turkey?source=partner_benzinga,
news,kaggle_news:Seeking Alpha,2018-08-20 14:39:00,"Biotech Analysis Central Pharma News: Gilead's Hope Dashed, Pfizer's Vaccine Deal, Eisai And Merck FDA Approval",https://seekingalpha.com/article/4200550-biotech-analysis-central-pharma-news-gileads-hope-dashed-pfizers-vaccine-deal-eisai-merck-fda?source=partner_benzinga,
news,kaggle_news:GuruFocus,2018-08-20 14:42:00,"Green Square Capital Llc Buys Alerian MLP, Macy's Inc, Pfizer Inc, Sells Johnson & Johnson, ...",http://www.gurufocus.com/news/726451/green-square-capital-llc-buys-alerian-mlp-macys-inc-pfizer-inc-sells-johnson--johnson-delta-air-lines-inc-best-buy-co-inc,
news,kaggle_news:Seeking Alpha,2018-08-20 14:44:00,SodaStream's Game-Changing Sale To PepsiCo,https://seekingalpha.com/article/4200506-sodastreams-game-changing-sale-pepsico?source=partner_benzinga,
news,kaggle_news:Zacks,2018-08-20 15:16:00,"BofA, Citi Witness Ban From Louisiana Deal Over Gun Policies",http://www.zacks.com/stock/news/318682/bofa-citi-witness-ban-from-louisiana-deal-over-gun-policies?cid=CS-BENZ-FT-318682,
news,kaggle_news:Seeking Alpha,2018-08-20 15:24:00,PepsiCo only bidder for SodaStream,https://seekingalpha.com/news/3384143-pepsico-bidder-sodastream?source=partner_benzinga,
news,kaggle_news:Seeking Alpha,2018-08-20 15:26:00,Coca-Cola Femsa SAB de CV (KOF) Coca-Cola Femsa to Sell Its Stake in Coca-Cola FEMSA Philippines Inc. (Transcript),https://seekingalpha.com/article/4200712-coca-cola-femsa-sab-de-cv-kof-coca-cola-femsa-sell-stake-coca-cola-femsa-philippines-inc?source=partner_benzinga,
news,kaggle_news:Seeking Alpha,2018-08-20 15:50:00,Reuters: China using Iranian operated oil tankers for imports amid sanctions,https://seekingalpha.com/news/3384236-reuters-china-using-iranian-operated-oil-tankers-imports-amid-sanctions?source=partner_benzinga,
news,kaggle_news:Seeking Alpha,2018-08-20 15:53:00,Watch These 4 Indicators For Signs Of Distress In Turkey,https://seekingalpha.com/article/4200502-watch-4-indicators-signs-distress-turkey?source=partner_benzinga,
news,kaggle_news:Seeking Alpha,2018-08-20 16:12:00,U.S. rebuffs Turkish bank fine-pastor release plan,https://seekingalpha.com/news/3384031-u-s-rebuffs-turkish-bank-fine-pastor-release-plan?source=partner_benzinga,
news,kaggle_news:Seeking Alpha,2018-08-20 16:14:00,Reed's falls after PepsiCo-SodaStream deal,https://seekingalpha.com/news/3384148-reeds-falls-pepsico-sodastream-deal?source=partner_benzinga,
news,kaggle_news:Zacks,2018-08-20 16:49:00,Boeing Secures $217M Deal for F/A 18 Aircraft's Spare Parts,http://www.zacks.com/stock/news/318617/boeing-secures-%24217m-deal-for-f-a-18-aircrafts-spare-parts?cid=CS-BENZ-FT-318617,
news,kaggle_news:Zacks,2018-08-20 17:08:00,Roche's Lung Cancer Drug Alecensa Gets Approval in China,http://www.zacks.com/stock/news/318717/roches-lung-cancer-drug-alecensa-gets-approval-in-china?cid=CS-BENZ-FT-318717,
news,kaggle_news:Seeking Alpha,2018-08-20 17:17:00,News Corp. slips as MS downgrades on Foxtel competition,https://seekingalpha.com/news/3384139-news-corp-slips-ms-downgrades-foxtel-competition?source=partner_benzinga,
news,kaggle_news:Zacks,2018-08-20 17:19:00,Indonesia Banks on Back-to-Back Rate Hikes: ETFs in Focus,http://www.zacks.com/stock/news/318745/indonesia-banks-on-back-to-back-rate-hikes-etfs-in-focus?cid=CS-BENZ-FT-318745,
news,kaggle_news:Seeking Alpha,2018-08-20 17:25:00,Turkey And Its Lira - Textbook Economic Theory Doesn't Always Work,https://seekingalpha.com/article/4200641-turkey-lira-textbook-economic-theory-always-work?source=partner_benzinga,
news,kaggle_news:GuruFocus,2018-08-20 18:07:00,"Atlantic Trust, LLC Buys iShares Core S&P Small-Cap, Citigroup Inc, American Tower Corp, ...",http://www.gurufocus.com/news/726453/atlantic-trust-llc-buys-ishares-core-sp-smallcap-citigroup-inc-american-tower-corp-sells-3m-co-mohawk-industries-inc-ishares-msci-emerging-index-fund,
news,kaggle_news:Zacks,2018-08-20 19:00:00,"Netflix Signs Kenya Barris, Tests Promos Between Episodes",http://www.zacks.com/stock/news/318701/netflix-signs-kenya-barris-tests-promos-between-episodes?cid=CS-BENZ-FT-318701,
news,kaggle_news:Investor's Business Daily,2018-08-20 19:12:00,"Netflix Stock Rebounds But Chips Weigh On Nasdaq; Nike Powers Higher, Buoys Dow",http://www.investors.com/market-trend/stock-market-today/netflix-stock-rebounds-nike-leads-dow-jones/?src=A00237A&ven=BenzingaCP&src=AURLAAM,
news,kaggle_news:Seeking Alpha,2018-08-20 19:30:00,Total leaves Iran's South Pars project,https://seekingalpha.com/news/3384038-total-leaves-irans-south-pars-project?source=partner_benzinga,
news,kaggle_news:Seeking Alpha,2018-08-20 19:30:00,"Infosys -2.6 after Morgan Stanley downgrade, CFO resignation",https://seekingalpha.com/news/3384127-infosys-minus-2_6-morgan-stanley-downgrade-cfo-resignation?source=partner_benzinga,
news,kaggle_news:Investor's Business Daily,2018-08-20 19:35:00,IBD Stock Of The Day: Dow Giant Nike Hits Buy Zone As Analysts Turn Bullish,http://www.investors.com/research/ibd-stock-of-the-day/nike-stock-hits-buy-zone-analyst-upgrades/?src=A00237A&ven=BenzingaCP&src=AURLAAM,
news,kaggle_news:Seeking Alpha,2018-08-20 19:39:00,China's Xi set to visit Pyongyang,https://seekingalpha.com/news/3384018-chinas-xi-set-visit-pyongyang?source=partner_benzinga,
news,kaggle_news:Seeking Alpha,2018-08-20 19:43:00,Total struggling to unload Iran gas project - WSJ,https://seekingalpha.com/news/3384222-total-struggling-unload-iran-gas-project-wsj?source=partner_benzinga,
news,kaggle_news:Zacks,2018-08-20 20:53:00,Time to Buy Nike (NKE) Stock at New High?,http://www.zacks.com/stock/news/318733/time-to-buy-nike-nke-stock-at-new-high?cid=CS-BENZ-FT-318733,
news,kaggle_news:Wayne Duggan,2018-08-21 04:00:00,Brokerage Stocks Crushed As JPMorgan Rolls Out Digital Service With Free Trades,https://www.benzinga.com/fintech/18/08/12237534/brokerage-stocks-crushed-as-jpmorgan-rolls-out-digital-service-with-free-trad,
news,kaggle_news:luke@benzinga.com,2018-08-21 04:00:00,ORBCOMM Names Michael Ford CFO,https://www.benzinga.com/news/18/08/12240515/orbcomm-names-michael-ford-cfo,
news,kaggle_news:luke@benzinga.com,2018-08-21 04:00:00,"TD Ameritrade shares down 6.8%, Schwab down 4%, E*TRADE down 3.8%, InterActive Brokers down 3.1% following report JP Morgan will launch a digital investing service next week",https://www.benzinga.com/analyst-ratings/analyst-color/18/08/12236914/td-ameritrade-shares-down-6-8-schwab-down-4-e-trade-dow,
news,kaggle_news:Benzinga_Newsdesk,2018-08-21 04:00:00,"Lake Street Downgrades SeaChange International to Hold, Lowers Price Target to $2",https://www.benzinga.com/news/18/08/12239303/lake-street-downgrades-seachange-international-to-hold-lowers-price-target-to-2,
news,kaggle_news:Benzinga_Newsdesk,2018-08-21 04:00:00,"B. Riley FBR Downgrades SodaStream International to Neutral, Raises Price Target to $144",https://www.benzinga.com/news/18/08/12237522/b-riley-fbr-downgrades-sodastream-international-to-neutral-raises-price-target-t,
news,kaggle_news:Benzinga_Newsdesk,2018-08-21 04:00:00,"' This is not a short talking- this is Ebay, Don't mess with Google.'-Citron Research Tweets (2/2)",https://www.benzinga.com/short-sellers/18/08/12238702/this-is-not-a-short-talking-this-is-ebay-dont-mess-with-google-citron-r,
news,kaggle_news:Lisa Levin,2018-08-21 04:00:00,"Benzinga's Top Upgrades, Downgrades For August 21, 2018",https://www.benzinga.com/analyst-ratings/upgrades/18/08/12237455/benzingas-top-upgrades-downgrades-for-august-21-2018,
news,kaggle_news:Benzinga_Newsdesk,2018-08-21 04:00:00,Huber Research Downgraded News Corp. From Overweight To Underweight,https://www.benzinga.com/analyst-ratings/downgrades/18/08/12237568/huber-research-downgraded-news-corp-from-overweight-to-und,
news,kaggle_news:Jayson Derrick,2018-08-21 04:00:00,"Cramer Sees 'Sweet Vindication' For Walmart Investors, Lazarus-Like Nordstrom Comeback",https://www.benzinga.com/news/earnings/18/08/12237000/cramer-sees-sweet-vindication-for-walmart-investors-lazarus-like-nordst,
news,kaggle_news:luke@benzinga.com,2018-08-21 04:00:00,"La-Z-Boy Chair, Pres, CEO Says, 'We are optimistic about the potential for La-Z-Boy Incorporated over the long term, although concerns relating to potential duties and tariffs that could impact the business persist...'",https://www.benzinga.com/news/18/08/12240342/la-z-boy-chair-pres-ceo-says-we-are-optimistic-about-the-potential-for-la-z-boy-,
news,kaggle_news:Shanthi Rexaline,2018-08-21 04:00:00,Lannett Downgraded By Raymond James After Loss Of Drug Distribution Deal,https://www.benzinga.com/analyst-ratings/analyst-color/18/08/12237703/lannett-downgraded-by-raymond-james-after-loss-of-drug-,
news,kaggle_news:luke@benzinga.com,2018-08-21 04:00:00,Zynga Shares Spike 4% After Hours As Co. Signed Multi-Year Deal With Disney To Develop Free-To-Play Mobile Star Wars Game,https://www.benzinga.com/news/18/08/12240917/zynga-shares-spike-4-after-hours-as-co-signed-multi-year-deal-with-disney-to-dev,
news,kaggle_news:Benzinga_Newsdesk,2018-08-21 04:00:00,Pfizer Is Coordinating With The FDA To Extend Expiration Dates Of Specific Lots Of EpiPen Auto Injectors And Its Authorized Generic Version After Review Of Stability Data,https://www.benzinga.com/news/18/08/12238036/pfizer-is-coordinating-with-the-fda-to-extend-expiration-dates-of-specific-lots-,
news,kaggle_news:luke@benzinga.com,2018-08-21 04:00:00,"Commerce Secretary Wilbur Ross Says Trump's Auto Tariff Timetable Has Likely 'Slipped' Amid European, NAFTA Negotiations",https://www.benzinga.com/news/18/08/12236263/commerce-secretary-wilbur-ross-says-trumps-auto-tariff-timetable-has-likely-slip,
news,kaggle_news:luke@benzinga.com,2018-08-21 04:00:00,"Daktronics Chair, Pres, CEO Warned, 'While we remain optimistic about long-term growth in the digital display industry, most of us are aware the current global tariff and trade environment is very dynamic'",https://www.benzinga.com/news/18/08/12236212/daktronics-chair-pres-ceo-warned-while-we-remain-optimistic-about-long-term-grow,
news,kaggle_news:luke@benzinga.com,2018-08-21 04:00:00,UPDATE: Commerce Secretary Wilbur Ross Says It's 'Not Clear' If Auto Tariff Recommendations Will Be Coming This Month,https://www.benzinga.com/news/18/08/12236269/update-commerce-secretary-wilbur-ross-says-its-not-clear-if-auto-tariff-recommen,
news,kaggle_news:luke@benzinga.com,2018-08-21 04:00:00,"China Biologic Reports Receipt Of Competing Non-Binding Purchase Proposal From Consortium Consisting Of Feng Tai, GL Sandrose, Etc., At $118/Share In Cash, Up From Prior Offer From CCRE Holdings At $110/Share In Cash",https://www.benzinga.com/news/18/08/12236652/china-biologic-reports-receipt-of-competing-non-binding-purchase-proposal-from-c,
news,kaggle_news:Benzinga_Newsdesk,2018-08-21 04:00:00,China Biologic Products Holdings Reports Receipt Of Competing Non-Binding Acquisition Consortium Proposal Of $118/Share In Cash,https://www.benzinga.com/news/18/08/12236542/china-biologic-products-holdings-reports-receipt-of-competing-non-binding-acquis,
news,kaggle_news:Benzinga Newsdesk,2018-08-21 04:00:00,"Benzinga Pro Mid-Day Price Check For Regional ETFs: Mexico (EWW) Up 1.6%, China ETF (FXI) Up 1.6%, Europe (VGK) Up 1.1%, Russia (RSX) Up 0.7%, US (SPY) Up 0.5%, India (INDA) Up 0.5%, Canada (EWC) Up 0.1%, Japan (EWJ) Flat",https://www.benzinga.com/news/18/08/12238969/benzinga-pro-mid-day-price-check-for-regional-etfs-mexico-eww-up-1-6-china-etf-f,
news,kaggle_news:Benzinga_Newsdesk,2018-08-21 04:00:00,"Citigroup Initiates Coverage On Circor International with Neutral Rating, Announces $50 Price Target",https://www.benzinga.com/news/18/08/12236215/citigroup-initiates-coverage-on-circor-international-with-neutral-rating-announc,
news,kaggle_news:Benzinga_Newsdesk,2018-08-21 04:00:00,"Needham Downgrades Fabrinet to Buy, Raises Price Target to $55",https://www.benzinga.com/news/18/08/12236257/needham-downgrades-fabrinet-to-buy-raises-price-target-to-55,
news,kaggle_news:Vick Meyer,2018-08-21 04:00:00,"Citigroup Maintains Neutral on The Estee Lauder Cos, Lowers Price Target to $149",https://www.benzinga.com/news/18/08/12236262/citigroup-maintains-neutral-on-the-estee-lauder-cos-lowers-price-target-to-149,
news,kaggle_news:JJ Kinahan,2018-08-21 04:00:00,"Market Focus Appears To Be On Fed, China As Earnings, Economic Calendars Light",https://www.benzinga.com/news/18/08/12238154/market-focus-appears-to-be-on-fed-china-as-earnings-economic-calendars-light,
news,kaggle_news:Charles Gross,2018-08-21 04:00:00,Dolby Laboratories Partners with Wanying Cinema Line to Extend the Spectacular Dolby Cinema Experience in China,https://www.benzinga.com/news/18/08/12235429/dolby-laboratories-partners-with-wanying-cinema-line-to-extend-the-spectacular-d,
news,kaggle_news:Benzinga_Newsdesk,2018-08-21 04:00:00,Mizuho Downgrades Brixmor Property Group to Neutral,https://www.benzinga.com/news/18/08/12236015/mizuho-downgrades-brixmor-property-group-to-neutral,
news,kaggle_news:Benzinga_Newsdesk,2018-08-21 04:00:00,Baird Downgrades Hudson Pacific Properties to Neutral,https://www.benzinga.com/news/18/08/12236118/baird-downgrades-hudson-pacific-properties-to-neutral,
news,kaggle_news:Benzinga_Newsdesk,2018-08-21 04:00:00,"Citigroup Upgrades Viper Energy Partners to Buy, Raises Price Target to $42",https://www.benzinga.com/news/18/08/12236214/citigroup-upgrades-viper-energy-partners-to-buy-raises-price-target-to-42,
news,kaggle_news:Benzinga_Newsdesk,2018-08-21 04:00:00,Raymond James Downgrades Lannett to Market Perform,https://www.benzinga.com/news/18/08/12235731/raymond-james-downgrades-lannett-to-market-perform,
news,kaggle_news:OANDA,2018-08-21 04:00:00,Forex Traders Spooked By Trump's Fed Comments: 5 Things The Global Markets Are Talking About Today,https://www.benzinga.com/news/18/08/12236068/traders-spooked-by-trumps-fed-comments-5-things-the-global-markets-are-talking-a,
news,kaggle_news:Shanthi Rexaline,2018-08-21 04:00:00,William Blair Predicts Netflix Shares Will Hit $660 By 2024,https://www.benzinga.com/analyst-ratings/analyst-color/18/08/12236860/william-blair-predicts-netflix-shares-will-hit-660-by-2,
news,kaggle_news:luke@benzinga.com,2018-08-21 04:00:00,"Benzinga Pro Morning Price Check For Regional ETFs: China ETF (FXI) Up 1.5%, Mexico (EWW) Up 1.3%, Europe (VGK) Up 1.1%, Canada (EWC) Up 0.5%, India (INDA) Up 0.4%, US (SPY) Up 0.4%, Russia (RSX) Down 0.1%, Japan (EWJ) Down 0.1%",https://www.benzinga.com/news/18/08/12237766/benzinga-pro-morning-price-check-for-regional-etfs-china-etf-fxi-up-1-5-mexico-e,
news,kaggle_news:Craig Jones,2018-08-21 04:00:00,Mike Khouw Sees Unusual Options Activity In Netflix,https://www.benzinga.com/markets/options/18/08/12235106/mike-khouw-sees-unusual-options-activity-in-netflix,
news,kaggle_news:Seeking Alpha,2018-08-21 07:23:00,"Hopefully, Turkey Isn't The Trigger To A Global Economic Calamity",https://seekingalpha.com/article/4200789-hopefully-turkey-trigger-global-economic-calamity?source=partner_benzinga,
news,kaggle_news:Zacks,2018-08-21 07:53:00,Powell Likely to Ignore Trump's Attack on Rate Hikes: 5 Picks,http://www.zacks.com/stock/news/318787/powell-likely-to-ignore-trumps-attack-on-rate-hikes-5-picks?cid=CS-BENZ-FT-318787,
news,kaggle_news:Investor's Business Daily,2018-08-21 08:52:00,"Fed, China-Trade Watch Begins; These 3 Retailers Are On Tap: Investing Action Plan",http://www.investors.com/research/investing-action-plan/china-trade-talks-fed-minutes-target-lowes-williams-sonoma/?src=A00237A&ven=BenzingaCP&src=AURLAAM,
news,kaggle_news:Zacks,2018-08-21 09:04:00,Intel (INTC) Stock Climbed Tuesday: Time to Buy?,http://www.zacks.com/stock/news/318950/intel-intc-stock-climbed-tuesday-time-to-buy?cid=CS-BENZ-FT-318950,
news,kaggle_news:Seeking Alpha,2018-08-21 09:36:00,Emerging markets shrug off rough day for real,https://seekingalpha.com/news/3384627-emerging-markets-shrug-rough-day-real?source=partner_benzinga,
news,kaggle_news:Seeking Alpha,2018-08-21 09:49:00,Orbcomm taps Ford as new chief financial officer,https://seekingalpha.com/news/3384670-orbcomm-taps-ford-new-chief-financial-officer?source=partner_benzinga,
news,kaggle_news:Zacks,2018-08-21 10:04:00,Nissan (NSANY) to Augment Vehicle Production in China by 40%,http://www.zacks.com/stock/news/318888/nissan-nsany-to-augment-vehicle-production-in-china-by-40?cid=CS-BENZ-FT-318888,
news,kaggle_news:Zacks,2018-08-21 10:13:00,Boeing Wins $152M Deal to Build IRST Block II for F/A-18 Jets,http://www.zacks.com/stock/news/318920/boeing-wins-%24152m-deal-to-build-irst-block-ii-for-f-a-18-jets?cid=CS-BENZ-FT-318920,
news,kaggle_news:Zacks,2018-08-21 11:11:00,Ford (F) Troubled by Asia Pacific and Europe Challenges,http://www.zacks.com/stock/news/318903/ford-f-troubled-by-asia-pacific-and-europe-challenges?cid=CS-BENZ-FT-318903,
news,kaggle_news:Zacks,2018-08-21 12:16:00,"Zacks Industry Outlook Highlights: Amazon, Companhia Brasileira de Distribuicao, Walmart and Kroger",http://www.zacks.com/stock/news/318778/zacks-industry-outlook-highlights-amazon-companhia-brasileira-de-distribuicao-walmart-and-kroger?cid=CS-BENZ-FT-318778,
news,kaggle_news:Seeking Alpha,2018-08-21 12:21:00,"China, U.S. Tension Is An Opportunity To Boost Your Portfolio For The Long Term",https://seekingalpha.com/article/4200921-china-u-s-tension-opportunity-boost-portfolio-long-term?source=partner_benzinga,
news,kaggle_news:GuruFocus,2018-08-21 12:34:00,"SRS Capital Advisors, Inc. Buys iShares TIPS Bond, Vanguard FTSE Emerging Markets, First Trust ...",http://www.gurufocus.com/news/727064/srs-capital-advisors-inc-buys-ishares-tips-bond-vanguard-ftse-emerging-markets-first-trust-north-american-energy-infrastructure-f-sells-magellan-midstream-partners-lp-lincoln-national-corp-western-digital-corp,
news,kaggle_news:Seeking Alpha,2018-08-21 12:50:00,Bloomberg: Potential Windstream bankruptcy presses Uniti lease,https://seekingalpha.com/news/3384597-bloomberg-potential-windstream-bankruptcy-presses-uniti-lease?source=partner_benzinga,
news,kaggle_news:Zacks,2018-08-21 13:04:00,Keep an Eye on These ETF Areas as US & China Plan Trade Meet,http://www.zacks.com/stock/news/318945/keep-an-eye-on-these-etf-areas-as-us-china-plan-trade-meet?cid=CS-BENZ-FT-318945,
news,kaggle_news:Zacks,2018-08-21 13:17:00,PepsiCo Fortifies Sparkling Water Range With SodaStream Buyout,http://www.zacks.com/stock/news/318819/pepsico-fortifies-sparkling-water-range-with-sodastream-buyout?cid=CS-BENZ-FT-318819,
news,kaggle_news:Zacks,2018-08-21 13:23:00,China Biologic Products (CBPO) Looks Good: Stock Adds 8.7% in Session,http://www.zacks.com/stock/news/318795/china-biologic-products-cbpo-looks-good-stock-adds-87-in-session?cid=CS-BENZ-FT-318795,
news,kaggle_news:Zacks,2018-08-21 14:00:00,Anthem Ties Up With Walmart to Better Serve Medicare Members,http://www.zacks.com/stock/news/318917/anthem-ties-up-with-walmart-to-better-serve-medicare-members?cid=CS-BENZ-FT-318917,
news,kaggle_news:Seeking Alpha,2018-08-21 14:42:00,The Best Thing You'll Read On Turkey,https://seekingalpha.com/article/4200806-best-thing-read-turkey?source=partner_benzinga,
news,kaggle_news:Seeking Alpha,2018-08-21 15:11:00,Zynga to build 'Star Wars' mobile game for Disney,https://seekingalpha.com/news/3384690-zynga-build-star-wars-mobile-game-disney?source=partner_benzinga,
news,kaggle_news:Seeking Alpha,2018-08-21 15:55:00,Pepsi's Fizzy Water Deal May Have Flat Aftertaste,https://seekingalpha.com/article/4200810-pepsis-fizzy-water-deal-may-flat-aftertaste?source=partner_benzinga,
news,kaggle_news:Zacks,2018-08-21 16:08:00,"Starbucks Rides on Digital Innovation, Weak Margin a Woe",http://www.zacks.com/stock/news/318791/starbucks-rides-on-digital-innovation-weak-margin-a-woe?cid=CS-BENZ-FT-318791,
news,kaggle_news:Zacks,2018-08-21 16:15:00,"Why Amazon Is a Strong Buy, Nvidia GPUs, & More Stock News | Free Lunch",http://www.zacks.com/stock/news/318944/why-amazon-is-a-strong-buy-nvidia-gpus-more-stock-news-free-lunch?cid=CS-BENZ-FT-318944,
news,kaggle_news:Seeking Alpha,2018-08-21 16:28:00,Bloomberg: Disney mulls Sherwood to lead reorganized news,https://seekingalpha.com/news/3384702-bloomberg-disney-mulls-sherwood-lead-reorganized-news?source=partner_benzinga,
news,kaggle_news:Seeking Alpha,2018-08-21 16:48:00,Auto tariff report delayed,https://seekingalpha.com/news/3384485-auto-tariff-report-delayed?source=partner_benzinga,
news,kaggle_news:Zacks,2018-08-21 17:06:00,"The Zacks Analyst Blog Highlights: Nike, Adidas, Under Armour, Lululemon and Gap",http://www.zacks.com/stock/news/318775/the-zacks-analyst-blog-highlights-nike-adidas-under-armour-lululemon-and-gap?cid=CS-BENZ-FT-318775,
news,kaggle_news:Zacks,2018-08-21 17:28:00,Dolby-Wanying Ink Deal to Boost China's Cinematic Experience,http://www.zacks.com/stock/news/318786/dolby-wanying-ink-deal-to-boost-chinas-cinematic-experience?cid=CS-BENZ-FT-318786,
news,kaggle_news:Seeking Alpha,2018-08-21 17:54:00,If You Thought The Trade War Is As Bad As It Can Be... Get Ready For A Currency War,https://seekingalpha.com/article/4200759-thought-trade-war-bad-can-get-ready-currency-war?source=partner_benzinga,
news,kaggle_news:GuruFocus,2018-08-21 18:54:00,"Physicians Financial Services, Inc. Buys PepsiCo Inc, SAP SE, Baxter International Inc, Sells ...",http://www.gurufocus.com/news/727032/physicians-financial-services-inc-buys-pepsico-inc-sap-se-baxter-international-inc-sells-the-kraft-heinz-co,
news,kaggle_news:Seeking Alpha,2018-08-21 19:14:00,Online brokers sink premarket after JPMorgan unveils investing app,https://seekingalpha.com/news/3384439-online-brokers-sink-premarket-jpmorgan-unveils-investing-app?source=partner_benzinga,
news,kaggle_news:Seeking Alpha,2018-08-21 19:52:00,Playing With Emerging Market Economic Fire,https://seekingalpha.com/article/4200798-playing-emerging-market-economic-fire?source=partner_benzinga,
news,kaggle_news:Benzinga Newsdesk,2018-08-22 04:00:00,"Benzinga Pro Morning Price Check For Regional ETFs: Mexico (EWW) Up 1.3%, China ETF (FXI) Up 0.9%, Brazil (EWZ) Down 0.6%, Japan (EWJ) Up 0.6%, Canada (EWC) Up 0.6%, Europe (VGK) Up 0.5%, India (INDA) Up 0.2%, US (SPY) Down 0.1%",https://www.benzinga.com/news/18/08/12244362/benzinga-pro-morning-price-check-for-regional-etfs-mexico-eww-up-1-3-china-etf-f,
news,kaggle_news:Benzinga Newsdesk,2018-08-22 04:00:00,"Benzinga Pro Mid-Day Price Check For Regional ETFs: Mexico (EWW) Up 1.2%, China ETF (FXI) Up 0.9%, Canada (EWC) Up 0.7%, Japan (EWJ) Up 0.6%, Europe (VGK) Up 0.4%, India (INDA) Up 0.3%, US (SPY) Up 0.1%, Brazil (EWZ) Flat",https://www.benzinga.com/markets/18/08/12245441/benzinga-pro-mid-day-price-check-for-regional-etfs-mexico-eww-up-1-2-china-et,
news,kaggle_news:Wayne Duggan,2018-08-22 04:00:00,"Veteran Trader Talks JPMorgan, Brokerages And Order Flow: Majority Of The Money Is Now Being Made In Kickbacks",https://www.benzinga.com/analyst-ratings/analyst-color/18/08/12239560/veteran-trader-talks-jpmorgan-brokerages-and-order-flow,
news,kaggle_news:Benzinga_Newsdesk,2018-08-22 04:00:00,Hearing OTR Global Downgraded Ulta Beauty,https://www.benzinga.com/news/18/08/12243753/hearing-otr-global-downgraded-ulta-beauty,
news,kaggle_news:luke@benzinga.com,2018-08-22 04:00:00,"Chinese Education Stocks Mixed Following Directive From China's General Office Of State Council On Regulating Development Of Off-Campus Training Institutions: TAL Education Shares Up 1.2%, New Oriental Education Shares Down 1.3%",https://www.benzinga.com/news/18/08/12244395/chinese-education-stocks-mixed-following-directive-from-chinas-general-office-of,
news,kaggle_news:Benzinga_Newsdesk,2018-08-22 04:00:00,"Daiwa Says The Recent Regulatory Changes In China's K-12 Tutoring Industry Will Reduce Financial Visibility On Deferred Rev. Balances For Tal Education And New Oriental Education And Could Disrupt Daily Ops., But Remains Long-Term Positive On The Sector",https://www.benzinga.com/analyst-ratings/analyst-color/18/08/12244403/daiwa-says-the-recent-regulatory-changes-in-chinas-k-12,
news,kaggle_news:Hannah Genig,2018-08-22 04:00:00,Piper Jaffray Downgrades Starbucks On Comp Performance,https://www.benzinga.com/analyst-ratings/analyst-color/18/08/12245008/piper-jaffray-downgrades-starbucks-on-comp-performance,
news,kaggle_news:Benzinga_Newsdesk,2018-08-22 04:00:00,PiperJaffray Downgrades Starbucks to Neutral,https://www.benzinga.com/news/18/08/12242357/piperjaffray-downgrades-starbucks-to-neutral,
news,kaggle_news:Jayson Derrick,2018-08-22 04:00:00,Verizon: The Dow Powerhouse Few Are Discussing,https://www.benzinga.com/media/18/08/12245159/verizon-the-dow-powerhouse-few-are-discussing,
news,kaggle_news:Benzinga Newsdesk,2018-08-22 04:00:00,Zynga shares are trading up 9.1% to $4.08 after announcing Tuesday evening that it has signed a muti-year deal with Disney to develop mobile Star Wars video game.,https://www.benzinga.com/trading-ideas/movers/18/08/12243593/zynga-shares-are-trading-up-9-1-to-4-08-after-announcing-tuesday,
news,kaggle_news:Benzinga Newsdesk,2018-08-22 04:00:00,"Stocks That Made New 52-Week Highs So Far Today Include: ADP, American Express, Lowe's, Kroger, Michael Kors, Advance Auto Parts, TJX Companies, Universal Health Services, Costco, Kansas City Southern, AMD, Dollar General, Nike, and Target",https://www.benzinga.com/trading-ideas/technicals/18/08/12245284/stocks-that-made-new-52-week-highs-so-far-today-include-adp-,
news,kaggle_news:Benzinga_Newsdesk,2018-08-22 04:00:00,Goldman Sachs Downgrades Public Storage to Sell,https://www.benzinga.com/news/18/08/12243103/goldman-sachs-downgrades-public-storage-to-sell,
news,kaggle_news:Lisa Levin,2018-08-22 04:00:00,"Benzinga's Top Upgrades, Downgrades For August 22, 2018",https://www.benzinga.com/analyst-ratings/upgrades/18/08/12243722/benzingas-top-upgrades-downgrades-for-august-22-2018,
news,kaggle_news:Jayson Derrick,2018-08-22 04:00:00,Netflix Vs. Amazon Vs. Nvidia: Picking A Tech Stock For The Long Haul,https://www.benzinga.com/tech/18/08/12245072/netflix-vs-amazon-vs-nvidia-picking-a-tech-stock-for-the-long-haul,
news,kaggle_news:Benzinga_Newsdesk,2018-08-22 04:00:00,"China Lodging Group Q2 Adj. EPS $0.28 Beats $0.25 Estimate, Sales $381.03M Beat $362.51M Estimate",https://www.benzinga.com/news/earnings/18/08/12247307/china-lodging-group-q2-adj-eps-0-28-beats-0-25-estimate-sales-381-03m-b,
news,kaggle_news:Benzinga Newsdesk,2018-08-22 04:00:00,CenturyLink shares are trading down 5.7% after Moffett Nathanson earlier downgraded the stock from Neutral to Sell.,https://www.benzinga.com/trading-ideas/movers/18/08/12243932/centurylink-shares-are-trading-down-5-7-after-moffett-nathanson-,
news,kaggle_news:Benzinga_Newsdesk,2018-08-22 04:00:00,"China Lodging Group Revises Gross Hotel Openings Outlook From 650-700 to 680-730; Says It Will ""Tighten Up"" Quality Control By Terminating Franchises That Fail To Maintain Standards",https://www.benzinga.com/news/18/08/12247330/china-lodging-group-revises-gross-hotel-openings-outlook-from-650-700-to-680-730,
news,kaggle_news:Benzinga_Newsdesk,2018-08-22 04:00:00,Nomura Downgrades Sinopec Shanghai to Reduce,https://www.benzinga.com/news/18/08/12245694/nomura-downgrades-sinopec-shanghai-to-reduce,
news,kaggle_news:Leigh Drogen,2018-08-22 04:00:00,Podcast: Can Emerging Market Equities Turn Around?,https://www.benzinga.com/news/18/08/12240058/podcast-can-emerging-market-equities-turn-around,
news,kaggle_news:Benzinga_Newsdesk,2018-08-22 04:00:00,Hearing OTR Global Downgraded Dollar Tree,https://www.benzinga.com/news/18/08/12243864/hearing-otr-global-downgraded-dollar-tree,
news,kaggle_news:Benzinga_Newsdesk,2018-08-22 04:00:00,Moffett Nathanson Downgrades CenturyLink to Sell,https://www.benzinga.com/news/18/08/12242955/moffett-nathanson-downgrades-centurylink-to-sell,
news,kaggle_news:Benzinga_Newsdesk,2018-08-22 04:00:00,SunTrust Robinson Humphrey Downgrades Premier to Hold,https://www.benzinga.com/news/18/08/12242632/suntrust-robinson-humphrey-downgrades-premier-to-hold,
news,kaggle_news:Benzinga_Newsdesk,2018-08-22 04:00:00,Forward Industries Up ~4% At $1.57/Share As Forward's Subsidiary IPS Announces A New Deal With Google Over Twitter,https://www.benzinga.com/news/18/08/12245635/forward-industries-up-4-at-1-57share-as-forwards-subsidiary-ips-announces-a-new-,
news,kaggle_news:Benzinga_Newsdesk,2018-08-22 04:00:00,China Lodging Group Sees Q3 Sales Up 10.5%-12.5% YoY,https://www.benzinga.com/news/18/08/12247321/china-lodging-group-sees-q3-sales-up-10-5-12-5-yoy,
news,kaggle_news:Benzinga_Newsdesk,2018-08-22 04:00:00,Raymond James Downgrades Finisar to Market Perform,https://www.benzinga.com/news/18/08/12243035/raymond-james-downgrades-finisar-to-market-perform,
news,kaggle_news:Benzinga_Newsdesk,2018-08-22 04:00:00,"Garmin, Disney Introduce vivofit jr. 2 Kid's Fitness Tracker And Interactive Mobile App",https://www.benzinga.com/news/18/08/12242607/garmin-disney-introduce-vivofit-jr-2-kids-fitness-tracker-and-interactive-mobile,
news,kaggle_news:Benzinga Newsdesk,2018-08-22 04:00:00,"Exact Sciences And Pfizer Enter Into U.S. Promotion Agreement For Cologuard; Pfizer Will Join Exact Sciences' Sales Reps I Reaching Both Physicians And Health systems, Will Actively Help In Extending Cologuard Marketing Campaign",https://www.benzinga.com/general/biotech/18/08/12242368/exact-sciences-and-pfizer-enter-into-u-s-promotion-agreement-for-colo,
news,kaggle_news:luke@benzinga.com,2018-08-22 04:00:00,Exact Sciences Shares Unaffected Following Comment By CEO On Co. Conference Call To Discuss Pfizer Deal For Cologuard: Pfizer Deal Will Have 'Very Little' Impact On Cologuard Sales This Year,https://www.benzinga.com/news/18/08/12243104/exact-sciences-shares-unaffected-following-comment-by-ceo-on-co-conference-call-,
news,kaggle_news:luke@benzinga.com,2018-08-22 04:00:00,From Exact Sciences Call To Discuss Cologuard Deal With Pfizer: Sees Deal Impacting Cologuard Sales Throughout 2019,https://www.benzinga.com/news/18/08/12243737/from-exact-sciences-call-to-discuss-cologuard-deal-with-pfizer-sees-deal-impacti,
news,kaggle_news:Benzinga Newsdesk,2018-08-22 04:00:00,"Pfizer and Astellas Pharmas Amed Protocals To 2 Phase 3 Trials (ARCHES and EMBARK), Moves Up Anticipated Completion Dates; ARCHES Date Changed From April 2020 to Late 2018, EMBARK Date Changed From March 2021 to Mid-2020",https://www.benzinga.com/general/biotech/18/08/12247310/pfizer-and-astellas-pharmas-amed-protocals-to-2-phase-3-trials-arches,
news,kaggle_news:Benzinga_Newsdesk,2018-08-22 04:00:00,JMP Securities Downgrades Marcus & Millichap to Market Perform,https://www.benzinga.com/news/18/08/12242653/jmp-securities-downgrades-marcus-millichap-to-market-perform,
news,kaggle_news:Shanthi Rexaline,2018-08-22 04:00:00,Raymond James Downgrades Optical Name Finisar On Near-Term Pressures,https://www.benzinga.com/analyst-ratings/analyst-color/18/08/12243678/raymond-james-downgrades-optical-name-finisar-on-near-t,
news,kaggle_news:Benzinga_Newsdesk,2018-08-22 04:00:00,Hearing Nomura Downgraded Sinopec Shanghai From Neutral To Reduce,https://www.benzinga.com/news/18/08/12245683/hearing-nomura-downgraded-sinopec-shanghai-from-neutral-to-reduce,
news,kaggle_news:Benzinga_Newsdesk,2018-08-22 04:00:00,Stifel Nicolaus Downgrades Zoetis to Hold,https://www.benzinga.com/news/18/08/12242613/stifel-nicolaus-downgrades-zoetis-to-hold,
news,kaggle_news:Seeking Alpha,2018-08-22 07:05:00,Public Storage slides after Goldman downgrades on excess storage space,https://seekingalpha.com/news/3384916-public-storage-slides-goldman-downgrades-excess-storage-space?source=partner_benzinga,
news,kaggle_news:Seeking Alpha,2018-08-22 08:14:00,PepsiCo: Adding SodaStream At Home,https://seekingalpha.com/article/4201408-pepsico-adding-sodastream-home?source=partner_benzinga,
news,kaggle_news:Zacks,2018-08-22 08:22:00,Target (TGT) vs. Walmart (WMT): Which Had Better Q2 Earnings?,http://www.zacks.com/stock/news/319167/target-tgt-vs-walmart-wmt-which-had-better-q2-earnings?cid=CS-BENZ-FT-319167,
news,kaggle_news:Seeking Alpha,2018-08-22 09:03:00,"Citi card mailings slump more than 60%, according to Wells Fargo analyst",https://seekingalpha.com/news/3384872-citi-card-mailings-slump-60-percent-according-wells-fargo-analyst?source=partner_benzinga,
news,kaggle_news:GuruFocus,2018-08-22 09:24:00,Why Netflix Could Deliver Further Gains After Doubling,http://www.gurufocus.com/news/727311/why-netflix-could-deliver-further-gains-after-doubling,
news,kaggle_news:Seeking Alpha,2018-08-22 09:50:00,Summertime And The Living Is Easy? | Emerging Markets,https://seekingalpha.com/article/4201341-summertime-living-easy-emerging-markets?source=partner_benzinga,
news,kaggle_news:Seeking Alpha,2018-08-22 09:50:00,"U.S., China resume trade talks ahead of tariffs",https://seekingalpha.com/news/3384721-u-s-china-resume-trade-talks-ahead-tariffs?source=partner_benzinga,
news,kaggle_news:Seeking Alpha,2018-08-22 09:57:00,China Unicom promises 300 Beijing 5G bases this year,https://seekingalpha.com/news/3384962-china-unicom-promises-300-beijing-5g-bases-year?source=partner_benzinga,
news,kaggle_news:Investor's Business Daily,2018-08-22 09:58:00,Stocks Mixed After What The Fed Minutes Said About The Future Of Interest Rates,http://www.investors.com/market-trend/stock-market-today/stocks-mixed-fed-minutes-interest-rates/?src=A00237A&ven=BenzingaCP&src=AURLAAM,
news,kaggle_news:Zacks,2018-08-22 10:11:00,Microsoft Fortifies Democracy Program With AccountGuard,http://www.zacks.com/stock/news/319025/microsoft-fortifies-democracy-program-with-accountguard?cid=CS-BENZ-FT-319025,
news,kaggle_news:Seeking Alpha,2018-08-22 10:26:00,Alphabet-Ical Ranking Of Information Network Stocks,https://seekingalpha.com/article/4201217-alphabet-ical-ranking-information-network-stocks?source=partner_benzinga,
news,kaggle_news:Investor's Business Daily,2018-08-22 10:37:00,"Dow Jones Cools Off, Nasdaq Up As Apple Stays On Track To $1.25 Trillion Market Cap",http://www.investors.com/market-trend/stock-market-today/dow-jones-nasdaq-up-apple-trillion-market-cap/?src=A00237A&ven=BenzingaCP&src=AURLAAM,
news,kaggle_news:Zacks,2018-08-22 10:49:00,Starbucks (SBUX) Stock Sunk Wednesday: Should You Stay Away?,http://www.zacks.com/stock/news/319169/starbucks-sbux-stock-sunk-wednesday-should-you-stay-away?cid=CS-BENZ-FT-319169,
news,kaggle_news:Zacks,2018-08-22 11:44:00,"The Zacks Analyst Blog Highlights: Boeing, NVIDIA, Las Vegas Sands, FedEx and NetApp",http://www.zacks.com/stock/news/318988/the-zacks-analyst-blog-highlights-boeing-nvidia-las-vegas-sands-fedex-and-netapp?cid=CS-BENZ-FT-318988,
news,kaggle_news:Seeking Alpha,2018-08-22 11:47:00,Credit Suisse wealth unit freezes $5B due to Russia sanctions: Bloomberg,https://seekingalpha.com/news/3384968-credit-suisse-wealth-unit-freezes-5b-due-russia-sanctions-bloomberg?source=partner_benzinga,
news,kaggle_news:Investor's Business Daily,2018-08-22 11:48:00,"Nasdaq Reverses Higher; Trade Talks, Fed Minutes Awaited",http://www.investors.com/market-trend/stock-market-today/trade-talks-nasdaq-stocks-fed-minutes/?src=A00237A&ven=BenzingaCP&src=AURLAAM,
news,kaggle_news:GuruFocus,2018-08-22 12:16:00,"Cleararc Capital Inc Buys Exxon Mobil Corp, Simon Property Group Inc, Prologis Inc, Sells ...",http://www.gurufocus.com/news/727477/cleararc-capital-inc-buys-exxon-mobil-corp-simon-property-group-inc-prologis-inc-sells-ishares-msci-japan-index-fund-the-estee-lauder-inc-texas-instruments-inc,
news,kaggle_news:Investor's Business Daily,2018-08-22 13:00:00,Tariff-Wary Stock Futures Dip; These 2 Retail Stocks Eye Breakouts,http://www.investors.com/market-trend/stock-market-today/stock-futures-lower-oil-prices-retail-stocks-rally/?src=A00237A&ven=BenzingaCP&src=AURLAAM,
news,kaggle_news:Seeking Alpha,2018-08-22 13:43:00,Who Is Who In China Retail,https://seekingalpha.com/article/4201379-china-retail?source=partner_benzinga,
news,kaggle_news:Seeking Alpha,2018-08-22 13:46:00,The Challenge From The Midterm Elections And Emerging Markets,https://seekingalpha.com/article/4201170-challenge-midterm-elections-emerging-markets?source=partner_benzinga,
news,kaggle_news:Zacks,2018-08-22 14:32:00,JPMorgan to Increase Competition by Offering Free Trades,http://www.zacks.com/stock/news/319006/jpmorgan-to-increase-competition-by-offering-free-trades?cid=CS-BENZ-FT-319006,
news,kaggle_news:Investor's Business Daily,2018-08-22 14:41:00,"Fed Minutes, Retail Earnings In Focus As Tech Stocks Lead Mixed Session",http://www.investors.com/market-trend/stock-market-today/fed-minutes-retail-earnings-tech-stocks-lead-mixed-session/?src=A00237A&ven=BenzingaCP&src=AURLAAM,
news,kaggle_news:Seeking Alpha,2018-08-22 14:56:00,"Sinopec, Zhejiang to build China LNG terminal, first phase set for end-2021",https://seekingalpha.com/news/3384917-sinopec-zhejiang-build-china-lng-terminal-first-phase-set-endminus-2021?source=partner_benzinga,
news,kaggle_news:Seeking Alpha,2018-08-22 15:41:00,"Boeing: Total Return And Dividend Growth Play, With Double-Digit Dividend Increase Expected In December?",https://seekingalpha.com/article/4201212-boeing-total-return-dividend-growth-play-double-digit-dividend-increase-expected-december?source=partner_benzinga,
news,kaggle_news:Investor's Business Daily,2018-08-22 16:06:00,"Why BJ's Wholesale, Rival To Costco And Walmart, Is An IPO To Watch",http://www.investors.com/research/the-new-america/bjs-wholesale-club-costco-walmart/?src=A00237A&ven=BenzingaCP&src=AURLAAM,
news,kaggle_news:Seeking Alpha,2018-08-22 16:23:00,"Facebook acts on inauthentic behavior linked to Iran, Russia",https://seekingalpha.com/news/3384714-facebook-acts-inauthentic-behavior-linked-iran-russia?source=partner_benzinga,
news,kaggle_news:Zacks,2018-08-22 16:23:00,Alnylam Completes Enrollment in Phase III Givosiran Study,http://www.zacks.com/stock/news/319173/alnylam-completes-enrollment-in-phase-iii-givosiran-study?cid=CS-BENZ-FT-319173,
news,kaggle_news:Seeking Alpha,2018-08-22 16:45:00,Tyson's Slide Confirms That Tariffs Remain The Breakfast Of Losers,https://seekingalpha.com/article/4201185-tysons-slide-confirms-tariffs-remain-breakfast-losers?source=partner_benzinga,
news,kaggle_news:Seeking Alpha,2018-08-22 16:55:00,PepsiCo Buying SodaStream - Rationale Behind The Deal,https://seekingalpha.com/article/4201221-pepsico-buying-sodastream-rationale-behind-deal?source=partner_benzinga,
news,kaggle_news:Seeking Alpha,2018-08-22 17:12:00,Finisar -2.4% after Raymond James downgrade,https://seekingalpha.com/news/3384775-finisar-minus-2_4-percent-raymond-james-downgrade?source=partner_benzinga,
news,kaggle_news:Zacks,2018-08-22 17:45:00,"The Zacks Analyst Blog Highlights: Alibaba, Tencent, JD.com and Walmart",http://www.zacks.com/stock/news/318990/the-zacks-analyst-blog-highlights-alibaba-tencent-jdcom-and-walmart?cid=CS-BENZ-FT-318990,
news,kaggle_news:Seeking Alpha,2018-08-22 18:11:00,Will The Bond Market Take A Turkish Bath?,https://seekingalpha.com/article/4201165-will-bond-market-take-turkish-bath?source=partner_benzinga,
news,kaggle_news:Zacks,2018-08-22 18:11:00,Zynga (ZNGA) Partners Disney to Develop New Star Wars Game,http://www.zacks.com/stock/news/319094/zynga-znga-partners-disney-to-develop-new-star-wars-game?cid=CS-BENZ-FT-319094,
news,kaggle_news:Seeking Alpha,2018-08-22 18:21:00,North Korea continuing nuclear work,https://seekingalpha.com/news/3384720-north-korea-continuing-nuclear-work?source=partner_benzinga,
news,kaggle_news:GuruFocus,2018-08-22 18:34:00,"Public Employees Retirement System Of Ohio Buys Broadcom Inc, PayPal Holdings Inc, Union ...",http://www.gurufocus.com/news/727611/public-employees-retirement-system-of-ohio-buys-broadcom-inc-paypal-holdings-inc-union-pacific-corp-sells-boeing-co-time-warner-inc-monsanto-co,
news,kaggle_news:Seeking Alpha,2018-08-22 18:42:00,Boeing: The Defense Segment In Focus,https://seekingalpha.com/article/4201167-boeing-defense-segment-focus?source=partner_benzinga,
news,kaggle_news:Zacks,2018-08-22 19:05:00,"Apple Roundup: Berkshire, $2 Trillion, Teen Hacks, FaceTime",http://www.zacks.com/stock/news/319177/apple-roundup-berkshire-%242-trillion-teen-hacks-facetime?cid=CS-BENZ-FT-319177,
news,kaggle_news:Seeking Alpha,2018-08-22 19:38:00,What's Pepsi's Plan With SodaStream?,https://seekingalpha.com/article/4201190-pepsis-plan-sodastream?source=partner_benzinga,
news,kaggle_news:Seeking Alpha,2018-08-22 20:19:00,What Trade War? Star Bulk Dominating,https://seekingalpha.com/article/4201168-trade-war-star-bulk-dominating?source=partner_benzinga,
news,kaggle_news:Seeking Alpha,2018-08-22 20:35:00,Hillenbrand downgraded at Sidoti,https://seekingalpha.com/news/3384871-hillenbrand-downgraded-sidoti?source=partner_benzinga,
news,kaggle_news:Benzinga Newsdesk,2018-08-23 04:00:00,Rimini Street Late Wednesday Announced Court-Ordered $21.5M Refund From Oracle And Seeks An Additional $41.3M In Further Appeals,https://www.benzinga.com/news/18/08/12250147/rimini-street-late-wednesday-announced-court-ordered-21-5m-refund-from-oracle-an,
news,kaggle_news:Benzinga_Newsdesk,2018-08-23 04:00:00,"Citigroup Initiates Coverage On Ares Capital with Buy Rating, Announces $19 Price Target",https://www.benzinga.com/news/18/08/12249440/citigroup-initiates-coverage-on-ares-capital-with-buy-rating-announces-19-price-,
news,kaggle_news:Benzinga Newsdesk,2018-08-23 04:00:00,"Stocks That Made New 52-Week Highs So Far Today Include: Costco, Express Scripts, Global Payments, Ross Stores, Abbott Labs, ADP, Medtronic, Tractor Supply, Intuitive Surgical, Gartner, Sysco, Advance Auto Parts, and AMD",https://www.benzinga.com/trading-ideas/technicals/18/08/12251677/stocks-that-made-new-52-week-highs-so-far-today-include-cost,
news,kaggle_news:JJ Kinahan,2018-08-23 04:00:00,"Fed On Center Stage As Jackson Hole Meeting Starts, With Powell Speech Friday",https://www.benzinga.com/news/earnings/18/08/12251056/fed-on-center-stage-as-jackson-hole-meeting-starts-with-powell-speech-f,
news,kaggle_news:Benzinga Newsdesk,2018-08-23 04:00:00,ABM Industries shares are trading down 7.7% after Baird downgraded the stock from Outperform to Neutral.,https://www.benzinga.com/trading-ideas/movers/18/08/12251679/abm-industries-shares-are-trading-down-7-7-after-baird-downgrade,
news,kaggle_news:Benzinga Newsdesk,2018-08-23 04:00:00,Google's YouTube Terminated 39 Channels It Said Are Linked To Iranian State Media Influence Operation,https://www.benzinga.com/news/18/08/12252709/googles-youtube-terminated-39-channels-it-said-are-linked-to-iranian-state-media,
news,kaggle_news:Benzinga_Newsdesk,2018-08-23 04:00:00,FDA Investigates Multistate Outbreak Of Cyclospora Illnesses Linked To Fresh Express Salad Mix Served At McDonald's,https://www.benzinga.com/news/18/08/12254421/fda-investigates-multistate-outbreak-of-cyclospora-illnesses-linked-to-fresh-exp,
news,kaggle_news:Benzinga_Newsdesk,2018-08-23 04:00:00,Baird Downgrades ABM Industries to Neutral,https://www.benzinga.com/news/18/08/12249825/baird-downgrades-abm-industries-to-neutral,
news,kaggle_news:Craig Jones,2018-08-23 04:00:00,"EA, Take-Two, Foot Locker, Oracle: 'Fast Money' Picks For August 23",https://www.benzinga.com/media/18/08/12248214/ea-take-two-foot-locker-oracle-fast-money-picks-for-august-23,
news,kaggle_news:Vick Meyer,2018-08-23 04:00:00,"Morgan Stanley Maintains Overweight on Pfizer, Raises Price Target to $45",https://www.benzinga.com/news/18/08/12249493/morgan-stanley-maintains-overweight-on-pfizer-raises-price-target-to-45,
news,kaggle_news:Craig Jones,2018-08-23 04:00:00,Baird Downgrades ABM Industries On Labor Market Challenges,https://www.benzinga.com/analyst-ratings/analyst-color/18/08/12252244/baird-downgrades-abm-industries-on-labor-market-challen,
news,kaggle_news:Lisa Levin,2018-08-23 04:00:00,"Benzinga's Top Upgrades, Downgrades For August 23, 2018",https://www.benzinga.com/analyst-ratings/upgrades/18/08/12250570/benzingas-top-upgrades-downgrades-for-august-23-2018,
news,kaggle_news:Craig Jones,2018-08-23 04:00:00,"Jim Cramer Weighs In on Acadia, Dropbox, Ford And More",https://www.benzinga.com/media/18/08/12248212/jim-cramer-weighs-in-on-acadia-dropbox-ford-and-more,
news,kaggle_news:Benzinga Newsdesk,2018-08-23 04:00:00,"Benzinga Pro Mid-Day Price Check For Regional ETFs: India (INDA) Up 0.8%, Europe (VGK) Up 0.6%, Canada (EWC) Up 0.6%, US (SPY) Down 0.1%, Japan (EWJ) Down 0.5%, Mexico (EWW) Down 0.7%, Russia (RSX) Down 1.3%, China ETF (FXI) Down 1.7%",https://www.benzinga.com/markets/18/08/12252200/benzinga-pro-mid-day-price-check-for-regional-etfs-india-inda-up-0-8-europe-v,
news,kaggle_news:Benzinga_Newsdesk,2018-08-23 04:00:00,"Citigroup Initiates Coverage On PPL with Neutral Rating, Announces $30 Price Target",https://www.benzinga.com/news/18/08/12249443/citigroup-initiates-coverage-on-ppl-with-neutral-rating-announces-30-price-targe,
news,kaggle_news:luke@benzinga.com,2018-08-23 04:00:00,"Imperial Capital Maintains Outperform, $494 Price Target On Netflix; Raises FY18 EPS Estimate 'to account for a slight improvement in int'l. subscribership'",https://www.benzinga.com/analyst-ratings/analyst-color/18/08/12249163/imperial-capital-maintains-outperform-494-price-target-,
news,kaggle_news:luke@benzinga.com,2018-08-23 04:00:00,UPDATE: Imperial On Netflix Highlights Recent Reports Suggesting Co. Is Experimenting In 33 Countries To Remove Capability For New Subs To Sign Up Via Apple App Store,https://www.benzinga.com/analyst-ratings/analyst-color/18/08/12249176/update-imperial-on-netflix-highlights-recent-reports-su,
news,kaggle_news:luke@benzinga.com,2018-08-23 04:00:00,"UPDATE: Imperial On Netflix: 'In the co.'s quest to expand margins within the int'l. bucket, eliminating the fees it pays to Apple for acting as a ""gatekeeper"" within the confines of the app store is a top priority.'",https://www.benzinga.com/analyst-ratings/analyst-color/18/08/12249379/update-imperial-on-netflix-in-the-co-s-quest-to-expand-,
news,kaggle_news:luke@benzinga.com,2018-08-23 04:00:00,"UPDATE: Imperial On Netflix Notes 'Apple realizes a 30% fee on the first year of a subscription enacted through the app store, which reverts to 15% in subsequent years.'",https://www.benzinga.com/analyst-ratings/analyst-color/18/08/12249381/update-imperial-on-netflix-notes-apple-realizes-a-30-fe,
news,kaggle_news:luke@benzinga.com,2018-08-23 04:00:00,Cybersecurity Stocks Spike To Afternoon Highs Following Report Google Hired FireEye To Complement Its Work By Internal Teams Following Termination Of Accounts Linked To The Islamic Republic Of Iran's Broadcasting Network,https://www.benzinga.com/news/18/08/12252781/cybersecurity-stocks-spike-to-afternoon-highs-following-report-google-hired-fire,
news,kaggle_news:Benzinga_Newsdesk,2018-08-23 04:00:00,AstraZeneca Says Lynparza Becomes The First PARP Inhibitor To Win Approval In China,https://www.benzinga.com/news/18/08/12249947/astrazeneca-says-lynparza-becomes-the-first-parp-inhibitor-to-win-approval-in-ch,
news,kaggle_news:Jayson Derrick,2018-08-23 04:00:00,Pro Remains Confident In Alibaba Despite Trade War Concerns,https://www.benzinga.com/news/earnings/18/08/12249951/pro-remains-confident-in-alibaba-despite-trade-war-concerns,
news,kaggle_news:luke@benzinga.com,2018-08-23 04:00:00,"Alibaba Shares Near Session Lows Into Close, Down ~2.8%; JP Morgan Issued Late-Day Note Cutting Price Target From $230 To $215, Maintained Overweight",https://www.benzinga.com/analyst-ratings/analyst-color/18/08/12253384/alibaba-shares-near-session-lows-into-close-down-2-8-jp,
news,kaggle_news:luke@benzinga.com,2018-08-23 04:00:00,FireEye Shares Spike 4.6% Higher Following Report Google Hired Co. To Complement Internal Cybersecurity Work; Stock Now Up 7.8% For Session,https://www.benzinga.com/news/18/08/12252788/fireeye-shares-spike-4-6-higher-following-report-google-hired-co-to-complement-i,
news,kaggle_news:luke@benzinga.com,2018-08-23 04:00:00,McDonald's Shares Dip Below $159.50 Level As Traders Circulate Recent Article From WIVB4 News 'Jamestown McDonalds temporarily shuts down after multiple reports of illness',https://www.benzinga.com/news/18/08/12252795/mcdonalds-shares-dip-below-159-50-level-as-traders-circulate-recent-article-from,
news,kaggle_news:luke@benzinga.com,2018-08-23 04:00:00,Identiv Reports Launch Of Its First Certificate-Based PKI Credential For Microsoft Minidriver,https://www.benzinga.com/news/18/08/12250473/identiv-reports-launch-of-its-first-certificate-based-pki-credential-for-microso,
news,kaggle_news:Hannah Genig,2018-08-23 04:00:00,"La-Z-Boy Shows Strong Execution, But Has Balanced Risk-Reward, KeyBanc Says In Downgrade",https://www.benzinga.com/analyst-ratings/analyst-color/18/08/12250566/la-z-boy-shows-strong-execution-but-has-balanced-risk-r,
news,kaggle_news:Benzinga Newsdesk,2018-08-23 04:00:00,"Westpac Banking Corp. shares are trading dwn 3.17% to $20.80 after announcing CIO Dave Curran will retire in January 2019, Citi's Craig Bright will replace him.",https://www.benzinga.com/trading-ideas/movers/18/08/12251593/westpac-banking-corp-shares-are-trading-dwn-3-17-to-20-80-after-,
news,kaggle_news:Benzinga Newsdesk,2018-08-23 04:00:00,"Hearing Alphabet Mentioned Positively By M Science, Unconfirmed",https://www.benzinga.com/analyst-ratings/analyst-color/18/08/12251435/hearing-alphabet-mentioned-positively-by-m-science-unco,
news,kaggle_news:Benzinga_Newsdesk,2018-08-23 04:00:00,Cantor Fitzgerald Downgrades Aetna to Neutral,https://www.benzinga.com/news/18/08/12249285/cantor-fitzgerald-downgrades-aetna-to-neutral,
news,kaggle_news:Benzinga Newsdesk,2018-08-23 04:00:00,China Life Insurance Co. Ltd. shares are trading 4.4% lower at $11.55 after the company released its mid-year financial results.,https://www.benzinga.com/trading-ideas/movers/18/08/12251445/china-life-insurance-co-ltd-shares-are-trading-4-4-lower-at-11-5,
news,kaggle_news:Hannah Genig,2018-08-23 04:00:00,Bullish KeyBanc Sees Opportunity For Tempur Sealy In A Mattress Firm Bankruptcy,https://www.benzinga.com/analyst-ratings/analyst-color/18/08/12250099/bullish-keybanc-sees-opportunity-for-tempur-sealy-in-a-,
news,kaggle_news:Benzinga_Newsdesk,2018-08-23 04:00:00,KeyBanc Downgrades La-Z-Boy to Sector Weight,https://www.benzinga.com/news/18/08/12248979/keybanc-downgrades-la-z-boy-to-sector-weight,
news,kaggle_news:luke@benzinga.com,2018-08-23 04:00:00,"China Cord Blood Q1 EPS $0.09 Misses $0.13 Estimate, Sales $35.336M Miss $39.36M Estimate",https://www.benzinga.com/news/earnings/18/08/12253697/china-cord-blood-q1-eps-0-09-misses-0-13-estimate-sales-35-336m-miss-39,
news,kaggle_news:Benzinga_Newsdesk,2018-08-23 04:00:00,"Citigroup Initiates Coverage On Apollo Investment with Sell Rating, Announces $5 Price Target",https://www.benzinga.com/news/18/08/12249439/citigroup-initiates-coverage-on-apollo-investment-with-sell-rating-announces-5-p,
news,kaggle_news:Benzinga_Newsdesk,2018-08-23 04:00:00,"Coca-Cola Bottling Co. Consolidated Names David Katz President, COO; Henry Flint Named Vice Chairman",https://www.benzinga.com/news/18/08/12250034/coca-cola-bottling-co-consolidated-names-david-katz-president-coo-henry-flint-na,
news,kaggle_news:Vick Meyer,2018-08-23 04:00:00,"Citigroup Maintains Neutral on Lowe's Companies, Raises Price Target to $112",https://www.benzinga.com/news/18/08/12249577/citigroup-maintains-neutral-on-lowes-companies-raises-price-target-to-112,
news,kaggle_news:Vick Meyer,2018-08-23 04:00:00,"Barclays Maintains Equal-Weight on Pfizer, Raises Price Target to $40",https://www.benzinga.com/news/18/08/12249461/barclays-maintains-equal-weight-on-pfizer-raises-price-target-to-40,
news,kaggle_news:Benzinga_Newsdesk,2018-08-23 04:00:00,"Head Of Group Representing GM, Ford, Fiat-Chrysler Says Based On His Understanding Of NAFTA Talks, Modified Auto Rules Would Allow North America, U.S-Based Automakers To Remain Competitive",https://www.benzinga.com/general/politics/18/08/12251714/head-of-group-representing-gm-ford-fiat-chrysler-says-based-on-his-u,
news,kaggle_news:luke@benzinga.com,2018-08-23 04:00:00,S&P Downgrades Harley-Davidson From A- To BBB+; Outlook Negative,https://www.benzinga.com/news/18/08/12252255/s-p-downgrades-harley-davidson-from-a-to-bbb-outlook-negative,
news,kaggle_news:Seeking Alpha,2018-08-23 07:02:00,China Life Insurance reports 1H results,https://seekingalpha.com/news/3385468-china-life-insurance-reports-1h-results?source=partner_benzinga,
news,kaggle_news:Seeking Alpha,2018-08-23 07:26:00,FireEye +8.6% after Google credits intelligence services,https://seekingalpha.com/news/3385359-fireeye-plus-8_6-percent-google-credits-intelligence-services?source=partner_benzinga,
news,kaggle_news:Seeking Alpha,2018-08-23 07:33:00,What The Emerging Markets Currency Crisis Means For Your Portfolio,https://seekingalpha.com/article/4201458-emerging-markets-currency-crisis-means-portfolio?source=partner_benzinga,
news,kaggle_news:Seeking Alpha,2018-08-23 07:42:00,"If You Want To Buy Gold, Watch The Fed",https://seekingalpha.com/article/4201696-want-buy-gold-watch-fed?source=partner_benzinga,
news,kaggle_news:Zacks,2018-08-23 07:43:00,Are Theater Stocks in Trouble As Amazon Targets Landmark?,http://www.zacks.com/stock/news/319288/are-theater-stocks-in-trouble-as-amazon-targets-landmark?cid=CS-BENZ-FT-319288,
news,kaggle_news:Zacks,2018-08-23 08:03:00,3 Manufacturing Stocks to Buy Despite Trade War Concerns,http://www.zacks.com/stock/news/319439/3-manufacturing-stocks-to-buy-despite-trade-war-concerns?cid=CS-BENZ-FT-319439,
news,kaggle_news:Seeking Alpha,2018-08-23 08:09:00,"Acacia, Finisar up as Piper sees return of China demand",https://seekingalpha.com/news/3385244-acacia-finisar-piper-sees-return-china-demand?source=partner_benzinga,
news,kaggle_news:Investor's Business Daily,2018-08-23 08:46:00,Tariff Tiff: How Investors Can Profit From A Trade War Escalation,http://www.investors.com/etfs-and-funds/personal-finance/tariff-coping-moves-trade-war/?src=A00237A&ven=BenzingaCP&src=AURLAAM,
news,kaggle_news:Zacks,2018-08-23 08:49:00,JPMorgan Adds Checking Accounts to Expand Sapphire Brand,http://www.zacks.com/stock/news/319263/jpmorgan-adds-checking-accounts-to-expand-sapphire-brand?cid=CS-BENZ-FT-319263,
news,kaggle_news:Zacks,2018-08-23 09:11:00,"The Zacks Analyst Blog Highlights: Zynga, Disney and 21st Century Fox",http://www.zacks.com/stock/news/319277/the-zacks-analyst-blog-highlights-zynga-disney-and-21st-century-fox?cid=CS-BENZ-FT-319277,
news,kaggle_news:Seeking Alpha,2018-08-23 09:22:00,Ares Capital gets buy rating in new BDC coverage by Citi,https://seekingalpha.com/news/3385304-ares-capital-gets-buy-rating-new-bdc-coverage-citi?source=partner_benzinga,
news,kaggle_news:Zacks,2018-08-23 09:35:00,Ford (F) Announces Safety Recalls in the U.S. and Canada,http://www.zacks.com/stock/news/319236/ford-f-announces-safety-recalls-in-the-us-and-canada?cid=CS-BENZ-FT-319236,
news,kaggle_news:Seeking Alpha,2018-08-23 09:48:00,China retaliates against new U.S. tariffs,https://seekingalpha.com/news/3385072-china-retaliates-new-u-s-tariffs?source=partner_benzinga,
news,kaggle_news:Zacks,2018-08-23 10:01:00,Alibaba's Growth Proves It Is the True Amazon of China,http://www.zacks.com/stock/news/319414/alibabas-growth-proves-it-is-the-true-amazon-of-china?cid=CS-BENZ-FT-319414,
news,kaggle_news:GuruFocus,2018-08-23 10:04:00,"Steve Mandel Trims Facebook, Exits Broadcom",http://www.gurufocus.com/news/727899/steve-mandel-trims-facebook-exits-broadcom,
news,kaggle_news:Seeking Alpha,2018-08-23 10:53:00,"Banco Macro downgraded, S&T Bancorp initiated at buy",https://seekingalpha.com/news/3385375-banco-macro-downgraded-s-and-t-bancorp-initiated-buy?source=partner_benzinga,
news,kaggle_news:Seeking Alpha,2018-08-23 10:54:00,Dale: 4 Charts To Reiterate #ChinaSlowing And #GlobalDivergences,https://seekingalpha.com/article/4201677-dale-4-charts-reiterate-chinaslowing-globaldivergences?source=partner_benzinga,
news,kaggle_news:Seeking Alpha,2018-08-23 11:27:00,Trade War Escalates With Tariffs (Wall Street Breakfast Podcast),https://seekingalpha.com/article/4201474-trade-war-escalates-tariffs-wall-street-breakfast-podcast?source=partner_benzinga,
news,kaggle_news:Seeking Alpha,2018-08-23 11:53:00,Tariffs Support U.S. Dollar,https://seekingalpha.com/article/4201478-tariffs-support-u-s-dollar?source=partner_benzinga,
news,kaggle_news:GuruFocus,2018-08-23 12:14:00,"Brookside Capital Management Llc Buys DocuSign Inc, Alphabet Inc, Schlumberger, Sells Altaba ...",http://www.gurufocus.com/news/728114/brookside-capital-management-llc-buys-docusign-inc-alphabet-inc-schlumberger-sells-altaba-inc-mulesoft-inc-nxp-semiconductors-nv,
news,kaggle_news:Seeking Alpha,2018-08-23 13:00:00,Turkey's Crisis And The Dollar's Future,https://seekingalpha.com/article/4201451-turkeys-crisis-dollars-future?source=partner_benzinga,
news,kaggle_news:Investor's Business Daily,2018-08-23 13:15:00,"Stock Market Today: Indexes Resilient Despite Trump, Trade War Angst",http://www.investors.com/market-trend/stock-market-today/stock-market-today-indexes-resilient-despite-trump-trade-war-angst/?src=A00237A&ven=BenzingaCP&src=AURLAAM,
news,kaggle_news:Seeking Alpha,2018-08-23 14:36:00,A.O. Smith Has A Problem Child Named China,https://seekingalpha.com/article/4201554-o-smith-problem-child-named-china?source=partner_benzinga,
news,kaggle_news:Zacks,2018-08-23 15:18:00,U.S. Oil Prices Rise As EIA Confirms Large Inventory Draw,http://www.zacks.com/stock/news/319273/us-oil-prices-rise-as-eia-confirms-large-inventory-draw?cid=CS-BENZ-FT-319273,
news,kaggle_news:Zacks,2018-08-23 15:26:00,Sinopec Joins Zhejiang Energy Group to Build LNG Terminal,http://www.zacks.com/stock/news/319229/sinopec-joins-zhejiang-energy-group-to-build-lng-terminal?cid=CS-BENZ-FT-319229,
news,kaggle_news:Zacks,2018-08-23 15:35:00,"Telecom Stock Roundup: Ericsson Partners Hi3G, Verizon's 5G Plans on Track & More",http://www.zacks.com/stock/news/319267/telecom-stock-roundup-ericsson-partners-hi3g-verizons-5g-plans-on-track-more?cid=CS-BENZ-FT-319267,
news,kaggle_news:Seeking Alpha,2018-08-23 15:37:00,First notices about no-deal Brexit,https://seekingalpha.com/news/3385077-first-notices-deal-brexit?source=partner_benzinga,
news,kaggle_news:Zacks,2018-08-23 15:44:00,"Auto Stock Roundup: Toyota to Raise Production Capacity in China, Ford Issues Recall",http://www.zacks.com/stock/news/319270/auto-stock-roundup-toyota-to-raise-production-capacity-in-china-ford-issues-recall?cid=CS-BENZ-FT-319270,
news,kaggle_news:Seeking Alpha,2018-08-23 15:51:00,ECB council 'confident' inflation is heading to more normal levels,https://seekingalpha.com/news/3385204-ecb-council-confident-inflation-heading-normal-levels?source=partner_benzinga,
news,kaggle_news:Seeking Alpha,2018-08-23 15:53:00,Emerging Markets Risks And International Reserves,https://seekingalpha.com/article/4201446-emerging-markets-risks-international-reserves?source=partner_benzinga,
news,kaggle_news:Zacks,2018-08-23 17:16:00,These Four Food Stocks are Getting Hurt by Tariffs,http://www.zacks.com/commentary/178152/these-four-food-stocks-are-getting-hurt-by-tariffs?cid=CS-BENZ-FT-178152,
news,kaggle_news:Seeking Alpha,2018-08-23 17:27:00,Wall Street Breakfast: Trade War Escalates With New Tariffs,https://seekingalpha.com/article/4201465-wall-street-breakfast-trade-war-escalates-new-tariffs?source=partner_benzinga,
news,kaggle_news:Seeking Alpha,2018-08-23 18:04:00,Own A Bond Instead Of Ford - Cramer's Lightning Round (8/22/18),https://seekingalpha.com/article/4201398-bond-instead-ford-cramers-lightning-round-8-22-18?source=partner_benzinga,
news,kaggle_news:Zacks,2018-08-23 18:16:00,Fed Minutes Hint at September Rate Hike: 5 Banking Picks,http://www.zacks.com/stock/news/319253/fed-minutes-hint-at-september-rate-hike-5-banking-picks?cid=CS-BENZ-FT-319253,
news,kaggle_news:Seeking Alpha,2018-08-23 19:02:00,Emerging Markets: Looking Past Turkey,https://seekingalpha.com/article/4201460-emerging-markets-looking-past-turkey?source=partner_benzinga,
news,kaggle_news:Zacks,2018-08-23 19:23:00,Oil Prices Settle at Above $74: 4 Energy Stocks to Buy Now,http://www.zacks.com/stock/news/319261/oil-prices-settle-at-above-%2474-4-energy-stocks-to-buy-now?cid=CS-BENZ-FT-319261,
news,kaggle_news:Seeking Alpha,2018-08-23 20:23:00,Why Are Markets Acting Like Recession Is Looming?,https://seekingalpha.com/article/4201457-markets-acting-like-recession-looming?source=partner_benzinga,
news,kaggle_news:Seeking Alpha,2018-08-23 20:43:00,Fed On Track To Tighten,https://seekingalpha.com/article/4201463-fed-track-tighten?source=partner_benzinga,
news,kaggle_news:Lisa Levin,2018-08-24 04:00:00,"Benzinga's Top Upgrades, Downgrades For August 24, 2018",https://www.benzinga.com/analyst-ratings/upgrades/18/08/12256410/benzingas-top-upgrades-downgrades-for-august-24-2018,
news,kaggle_news:luke@benzinga.com,2018-08-24 04:00:00,"JP Morgan Downgrades Cummins to Underweight, Lowers Price Target to $137",https://www.benzinga.com/news/18/08/12255620/jp-morgan-downgrades-cummins-to-underweight-lowers-price-target-to-137,
news,kaggle_news:luke@benzinga.com,2018-08-24 04:00:00,"RBC Capital Downgrades Clearwater Paper to Sector Perform, Raises Price Target to $35",https://www.benzinga.com/news/18/08/12255695/rbc-capital-downgrades-clearwater-paper-to-sector-perform-raises-price-target-to,
news,kaggle_news:Vick Meyer,2018-08-24 04:00:00,"JP Morgan Maintains Neutral on Coca-Cola Femsa, Raises Price Target to $73",https://www.benzinga.com/news/18/08/12256379/jp-morgan-maintains-neutral-on-coca-cola-femsa-raises-price-target-to-73,
news,kaggle_news:Vick Meyer,2018-08-24 04:00:00,"JP Morgan Maintains Neutral on Buckeye Partners, Lowers Price Target to $39",https://www.benzinga.com/news/18/08/12256468/jp-morgan-maintains-neutral-on-buckeye-partners-lowers-price-target-to-39,
news,kaggle_news:luke@benzinga.com,2018-08-24 04:00:00,China Biologic Products Reports Received Letter From CITIC Capital Withdrawing Its Prelim. Non-Binding Offer,https://www.benzinga.com/news/18/08/12255994/china-biologic-products-reports-received-letter-from-citic-capital-withdrawing-i,
news,kaggle_news:Vick Meyer,2018-08-24 04:00:00,"Citigroup Maintains Neutral on Intuit, Raises Price Target to $229",https://www.benzinga.com/news/18/08/12256800/citigroup-maintains-neutral-on-intuit-raises-price-target-to-229,
news,kaggle_news:Benzinga_Newsdesk,2018-08-24 04:00:00,"Leading Investor Group Issues Statement Following China Biologic's Dilutive Private Placement of Shares, Says They Are Deeply Disappointed That China Biologic's Board Decision",https://www.benzinga.com/general/hedge-funds/18/08/12257882/leading-investor-group-issues-statement-following-china-biologics,
news,kaggle_news:Benzinga Newsdesk,2018-08-24 04:00:00,"China Biologic Products shares are down 12.3% to $88.50 after the company announced sale of 5.85 million new shares, totalling 14.9% of outstanding shares.",https://www.benzinga.com/trading-ideas/movers/18/08/12256445/china-biologic-products-shares-are-down-12-3-to-88-50-after-the-,
news,kaggle_news:luke@benzinga.com,2018-08-24 04:00:00,UPDATE: China Biologic Says Entered Deals For Sale Of 5.85M Common Shares For Gross Proceeds Of ~$590M,https://www.benzinga.com/news/18/08/12255999/update-china-biologic-says-entered-deals-for-sale-of-5-85m-common-shares-for-gro,
news,kaggle_news:luke@benzinga.com,2018-08-24 04:00:00,UPDATE: China Biologic Says Has Unanimously Determined Offer From CITIC Is Not In The Best Interests Of Shareholders,https://www.benzinga.com/news/18/08/12255996/update-china-biologic-says-has-unanimously-determined-offer-from-citic-is-not-in,
news,kaggle_news:Benzinga Newsdesk,2018-08-24 04:00:00,"Benzinga Pro Mid-Day Price Check For Regional ETFs: Russia (RSX) Up 2.1%, Brazil (EWZ) Up 1.7%, China ETF (FXI) Up 1.7%, India (INDA) Up 1.5%, Europe (VGK) Up 1.0%, Australia (EWA) Up 1.0%, Mexico (EWW) Up 0.9%, Canada (EWC) Up 0.7%",https://www.benzinga.com/markets/18/08/12257758/benzinga-pro-mid-day-price-check-for-regional-etfs-russia-rsx-up-2-1-brazil-e,
news,kaggle_news:Jayson Derrick,2018-08-24 04:00:00,Alarm.com Downgraded On Valuation By Imperial Capital,https://www.benzinga.com/analyst-ratings/analyst-color/18/08/12256425/alarm-com-downgraded-on-valuation-by-imperial-capital,
news,kaggle_news:Benzinga Newsdesk,2018-08-24 04:00:00,"Benzinga Pro Morning Price Check For Regional ETFs: Brazil (EWZ) Up 2.2%, Russia (RSX) Up 1.4%, Mexico (EWW) Up 1.3%, China ETF (FXI) Up 1.2%, India (INDA) Up 1.2%, Europe (VGK) Up 0.7%, Australia (EWA) Up 0.6%, Canada (EWC) Up 0.4%",https://www.benzinga.com/markets/18/08/12256605/benzinga-pro-morning-price-check-for-regional-etfs-brazil-ewz-up-2-2-russia-r,
news,kaggle_news:Vick Meyer,2018-08-24 04:00:00,"JP Morgan Maintains Overweight on Plains All American, Raises Price Target to $32",https://www.benzinga.com/news/18/08/12256412/jp-morgan-maintains-overweight-on-plains-all-american-raises-price-target-to-32,
news,kaggle_news:Benzinga Newsdesk,2018-08-24 04:00:00,Netflix shares are trading up 3%; Traders circulating word of positive commentary by analyst at M Science.,https://www.benzinga.com/trading-ideas/movers/18/08/12256850/netflix-shares-are-trading-up-3-traders-circulating-word-of-posi,
news,kaggle_news:luke@benzinga.com,2018-08-24 04:00:00,"Netflix Shares Appear Unaffected As Traders Circulate Word Of Positive Commentary By Analyst At Data-Driven Research, Analytics Firm, M Science",https://www.benzinga.com/analyst-ratings/analyst-color/18/08/12256574/netflix-shares-appear-unaffected-as-traders-circulate-w,
news,kaggle_news:luke@benzinga.com,2018-08-24 04:00:00,"SunTrust Robinson Humphrey Upgrades Netflix to Buy, Lowers Price Target to $410",https://www.benzinga.com/news/18/08/12255700/suntrust-robinson-humphrey-upgrades-netflix-to-buy-lowers-price-target-to-410,
news,kaggle_news:Vick Meyer,2018-08-24 04:00:00,"Citigroup Maintains Buy on Children's Place, Raises Price Target to $154",https://www.benzinga.com/news/18/08/12256817/citigroup-maintains-buy-on-childrens-place-raises-price-target-to-154,
news,kaggle_news:Vick Meyer,2018-08-24 04:00:00,"JP Morgan Maintains Neutral on Veeva Systems, Raises Price Target to $95",https://www.benzinga.com/news/18/08/12256444/jp-morgan-maintains-neutral-on-veeva-systems-raises-price-target-to-95,
news,kaggle_news:Charles Gross,2018-08-24 04:00:00,Jefferies Downgrades Altria Group to Hold Lowers Price Target to $61,https://www.benzinga.com/analyst-ratings/downgrades/18/08/12255443/jefferies-downgrades-altria-group-to-hold-lowers-price-tar,
news,kaggle_news:Vick Meyer,2018-08-24 04:00:00,"JP Morgan Maintains Overweight on VMware, Raises Price Target to $165",https://www.benzinga.com/news/18/08/12256448/jp-morgan-maintains-overweight-on-vmware-raises-price-target-to-165,
news,kaggle_news:Vick Meyer,2018-08-24 04:00:00,"JP Morgan Maintains Overweight on Autodesk, Raises Price Target to $175",https://www.benzinga.com/news/18/08/12256356/jp-morgan-maintains-overweight-on-autodesk-raises-price-target-to-175,
news,kaggle_news:luke@benzinga.com,2018-08-24 04:00:00,"ExxonMobil Reports On Small Leak At Its Rotterdam Oil Refinery, Says Operations Have Been Disrupted",https://www.benzinga.com/news/18/08/12255624/exxonmobil-reports-on-small-leak-at-its-rotterdam-oil-refinery-says-operations-h,
news,kaggle_news:Vick Meyer,2018-08-24 04:00:00,"JP Morgan Maintains Overweight on Alibaba Group Holding, Lowers Price Target to $215",https://www.benzinga.com/news/18/08/12256454/jp-morgan-maintains-overweight-on-alibaba-group-holding-lowers-price-target-to-2,
news,kaggle_news:Benzinga_Newsdesk,2018-08-24 04:00:00,JP Morgan Downgrades Valero Energy Partners to Neutral,https://www.benzinga.com/news/18/08/12256261/jp-morgan-downgrades-valero-energy-partners-to-neutral,
news,kaggle_news:Vick Meyer,2018-08-24 04:00:00,"JP Morgan Maintains Neutral on Splunk, Raises Price Target to $115",https://www.benzinga.com/news/18/08/12256417/jp-morgan-maintains-neutral-on-splunk-raises-price-target-to-115,
news,kaggle_news:Jayson Derrick,2018-08-24 04:00:00,"Buy Netflix On The Pullback, SunTrust Says",https://www.benzinga.com/analyst-ratings/analyst-color/18/08/12257655/buy-netflix-on-the-pullback-suntrust-says,
news,kaggle_news:Benzinga_Newsdesk,2018-08-24 04:00:00,JP Morgan Downgrades Phillips 66 Partners to Neutral,https://www.benzinga.com/news/18/08/12256260/jp-morgan-downgrades-phillips-66-partners-to-neutral,
news,kaggle_news:Zacks,2018-08-24 07:18:00,"BJ's Restaurants, Newell Brands, Advanced Micro Devices, Intel and Nvidia highlighted as Zacks Bull and Bear of the Day",http://www.zacks.com/stock/news/319482/bjs-restaurants-newell-brands-advanced-micro-devices-intel-and-nvidia-highlighted-as-zacks-bull-and-bear-of-the-day?cid=CS-BENZ-FT-319482,
news,kaggle_news:Zacks,2018-08-24 07:47:00,JPMorgan to Cater to Banking Needs of Mid-Sized Firms Abroad,http://www.zacks.com/stock/news/319461/jpmorgan-to-cater-to-banking-needs-of-mid-sized-firms-abroad?cid=CS-BENZ-FT-319461,
news,kaggle_news:Zacks,2018-08-24 08:02:00,China's Tech Stocks Mired in Trade & Other Woes: What Next?,http://www.zacks.com/stock/news/319538/chinas-tech-stocks-mired-in-trade-other-woes-what-next?cid=CS-BENZ-FT-319538,
news,kaggle_news:Seeking Alpha,2018-08-24 11:02:00,Oil prices move higher as Iran supply issue looms,https://seekingalpha.com/news/3385562-oil-prices-move-higher-iran-supply-issue-looms?source=partner_benzinga,
news,kaggle_news:Seeking Alpha,2018-08-24 11:22:00,"China Biologic rejects takeover bids, raises $590M in new capital; shares down 11% premarket.",https://seekingalpha.com/news/3385541-china-biologic-rejects-takeover-bids-raises-590m-new-capital-shares-11-percent-premarket?source=partner_benzinga,
news,kaggle_news:Seeking Alpha,2018-08-24 12:05:00,Oracle Does Not Have A Growth Catalyst - Cramer's Lightning Round (8/23/18),https://seekingalpha.com/article/4201721-oracle-growth-catalyst-cramers-lightning-round-8-23-18?source=partner_benzinga,
news,kaggle_news:Seeking Alpha,2018-08-24 12:59:00,KLX shareholders approve merger with Boeing; board ok's spinoff,https://seekingalpha.com/news/3385682-klx-shareholders-approve-merger-boeing-board-oks-spinoff?source=partner_benzinga,
news,kaggle_news:Seeking Alpha,2018-08-24 14:33:00,Intel's 10nm Problems Have Implications Far Beyond What The Market Is Seeing,https://seekingalpha.com/article/4201847-intels-10nm-problems-implications-far-beyond-market-seeing?source=partner_benzinga,
news,kaggle_news:Seeking Alpha,2018-08-24 18:07:00,The Turkish Currency Crisis And What It Can Teach Us,https://seekingalpha.com/article/4201778-turkish-currency-crisis-can-teach-us?source=partner_benzinga,
news,kaggle_news:Seeking Alpha,2018-08-24 18:27:00,"Comcast, Fox come to carriage deal on Big Ten coverage",https://seekingalpha.com/news/3385691-comcast-fox-come-carriage-deal-big-ten-coverage?source=partner_benzinga,
news,kaggle_news:Seeking Alpha,2018-08-24 18:30:00,"Dollar suffers after China's yuan move, Fed's low-inflation outlook",https://seekingalpha.com/news/3385633-dollar-suffers-chinas-yuan-move-feds-low-inflation-outlook?source=partner_benzinga,
news,kaggle_news:Seeking Alpha,2018-08-24 18:56:00,U.S.-China trade talks end with no major progress,https://seekingalpha.com/news/3385475-u-s-china-trade-talks-end-major-progress?source=partner_benzinga,
news,kaggle_news:Seeking Alpha,2018-08-24 19:57:00,JinkoSolar signs solar module supply agreement with Powerchina Huadong Engineering Corporation,https://seekingalpha.com/news/3385600-jinkosolar-signs-solar-module-supply-agreement-powerchina-huadong-engineering-corporation?source=partner_benzinga,
news,kaggle_news:GuruFocus,2018-08-24 20:01:00,KLX Stockholders Approve Merger With The Boeing Company; KLX Inc. ...,http://www.gurufocus.com/news/728555/klx-stockholders-approve-merger-with-the-boeing-company-klx-inc-board-of-directors-approves-spinoff-of-klx-energy-services-holdings-inc-to-occur-on-september-14-2018,
news,kaggle_news:Seeking Alpha,2018-08-24 20:33:00,"China scraps foreign ownership limits for banks, bad-debt managers: Bloomberg",https://seekingalpha.com/news/3385612-china-scraps-foreign-ownership-limits-banks-bad-debt-managers-bloomberg?source=partner_benzinga,
news,kaggle_news:Seeking Alpha,2018-08-24 20:48:00,China Life Insurance Company Limited 2018 Q2 - Results - Earnings Call Slides,https://seekingalpha.com/article/4201928-china-life-insurance-company-limited-2018-q2-results-earnings-call-slides?source=partner_benzinga,
news,kaggle_news:Seeking Alpha,2018-08-24 20:54:00,Prices And Interest Rates May Be Weighing On Housing,https://seekingalpha.com/article/4201785-prices-interest-rates-may-weighing-housing?source=partner_benzinga,
news,kaggle_news:Benzinga Newsdesk,2018-08-24 21:02:11,KLX Stockholders Approve Merger With Boeing,https://www.benzinga.com/news/18/08/12259484/klx-stockholders-approve-merger-with-boeing,
news,kaggle_news:Nelson Hem,2018-08-25 04:00:00,"Benzinga's Bulls & Bears Of The Week: Alibaba, Apple, Nike, Tesla, Verizon And More",https://www.benzinga.com/media/18/08/12260490/benzingas-bulls-bears-of-the-week-alibaba-apple-nike-tesla-verizon-and-more,
news,kaggle_news:Nelson Hem,2018-08-25 04:00:00,"Barron's Picks And Pans: Electronic Arts, GlaxoSmithKline, Microsoft, Tesla And More",https://www.benzinga.com/media/18/08/12260491/barrons-picks-and-pans-electronic-arts-glaxosmithkline-microsoft-tesla-and-more,
news,kaggle_news:Seeking Alpha,2018-08-25 08:15:00,Turkey's Tumult Puts A Spotlight On Country ETFs,https://seekingalpha.com/article/4202041-turkeys-tumult-puts-spotlight-country-etfs?source=partner_benzinga,
news,kaggle_news:Seeking Alpha,2018-08-25 12:43:00,Ollie's Or Amazon? Which Is Your Portfolio's Better Bet Right Now?,https://seekingalpha.com/article/4202044-ollies-amazon-portfolios-better-bet-right-now?source=partner_benzinga,
news,kaggle_news:Investor's Business Daily,2018-08-26 09:06:00,"Adobe, Mastercard, PayPal Lead 5 Top Stocks That Just Carved This Bullish Base",http://www.investors.com/research/adobe-mastercard-paypal-home-depot-intuit-near-flat-base-buys/?src=A00237A&ven=BenzingaCP&src=AURLAAM,
news,kaggle_news:Seeking Alpha,2018-08-26 10:23:00,Rising U.S. Real Interest Rates Imply Falling Commodity Prices,https://seekingalpha.com/article/4202091-rising-u-s-real-interest-rates-imply-falling-commodity-prices?source=partner_benzinga,
news,kaggle_news:Seeking Alpha,2018-08-26 17:20:00,China's Pharma Boom,https://seekingalpha.com/article/4202077-chinas-pharma-boom?source=partner_benzinga,
news,kaggle_news:Seeking Alpha,2018-08-26 17:31:00,Tupperware Is Priced For Another Great Recession,https://seekingalpha.com/article/4202133-tupperware-priced-another-great-recession?source=partner_benzinga,
news,kaggle_news:Seeking Alpha,2018-08-26 17:47:00,Week In Review: 3 More China Biopharmas Planning Hong Kong IPOs,https://seekingalpha.com/article/4202076-week-review-3-china-biopharmas-planning-hong-kong-ipos?source=partner_benzinga,
news,kaggle_news:Seeking Alpha,2018-08-26 20:24:00,Comcast Is Regaining Ground And Likely To Continue To Do So,https://seekingalpha.com/article/4202143-comcast-regaining-ground-likely-continue?source=partner_benzinga,
news,kaggle_news:Lisa Levin,2018-08-27 04:00:00,"Benzinga's Top Upgrades, Downgrades For August 27, 2018",https://www.benzinga.com/analyst-ratings/upgrades/18/08/12262805/benzingas-top-upgrades-downgrades-for-august-27-2018,
news,kaggle_news:Benzinga Newsdesk,2018-08-27 04:00:00,"Benzinga Pro Mid-Day Price Check For Regional ETFs: China ETF (FXI) Up 2.3%, Brazil (EWZ) Up 2.3%, Mexico (EWW) Up 2.3%, Japan (EWJ) Up 1.5%, Russia (RSX) Up 1.3%, Europe (VGK) Up 1.3%, Canada (EWC) Up 1.2%, Australia (EWA) Up 1.1%",https://www.benzinga.com/markets/18/08/12264521/benzinga-pro-mid-day-price-check-for-regional-etfs-china-etf-fxi-up-2-3-brazi,
news,kaggle_news:Benzinga Newsdesk,2018-08-27 04:00:00,"PetroChina shares are up 2.5%; Despite no company-specific news, Chinese stocks are up after China's central bank took measures to stabilize the Yuan.",https://www.benzinga.com/trading-ideas/movers/18/08/12262900/petrochina-shares-are-up-2-5-despite-no-company-specific-news-ch,
news,kaggle_news:luke@benzinga.com,2018-08-27 04:00:00,FirstEnergy Enters Settlement Deal With Key Parties In FES Bankruptcy Proceedings,https://www.benzinga.com/news/18/08/12266413/firstenergy-enters-settlement-deal-with-key-parties-in-fes-bankruptcy-proceeding,
news,kaggle_news:Benzinga Newsdesk,2018-08-27 04:00:00,Pfizer Earlier Announced Primary Results From Phase 3 Transthyretin Amyloid Cardiomyopathy Study; Study Showed Tafamidis Significantly Reduced Combination Of All-Cause Mortality And Cardiovascular-Related Hospitalizations,https://www.benzinga.com/general/biotech/18/08/12262264/pfizer-earlier-announced-primary-results-from-phase-3-transthyretin-a,
news,kaggle_news:luke@benzinga.com,2018-08-27 04:00:00,"PreMarket Prep Opening NYSE Imbalance Update: SYSCO 161K Share Sell Imbalance, Pfizer 63K Sell Imbalance",https://www.benzinga.com/news/18/08/12262685/premarket-prep-opening-nyse-imbalance-update-sysco-161k-share-sell-imbalance-pfi,
news,kaggle_news:Benzinga Newsdesk,2018-08-27 04:00:00,Eidos Therapeutics shares now down 31.9%; Drop is being attributed to rival company Pfizer's positive clinical data from its trial of tafamidis.,https://www.benzinga.com/trading-ideas/movers/18/08/12264327/eidos-therapeutics-shares-now-down-31-9-drop-is-being-attributed,
news,kaggle_news:luke@benzinga.com,2018-08-27 04:00:00,Chinese Stocks Are Trading Higher after the Bank of China Announced it Would Stop a Decline in the Currency,https://www.benzinga.com/trading-ideas/movers/18/08/12261670/chinese-stocks-are-trading-higher-after-the-bank-of-china-announ,
news,kaggle_news:VantagePoint,2018-08-27 04:00:00,"VantagePoint's 5 Stocks To Watch: Uptrends In Discover And Progressive, Downtrends in Fastenal And Walmart",https://www.benzinga.com/trading-ideas/long-ideas/18/08/12264764/vantagepoints-5-stocks-to-watch-uptrends-in-discover-and-pro,
news,kaggle_news:Shanthi Rexaline,2018-08-27 04:00:00,Pfizer Slips Despite Mostly Positive Tafamidis Data; 4 Pharma Stocks Make Sympathy Moves,https://www.benzinga.com/analyst-ratings/analyst-color/18/08/12264373/pfizer-slips-despite-mostly-positive-tafamidis-data-4-p,
news,kaggle_news:Benzinga_Newsdesk,2018-08-27 04:00:00,"Citigroup Reinstates Neutral on Brookfield Infrastructure, Announces $43",https://www.benzinga.com/news/18/08/12261863/citigroup-reinstates-neutral-on-brookfield-infrastructure-announces-43,
news,kaggle_news:Wayne Duggan,2018-08-27 04:00:00,Citi Raises WWE Price Target Based On Free Cash Flow Outlook,https://www.benzinga.com/analyst-ratings/analyst-color/18/08/12264278/citi-raises-wwe-price-target-based-on-free-cash-flow-ou,
news,kaggle_news:Benzinga_Newsdesk,2018-08-27 04:00:00,Wedbush Downgrades American Eagle Outfitters to Neutral,https://www.benzinga.com/news/18/08/12261598/wedbush-downgrades-american-eagle-outfitters-to-neutral,
news,kaggle_news:Benzinga Newsdesk,2018-08-27 04:00:00,Iridium Communications shares are trading down 6% after Sidoti & Co. downgraded the stock to Neutral.,https://www.benzinga.com/trading-ideas/movers/18/08/12265317/iridium-communications-shares-are-trading-down-6-after-sidoti-co,
news,kaggle_news:luke@benzinga.com,2018-08-27 04:00:00,"President Trump on Call with Mexico's Nieto Says He Will Call Canadian Prime Minister Shortly, Says the Easiest Action Would be to Put Tariffs on Cars, According to Reuters",https://www.benzinga.com/news/18/08/12263833/president-trump-on-call-with-mexicos-nieto-says-he-will-call-canadian-prime-mini,
news,kaggle_news:Benzinga Newsdesk,2018-08-27 04:00:00,Chipotle Mexican Grill shares are down 4.3% to $498.52 after Wedbush downgraded the stock to Underperform and lowered its price target to $445; The firm said the company faces underappreciated risks.,https://www.benzinga.com/trading-ideas/movers/18/08/12264291/chipotle-mexican-grill-shares-are-down-4-3-to-498-52-after-wedbu,
news,kaggle_news:Benzinga_Newsdesk,2018-08-27 04:00:00,"Citigroup Initiates Coverage On Rigel Pharmaceuticals with Buy Rating, Announces $8.50 Price Target",https://www.benzinga.com/news/18/08/12261854/citigroup-initiates-coverage-on-rigel-pharmaceuticals-with-buy-rating-announces-,
news,kaggle_news:Benzinga Newsdesk,2018-08-27 04:00:00,"China Petroleum & Chemical Corp shares are up 5.6% premarket; Despite no company-specific news, Chinese stocks are up after China's central bank took measures to stabilize the Yuan.",https://www.benzinga.com/trading-ideas/movers/18/08/12262573/china-petroleum-chemical-corp-shares-are-up-5-6-premarket-despit,
news,kaggle_news:Benzinga_Newsdesk,2018-08-27 04:00:00,"AWS, VMware Announce Amazon Relational Database Service On VMware",https://www.benzinga.com/news/18/08/12264378/aws-vmware-announce-amazon-relational-database-service-on-vmware,
news,kaggle_news:Benzinga_Newsdesk,2018-08-27 04:00:00,Citigroup Upgrades Gap to Neutral,https://www.benzinga.com/news/18/08/12263136/citigroup-upgrades-gap-to-neutral,
news,kaggle_news:Vick Meyer,2018-08-27 04:00:00,"Citigroup Maintains Neutral on Target, Raises Price Target to $92",https://www.benzinga.com/news/18/08/12264513/citigroup-maintains-neutral-on-target-raises-price-target-to-92,
news,kaggle_news:Benzinga Newsdesk,2018-08-27 04:00:00,"Seeing upward movement in US banking and financial services stocks; Financial Select Sector SPDR ETF up 1.6%, Morgan Stanley up 3.8%, Goldman Sachs up 3.1%, Citigroup up 2.6%, JPMorgan Chase up 2.2%, Bank of america up 1.8%, Wells Fargo up 1.2%.",https://www.benzinga.com/news/18/08/12264237/seeing-upward-movement-in-us-banking-and-financial-services-stocks-financial-sel,
news,kaggle_news:Benzinga_Newsdesk,2018-08-27 04:00:00,Sidoti & Co. Downgrades Iridium Communications to Neutral,https://www.benzinga.com/news/18/08/12263405/sidoti-co-downgrades-iridium-communications-to-neutral,
news,kaggle_news:Benzinga_Newsdesk,2018-08-27 04:00:00,"Morgan Stanley Downgrades United States Steel to Underweight, Lowers Price Target to $30",https://www.benzinga.com/news/18/08/12262130/morgan-stanley-downgrades-united-states-steel-to-underweight-lowers-price-target,
news,kaggle_news:Benzinga_Newsdesk,2018-08-27 04:00:00,"Wedbush Downgrades Chipotle Mexican Grill to Underperform, Lowers Price Target to $445",https://www.benzinga.com/news/18/08/12261588/wedbush-downgrades-chipotle-mexican-grill-to-underperform-lowers-price-target-to,
news,kaggle_news:Benzinga Newsdesk,2018-08-27 04:00:00,UPDATE: Rachel Whetstone Named Netflix Chief Communications Officer,https://www.benzinga.com/news/18/08/12265046/update-rachel-whetstone-named-netflix-chief-communications-officer,
news,kaggle_news:Benzinga Newsdesk,2018-08-27 04:00:00,Facebook Comms Exec Rachel Whetstone Reportedly Leaving To Join Netflix,https://www.benzinga.com/news/18/08/12265021/facebook-comms-exec-rachel-whetstone-reportedly-leaving-to-join-netflix,
news,kaggle_news:Jayson Derrick,2018-08-27 04:00:00,"Morgan Stanley Double Downgrades US Steel, Makes Bullish Turn On 2 Rivals",https://www.benzinga.com/analyst-ratings/analyst-color/18/08/12263398/morgan-stanley-double-downgrades-u-s-steel-makes-bullis,
news,kaggle_news:Seeking Alpha,2018-08-27 08:17:00,China Petroleum & Chemical reports 1H results,https://seekingalpha.com/news/3385715-china-petroleum-and-chemical-reports-1h-results?source=partner_benzinga,
news,kaggle_news:Seeking Alpha,2018-08-27 08:22:00,Prospects For An Apple Car... Sharing Service,https://seekingalpha.com/article/4202298-prospects-apple-car-sharing-service?source=partner_benzinga,
news,kaggle_news:Seeking Alpha,2018-08-27 08:31:00,KraneShares CSI China Internet ETF: Trade War Frictions Create A Buying Opportunity,https://seekingalpha.com/article/4202229-kraneshares-csi-china-internet-etf-trade-war-frictions-create-buying-opportunity?source=partner_benzinga,
news,kaggle_news:Zacks,2018-08-27 09:33:00,"McDonald's (MCD) Strategic Efforts Bode Well, Margin Woes Linger",http://www.zacks.com/stock/news/319956/mcdonalds-mcd-strategic-efforts-bode-well-margin-woes-linger?cid=CS-BENZ-FT-319956,
news,kaggle_news:Seeking Alpha,2018-08-27 09:41:00,Illumina NGS system OK'd in China,https://seekingalpha.com/news/3385959-illumina-ngs-system-okd-china?source=partner_benzinga,
news,kaggle_news:Zacks,2018-08-27 09:57:00,"The Zacks Analyst Blog Highlights: Johnson & Johnson, Nike, BP, eBay and BCE",http://www.zacks.com/stock/news/319787/the-zacks-analyst-blog-highlights-johnson-johnson-nike-bp-ebay-and-bce?cid=CS-BENZ-FT-319787,
news,kaggle_news:Seeking Alpha,2018-08-27 11:05:00,The Cisco Of Pot,https://seekingalpha.com/article/4202217-cisco-pot?source=partner_benzinga,
news,kaggle_news:Zacks,2018-08-27 11:14:00,"Garmin, Cinemark, Netflix, Apple and Amazon highlighted as Zacks Bull and Bear of the Day",http://www.zacks.com/stock/news/319817/garmin-cinemark-netflix-apple-and-amazon-highlighted-as-zacks-bull-and-bear-of-the-day?cid=CS-BENZ-FT-319817,
news,kaggle_news:GuruFocus,2018-08-27 12:14:00,EFI to Present at the Citi —…–8 Global Technology Conference,http://www.gurufocus.com/news/729781/efi-to-present-at-the-citi-2018-global-technology-conference,
news,kaggle_news:Seeking Alpha,2018-08-27 12:18:00,China's industrial firms profits up 16.2% in July,https://seekingalpha.com/news/3385893-chinas-industrial-firms-profits-16_2-percent-july?source=partner_benzinga,
news,kaggle_news:Seeking Alpha,2018-08-27 13:05:00,"Forget September 5th, U.S. China Trade War Just Starting",https://seekingalpha.com/article/4202242-forget-september-5th-u-s-china-trade-war-just-starting?source=partner_benzinga,
news,kaggle_news:Seeking Alpha,2018-08-27 13:21:00,Sinopec has best quarter in years,https://seekingalpha.com/news/3385728-sinopec-best-quarter-years?source=partner_benzinga,
news,kaggle_news:Zacks,2018-08-27 13:27:00,5 Top Stocks to Gain as Powell Backs Gradual Rate Hikes,http://www.zacks.com/stock/news/319896/5-top-stocks-to-gain-as-powell-backs-gradual-rate-hikes?cid=CS-BENZ-FT-319896,
news,kaggle_news:Zacks,2018-08-27 14:01:00,JinkoSolar (JKS) to Supply 240MW Solar Modules to POWERCHINA,http://www.zacks.com/stock/news/319931/jinkosolar-jks-to-supply-240mw-solar-modules-to-powerchina?cid=CS-BENZ-FT-319931,
news,kaggle_news:Seeking Alpha,2018-08-27 15:01:00,Sinopec Shanghai Petrochemical reports 1H results,https://seekingalpha.com/news/3385832-sinopec-shanghai-petrochemical-reports-1h-results?source=partner_benzinga,
news,kaggle_news:Seeking Alpha,2018-08-27 16:35:00,Kudlow: U.S. may have to use auto tariffs if unable to reach fair deal with Canada,https://seekingalpha.com/news/3385977-kudlow-u-s-may-use-auto-tariffs-unable-reach-fair-deal-canada?source=partner_benzinga,
news,kaggle_news:Seeking Alpha,2018-08-27 17:13:00,Lira traders return from holiday break,https://seekingalpha.com/news/3385733-lira-traders-return-holiday-break?source=partner_benzinga,
news,kaggle_news:Seeking Alpha,2018-08-27 17:40:00,Trade pressure bites at China's industrial profits,https://seekingalpha.com/news/3385712-trade-pressure-bites-chinas-industrial-profits?source=partner_benzinga,
news,kaggle_news:Investor's Business Daily,2018-08-27 19:33:00,"Nasdaq, S&P 500 Post New Highs; JPMorgan Near Entry",http://www.investors.com/market-trend/stock-market-today/stocks-new-highs-2/?src=A00237A&ven=BenzingaCP&src=AURLAAM,
news,kaggle_news:GuruFocus,2018-08-27 20:16:00,"Hm Payson & Co Buys S&P Global Inc, Texas Instruments Inc, Aptiv PLC, Sells Amazon. ...",http://www.gurufocus.com/news/729733/hm-payson--co-buys-sp-global-inc-texas-instruments-inc-aptiv-plc-sells-amazoncom-inc-amgen-inc-alphabet-inc,
news,kaggle_news:Zacks,2018-08-27 20:45:00,Boeing Wins $208M Deal for Developing F-15 Legion IRST Pods,http://www.zacks.com/stock/news/319899/boeing-wins-%24208m-deal-for-developing-f-15-legion-irst-pods?cid=CS-BENZ-FT-319899,
news,kaggle_news:Shanthi Rexaline,2018-08-28 04:00:00,"Memory Exposure Drives BofA Downgrade Of Lam Research, Applied Materials; Analyst Says KLA-Tencor A Defensive Pick",https://www.benzinga.com/analyst-ratings/analyst-color/18/08/12270613/memory-exposure-drives-bofa-downgrade-of-lam-research-a,
news,kaggle_news:Benzinga_Newsdesk,2018-08-28 04:00:00,UPDATE: Google's Statement In Response To President Trump Says That 'Search Is Not Used To Set A Political Agenda And We Don't Bias Our Results Toward Any Political Ideology',https://www.benzinga.com/general/politics/18/08/12270019/update-googles-statement-in-response-to-president-trump-says-that-se,
news,kaggle_news:Benzinga Newsdesk,2018-08-28 04:00:00,Sears and Amazon To Expand Tire Purchase and Installation Program,https://www.benzinga.com/news/18/08/12268400/sears-and-amazon-to-expande-tire-purchase-and-installation-program,
news,kaggle_news:Lisa Levin,2018-08-28 04:00:00,"Benzinga's Top Upgrades, Downgrades For August 28, 2018",https://www.benzinga.com/analyst-ratings/upgrades/18/08/12269288/benzingas-top-upgrades-downgrades-for-august-28-2018,
news,kaggle_news:luke@benzinga.com,2018-08-28 04:00:00,PreMarket Prep Opening NYSE Imbalance Update: Bank Of America 573k Shares To Sell; AT&Tk 131k To Sell; Taiwan Semiconductor 122k Shares To Buy; Alibaba 70k To Buy; General Electric 51k Shares To Sell; Ford 261k To Buy; FCAU 18k To Buy,https://www.benzinga.com/news/18/08/12268746/premarket-prep-opening-nyse-imbalance-update-bank-of-america-573k-shares-to-sell,
news,kaggle_news:Benzinga_Newsdesk,2018-08-28 04:00:00,"Imperial Capital Downgrades Control4 to In-Line, Maintains Price Target to $32",https://www.benzinga.com/news/18/08/12267626/imperial-capital-downgrades-control4-to-in-line-maintains-price-target-to-32,
news,kaggle_news:Benzinga Newsdesk,2018-08-28 04:00:00,Lands' End shares are up 9.7%; Move is being attributed to the company's connection to Sears and may be trading up in sympathy after Sears announced Amazon partnership.,https://www.benzinga.com/trading-ideas/movers/18/08/12272303/lands-end-shares-are-up-9-7-move-is-being-attributed-to-the-comp,
news,kaggle_news:Benzinga_Newsdesk,2018-08-28 04:00:00,Macquarie Downgrades Harmony Gold Mining Co to Underperform,https://www.benzinga.com/news/18/08/12267981/macquarie-downgrades-harmony-gold-mining-co-to-underperform,
news,kaggle_news:Benzinga_Newsdesk,2018-08-28 04:00:00,"Watch Shares Of Nutrien, Intrepid Potash, And Mosaic As Reuters Reports Belarus Potash Co. CEO Will Propose Raising Price In Its New Contract With China From $230/T To $290/T",https://www.benzinga.com/news/18/08/12270211/watch-shares-of-nutrien-intrepid-potash-and-mosaic-as-reuters-reports-belarus-po,
news,kaggle_news:Hannah Genig,2018-08-28 04:00:00,Trump Goes After Google's Algorithms,https://www.benzinga.com/news/18/08/12270573/trump-goes-after-googles-algorithms,
news,kaggle_news:Benzinga Newsdesk,2018-08-28 04:00:00,China Biologic Responds To Lawsuit Filed In Cayman Islands By Former Chairman,https://www.benzinga.com/news/18/08/12273514/china-biologic-responds-to-lawsuit-filed-in-cayman-islands-by-former-chairman,
news,kaggle_news:Benzinga_Newsdesk,2018-08-28 04:00:00,Bank of America Downgrades Applied Materials to Neutral,https://www.benzinga.com/news/18/08/12268895/bank-of-america-downgrades-applied-materials-to-neutral,
news,kaggle_news:Benzinga Newsdesk,2018-08-28 04:00:00,"UPDATE: China Biologic Says It Is ""Prepared To Fend Off Meritless Lawsuits Like This And Will Take Actions To Seek Actual And Punitive Damages"" Against Former Chairman David Gao",https://www.benzinga.com/news/18/08/12273526/update-china-biologic-says-it-is-prepared-to-fend-off-meritless-lawsuits-like-th,
news,kaggle_news:Benzinga Newsdesk,2018-08-28 04:00:00,"Benzinga Pro Morning Price Check For Regional ETFs: Australia (EWA) Up 0.5%, Russia (RSX) Up 0.4%, Europe (VGK) Up 0.3%, Mexico (EWW) Up 0.2%, Canada (EWC) Up 0.2%, US (SPY) Up 0.2%, India (INDA) Flat, China ETF (FXI) Flat",https://www.benzinga.com/markets/18/08/12269641/benzinga-pro-morning-price-check-for-regional-etfs-australia-ewa-up-0-5-russi,
news,kaggle_news:Benzinga Newsdesk,2018-08-28 04:00:00,"Benzinga Pro Mid-Day Price Check For Regional ETFs: Australia (EWA) Up 0.2%, US (SPY) Flat, Europe (VGK) Flat, India (INDA) Down 0.2%, Russia (RSX) Down 0.2%, Japan (EWJ) Down 0.3%, Canada (EWC) Down 0.3%, China ETF (FXI) Down 0.4%",https://www.benzinga.com/markets/18/08/12270909/benzinga-pro-mid-day-price-check-for-regional-etfs-australia-ewa-up-0-2-us-sp,
news,kaggle_news:Benzinga_Newsdesk,2018-08-28 04:00:00,B. Riley FBR Downgrades American Software to Neutral,https://www.benzinga.com/news/18/08/12268401/b-riley-fbr-downgrades-american-software-to-neutral,
news,kaggle_news:Benzinga Newsdesk,2018-08-28 04:00:00,Pfizer Press Earlier Announced Voluntary Nationwide Recall Of One Lot of Children's Advil Bubble Gum Flavored 4 Oz. Bottle,https://www.benzinga.com/news/18/08/12270637/pfizer-press-earlier-announced-voluntary-nationwide-recall-of-one-lot-of-childre,
news,kaggle_news:Benzinga Newsdesk,2018-08-28 04:00:00,Hearing Pfizer Announces Nationwide Recall Of Children's Advil,https://www.benzinga.com/general/biotech/18/08/12270606/pfizer-announces-nationwide-recall-of-childrens-advil,
news,kaggle_news:Craig Jones,2018-08-28 04:00:00,"Ford, Marathon Oil, Oil And Germany: 'Fast Money' Picks For August 28",https://www.benzinga.com/media/18/08/12266979/ford-marathon-oil-oil-and-germany-fast-money-picks-for-august-28,
news,kaggle_news:Benzinga_Newsdesk,2018-08-28 04:00:00,"ShotSpotter, Verizon Expand Partnership With Reseller Agreement For Gunshot Detection Sevices; Verizon To Offer ShotSpotter Flex Within Smart Communities Suite Of Solutions",https://www.benzinga.com/news/18/08/12268395/shotspotter-verizon-expand-partnership-with-reseller-agreement-for-gunshot-detec,
news,kaggle_news:Benzinga_Newsdesk,2018-08-28 04:00:00,Raymond James Downgrades Newtek Business Services to Underperform,https://www.benzinga.com/news/18/08/12267977/raymond-james-downgrades-newtek-business-services-to-underperform,
news,kaggle_news:Benzinga_Newsdesk,2018-08-28 04:00:00,'JUST IN: JPMorgan Chase poaches Google's head of product management for cloud-based artificial intelligence'-CNBC Now Tweet,https://www.benzinga.com/news/18/08/12271874/just-in-jpmorgan-chase-poaches-googles-head-of-product-management-for-cloud-base,
news,kaggle_news:Benzinga Newsdesk,2018-08-28 04:00:00,"Alphabet Shares Down Just Slightly Premarket After Pres. Trump Earlier Accused The Search Giant Of Being ""RIGGED"" Against Him And Others, Suppressing Conservatives, Adding: 'Will be addressed!'",https://www.benzinga.com/news/18/08/12269204/alphabet-shares-down-just-slightly-premarket-after-pres-trump-earlier-accused-th,
news,kaggle_news:Benzinga_Newsdesk,2018-08-28 04:00:00,Bank of America Downgrades Lam Research to Neutral,https://www.benzinga.com/news/18/08/12268903/bank-of-america-downgrades-lam-research-to-neutral,
news,kaggle_news:Benzinga_Newsdesk,2018-08-28 04:00:00,"Hearing That Trump Warns Social Media Names Such As Google, Twitter, And Facebook That They Had Better Be Careful",https://www.benzinga.com/news/18/08/12272349/hearing-that-trump-warns-social-media-names-such-as-google-twitter-and-facebook-,
news,kaggle_news:Benzinga_Newsdesk,2018-08-28 04:00:00,'Breaking: Google statement in response to Trump tweet'-CNN Reporter Hadas Gold Tweets; BZ NOTE: Statement From Twitter Post Is In The Body,https://www.benzinga.com/news/18/08/12269963/breaking-google-statement-in-response-to-trump-tweet-cnn-reporter-hadas-gold-twe,
news,kaggle_news:Benzinga_Newsdesk,2018-08-28 04:00:00,"'Asked Larry Kudlow about Trump comments on Google. He said they are ""looking into it"" and doing some ""investigations"" and ""analysis""'-Bloomberg's Shannon Pettypiece Tweets",https://www.benzinga.com/news/18/08/12269293/asked-larry-kudlow-about-trump-comments-on-google-he-said-they-are-looking-into-,
news,kaggle_news:Benzinga_Newsdesk,2018-08-28 04:00:00,Tudor Pickering Downgrades Frank's International to Hold,https://www.benzinga.com/news/18/08/12268875/tudor-pickering-downgrades-franks-international-to-hold,
news,kaggle_news:Benzinga Newsdesk,2018-08-28 04:00:00,Eberspaecher And China Yuchai Subsidiary Earlier Announced Joint Venture; Joint Venture Company Will Produce And Sell Exhaust Emission Control systems For Chinese Commercial Vehicles,https://www.benzinga.com/news/18/08/12268424/eberspaecher-and-china-yuchai-subsidiary-earlier-announced-joint-venture-joint-v,
news,kaggle_news:Benzinga Newsdesk,2018-08-28 04:00:00,Sibanya-Stillwater shares are trading down 5.5% after Macquarie downgraded the stock from Neutral to Underperform.,https://www.benzinga.com/trading-ideas/movers/18/08/12269833/sibanya-stillwater-shares-are-trading-down-5-5-after-macquarie-d,
news,kaggle_news:Benzinga_Newsdesk,2018-08-28 04:00:00,Macquarie Downgrades Sibanye-Stillwater to Underperform,https://www.benzinga.com/news/18/08/12267982/macquarie-downgrades-sibanye-stillwater-to-underperform,
news,kaggle_news:Seeking Alpha,2018-08-28 07:14:00,Is Tunisia The Next Emerging Market To Implode?,https://seekingalpha.com/article/4202473-tunisia-next-emerging-market-implode?source=partner_benzinga,
news,kaggle_news:Seeking Alpha,2018-08-28 07:25:00,Sears expands tire installation program with Amazon,https://seekingalpha.com/news/3386080-sears-expands-tire-installation-program-amazon?source=partner_benzinga,
news,kaggle_news:Seeking Alpha,2018-08-28 07:40:00,Google partners with banks to start digital lending in India,https://seekingalpha.com/news/3386251-google-partners-banks-start-digital-lending-india?source=partner_benzinga,
news,kaggle_news:Zacks,2018-08-28 08:01:00,"Alphabet Roundup: Hardware, Privacy, App Store Tax, Health, China",http://www.zacks.com/stock/news/320194/alphabet-roundup-hardware-privacy-app-store-tax-health-china?cid=CS-BENZ-FT-320194,
news,kaggle_news:Seeking Alpha,2018-08-28 08:11:00,Inverted Yield Curve: A Reliable Predictor Of Recessions,https://seekingalpha.com/article/4202682-inverted-yield-curve-reliable-predictor-recessions?source=partner_benzinga,
news,kaggle_news:Zacks,2018-08-28 08:44:00,Boeing Wins $31M Navy Deal for Upgrading P-8A Repair Manual,http://www.zacks.com/stock/news/320112/boeing-wins-%2431m-navy-deal-for-upgrading-p-8a-repair-manual?cid=CS-BENZ-FT-320112,
news,kaggle_news:Seeking Alpha,2018-08-28 08:44:00,"Bloomberg: Amazon talking to Sony, Paramount for streaming rights",https://seekingalpha.com/news/3386253-bloomberg-amazon-talking-sony-paramount-streaming-rights?source=partner_benzinga,
news,kaggle_news:Zacks,2018-08-28 09:33:00,"Top Stock Reports for Oracle, Intuit & Regeneron Pharmaceuticals",http://www.zacks.com/research-daily/178982/top-stock-reports-for-oracle-intuit-regeneron-pharmaceuticals?cid=CS-BENZ-FT-178982,
news,kaggle_news:Seeking Alpha,2018-08-28 09:57:00,B. Riley downgrades American Software,https://seekingalpha.com/news/3386132-b-riley-downgrades-american-software?source=partner_benzinga,
news,kaggle_news:Zacks,2018-08-28 10:01:00,"E-Commerce Continues to Drive Walmart, Soft Margins a Worry",http://www.zacks.com/stock/news/320003/e-commerce-continues-to-drive-walmart-soft-margins-a-worry?cid=CS-BENZ-FT-320003,
news,kaggle_news:Seeking Alpha,2018-08-28 10:07:00,The Perplexing Question Of What Drives Inflation,https://seekingalpha.com/article/4202532-perplexing-question-drives-inflation?source=partner_benzinga,
news,kaggle_news:Investor's Business Daily,2018-08-28 11:36:00,Stock Market Today: Indexes Edge Higher; What's Ailing Netflix Stock?,http://www.investors.com/market-trend/stock-market-today/stock-market-today-sp500-nasdaq-all-time-high/?src=A00237A&ven=BenzingaCP&src=AURLAAM,
news,kaggle_news:Benzinga_Newsdesk,2018-08-28 11:40:04,"Deutsche Bank Downgrades DDR to Hold, Lowers Price Target to $14",https://www.benzinga.com/news/18/08/12268078/deutsche-bank-downgrades-ddr-to-hold-lowers-price-target-to-14,
news,kaggle_news:Seeking Alpha,2018-08-28 11:47:00,Lands' End +9% after being tied to Amazon-Sears partnership,https://seekingalpha.com/news/3386229-lands-end-plus-9-percent-tied-amazon-sears-partnership?source=partner_benzinga,
news,kaggle_news:Zacks,2018-08-28 11:53:00,PayPal Revamps App to Make it More Simple and Personalized,http://www.zacks.com/stock/news/319996/paypal-revamps-app-to-make-it-more-simple-and-personalized?cid=CS-BENZ-FT-319996,
news,kaggle_news:Seeking Alpha,2018-08-28 12:02:00,Turkey's Disproportionately Large Steel Sector Heavily Impacted By Tariffs,https://seekingalpha.com/article/4202489-turkeys-disproportionately-large-steel-sector-heavily-impacted-tariffs?source=partner_benzinga,
news,kaggle_news:Seeking Alpha,2018-08-28 12:18:00,Imbalance Of Trade: What Trade Wars Mean For Market Stability,https://seekingalpha.com/article/4202456-imbalance-trade-trade-wars-mean-market-stability?source=partner_benzinga,
news,kaggle_news:Seeking Alpha,2018-08-28 13:06:00,The Case For Emerging Markets And 5 Picks Worth A Look,https://seekingalpha.com/article/4202544-case-emerging-markets-5-picks-worth-look?source=partner_benzinga,
news,kaggle_news:Zacks,2018-08-28 13:36:00,Amazon (AMZN) Announces Availability of Amazon RDS on VMware,http://www.zacks.com/stock/news/320034/amazon-amzn-announces-availability-of-amazon-rds-on-vmware?cid=CS-BENZ-FT-320034,
news,kaggle_news:Seeking Alpha,2018-08-28 14:14:00,Eberspaecher and China Yuchai's subsidiary form a Joint Venture,https://seekingalpha.com/news/3386263-eberspaecher-china-yuchais-subsidiary-form-joint-venture?source=partner_benzinga,
news,kaggle_news:Seeking Alpha,2018-08-28 14:16:00,China may scrap two-child limit,https://seekingalpha.com/news/3386004-china-may-scrap-two-child-limit?source=partner_benzinga,
news,kaggle_news:Seeking Alpha,2018-08-28 14:26:00,May: No-deal Brexit not 'end of the world',https://seekingalpha.com/news/3386010-may-deal-brexit-end-world?source=partner_benzinga,
news,kaggle_news:GuruFocus,2018-08-28 14:46:00,"Agios to Present at the Citi –'th Annual Biotech Conference Wednesday, September 5, —…–8",http://www.gurufocus.com/news/729942/agios-to-present-at-the-citi-13th-annual-biotech-conference-wednesday-september-5-2018,
news,kaggle_news:GuruFocus,2018-08-28 14:48:00,VMware to Present at the Citi —…–8 Global Technology Conference,http://www.gurufocus.com/news/730531/vmware-to-present-at-the-citi-2018-global-technology-conference,
news,kaggle_news:Zacks,2018-08-28 15:06:00,"The Zacks Analyst Blog Highlights: Microsoft, Alphabet, Bank of America, 3M and Suncor",http://www.zacks.com/stock/news/319993/the-zacks-analyst-blog-highlights-microsoft-alphabet-bank-of-america-3m-and-suncor?cid=CS-BENZ-FT-319993,
news,kaggle_news:Investor's Business Daily,2018-08-28 15:38:00,Stock Indexes Seek Direction While Alphabet Is Little Changed After Trump Criticism,http://www.investors.com/market-trend/stock-market-today/stock-indexes-seek-direction-alphabet-trump-criticism/?src=A00237A&ven=BenzingaCP&src=AURLAAM,
news,kaggle_news:Seeking Alpha,2018-08-28 15:40:00,Sears +17% after Amazon tire deal expansion,https://seekingalpha.com/news/3386086-sears-plus-17-percent-amazon-tire-deal-expansion?source=partner_benzinga,
news,kaggle_news:Seeking Alpha,2018-08-28 15:46:00,Qorvo: Strengths Apart From Its Apple Relationship,https://seekingalpha.com/article/4202710-qorvo-strengths-apart-apple-relationship?source=partner_benzinga,
news,kaggle_news:Seeking Alpha,2018-08-28 16:06:00,Control4 -7.9% on Imperial Capital downgrade,https://seekingalpha.com/news/3386217-control4-minus-7_9-percent-imperial-capital-downgrade?source=partner_benzinga,
news,kaggle_news:Seeking Alpha,2018-08-28 16:06:00,"Regency Centers, Retail Properties rise on upgrade; DDR falls on downgrade",https://seekingalpha.com/news/3386186-regency-centers-retail-properties-rise-upgrade-ddr-falls-downgrade?source=partner_benzinga,
news,kaggle_news:Seeking Alpha,2018-08-28 16:18:00,"Biotech Analysis Central Pharma News: Shire's Results, Novo Nordisk's Goal, Pfizer And Exact Team Up",https://seekingalpha.com/article/4202566-biotech-analysis-central-pharma-news-shires-results-novo-nordisks-goal-pfizer-exact-team?source=partner_benzinga,
news,kaggle_news:Seeking Alpha,2018-08-28 16:41:00,Trump dents hopes for China trade deal,https://seekingalpha.com/news/3386021-trump-dents-hopes-china-trade-deal?source=partner_benzinga,
news,kaggle_news:Seeking Alpha,2018-08-28 16:50:00,Early indicators show China's economy weakening again in August,https://seekingalpha.com/news/3386204-early-indicators-show-chinas-economy-weakening-august?source=partner_benzinga,
news,kaggle_news:Seeking Alpha,2018-08-28 16:55:00,Commodities Face China Headwinds Amid Slowing Consumption,https://seekingalpha.com/article/4202428-commodities-face-china-headwinds-amid-slowing-consumption?source=partner_benzinga,
news,kaggle_news:Seeking Alpha,2018-08-28 17:04:00,"JPMorgan pushes into Boston, making a challenging market even difficult",https://seekingalpha.com/news/3386200-jpmorgan-pushes-boston-making-challenging-market-even-difficult?source=partner_benzinga,
news,kaggle_news:Seeking Alpha,2018-08-28 17:14:00,The Leading Overseas Investment Firm In China?,https://seekingalpha.com/article/4202657-leading-overseas-investment-firm-china?source=partner_benzinga,
news,kaggle_news:Seeking Alpha,2018-08-28 17:26:00,Netflix: The Big Picture,https://seekingalpha.com/article/4202534-netflix-big-picture?source=partner_benzinga,
news,kaggle_news:Investor's Business Daily,2018-08-28 18:01:00,"U.S. Stock Futures Climb: DSW, China IPOs Soar; Chipmaker Eyes Breakout",http://www.investors.com/market-trend/stock-market-today/u-s-stock-futures-climb-dsw-tiffany-tilray-soar-china-ipos-rally/?src=A00237A&ven=BenzingaCP&src=AURLAAM,
news,kaggle_news:Seeking Alpha,2018-08-28 18:55:00,Corporate China - Invest In China With B&B Market,https://seekingalpha.com/article/4202407-corporate-china-invest-china-b-and-b-market?source=partner_benzinga,
news,kaggle_news:Zacks,2018-08-28 19:10:00,"Trump vs. Google, and Why Microsoft Is a Strong Buy Stock | Free Lunch",http://www.zacks.com/stock/news/320190/trump-vs-google-and-why-microsoft-is-a-strong-buy-stock-free-lunch?cid=CS-BENZ-FT-320190,
news,kaggle_news:Seeking Alpha,2018-08-28 19:33:00,China Petroleum & Chemical declares RMB0.16 dividend,https://seekingalpha.com/news/3386059-china-petroleum-and-chemical-declares-rmb0_16-dividend?source=partner_benzinga,
news,kaggle_news:Investor's Business Daily,2018-08-28 20:23:00,"Nasdaq, S&P Hit New Highs; Apple Stock Gains As Big Launch Seen",http://www.investors.com/market-trend/stock-market-today/nasdaq-new-high-apple-stock-gains/?src=A00237A&ven=BenzingaCP&src=AURLAAM,
news,kaggle_news:Benzinga_Newsdesk,2018-08-29 04:00:00,Canaccord Genuity Downgrades Bank of Nova Scotia to Hold,https://www.benzinga.com/news/18/08/12276255/canaccord-genuity-downgrades-bank-of-nova-scotia-to-hold,
news,kaggle_news:Hal Lindon,2018-08-29 04:00:00,"Japanese Government Meets Today With Execs From Boeing, Toyota, Uber and Others To Discuss Flying Cars",https://www.benzinga.com/news/18/08/12275228/japanese-government-meets-today-with-execs-from-boeing-toyota-uber-and-others-to,
news,kaggle_news:Benzinga_Newsdesk,2018-08-29 04:00:00,Sotheby's Says Does Not Support US Tariff On Works Of Art Of Chinese Origin; Says Co. Does Not Believe Proposed Tariff Will Have A Materiel Effect On Results,https://www.benzinga.com/news/18/08/12280478/sothebys-says-doe-not-support-us-tariff-on-works-of-art-of-chinese-origin-says-c,
news,kaggle_news:Benzinga Newsdesk,2018-08-29 04:00:00,"Cox Automotive Yesterday Issued Forecasts for Upcoming August U.S. Auto Sales, Firm Sees: Ford -3.4% YoY, GM -7.5%, Fiat Chrysler +10.8%, Toyota +1%, American Honda -0.7%",https://www.benzinga.com/analyst-ratings/analyst-color/18/08/12276271/cox-automotive-yesterday-issued-forecasts-for-upcoming-,
news,kaggle_news:Benzinga_Newsdesk,2018-08-29 04:00:00,JP Morgan Upgrades Leju Holdings to Neutral,https://www.benzinga.com/news/18/08/12275686/jp-morgan-upgrades-leju-holdings-to-neutral,
news,kaggle_news:Charles Gross,2018-08-29 04:00:00,"Exports of Cars, SUVs from Mexico Could be Subject to 25% U.S. Tariff Above 2.4M Vehicles",https://www.benzinga.com/news/18/08/12274844/exports-of-cars-suvs-from-mexico-could-be-subject-to-25-u-s-tariff-above-2-4m-ve,
news,kaggle_news:Benzinga_Newsdesk,2018-08-29 04:00:00,Citigroup Upgrades Barrick Gold to Neutral,https://www.benzinga.com/news/18/08/12275254/citigroup-upgrades-barrick-gold-to-neutral,
news,kaggle_news:Benzinga Newsdesk,2018-08-29 04:00:00,"Stocks That Made New 52-Week Highs So Far Today Include: Salesforce, Textron, TJX, Kansas City Southern, Dover, HCA, United Continental, Ingersoll-Rand, Xilinx, Thermo Fisher, Progressive, Microsoft, Apple, Paypal, Cisco, UnitedHealth, Visa & Mastercard",https://www.benzinga.com/trading-ideas/technicals/18/08/12278953/stocks-that-made-new-52-week-highs-so-far-today-include-sale,
news,kaggle_news:Benzinga_Newsdesk,2018-08-29 04:00:00,'WASHINGTON (AP) -- US commission finds no harm to paper mills from imported newsprint; ruling kills tariffs on Canadian imports.'-CNBC's Carl Quintanilla Tweets,https://www.benzinga.com/news/18/08/12278086/washington-ap-us-commission-finds-no-harm-to-paper-mills-from-imported-newsprint,
news,kaggle_news:Benzinga Newsdesk,2018-08-29 04:00:00,"Eaton Receives Arbitration Decision Related To 2012 Acquisition of Cooper Industries, Some of Its Subsidiaries Have Been Ordered To Pay $293M to Pepsi; Co. Sees $0.47/Share Negative Impact to Q3 Earnings From The Arbitration Award",https://www.benzinga.com/news/18/08/12280311/eaton-receives-arbitration-decision-related-to-2012-acquisition-of-cooper-indust,
news,kaggle_news:Vick Meyer,2018-08-29 04:00:00,"JP Morgan Maintains Neutral on Entergy, Raises Price Target to $85",https://www.benzinga.com/news/18/08/12275855/jp-morgan-maintains-neutral-on-entergy-raises-price-target-to-85,
news,kaggle_news:Benzinga_Newsdesk,2018-08-29 04:00:00,Mexico Steel Lobby Requests Mexican Gov. Seek Mexico's Exclusion From 232 Tariff Measure Before Closing Trileteral; NAFTA Renegotiation; Says Mexico Should Impose Equivalent Measures Against US Steel Imports To Even Out Playing Field In Meantime,https://www.benzinga.com/news/18/08/12279702/mexico-steel-lobby-requests-mexican-gov-seek-mexicos-exclusion-from-232-tariff-m,
news,kaggle_news:Lisa Levin,2018-08-29 04:00:00,"Benzinga's Top Upgrades, Downgrades For August 29, 2018",https://www.benzinga.com/analyst-ratings/upgrades/18/08/12276724/benzingas-top-upgrades-downgrades-for-august-29-2018,
news,kaggle_news:Benzinga Newsdesk,2018-08-29 04:00:00,Westport Fuel Systems And Weichai Westport Late Tuesday Announced Plan To Commercialize HPDI 2.0 Technology For China,https://www.benzinga.com/news/18/08/12276216/westport-fuel-systems-and-weichai-westport-late-tuesday-announced-plan-to-commer,
news,kaggle_news:Vick Meyer,2018-08-29 04:00:00,"JP Morgan Maintains Overweight on Weibo, Lowers Price Target to $118",https://www.benzinga.com/news/18/08/12275924/jp-morgan-maintains-overweight-on-weibo-lowers-price-target-to-118,
news,kaggle_news:Vick Meyer,2018-08-29 04:00:00,"JP Morgan Maintains Neutral on Autohome, Raises Price Target to $80",https://www.benzinga.com/news/18/08/12275687/jp-morgan-maintains-neutral-on-autohome-raises-price-target-to-80,
news,kaggle_news:Benzinga Newsdesk,2018-08-29 04:00:00,"UK Brexit Minister Dominic Raab Says A Brexit Deal Is 'Within Out Sights,' Aiming To Reach Deal At October Council",https://www.benzinga.com/news/18/08/12276669/uk-brexit-minister-dominic-raab-says-a-brexit-deal-is-within-out-sights-aiming-t,
news,kaggle_news:Jayson Derrick,2018-08-29 04:00:00,"Morgan Stanley Lifts Amazon's Price Target To $2,500, Bullish On Waymo's Prospects For Alphabet",https://www.benzinga.com/analyst-ratings/analyst-color/18/08/12275983/morgan-stanley-lifts-amazons-price-target-to-2-500-bull,
news,kaggle_news:Benzinga_Newsdesk,2018-08-29 04:00:00,"Morgan Stanley Maintains Overweight on Alphabet, Raises Price Target to $1.515K",https://www.benzinga.com/news/18/08/12275526/morgan-stanley-maintains-overweight-on-alphabet-raises-price-target-to-1-515k,
news,kaggle_news:Benzinga_Newsdesk,2018-08-29 04:00:00,"Trump Says Google, Twitter And Facebook Trying To Silence People",https://www.benzinga.com/news/18/08/12279530/trump-says-google-twitter-and-facebook-trying-to-silence-people,
news,kaggle_news:Benzinga Newsdesk,2018-08-29 04:00:00,"REMINDER: Jack Dorsey, Sheryl Sandberg To Appear Before Congressional Committee September 5th To Discuss Content Policing Methods; Alphabet Offered To Send SVP Kent Walker But Senate Rejected This Offer",https://www.benzinga.com/news/18/08/12280473/reminder-jack-dorsey-sheryl-sandberg-to-appear-before-congressional-committee-se,
news,kaggle_news:Benzinga_Newsdesk,2018-08-29 04:00:00,PayPal Seeks To Add 1M Clients In Partnership With Itau,https://www.benzinga.com/news/18/08/12277321/paypal-seeks-to-add-1m-clients-in-partnership-with-itau,
news,kaggle_news:Benzinga_Newsdesk,2018-08-29 04:00:00,Dunkin' Donuts Expands Order-Anywhere Accessibility with Amazon Alexa Integration,https://www.benzinga.com/news/18/08/12277879/dunkin-donuts-expands-order-anywhere-accessibility-with-amazon-alexa-integration,
news,kaggle_news:Benzinga Newsdesk,2018-08-29 04:00:00,"Benzinga Pro Mid-Day Price Check For Regional ETFs: Brazil (EWZ) Up 1.7%, Russia (RSX) Up 1.0%, Australia (EWA) Up 0.9%, Mexico (EWW) Up 0.9%, China ETF (FXI) Up 0.7%, US (SPY) Up 0.6%, Europe (VGK) Up 0.5%, Canada (EWC) Up 0.5%",https://www.benzinga.com/markets/18/08/12278375/benzinga-pro-mid-day-price-check-for-regional-etfs-brazil-ewz-up-1-7-russia-r,
news,kaggle_news:Vick Meyer,2018-08-29 04:00:00,"JP Morgan Maintains Overweight on SINA, Lowers Price Target to $150",https://www.benzinga.com/news/18/08/12275920/jp-morgan-maintains-overweight-on-sina-lowers-price-target-to-150,
news,kaggle_news:Benzinga_Newsdesk,2018-08-29 04:00:00,Credit Suisse Downgrades Fang Holdings to Neutral,https://www.benzinga.com/news/18/08/12276351/credit-suisse-downgrades-fang-holdings-to-neutral,
news,kaggle_news:Vick Meyer,2018-08-29 04:00:00,"JP Morgan Maintains Neutral on Westlake Chemical, Lowers Price Target to $105",https://www.benzinga.com/news/18/08/12275931/jp-morgan-maintains-neutral-on-westlake-chemical-lowers-price-target-to-105,
news,kaggle_news:Shanthi Rexaline,2018-08-29 04:00:00,"What's Behind The Divergence Between The US, Emerging Markets?",https://www.benzinga.com/analyst-ratings/analyst-color/18/08/12257923/whats-behind-the-divergence-between-the-us-emerging-mar,
news,kaggle_news:Seeking Alpha,2018-08-29 07:59:00,5 Fed Manufacturing Index Softer In August,https://seekingalpha.com/article/4202740-5-fed-manufacturing-index-softer-august?source=partner_benzinga,
news,kaggle_news:Seeking Alpha,2018-08-29 09:05:00,Buy AutoZone: Amazon Fears Are Overblown,https://seekingalpha.com/article/4202735-buy-autozone-amazon-fears-overblown?source=partner_benzinga,
news,kaggle_news:Seeking Alpha,2018-08-29 09:24:00,No leveraged loan defaults in August - Fitch,https://seekingalpha.com/news/3386576-leveraged-loan-defaults-august-fitch?source=partner_benzinga,
news,kaggle_news:Seeking Alpha,2018-08-29 09:43:00,Alibaba Reveals Bigger Threats Than Trade War,https://seekingalpha.com/article/4202984-alibaba-reveals-bigger-threats-trade-war?source=partner_benzinga,
news,kaggle_news:Zacks,2018-08-29 09:47:00,ARRIS Unit Partners Facebook Express Wi-Fi Certified Program,http://www.zacks.com/stock/news/320331/arris-unit-partners-facebook-express-wi-fi-certified-program?cid=CS-BENZ-FT-320331,
news,kaggle_news:Seeking Alpha,2018-08-29 09:51:00,Shareholder sues China Biologic over private stock deal,https://seekingalpha.com/news/3386568-shareholder-sues-china-biologic-private-stock-deal?source=partner_benzinga,
news,kaggle_news:GuruFocus,2018-08-29 09:53:00,Westport Fuel Systems and Weichai Westport to Commercialize HPDI —.… Technology for China,http://www.gurufocus.com/news/730633/westport-fuel-systems-and-weichai-westport-to-commercialize-hpdi-20-technology-for-china,
news,kaggle_news:GuruFocus,2018-08-29 10:16:00,Calithera Biosciences to Participate in the Citi –'th Annual Biotech Conference and the ...,http://www.gurufocus.com/news/730704/calithera-biosciences-to-participate-in-the-citi-13th-annual-biotech-conference-and-the-wells-fargo-healthcare-conference,
news,kaggle_news:Zacks,2018-08-29 10:48:00,"The Zacks Analyst Blog Highlights: Oracle, Intuit, Regeneron, Macy's and Deere",http://www.zacks.com/stock/news/320320/the-zacks-analyst-blog-highlights-oracle-intuit-regeneron-macys-and-deere?cid=CS-BENZ-FT-320320,
news,kaggle_news:Seeking Alpha,2018-08-29 10:48:00,Microsoft: A Better Buy Now Than LogMeIn? Or Other Software Stocks?,https://seekingalpha.com/article/4202851-microsoft-better-buy-now-logmein-software-stocks?source=partner_benzinga,
news,kaggle_news:Seeking Alpha,2018-08-29 11:05:00,"JPMorgan assumes, Chinese internet stocks move",https://seekingalpha.com/news/3386420-jpmorgan-assumes-chinese-internet-stocks-move?source=partner_benzinga,
news,kaggle_news:Seeking Alpha,2018-08-29 11:26:00,China economy faces increased risks,https://seekingalpha.com/news/3386350-china-economy-faces-increased-risks?source=partner_benzinga,
news,kaggle_news:Investor's Business Daily,2018-08-29 11:38:00,"Stocks Mixed; This Hot IPO Stock Stumbles, But PayPal Breaks Out",http://www.investors.com/market-trend/stock-market-today/stock-market-higher-ipo-stock-roku-falls/?src=A00237A&ven=BenzingaCP&src=AURLAAM,
news,kaggle_news:Seeking Alpha,2018-08-29 11:39:00,Let The Emerging Market Bailouts Begin: 'We Don't Have Much Choice',https://seekingalpha.com/article/4202808-let-emerging-market-bailouts-begin-we-much-choice?source=partner_benzinga,
news,kaggle_news:Zacks,2018-08-29 12:35:00,Trump Tariffs Bearing Fruit as U.S. Steel Imports Drop YTD,http://www.zacks.com/stock/news/320285/trump-tariffs-bearing-fruit-as-us-steel-imports-drop-ytd?cid=CS-BENZ-FT-320285,
news,kaggle_news:Zacks,2018-08-29 12:57:00,"Westport Fuel, WWI Collaborate for China's Natural Gas Engine",http://www.zacks.com/stock/news/320325/westport-fuel-wwi-collaborate-for-chinas-natural-gas-engine?cid=CS-BENZ-FT-320325,
news,kaggle_news:Zacks,2018-08-29 12:58:00,Why Is PayPal (PYPL) Stock Trading At New All-Time High?,http://www.zacks.com/stock/news/320456/why-is-paypal-pypl-stock-trading-at-new-all-time-high?cid=CS-BENZ-FT-320456,
news,kaggle_news:Seeking Alpha,2018-08-29 13:08:00,Deadline extended for Brexit deal?,https://seekingalpha.com/news/3386335-deadline-extended-brexit-deal?source=partner_benzinga,
news,kaggle_news:Seeking Alpha,2018-08-29 13:20:00,Lira slides again amid bank downgrades,https://seekingalpha.com/news/3386354-lira-slides-amid-bank-downgrades?source=partner_benzinga,
news,kaggle_news:Seeking Alpha,2018-08-29 15:00:00,Fed Funds Rate At 7.5%?,https://seekingalpha.com/article/4202937-fed-funds-rate-7_5-percent?source=partner_benzinga,
news,kaggle_news:Investor's Business Daily,2018-08-29 15:13:00,"Stock Market Today: FANG Stocks Amazon, Alphabet Fuel Another New High For Nasdaq",http://www.investors.com/market-trend/stock-market-today/stock-market-today-nasdaq-new-high-fang-stocks-alphabet-amazon/?src=A00237A&ven=BenzingaCP&src=AURLAAM,
news,kaggle_news:Seeking Alpha,2018-08-29 18:44:00,Euro Area Inflation: Why Low For So Long?,https://seekingalpha.com/article/4202752-euro-area-inflation-low-long?source=partner_benzinga,
news,kaggle_news:Seeking Alpha,2018-08-29 19:28:00,Amazon expands Whole Foods delivery program,https://seekingalpha.com/news/3386440-amazon-expands-whole-foods-delivery-program?source=partner_benzinga,
news,kaggle_news:Zacks,2018-08-29 20:27:00,Verizon Communications Extends Alliance With ShotSpotter,http://www.zacks.com/stock/news/320336/verizon-communications-extends-alliance-with-shotspotter?cid=CS-BENZ-FT-320336,
news,kaggle_news:Lisa Levin,2018-08-30 04:00:00,"Benzinga's Top Upgrades, Downgrades For August 30, 2018",https://www.benzinga.com/analyst-ratings/upgrades/18/08/12283732/benzingas-top-upgrades-downgrades-for-august-30-2018,
news,kaggle_news:Charles Gross,2018-08-30 04:00:00,"Google, Xiaomi in Talks to Invest in Where is My Train",https://www.benzinga.com/news/18/08/12281943/google-xiaomi-in-talks-to-invest-in-where-is-my-train,
news,kaggle_news:Charles Gross,2018-08-30 04:00:00,Citigroup Hires Three Women to be Managing Directors in Asia,https://www.benzinga.com/news/18/08/12281918/citigroup-hires-three-women-to-be-managing-directors-in-asia,
news,kaggle_news:Benzinga_Newsdesk,2018-08-30 04:00:00,"Warren Buffett On CNBC: Says Berkshire Has Seen Impacts From Tariffs And Inflation, Cites Steel, Paint, Building Materials Specifically",https://www.benzinga.com/news/18/08/12284825/warren-buffett-on-cnbc-says-berkshire-has-seen-impacts-from-tariffs-and-inflatio,
news,kaggle_news:Charles Gross,2018-08-30 04:00:00,DoJ Tells Comcast it Will Continue to Monitor How Company Handles TV Programming and Distribution,https://www.benzinga.com/news/18/08/12281925/doj-tells-comcast-it-will-continue-to-monitor-how-company-handles-tv-programming,
news,kaggle_news:Jayson Derrick,2018-08-30 04:00:00,Will Apple Shares Continue Their Run After Huge August Rally?,https://www.benzinga.com/analyst-ratings/analyst-color/18/08/12284113/will-apple-shares-continue-their-run-after-a-16-august-,
news,kaggle_news:Benzinga Newsdesk,2018-08-30 04:00:00,"Benzinga Pro Mid-Day Price Check For Regional ETFs: US (SPY) Down 0.3%, Canada (EWC) Down 0.7%, Japan (EWJ) Down 0.7%, Australia (EWA) Down 0.9%, Europe (VGK) Down 1.0%, India (INDA) Down 1.5%, Russia (RSX) Down 2.4%, China ETF (FXI) Down 2.8%",https://www.benzinga.com/markets/18/08/12285457/benzinga-pro-mid-day-price-check-for-regional-etfs-us-spy-down-0-3-canada-ewc,
news,kaggle_news:Benzinga Newsdesk,2018-08-30 04:00:00,KB Financial Group shares are trading down 5.4% after Bank of America downgraded the stock from Buy to Neutral.,https://www.benzinga.com/trading-ideas/movers/18/08/12286419/kb-financial-group-shares-are-trading-down-5-4-after-band-of-ame,
news,kaggle_news:Hannah Genig,2018-08-30 04:00:00,Bank Of America Downgrades KB Financial On Weaker EPS Momentum,https://www.benzinga.com/analyst-ratings/analyst-color/18/08/12285321/bank-of-america-downgrades-kb-financial-on-weaker-eps-m,
news,kaggle_news:Benzinga_Newsdesk,2018-08-30 04:00:00,Bank of America Downgrades KB Financial Group to Neutral,https://www.benzinga.com/news/18/08/12283630/bank-of-america-downgrades-kb-financial-group-to-neutral,
news,kaggle_news:Benzinga_Newsdesk,2018-08-30 04:00:00,"Trump Highlights Many People See Antitrust Issue With Google, Facebook, Amazon; Declines To Say If Co.'s Should Be Broken Up",https://www.benzinga.com/news/18/08/12287821/trump-highlights-many-people-see-antitrust-issue-with-google-facebook-amazon-dec,
news,kaggle_news:Benzinga Newsdesk,2018-08-30 04:00:00,US Senate Finance Committee Chairman Hatch Expresses Concern About Google's Search Practices In Letter to U.S. FTC Chairman,https://www.benzinga.com/news/18/08/12285881/us-senate-finance-committee-chairman-hatch-expresses-concern-about-googles-searc,
news,kaggle_news:Jayson Derrick,2018-08-30 04:00:00,"Gene Munster: What To Expect From Facebook, Twitter, Google's Congressional Testimony",https://www.benzinga.com/general/politics/18/08/12284820/gene-munster-what-to-expect-from-facebook-twitter-googles-congressio,
news,kaggle_news:Charles Gross,2018-08-30 04:00:00,Google to Launch Mid-tier Pixel Smartphone in India,https://www.benzinga.com/news/18/08/12281932/google-to-launch-mid-tier-pixel-smartphone-in-india,
news,kaggle_news:Benzinga_Newsdesk,2018-08-30 04:00:00,Sandler O'Neill Downgrades Hanover Insurance Group to Neutral,https://www.benzinga.com/news/18/08/12282812/sandler-oneill-downgrades-hanover-insurance-group-to-neutral,
news,kaggle_news:luke@benzinga.com,2018-08-30 04:00:00,PreMarket Prep Opening NYSE Imbalance Update: Ford 433k Shares To Sell; General Electric 167k To Sell; Bank Of America 143 To Sell; ExxonMobil 119k To Sell; Salesforce 81k To Sell; Square 22k To Buy; Wells Fargo 58k To Sell,https://www.benzinga.com/news/18/08/12283462/premarket-prep-opening-nyse-imbalance-update-ford-433k-shares-to-sell-general-el,
news,kaggle_news:Benzinga Newsdesk,2018-08-30 04:00:00,Vodafone shares are down 3.1% in pre-market trading after Bank of America downgraded the stock from Buy to Neutral.,https://www.benzinga.com/trading-ideas/movers/18/08/12283402/vodafone-shares-are-down-3-1-in-pre-market-trading-after-bank-of,
news,kaggle_news:luke@benzinga.com,2018-08-30 04:00:00,UPDATE: Exxon Says 'There is potential for additional production from significant undrilled targets and plans for rapid exploration and appraisal drilling.',https://www.benzinga.com/news/18/08/12283612/update-exxon-says-there-is-potential-for-additional-production-from-significant-,
news,kaggle_news:Shanthi Rexaline,2018-08-30 04:00:00,"JPMorgan Upgrades Nutanix Ahead Of Q4 Report, Sees Balanced Risk-Reward Profile",https://www.benzinga.com/analyst-ratings/analyst-color/18/08/12283729/jpmorgan-upgrades-nutanix-ahead-of-q4-report-sees-balan,
news,kaggle_news:Benzinga_Newsdesk,2018-08-30 04:00:00,"Viasat, Boeing Announce That Payload Module Structure Arrives at Viasat's Arizona High Bay Facility; ViaSat-3 Satellite Assembly and Testing Commences",https://www.benzinga.com/news/18/08/12283033/viasat-boeing-announce-that-payload-module-structure-arrives-at-viasats-arizona-,
news,kaggle_news:Benzinga_Newsdesk,2018-08-30 04:00:00,"SunTrust Robinson Humphrey Downgrades RPC to Hold, Lowers Price Target to $16",https://www.benzinga.com/news/18/08/12282579/suntrust-robinson-humphrey-downgrades-rpc-to-hold-lowers-price-target-to-16,
news,kaggle_news:Benzinga Newsdesk,2018-08-30 04:00:00,"JP Morgan Downgrades Dollar Tree to Neutral, Lowers Price Target to $90",https://www.benzinga.com/news/18/08/12287269/jp-morgan-downgrades-dollar-tree-to-neutral-lowers-price-target-to-90,
news,kaggle_news:Benzinga_Newsdesk,2018-08-30 04:00:00,"Hearing JP Morgan Downgraded Dollar Tree From Overweight To Neutral, Cuts Price Target From $113-$90",https://www.benzinga.com/analyst-ratings/analyst-color/18/08/12286999/hearing-jp-morgan-downgraded-dollar-tree-from-overweigh,
news,kaggle_news:Benzinga_Newsdesk,2018-08-30 04:00:00,"Shares of Dollar Tree Down 13.76%, Hearing Barclays Downgraded Shares To Equal-Weight",https://www.benzinga.com/news/18/08/12286146/shares-of-dollar-tree-down-13-76-hearing-barclays-downgraded-shares-to-equal-wei,
news,kaggle_news:luke@benzinga.com,2018-08-30 04:00:00,Pfizer Reports Termination Of PF-06252616 Studies,https://www.benzinga.com/news/18/08/12282993/pfizer-reports-termination-of-pf-06252616-studies,
news,kaggle_news:Charles Gross,2018-08-30 04:00:00,Vodafone Shares Fall 2% Premarket Following Downgrade to Neutral from Buy at Bank of America Merrill,https://www.benzinga.com/analyst-ratings/downgrades/18/08/12281955/vodafone-shares-fall-2-premarket-following-downgrade-to-ne,
news,kaggle_news:Jayson Derrick,2018-08-30 04:00:00,"Warren Buffett Talks Apple, Campbell Soup And Elon Musk",https://www.benzinga.com/top-stories/18/08/12285616/warren-buffett-talks-apple-campbell-soup-and-elon-musk,
news,kaggle_news:Hannah Genig,2018-08-30 04:00:00,"BofA Downgrades Vodafone, Says European Telecom Faces Short-Term Downside",https://www.benzinga.com/analyst-ratings/analyst-color/18/08/12283724/bofa-downgrades-vodafone-says-european-telecom-faces-sh,
news,kaggle_news:Benzinga_Newsdesk,2018-08-30 04:00:00,William Blair Downgrades Abercrombie & Fitch to Market Perform,https://www.benzinga.com/news/18/08/12285481/william-blair-downgrades-abercrombie-fitch-to-market-perform,
news,kaggle_news:Scott Johnson,2018-08-30 04:00:00,4 Investment Trends That Are Transforming Emerging Markets,https://www.benzinga.com/news/18/08/12284973/4-investment-trends-that-are-transforming-emerging-markets,
news,kaggle_news:luke@benzinga.com,2018-08-30 04:00:00,ExxonMobil Reports Made Its Ninth Discovery Offshore Guyana At Hammerhead-1 Well,https://www.benzinga.com/news/18/08/12283604/exxonmobil-reports-made-its-ninth-discovery-offshore-guyana-at-hammerhead-1-well,
news,kaggle_news:luke@benzinga.com,2018-08-30 04:00:00,"UPDATE: Exxon Says Hammerhead-1 Encountered ~197 Feet Of High-Quality, Oil-Bearing Sandstone Reservoir",https://www.benzinga.com/news/18/08/12283611/update-exxon-says-hammerhead-1-encountered-197-feet-of-high-quality-oil-bearing-,
news,kaggle_news:Benzinga_Newsdesk,2018-08-30 04:00:00,Bank of America Downgrades Vodafone Group to Neutral,https://www.benzinga.com/news/18/08/12282572/bank-of-america-downgrades-vodafone-group-to-neutral,
news,kaggle_news:Benzinga Newsdesk,2018-08-30 04:00:00,"Stocks That Made New 52-Week Highs Today Include: FLIR Systems, Textron, Darden Restaurants, United Continental, Intuitive Surgical, TJX, NetApp, Illumina, First Energy, NVIDIA, Microsoft, Visa, and Paypal",https://www.benzinga.com/trading-ideas/technicals/18/08/12286610/stocks-that-made-new-52-week-highs-today-include-flir-system,
news,kaggle_news:OANDA,2018-08-30 04:00:00,Emerging Market Currencies Dragged Down By Argentina: 5 Things The Global Markets Are Talking About Today,https://www.benzinga.com/news/18/08/12282586/emerging-market-currencies-dragged-down-by-argentina-5-things-the-global-markets,
news,kaggle_news:Investor's Business Daily,2018-08-30 07:30:00,"This Energy ETF Rebounds As Sector Fundamentals Shine, But Where Are Oil Prices Headed?",http://www.investors.com/etfs-and-funds/etf-leaders/energy-etf-rebounds-sector-fundamentals-shine-where-oil-prices-headed/?src=A00237A&ven=BenzingaCP&src=AURLAAM,
news,kaggle_news:Seeking Alpha,2018-08-30 09:09:00,"Emerging Markets: Inverting Economic Axioms, Relationship Polarisation, And The Structural Changes Ahead",https://seekingalpha.com/article/4203242-emerging-markets-inverting-economic-axioms-relationship-polarisation-structural-changes-ahead?source=partner_benzinga,
news,kaggle_news:Seeking Alpha,2018-08-30 09:13:00,Ballard Power Opens A New Chapter In China - Again,https://seekingalpha.com/article/4203055-ballard-power-opens-new-chapter-china?source=partner_benzinga,
news,kaggle_news:Seeking Alpha,2018-08-30 09:20:00,Pfizer's pain is DMD players' gain,https://seekingalpha.com/news/3386930-pfizers-pain-dmd-players-gain?source=partner_benzinga,
news,kaggle_news:Investor's Business Daily,2018-08-30 09:47:00,Stock Market Today: Stocks Fall On Trump Tariff Talk; Marijuana Stocks Hit,http://www.investors.com/market-trend/stock-market-today/stock-market-today-trump-china-tariffs-retail-earnings/?src=A00237A&ven=BenzingaCP&src=AURLAAM,
news,kaggle_news:Zacks,2018-08-30 10:45:00,Citigroup (C) Faces Fine in Nigeria Over Forex Violations,http://www.zacks.com/stock/news/320614/citigroup-c-faces-fine-in-nigeria-over-forex-violations?cid=CS-BENZ-FT-320614,
news,kaggle_news:Seeking Alpha,2018-08-30 10:57:00,Pfizer mid-stage flop with domagrozumab in DMD another setback for myostatin inhibitors - Endpoints News,https://seekingalpha.com/news/3386928-pfizer-mid-stage-flop-domagrozumab-dmd-another-setback-myostatin-inhibitors-endpoints-news?source=partner_benzinga,
news,kaggle_news:Investor's Business Daily,2018-08-30 10:59:00,Stock Futures Slip Ahead of Trade War Deadline: These 2 Retail Stocks Spike,http://www.investors.com/market-trend/stock-market-today/stock-futures-slip-ahead-of-trade-war-deadline-these-2-retail-stocks-spike/?src=A00237A&ven=BenzingaCP&src=AURLAAM,
news,kaggle_news:Seeking Alpha,2018-08-30 11:11:00,Investment-grade bond market ignores Ford credit rating cut: Bloomberg,https://seekingalpha.com/news/3386971-investment-grade-bond-market-ignores-ford-credit-rating-cut-bloomberg?source=partner_benzinga,
news,kaggle_news:Zacks,2018-08-30 12:12:00,"Yum China (YUMC) Turns Down Buyout Proposal, Shares Gain",http://www.zacks.com/stock/news/320657/yum-china-yumc-turns-down-buyout-proposal-shares-gain?cid=CS-BENZ-FT-320657,
news,kaggle_news:Zacks,2018-08-30 12:20:00,Global Steel Production Up as China Churns Out Record Output,http://www.zacks.com/stock/news/320521/global-steel-production-up-as-china-churns-out-record-output?cid=CS-BENZ-FT-320521,
news,kaggle_news:GuruFocus,2018-08-30 12:22:00,Translate Bio to Participate in Citi's –'th Annual Biotech Conference,http://www.gurufocus.com/news/731317/translate-bio-to-participate-in-citis-13th-annual-biotech-conference,
news,kaggle_news:Zacks,2018-08-30 12:47:00,"Nova Measuring, Scotts Miracle, PayPal and eBay highlighted as Zacks Bull and Bear of the Day",http://www.zacks.com/stock/news/320544/nova-measuring-scotts-miracle-paypal-and-ebay-highlighted-as-zacks-bull-and-bear-of-the-day?cid=CS-BENZ-FT-320544,
news,kaggle_news:Seeking Alpha,2018-08-30 12:47:00,Emerging Markets: A Brief Safe Haven Revival,https://seekingalpha.com/article/4203161-emerging-markets-brief-safe-haven-revival?source=partner_benzinga,
news,kaggle_news:Seeking Alpha,2018-08-30 13:13:00,Measuring Emerging Market Potential Using Implied Vol,https://seekingalpha.com/article/4203008-measuring-emerging-market-potential-using-implied-vol?source=partner_benzinga,
news,kaggle_news:Investor's Business Daily,2018-08-30 13:24:00,"Oil, Gasoline Prices In Crosshairs As Trade War Reroutes U.S. Exports",http://www.investors.com/research/industry-snapshot/trade-tariffs-iran-sanctions-shifting-global-oil-exports/?src=A00237A&ven=BenzingaCP&src=AURLAAM,
news,kaggle_news:Seeking Alpha,2018-08-30 13:30:00,"RSX: New U.S. Sanctions, Change To Pension Reform, Key Rate May Be Lifted",https://seekingalpha.com/article/4203276-rsx-new-u-s-sanctions-change-pension-reform-key-rate-may-lifted?source=partner_benzinga,
news,kaggle_news:Seeking Alpha,2018-08-30 15:01:00,Bankruptcy Cases - Some Interesting Developments,https://seekingalpha.com/article/4203095-bankruptcy-cases-interesting-developments?source=partner_benzinga,
news,kaggle_news:Zacks,2018-08-30 15:10:00,"Zacks Market Edge Highlights: Starbucks, General Electric, Microsoft, Nvidia and Weight Watchers",http://www.zacks.com/stock/news/320533/zacks-market-edge-highlights-starbucks-general-electric-microsoft-nvidia-and-weight-watchers?cid=CS-BENZ-FT-320533,
news,kaggle_news:Seeking Alpha,2018-08-30 15:14:00,Amazon's Tire Deal Won't Stop Sears' Skidding,https://seekingalpha.com/article/4203313-amazons-tire-deal-stop-sears-skidding?source=partner_benzinga,
news,kaggle_news:Zacks,2018-08-30 15:15:00,Adobe's Open Ecosystem Platform Enhances Design Experience,http://www.zacks.com/stock/news/320617/adobes-open-ecosystem-platform-enhances-design-experience?cid=CS-BENZ-FT-320617,
news,kaggle_news:Seeking Alpha,2018-08-30 15:32:00,"100 Articles: The Cannabis Bubble, The China Opportunity, And Top Picks For The Rest Of The Year",https://seekingalpha.com/article/4203141-100-articles-cannabis-bubble-china-opportunity-top-picks-rest-year?source=partner_benzinga,
news,kaggle_news:Seeking Alpha,2018-08-30 15:54:00,Consumer Giants Have Bigger Problems Than Turkey,https://seekingalpha.com/article/4203013-consumer-giants-bigger-problems-turkey?source=partner_benzinga,
news,kaggle_news:Seeking Alpha,2018-08-30 16:23:00,"Another emerging market moves to shore up its currency--this time, Brazil",https://seekingalpha.com/news/3386932-another-emerging-market-moves-shore-currency-time-brazil?source=partner_benzinga,
news,kaggle_news:Zacks,2018-08-30 16:40:00,"Amazon, Fox, & Others Are All In On the NFL: Is the League Doomed?",http://www.zacks.com/stock/news/320767/amazon-fox-others-are-all-in-on-the-nfl-is-the-league-doomed?cid=CS-BENZ-FT-320767,
news,kaggle_news:Investor's Business Daily,2018-08-30 16:40:00,Stocks Fall On Trump Tariff Threat As Big Moves Shake This Sector,http://www.investors.com/market-trend/stock-market-today/sp-500-dow-lower-nasdaq-climbs-big-moves-shake-retail-sector/?src=A00237A&ven=BenzingaCP&src=AURLAAM,
news,kaggle_news:Seeking Alpha,2018-08-30 16:50:00,"German inflation rises 2% in August, in line with forecasts",https://seekingalpha.com/news/3386945-german-inflation-rises-2-percent-august-line-forecasts?source=partner_benzinga,
news,kaggle_news:Seeking Alpha,2018-08-30 17:06:00,Worried About Emerging Markets? Consider The Low Volatility Factor,https://seekingalpha.com/article/4203011-worried-emerging-markets-consider-low-volatility-factor?source=partner_benzinga,
news,kaggle_news:Seeking Alpha,2018-08-30 17:49:00,Turkish lira sinks after report of central bank official resigning,https://seekingalpha.com/news/3386818-turkish-lira-sinks-report-central-bank-official-resigning?source=partner_benzinga,
news,kaggle_news:Seeking Alpha,2018-08-30 17:49:00,Why Netflix May Be Forced To Change Its Film Distribution Strategy,https://seekingalpha.com/article/4203024-netflix-may-forced-change-film-distribution-strategy?source=partner_benzinga,
news,kaggle_news:Seeking Alpha,2018-08-30 18:01:00,Pacific Drilling seeks $85M in new bankruptcy financing,https://seekingalpha.com/news/3386934-pacific-drilling-seeks-85m-new-bankruptcy-financing?source=partner_benzinga,
news,kaggle_news:Seeking Alpha,2018-08-30 18:03:00,"Brazil to approve Boeing-Embraer deal after elections, minister says",https://seekingalpha.com/news/3386970-brazil-approve-boeing-embraer-deal-elections-minister-says?source=partner_benzinga,
news,kaggle_news:Seeking Alpha,2018-08-30 18:36:00,Pfizer bails on DMD candidate domagrozumab,https://seekingalpha.com/news/3386816-pfizer-bails-dmd-candidate-domagrozumab?source=partner_benzinga,
news,kaggle_news:Investor's Business Daily,2018-08-30 18:36:00,"Stock Market Today: Stocks Fall Amid Trade War Threats, But Apple Hits New High",http://www.investors.com/market-trend/stock-market-today/stocks-fall-trade-war-apple-hits-high/?src=A00237A&ven=BenzingaCP&src=AURLAAM,
news,kaggle_news:Seeking Alpha,2018-08-30 18:41:00,Fresh stress for emerging market currencies,https://seekingalpha.com/news/3386694-fresh-stress-emerging-market-currencies?source=partner_benzinga,
news,kaggle_news:Seeking Alpha,2018-08-30 19:40:00,One Amazing Momentum Play With A Major Caveat: Trade War,https://seekingalpha.com/article/4203070-one-amazing-momentum-play-major-caveat-trade-war?source=partner_benzinga,
news,kaggle_news:Seeking Alpha,2018-08-30 19:41:00,EU: Must prepare for a 'no-deal' Brexit,https://seekingalpha.com/news/3386688-eu-must-prepare-no-deal-brexit?source=partner_benzinga,
news,kaggle_news:Seeking Alpha,2018-08-30 19:46:00,What's Next For Apple?,https://seekingalpha.com/article/4202795-next-apple?source=partner_benzinga,
news,kaggle_news:Seeking Alpha,2018-08-30 20:17:00,Canada: Expect Strong Growth As Tariff Bruises Are Yet To Show,https://seekingalpha.com/article/4203017-canada-expect-strong-growth-tariff-bruises-yet-show?source=partner_benzinga,
news,kaggle_news:Seeking Alpha,2018-08-30 20:21:00,China's Yuan Surges As PMI Data Beats Estimates,https://seekingalpha.com/article/4203323-chinas-yuan-surges-pmi-data-beats-estimates?source=partner_benzinga,
news,kaggle_news:Seeking Alpha,2018-08-30 20:23:00,Copper edges lower on U.S.-China trade fight worries,https://seekingalpha.com/news/3387042-copper-edges-lower-u-s-china-trade-fight-worries?source=partner_benzinga,
news,kaggle_news:GuruFocus,2018-08-30 20:39:00,Citigroup Upgrades Barrick Gold Corp,http://www.gurufocus.com/news/731395/citigroup-upgrades-barrick-gold-corp,
news,kaggle_news:ETF Professor,2018-08-31 04:00:00,More Trouble For The Turkey ETF,https://www.benzinga.com/news/18/08/12288748/more-trouble-for-the-turkey-etf,
news,kaggle_news:Benzinga Newsdesk,2018-08-31 04:00:00,"China Says It Will Continue To Investigate African Swine Fever Epidemic, Chinese Agriculture Ministry Says Pork Supply Will Be Guaranteed Nationwide",https://www.benzinga.com/news/18/08/12290921/china-says-it-will-continue-to-investigate-african-swine-fever-epidemic-chinese-,
news,kaggle_news:Charles Gross,2018-08-31 04:00:00,Cisco Systems Option Alert: Jan 18 $50 Calls Sweep (36) near the Ask: 1409 @ $1.316 vs 19791 OI; Ref=$47.685,https://www.benzinga.com/markets/options/18/08/12292471/cisco-systems-option-alert-jan-18-50-calls-sweep-36-near-the-ask-1409,
news,kaggle_news:Charles Gross,2018-08-31 04:00:00,Cisco Systems Option Alert: Sep 21 $48 Calls at the Ask: 2785 @ $0.6 vs 11320 OI; Ref=$47.76,https://www.benzinga.com/markets/options/18/08/12292832/cisco-systems-option-alert-sep-21-48-calls-at-the-ask-2785-0-6-vs-113,
news,kaggle_news:Benzinga_Newsdesk,2018-08-31 04:00:00,"Benzinga Pro Mid-Day Price Check For Regional ETFs: Russia (RSX) Up 1.0%, Brazil (EWZ) Up 0.9%, India (INDA) Up 0.1%, Japan (EWJ) Down 0.1%, US (SPY) Down 0.2%, China ETF (FXI) Down 0.5%, Mexico (EWW) Down 0.9%, Australia (EWA) Down 1.1%",https://www.benzinga.com/markets/18/08/12292064/benzinga-pro-mid-day-price-check-for-regional-etfs-russia-rsx-up-1-0-brazil-e,
news,kaggle_news:Lisa Levin,2018-08-31 04:00:00,"Benzinga's Top Upgrades, Downgrades For August 31, 2018",https://www.benzinga.com/analyst-ratings/upgrades/18/08/12290416/benzingas-top-upgrades-downgrades-for-august-31-2018,
news,kaggle_news:Hannah Genig,2018-08-31 04:00:00,Coca-Cola Enters Hot Beverage Market With $5.1B Purchase Of British Chain Costa Coffee,https://www.benzinga.com/news/18/08/12291011/coca-cola-enters-hot-beverage-market-with-5-1b-purchase-of-british-chain-costa-c,
news,kaggle_news:Vick Meyer,2018-08-31 04:00:00,"Citigroup Maintains Neutral on Burlington Stores, Raises Price Target to $165",https://www.benzinga.com/news/18/08/12289672/citigroup-maintains-neutral-on-burlington-stores-raises-price-target-to-165,
news,kaggle_news:Vick Meyer,2018-08-31 04:00:00,"Citigroup Maintains Buy on Ciena, Raises Price Target to $36",https://www.benzinga.com/news/18/08/12289674/citigroup-maintains-buy-on-ciena-raises-price-target-to-36,
news,kaggle_news:luke@benzinga.com,2018-08-31 04:00:00,"JP Morgan Initiates Coverage On GAIN Capital Holdings with Neutral Rating, Announces $9 Price Target",https://www.benzinga.com/news/18/08/12289401/jp-morgan-initiates-coverage-on-gain-capital-holdings-with-neutral-rating-announ,
news,kaggle_news:Benzinga_Newsdesk,2018-08-31 04:00:00,VirnetX Holding Corp shares are up 33.9% premarket following reports a federal judge has denied Apple a new trial in a patent infringement case against the company.,https://www.benzinga.com/trading-ideas/movers/18/08/12289811/virnetx-holding-corp-shares-are-up-33-9-premarket-following-repo,
news,kaggle_news:Charles Gross,2018-08-31 04:00:00,The Coca-Cola Company to Acquire Costa for ~$5.1B,https://www.benzinga.com/news/18/08/12289094/the-coca-cola-company-to-acquire-costa-for-5-1b,
news,kaggle_news:luke@benzinga.com,2018-08-31 04:00:00,Starbucks Shares Down 2.5% On Light Volume; Stock Price Under $53; Shares Could Be Lower Following Coca-Cola ~$5B Deal To Buy Coffee Brand Costa Limited,https://www.benzinga.com/news/18/08/12289605/starbucks-shares-down-2-5-on-light-volume-stock-price-under-53-shares-could-be-l,
news,kaggle_news:luke@benzinga.com,2018-08-31 04:00:00,"Bank of America Downgrades Electronic Arts to Neutral, Lowers Price Target to $126",https://www.benzinga.com/news/18/08/12290153/bank-of-america-downgrades-electronic-arts-to-neutral-lowers-price-target-to-126,
news,kaggle_news:luke@benzinga.com,2018-08-31 04:00:00,Bank of America Downgrades Ambarella to Underperform,https://www.benzinga.com/news/18/08/12290323/bank-of-america-downgrades-ambarella-to-underperform,
news,kaggle_news:Benzinga_Newsdesk,2018-08-31 04:00:00,VirnetX Receives District Court's Final Judgment Affirming Jury's Verdict Of $502.6M In Patent Infringement Case Against Apple,https://www.benzinga.com/news/18/08/12290271/virnetx-receives-district-courts-final-judgment-affirming-jurys-verdict-of-502-6,
news,kaggle_news:luke@benzinga.com,2018-08-31 04:00:00,K2M Group Holdings Shares Down 0.3% Despite Earlier Downgrade From Outperform To Perform By Oppenheimer,https://www.benzinga.com/news/18/08/12291602/k2m-group-holdings-shares-down-0-3-despite-earlier-downgrade-from-outperform-to-,
news,kaggle_news:luke@benzinga.com,2018-08-31 04:00:00,"Bank of America Downgrades Activision Blizzard to Neutral, Lowers Price Target to $77",https://www.benzinga.com/news/18/08/12290316/bank-of-america-downgrades-activision-blizzard-to-neutral-lowers-price-target-to,
news,kaggle_news:Benzinga_Newsdesk,2018-08-31 04:00:00,Activision Blizzard shares are trading down 2.9% after Bank of America earlier downgraded the stock from Buy to Neutral and lowered its price target from $84 to $77.,https://www.benzinga.com/trading-ideas/movers/18/08/12290719/activision-blizzard-shares-are-trading-down-2-9-after-bank-of-am,
news,kaggle_news:luke@benzinga.com,2018-08-31 04:00:00,"Telsey Advisory Group Downgrades Dollar Tree to Market Perform, Lowers Price Target to $90",https://www.benzinga.com/news/18/08/12289411/telsey-advisory-group-downgrades-dollar-tree-to-market-perform-lowers-price-targ,
news,kaggle_news:Benzinga_Newsdesk,2018-08-31 04:00:00,"Benzinga Pro Morning Price Check For Regional ETFs: Russia (RSX) Up 0.8%, India (INDA) Up 0.4%, Brazil (EWZ) Up 0.2%, Japan (EWJ) Up 0.2%, US (SPY) Down 0.1%, China ETF (FXI) Down 0.1%, Mexico (EWW) Down 0.4%, Europe (VGK) Down 0.7%",https://www.benzinga.com/markets/18/08/12290592/benzinga-pro-morning-price-check-for-regional-etfs-russia-rsx-up-0-8-india-in,
news,kaggle_news:luke@benzinga.com,2018-08-31 04:00:00,"Bank of America Downgrades Tech Data From Buy To Underperform, Lowers Price Target To $80",https://www.benzinga.com/news/18/08/12289459/bank-of-america-downgrades-tech-data-from-buy-to-underperform-lowers-price-targe,
news,kaggle_news:Seeking Alpha,2018-08-31 07:08:00,VirnetX +35.6% after judge denies Apple a new trial,https://seekingalpha.com/news/3387112-virnetx-plus-35_6-percent-judge-denies-apple-new-trial?source=partner_benzinga,
news,kaggle_news:Zacks,2018-08-31 07:33:00,Coca Cola Agrees To Buy Costa Coffee,http://www.zacks.com/stock/news/320944/coca-cola-agrees-to-buy-costa-coffee?cid=CS-BENZ-FT-320944,
news,kaggle_news:Seeking Alpha,2018-08-31 07:48:00,Verizon among those seen raising payouts next week,https://seekingalpha.com/news/3387239-verizon-among-seen-raising-payouts-next-week?source=partner_benzinga,
news,kaggle_news:GuruFocus,2018-08-31 09:17:00,"Insiders Roundup: Facebook, Pershing Gold",http://www.gurufocus.com/news/731893/insiders-roundup-facebook-pershing-gold,
news,kaggle_news:Seeking Alpha,2018-08-31 09:50:00,China's official PMI unexpectedly rises in August,https://seekingalpha.com/news/3387262-china-s-official-pmi-unexpectedly-rises-august?source=partner_benzinga,
news,kaggle_news:Seeking Alpha,2018-08-31 09:51:00,Auto parts sector on watch after latest tariff developments,https://seekingalpha.com/news/3387190-auto-parts-sector-watch-latest-tariff-developments?source=partner_benzinga,
news,kaggle_news:Investor's Business Daily,2018-08-31 10:00:00,Apple Hits $1.1 Trillion Market Cap As More Nasdaq Growth Stocks Lead Stock Market,http://www.investors.com/market-trend/stock-market-today/apple-trillion-market-cap-nasdaq-growth-stocks-stock-market/?src=A00237A&ven=BenzingaCP&src=AURLAAM,
news,kaggle_news:luke@benzinga.com,2018-08-31 10:40:26,B. Riley FBR Downgrades Reis to Neutral,https://www.benzinga.com/news/18/08/12289468/b-riley-fbr-downgrades-reis-to-neutral,
news,kaggle_news:ETF Professor,2018-08-31 12:00:33,China ETFs Try To Rebound From Trade War Concerns,https://www.benzinga.com/trading-ideas/long-ideas/18/08/12288770/china-etfs-try-to-rebound-from-trade-war-concerns,
news,kaggle_news:Seeking Alpha,2018-08-31 12:02:00,Fed extension on 'living will' submissions,https://seekingalpha.com/news/3387075-fed-extension-living-will-submissions?source=partner_benzinga,
news,kaggle_news:GuruFocus,2018-08-31 12:11:00,"Research Report Identifies Kronos Worldwide, The Gap, Citigroup, Cadence Design, SPX FLOW, and ...",http://www.gurufocus.com/news/731921/research-report-identifies-kronos-worldwide-the-gap-citigroup-cadence-design-spx-flow-and-fate-therapeutics-with-renewed-outlook--fundamental-analysis-calculating-forward-movement,
news,kaggle_news:Zacks,2018-08-31 13:03:00,"The Zacks Analyst Blog Highlights: ExxonMobil, Chevron, Phillips 66, Marathon and Helix Energy",http://www.zacks.com/stock/news/320978/the-zacks-analyst-blog-highlights-exxonmobil-chevron-phillips-66-marathon-and-helix-energy?cid=CS-BENZ-FT-320978,
news,kaggle_news:Seeking Alpha,2018-08-31 13:17:00,Reversion To The Mean: The Emerging Market Comeback,https://seekingalpha.com/article/4203295-reversion-mean-emerging-market-comeback?source=partner_benzinga,
news,kaggle_news:Seeking Alpha,2018-08-31 13:47:00,Eurozone Annual Inflation Rises 2.0% in August,https://seekingalpha.com/news/3387231-eurozone-annual-inflation-rises-2_0-percent-august?source=partner_benzinga,
news,kaggle_news:Seeking Alpha,2018-08-31 14:16:00,Eurozone Core Inflation Declines To 1% And Becomes A Bigger Worry For ECB,https://seekingalpha.com/article/4203400-eurozone-core-inflation-declines-1-percent-becomes-bigger-worry-ecb?source=partner_benzinga,
news,kaggle_news:Zacks,2018-08-31 14:31:00,Amazon (AMZN) to Expand Online Grocery Service in Mexico,http://www.zacks.com/stock/news/321089/amazon-amzn-to-expand-online-grocery-service-in-mexico?cid=CS-BENZ-FT-321089,
news,kaggle_news:Seeking Alpha,2018-08-31 14:54:00,Yandex tops Google in Android search share in Russia,https://seekingalpha.com/news/3387198-yandex-tops-google-android-search-share-russia?source=partner_benzinga,
news,kaggle_news:GuruFocus,2018-08-31 15:12:00,Some Thoughts on Starbucks,http://www.gurufocus.com/news/728946/some-thoughts-on-starbucks,
news,kaggle_news:Zacks,2018-08-31 15:16:00,"Top Stock Reports for Bristol-Myers, Qualcomm & Citigroup",http://www.zacks.com/research-daily/179640/top-stock-reports-for-bristol-myers-qualcomm-citigroup?cid=CS-BENZ-FT-179640,
news,kaggle_news:Zacks,2018-08-31 15:43:00,PetroChina's (PTR) 1H18 Earnings Up 114% Chiefly on Crude Rally,http://www.zacks.com/stock/news/321088/petrochinas-ptr-1h18-earnings-up-114-chiefly-on-crude-rally?cid=CS-BENZ-FT-321088,
news,kaggle_news:luke@benzinga.com,2018-08-31 15:44:49,Gastar Exploration Shares Down 10% Fri. Morning; Wells Fargo Earlier Downgraded Stock From Market Perform To Underperform,https://www.benzinga.com/news/18/08/12291612/gastar-exploration-shares-down-10-fri-morning-wells-fargo-earlier-downgraded-sto,
news,kaggle_news:Seeking Alpha,2018-08-31 15:46:00,"The Dollar, Commodities And Inflation",https://seekingalpha.com/article/4203344-dollar-commodities-inflation?source=partner_benzinga,
news,kaggle_news:Zacks,2018-08-31 15:46:00,"The Zacks Analyst Blog Highlights: Microsoft, Avid, Huntington, Johnson Outdoors and BJ???s",http://www.zacks.com/stock/news/320964/the-zacks-analyst-blog-highlights-microsoft-avid-huntington-johnson-outdoors-and-bjs?cid=CS-BENZ-FT-320964,
news,kaggle_news:Seeking Alpha,2018-08-31 15:59:00,Trump rejects EU offer on auto tariffs,https://seekingalpha.com/news/3387066-trump-rejects-eu-offer-auto-tariffs?source=partner_benzinga,
news,kaggle_news:Seeking Alpha,2018-08-31 16:01:00,"U.S. sells 11M barrels from Strategic Petroleum Reserve to Exxon, others",https://seekingalpha.com/news/3387323-u-s-sells-11m-barrels-strategic-petroleum-reserve-exxon-others?source=partner_benzinga,
news,kaggle_news:Zacks,2018-08-31 16:18:00,"TOTAL to Sell China Polystyrene Unit, Focus on US & Europe",http://www.zacks.com/stock/news/321086/total-to-sell-china-polystyrene-unit-focus-on-us-europe?cid=CS-BENZ-FT-321086,
news,kaggle_news:Seeking Alpha,2018-08-31 16:20:00,The U.S. Dollar Is (Still) A Key Factor For Emerging Market Returns,https://seekingalpha.com/article/4203521-u-s-dollar-still-key-factor-emerging-market-returns?source=partner_benzinga,
news,kaggle_news:GuruFocus,2018-08-31 16:24:00,Cabot Microelectronics Corporation to Present at the Citi —…–8 Global Technology Conference,http://www.gurufocus.com/news/732086/cabot-microelectronics-corporation-to-present-at-the-citi-2018-global-technology-conference,
news,kaggle_news:Seeking Alpha,2018-08-31 16:35:00,China: Fiscal Stimulus Has Arrived,https://seekingalpha.com/article/4203348-china-fiscal-stimulus-arrived?source=partner_benzinga,
news,kaggle_news:Zacks,2018-08-31 16:44:00,Renewed Tariff Fears End Four-Day Rally,https://www.zacks.com/registration/ultimatetrader/welcome/eoffer/30c3?adid=ZU_CONTENT_SYND&cid=CS-BENZ-FT-17760,
news,kaggle_news:Zacks,2018-08-31 17:29:00,Boeing Secures $805M Deal to Build MQ-25A UAV for US Navy,http://www.zacks.com/stock/news/320886/boeing-secures-%24805m-deal-to-build-mq-25a-uav-for-us-navy?cid=CS-BENZ-FT-320886,
news,kaggle_news:Seeking Alpha,2018-08-31 17:54:00,Total sells its polystyrene business in China to INEOS styrolution,https://seekingalpha.com/news/3387213-total-sells-polystyrene-business-china-ineos-styrolution?source=partner_benzinga,
news,kaggle_news:Seeking Alpha,2018-08-31 17:59:00,PetroChina falls 4% despite strong H1 as Chinese rivals perform even better,https://seekingalpha.com/news/3387205-petrochina-falls-4-percent-despite-strong-h1-chinese-rivals-perform-even-better?source=partner_benzinga,
news,kaggle_news:Zacks,2018-08-31 18:05:00,Verizon (VZ) Upgrades Cat M Network With Voice Capabilities,http://www.zacks.com/stock/news/320953/verizon-vz-upgrades-cat-m-network-with-voice-capabilities?cid=CS-BENZ-FT-320953,
news,kaggle_news:Zacks,2018-08-31 18:42:00,Is Coke (KO) Stock a Buy After Costa Purchase & BodyArmor Investment?,http://www.zacks.com/stock/news/321067/is-coke-ko-stock-a-buy-after-costa-purchase-bodyarmor-investment?cid=CS-BENZ-FT-321067,
news,kaggle_news:Seeking Alpha,2018-08-31 19:57:00,China tightens grip on gaming,https://seekingalpha.com/news/3387067-china-tightens-grip-gaming?source=partner_benzinga,
news,kaggle_news:Seeking Alpha,2018-08-31 20:18:00,Turkey: Short-Lived Lira Rally,https://seekingalpha.com/article/4203349-turkey-short-lived-lira-rally?source=partner_benzinga,
news,kaggle_news:Zacks,2018-08-31 20:25:00,Amazon Inches Closer to $1 Trillion Market Cap: ETFs in Focus,http://www.zacks.com/stock/news/320979/amazon-inches-closer-to-%241-trillion-market-cap-etfs-in-focus?cid=CS-BENZ-FT-320979,
news,kaggle_news:Zacks,2018-08-31 20:52:00,Exxon (XOM) Discovers Oil in Hammerhead -1 Exploration Well,http://www.zacks.com/stock/news/320825/exxon-xom-discovers-oil-in-hammerhead-1-exploration-well?cid=CS-BENZ-FT-320825,
news,kaggle_news:Seeking Alpha,2018-08-31 20:59:00,UBS warns on China luxury spending,https://seekingalpha.com/news/3387149-ubs-warns-china-luxury-spending?source=partner_benzinga,
