source,source_name,published_at,text,url,tickers_hint
social,kaggle_tweets,2018-07-15 07:29:00,RT @itsspotty321: Josh from Walmart #InMyFeelingsChallenge Pt 2 😆 Y’all Know What To Do🙌💯 #JoshFromWalmart #Drake (WATCH TIL END) https://t…,,WMT
social,kaggle_tweets,2018-07-15 07:30:00,"RT @PornAtHome: Fuckbook The 18+ version of Facebook. Millions of profiles on the most entertaining adult dating site. Search, browse and l…",,FB
social,kaggle_tweets,2018-07-15 07:33:00,"RT @undisputedstomp: if you remember this moment, you get Netflix for free for an entire year https://t.co/VGX1RFl1P8",,NFLX
social,kaggle_tweets,2018-07-15 07:39:00,Microsoft Solitaire Collection - TriPeaks | July 16th 2018: Clear 8 Fives in 1 deal: https://t.co/p666xm4G36 via @YouTube,,MSFT
social,kaggle_tweets,2018-07-15 07:43:00,"RT @dfstoken: #DigitalFantasySports ($DFS) can now be purchased with Visa, Mastercard, Amex &amp; other crypto #CoinPayments 🏆 💳 For the First…",,V
social,kaggle_tweets,2018-07-15 07:48:00,Nike and Adidas don’t generally release ad spending for #WorldCup. Analysts have estimated Adidas spent roughly $10… https://t.co/k9DzXfgocY,,NKE
social,kaggle_tweets,2018-07-15 08:47:00,RT @daddygod5150: $IZEA Thanks @timothysykes nice $620 profit in a very short time! Oracle @StocksToTrade best invention ever !,,ORCL
social,kaggle_tweets,2018-07-15 08:53:00,RT @mashable: Microsoft literally test waters with self-sustaining seabed datacenter https://t.co/jjXkkx2W2I,,MSFT
social,kaggle_tweets,2018-07-15 08:54:00,RT @xonecole: Oprah’s new $1 billion deal with Apple is such a #GirlBoss move! https://t.co/4YvXb8QK66 https://t.co/4eFIa3mMv6,,AAPL
social,kaggle_tweets,2018-07-15 09:02:00,@CoachLRJ Im fine unless Im being asked by Disney to pay another $5 to watch them as highlights,,DIS
social,kaggle_tweets,2018-07-15 09:46:00,"Check out this Amazon deal: KILIG Women's Floral Print Dress,Casual Sleev... by KILIG https://t.co/KoD3i5hde7 via @amazon",,AMZN
social,kaggle_tweets,2018-07-15 09:58:00,"Banks Report Earnings, and Google Faces Antitrust Fines https://t.co/lZOnFisl9K https://t.co/2nBvDeP03k",,GOOGL
social,kaggle_tweets,2018-07-15 10:16:00,"RT @therealautoblog: Matt Damon is Carroll Shelby, with Christian Bale in Ford vs. Ferrari film: https://t.co/h7ucjDW3uq https://t.co/NitQR…",,F
social,kaggle_tweets,2018-07-15 10:45:00,Apple WOULD upgrade the Magic Trackpad to fix all of my problems with the old apartment walk through.,,AAPL
social,kaggle_tweets,2018-07-15 10:53:00,@ShowMaxOnline is there any reason why I’m having a problem connecting to your service this morning? I can access Netflix just fine...,,NFLX
social,kaggle_tweets,2018-07-15 10:55:00,When your sister offers to put you on her Costco membership https://t.co/A1rvvCLlo5,,COST
social,kaggle_tweets,2018-07-15 11:04:00,DO NOT MISS THIS OFFER (SALE ASUS Q504UA 2-in-1 15.6 Touchscreen Intel Core i5-7200U/12GB/1TB/FHD Laptop) ATAK DEAL… https://t.co/YYko18tofH,,INTC
social,kaggle_tweets,2018-07-15 11:12:00,"AWESOME ITEM, DO NOT MISS IT, BUY SECURE ...(Amazon Echo Show Black Alexa BRAND NEW - IN STOCK ✔✔ FREE USA SHIPPING… https://t.co/h7VggKniRb",,AMZN
social,kaggle_tweets,2018-07-15 11:13:00,RT @SenSanders: The average cashier at McDonald's would have to work for 895 years to make what the company's CEO makes in one year. That i…,,MCD
social,kaggle_tweets,2018-07-15 11:13:00,RT @SenSanders: The average cashier at McDonald's would have to work for 895 years to make what the company's CEO makes in one year. That i…,,MCD
social,kaggle_tweets,2018-07-15 11:20:00,RT @NotDrabule: This how ya uncle take pics on Facebook https://t.co/SDuZ5fXkR1,,FB
social,kaggle_tweets,2018-07-15 11:20:00,RT @NotDrabule: This how ya uncle take pics on Facebook https://t.co/SDuZ5fXkR1,,FB
social,kaggle_tweets,2018-07-15 11:47:00,RT @ModricFX: Giveaway Guaranteed skin account! 👀 PayPal Money💰 2 WINNERS ♻️Retweet♻️ Follow @ModricFX &amp; @SoNioRConcours 🔔Notification…,,PYPL
social,kaggle_tweets,2018-07-15 11:50:00,Former accountant turned Amazon Seller (Makes over $1 million per year buying clearance items at department stores!… https://t.co/KY6MUQlM7c,,AMZN
social,kaggle_tweets,2018-07-15 11:51:00,"RT @sexspotz: Fuckbook The 18+ version of Facebook. Millions of profiles on the most entertaining adult dating site. Search, browse and loo…",,FB
social,kaggle_tweets,2018-07-15 12:01:00,"The UKs Information Commissioner announces the maximum half a billion quid fine levied against Facebook, and the pu… https://t.co/iNgcG5o15M",,FB
social,kaggle_tweets,2018-07-15 12:05:00,RT @KicksFinder: RESTOCK: size? x Nike Air Max 95 What The Safari back in stock! https://t.co/ginUFOZQOF https://t.co/BzQBisE0vm,,NKE
social,kaggle_tweets,2018-07-15 12:14:00,RT @reach2ratan: The iOS Bug That Crashes Apple Devices Upon Typing “Taiwan” https://t.co/hzr0mHdnIW #CyberSecurity #infosec #AI #Malware…,,AAPL
social,kaggle_tweets,2018-07-15 12:53:00,How Many Workers Must Live In Poverty For McDonald's CEO To Make $21.8 Million? via @forbes https://t.co/xFTDL7pz4B,,MCD
social,kaggle_tweets,2018-07-15 13:13:00,RT @historyinmoment: Harrison Ford watching Mark Hamill and Carrie Fisher kiss on the set of The Empire Strikes Back (1980) https://t.co/d3…,,F
social,kaggle_tweets,2018-07-15 13:26:00,RT @maya_ramak: Stand with workers and don’t use Amazon for the next couple days! #AmazonStrike https://t.co/zMPblFDZLC,,AMZN
social,kaggle_tweets,2018-07-15 13:28:00,"RT @etzioni: .@SimonDeDeo: Google and Facebook, and other corporate research labs, are focused on AI for profit, not on advancing science.…",,GOOGL
social,kaggle_tweets,2018-07-15 13:28:00,Uh why was College Dropout removed from Apple Music? @AppleMusic,,AAPL
social,kaggle_tweets,2018-07-15 13:40:00,"RT @CauseWereGuys: Why do porn sites have a ""Share to Facebook"" button? Who watches porn and thinks, ""I bet my Facebook friends would love…",,FB
social,kaggle_tweets,2018-07-15 13:43:00,Bestselling Kindle book Mindfulness for Beginners is FREE TODAY on Amazon! Get it now! https://t.co/k1w3TLW9Ut #kdp #Kindle @twitterbooks,,AMZN
social,kaggle_tweets,2018-07-15 14:39:00,"Two Sigma Securities Increases Position in Visa (Call) (V); As Home Depot (HD) Stock Declined, Share... https://t.co/w3eYR4b2oK #cannabis",,V
social,kaggle_tweets,2018-07-15 14:40:00,RT @dealsfromAtoZ: Prime Members get 15 Months of PlayStation Plus for £34.99 @ Amazon (Goes live on 16th July) Sign up to prime now ahead…,,AMZN
social,kaggle_tweets,2018-07-15 14:42:00,"Check out this Amazon deal: Polar Bear, Polar Bear, What Do You Hear? (Br... by Bill Martin Jr. https://t.co/6YytUPNe9y via @amazon",,AMZN
social,kaggle_tweets,2018-07-15 15:03:00,"RT @realDonaldTrump: Just talked with Pfizer CEO and @SecAzar on our drug pricing blueprint. Pfizer is rolling back price hikes, so America…",,PFE
social,kaggle_tweets,2018-07-15 15:13:00,RT @_johnswish: Me on Facebook sliding into the inbox of my Mama old friends who was calling me handsome and fine back in the day https://t…,,FB
social,kaggle_tweets,2018-07-15 15:22:00,"If Apple hadn't tried to appease the Chinese government in the first place, there would be no bug!… https://t.co/OqhTv2sG3F",,AAPL
social,kaggle_tweets,2018-07-15 15:35:00,"RT @TomFitton: It is over. Mueller investigated Dem hacking, election system issues ,and Russian propaganda on Facebook, etc and found no c…",,FB
social,kaggle_tweets,2018-07-15 15:35:00,"RT @TomFitton: It is over. Mueller investigated Dem hacking, election system issues ,and Russian propaganda on Facebook, etc and found no c…",,FB
social,kaggle_tweets,2018-07-15 15:35:00,"RT @TomFitton: It is over. Mueller investigated Dem hacking, election system issues ,and Russian propaganda on Facebook, etc and found no c…",,FB
social,kaggle_tweets,2018-07-15 15:35:00,"RT @TomFitton: It is over. Mueller investigated Dem hacking, election system issues ,and Russian propaganda on Facebook, etc and found no c…",,FB
social,kaggle_tweets,2018-07-15 15:35:00,"RT @TomFitton: It is over. Mueller investigated Dem hacking, election system issues ,and Russian propaganda on Facebook, etc and found no c…",,FB
social,kaggle_tweets,2018-07-15 15:51:00,RT @147Team: Getting everything ready for the 147 Team Launch tonight! If you aren’t able to make it join us on Facebook and Insta Live at…,,FB
social,kaggle_tweets,2018-07-15 15:53:00,I’m so happy that my job is literally wherever I am now. I’m so happy I no longer work at Amazon. Life is coming to… https://t.co/9uQOp34TPl,,AMZN
social,kaggle_tweets,2018-07-15 16:15:00,"RT @FordBeGone: ""In bowing to the squeaky-wheel minority, the Doug Ford government has disrespected parents in the silent majority and, muc…",,F
social,kaggle_tweets,2018-07-15 16:35:00,Google Chrome Has A Nasty Surprise https://t.co/fvZW5AHj6Z #Finance #Investments #ROIMentor,,GOOGL
social,kaggle_tweets,2018-07-15 17:02:00,New post (2018 Ford Mustang GT Eagle Squadron unveiled) has been published on cars news - https://t.co/QI3BCoODxC,,F
social,kaggle_tweets,2018-07-15 17:19:00,"RT @EuroBang: Fuckbook The 18+ version of Facebook. Millions of profiles on the most entertaining adult dating site. Search, browse and loo…",,FB
social,kaggle_tweets,2018-07-15 17:19:00,"RT @EuroBang: Fuckbook The 18+ version of Facebook. Millions of profiles on the most entertaining adult dating site. Search, browse and loo…",,FB
social,kaggle_tweets,2018-07-15 17:23:00,An IBM security study found that mega data breaches cost between $40 million to $350 million https://t.co/nMYBSGJIIf #news #world #coin,,IBM
social,kaggle_tweets,2018-07-15 17:24:00,Disney Movie Club $1 Deal https://t.co/9DZJ45uL1g,,DIS
social,kaggle_tweets,2018-07-15 17:29:00,"LGT Capital Partners LTD. Buys 107,135 Shares of Oracle Co. $ORCL https://t.co/ymRxikPvRK",,ORCL
social,kaggle_tweets,2018-07-15 17:57:00,"RT @justinsuntron: #TRON Independence Day live stream starts now, click to know more. Facebook: https://t.co/G5tpZyk3ho Periscope: ht…",,FB
social,kaggle_tweets,2018-07-15 18:44:00,Stryok is the best thing in a while to happen to Walmart .. Has anyone considered he may own a lot stock in Walmart… https://t.co/9YTk0R4qxc,,WMT
social,kaggle_tweets,2018-07-15 18:48:00,RT @Thomas1774Paine: Report: Feinstein Failed To Disclose Husband’s $100k Facebook Stock Before Zuckerberg Hearing https://t.co/E2T1ChoLFK,,FB
social,kaggle_tweets,2018-07-15 18:55:00,"RT @PlutoPress: Following strikes, Amazon increased pressure on activists, they tried to prevent leafleting outside warehouses, assigned ac…",,AMZN
social,kaggle_tweets,2018-07-15 19:37:00,RT @ajplus: Toys R Us didn't go bankrupt just because of Amazon. This is what really happened. https://t.co/ztjMduj1pM,,AMZN
social,kaggle_tweets,2018-07-15 19:56:00,"""Another great book in the Hopes Crossing series."" THE REPLACEMENT BRIDE Google Play: https://t.co/gM0qSmG5RF #lovehistoricals #BYNR",,GOOGL
social,kaggle_tweets,2018-07-15 20:12:00,RT @SixPicsOficial: Nike https://t.co/giuP2kC5Bu,,NKE
social,kaggle_tweets,2018-07-15 20:24:00,Mastercard $MA Market Valuation Rose While Bluespruce Investments LP Has Decreased Holding; Orleans Capital Managem… https://t.co/QoLdZq3ZYx,,MA
social,kaggle_tweets,2018-07-15 20:25:00,RT @Cruiseship13: Played gay porn at max volume on my Apple TV in my family’s house at 1:45am https://t.co/YPhafozLHF,,AAPL
social,kaggle_tweets,2018-07-15 20:35:00,LAST DAY TODAY (7/15) Save $70 and FREE installation on 4 Michelin tires at Costco! https://t.co/EV37Rn6nNl,,COST
social,kaggle_tweets,2018-07-15 20:37:00,Nabors Industries $NBR PT Lowered to $9.00 at Citigroup https://t.co/NW0giwKlsV,,C
social,kaggle_tweets,2018-07-15 20:41:00,"RT @amadarisss: This kid’s wife will have a Facebook bio like this: HaPpiLy married to my oil field honey 💖 Mother to Braylynne Naya, Jeigh…",,FB
social,kaggle_tweets,2018-07-15 20:51:00,hate when people share what I share on Facebook without liking my post first UGH,,FB
social,kaggle_tweets,2018-07-15 20:56:00,"RT @EuroAmateur: Fuckbook The 18+ version of Facebook. Millions of profiles on the most entertaining adult dating site. Search, browse and…",,FB
social,kaggle_tweets,2018-07-15 20:57:00,.@AmazonUK shouldn't really promote the expandability of the Kindle via SD card when apps like Disney Life and the… https://t.co/RbaxJdAG8s,,DIS
social,kaggle_tweets,2018-07-16 07:53:00,"RT @MCarlosUCC: Interesting to analyse the biggest acquisitions last year of Apple , Amazon, Microsoft, Cisco, Google etc.. #ecommerce #sec…",,GOOGL
social,kaggle_tweets,2018-07-16 09:53:00,RT @WanacctW: Intel Vets Challenge ‘Russia Hack’ Evidence https://t.co/fhYCVoI8Zb @RepRobinKelly @SenatorDurbin @SenDuckworth. #Unity4J #Fr…,,INTC
social,kaggle_tweets,2018-07-16 10:05:00,"House Republicans question Apple, Google on smartphone data #Privacy https://t.co/4eTuJsHVkY",,GOOGL
social,kaggle_tweets,2018-07-16 12:36:00,"RT @Spacekatgal: Billion dollar institutions do not need you to defend them. That’s true for Apple, Google, and Elon Musk. Do literally any…",,GOOGL
social,kaggle_tweets,2018-07-16 12:43:00,Had to hack the entire Netflix account so they’d get off my dick. Omfg.,,NFLX
social,kaggle_tweets,2018-07-16 13:33:00,RT @ARedPillReport: Report: Feinstein Failed To Disclose Husband’s $100k Facebook Stock Before Zuckerberg Hearing https://t.co/jWmeWc55Tm,,FB
social,kaggle_tweets,2018-07-16 15:53:00,Apple Music crashing 🤔 thugga is upon us,,AAPL
social,kaggle_tweets,2018-07-16 15:53:00,"Following IPO, Ecovacs Looks To Amazon Prime Day For Continual Expansion https://t.co/dEp8JIv2AC",,AMZN
social,kaggle_tweets,2018-07-16 16:23:00,RT @beybay7: @beforexdishonor @Tinyonce The lady at Starbucks literally asked me if I’m ok by the way I gasped https://t.co/zT8llqlIXE,,SBUX
social,kaggle_tweets,2018-07-16 17:21:00,Apparel Product Launching Google Slide 8.2 https://t.co/a29xECbM8K #envato #graphicriver #creative #google #slide #pptx #product #launching,,GOOGL
social,kaggle_tweets,2018-07-16 18:09:00,Check out this Amazon deal: Umbrella Inverted Travel Umbrella Windproof C... by LANBRELLA https://t.co/l1zWzlXbbq via @amazon,,AMZN
social,kaggle_tweets,2018-07-16 20:08:00,"RT @TerriGerstein: Tomorrow 7/16 is Amazon “Prime day"" in the US. There’s a strike in Europe over bad working conditions &amp; calls for a cons…",,AMZN
social,kaggle_tweets,2018-07-16 20:22:00,https://t.co/7M0nbcdlqU Follow Me on Facebook - https://t.co/xUBult1i5X,,FB
social,kaggle_tweets,2018-07-16 20:57:00,RT @Avira: Google enables 'Site Isolation' feature by default for #Chrome desktop users /via @thehackernews https://t.co/2U8fuqZxZG #infosec,,GOOGL
social,kaggle_tweets,2018-07-17 07:01:00,"RT @InvestigateRU: Cambridge Analytica's Facebook data was accessed from Russia, MP says https://t.co/jeiWDerv7N via @CNNMoney",,FB
social,kaggle_tweets,2018-07-17 07:07:00,RT @homfy_life: #Follow our Facebook and sent us address on Facebook &amp; RT this post to #WIN queen size cotton pillows. #Like our Facebook…,,FB
social,kaggle_tweets,2018-07-17 07:15:00,RT @Nour_SaveSH: RT if you watch Shadowhunters on Netflix and you want the show to be saved and YOU’RE OUTSIDE THE USA #SaveShadowhunters #…,,NFLX
social,kaggle_tweets,2018-07-17 07:22:00,RT @swamv39: Facebook removed Fake News Factory @postcard_news's Facebook page after multiple People reported their Fake &amp; Communal Cooked…,,FB
social,kaggle_tweets,2018-07-17 07:30:00,Google unveils Artificial Intelligence-aided ad tools #AI #ArtificialIntelligence #Google https://t.co/GmZYIUqIFj,,GOOGL
social,kaggle_tweets,2018-07-17 07:31:00,RT @HaramiParindey: Flipkart : Big Billion Days Amazon : Prime Days Me : Salary khatam hogayi days,,AMZN
social,kaggle_tweets,2018-07-17 07:32:00,RT @pattymcfatty44: Jeff Bezos is worth $150 Billion USD (55 billion more than #2 Bill Gates) and Amazon does not protect the rights and wa…,,AMZN
social,kaggle_tweets,2018-07-17 07:33:00,RT @BizAsia: Amazon Prime Video unveils first look of #Mirzapur : https://t.co/22oqtkWmPx,,AMZN
social,kaggle_tweets,2018-07-17 07:33:00,RT @BizAsia: Amazon Prime Video unveils first look of #Mirzapur : https://t.co/22oqtkWmPx,,AMZN
social,kaggle_tweets,2018-07-17 07:36:00,RT @RepJayapal: Amazon received $789 million from the Trump tax cuts and paid $0 in federal taxes in 2017. Amazon ranks 11th in having th…,,AMZN
social,kaggle_tweets,2018-07-17 08:01:00,RT @R2d2sDink: This is how Doug Ford has chosen to spend our tax dollars in just 17 days: $10M to Hydro CEO $299M to settle Takata airbag l…,,F
social,kaggle_tweets,2018-07-17 08:05:00,"RT @SenSanders: Last year, Amazon reported nearly $5.6 billion in U.S. profits and did not pay a penny of federal income taxes on it. #CEOs…",,AMZN
social,kaggle_tweets,2018-07-17 08:06:00,RT @dirkminnebo: Growth Hacking killed Facebook,,FB
social,kaggle_tweets,2018-07-17 08:11:00,Amazon Prime: Keurig K-Elite &amp; Laughing Man K-Cups – Only $99.99 https://t.co/cT4tFK8z2c https://t.co/pEl7w5XfwJ,,AMZN
social,kaggle_tweets,2018-07-17 08:45:00,RT @mitchellvii: It's a joke guys. Google the Russian. Geesh. Don't be so literal. https://t.co/egLM3oPpIH,,GOOGL
social,kaggle_tweets,2018-07-17 08:52:00,RT @BT21_: #UNIVERSTAR #BT21 finally coming to Facebook! See you on #July19 #COMINGSOON #Facebook #Stickers https://t.co/wEp277Gmcg,,FB
social,kaggle_tweets,2018-07-17 08:56:00,"RT @mollywoodstock: How DARE you promote Amazon Prime day during a global strike, ⁦@wweek⁩. This is some scabby capitalist bullshit. https:…",,AMZN
social,kaggle_tweets,2018-07-17 08:56:00,"For all of its greatness, Amazon is a true disappointment. What happened yesterday? Speak out and confront the media, @JeffBezos $AMZN",,AMZN
social,kaggle_tweets,2018-07-17 08:57:00,Apple bug crashed iPhones when you wrote 'Taiwan' https://t.co/Rglisp0krB https://t.co/Qxz7aqmI9f,,AAPL
social,kaggle_tweets,2018-07-17 08:59:00,RT @ScottRickhoff: Exposed Dirty Democrat Comey Lashes Out at Trump After Putin Drops Bombshell Expising Democrats in US Intel Helped Move…,,INTC
social,kaggle_tweets,2018-07-17 09:13:00,Apple unveils new emojis https://t.co/msHrrCJXzY https://t.co/1EaprMMSZd,,AAPL
social,kaggle_tweets,2018-07-17 09:15:00,"RT @RealAlexJones: When President Trump returns back to the states, he needs to start antitrust against Facebook, Twitter, Youtube &amp; Google…",,FB
social,kaggle_tweets,2018-07-17 09:20:00,"RT @Euporn_: Fuckbook The 18+ version of Facebook. Millions of profiles on the most entertaining adult dating site. Search, browse and look…",,FB
social,kaggle_tweets,2018-07-17 09:28:00,"RT @MichaelJordaan: Sad when a news site with 1,6m readers cannot attract enough advertising revenue to stay alive. Google and Facebook tak…",,GOOGL
social,kaggle_tweets,2018-07-17 09:31:00,"RT @SenJeffMerkley: Are you kidding me??? After Mueller charged 12 Russian Intel officers for hacking, stealing, &amp; leaking emails stolen f…",,INTC
social,kaggle_tweets,2018-07-17 09:31:00,"RT @MarketWatch: Netflix may have had a rough quarter for earnings, but it is still the leader among paid streaming services https://t.co/Z…",,NFLX
social,kaggle_tweets,2018-07-17 09:31:00,"RT @SenJeffMerkley: Are you kidding me??? After Mueller charged 12 Russian Intel officers for hacking, stealing, &amp; leaking emails stolen f…",,INTC
social,kaggle_tweets,2018-07-17 09:33:00,RT @krishgm: Some really shocking material in this film and a major apology and admissions from Facebook. Do watch https://t.co/uyHXY644jD,,FB
social,kaggle_tweets,2018-07-17 09:34:00,"Move over Amazon: Target launches one-day sale with freebies, 30 percent off deals https://t.co/35CxLlQdfj",,AMZN
social,kaggle_tweets,2018-07-17 09:41:00,"RT @_ImperatorRex_: 22. The SAME Alperovitch who ended up at Crowdstrike, covering up for the Clinton/DNC 'hack'. And the Google hack, abo…",,GOOGL
social,kaggle_tweets,2018-07-17 09:49:00,"RT @AbhijitBauri18: Google To Launch Foundation, Expand Google Grants https://t.co/bMWMryufUi via @lorenbaker, @sejournal",,GOOGL
social,kaggle_tweets,2018-07-17 09:57:00,Amazon is giving away free money for Prime Day https://t.co/EfJi2TeZbq,,AMZN
social,kaggle_tweets,2018-07-17 10:03:00,Boeing to seek supplier cost reductions after Embraer deal: CEO https://t.co/9gQ20LoTpr,,BA
social,kaggle_tweets,2018-07-17 10:24:00,Having to share your middle school email address with Apple Support to get back into your account is a new level of awkward 😂,,AAPL
social,kaggle_tweets,2018-07-17 10:29:00,"RT @Eloncity_io: Apple is investing $300 million into a ""China Clean Energy Fund,"" which has the potential to power 1 million homes in Chin…",,AAPL
social,kaggle_tweets,2018-07-17 10:31:00,RT IanAllison123: IBM Is Helping Launch a Price-Stable Cryptocurrency Insured By the FDIC https://t.co/Er014jxBNc via CoinDesk,,IBM
social,kaggle_tweets,2018-07-17 10:32:00,Check out this Amazon deal: Heathyoga LIMITED TIME DEAL Eco Friendly Non ... by Heathyoga https://t.co/bxX4V6JABs via @amazon,,AMZN
social,kaggle_tweets,2018-07-17 10:34:00,RT @allkpop: Facebook Messenger to launch BT21 sticker set https://t.co/d2WZA0Tt1d https://t.co/nollB4wIRC,,FB
social,kaggle_tweets,2018-07-17 10:36:00,"""JPMorgan Chase Invests in Artificial Intelligence Startup Volley"" https://t.co/ltIf21CY4A #ai #automation #tech",,JPM
social,kaggle_tweets,2018-07-17 10:53:00,Reach the top of talent acquisition and learn from Hepsiburada how Oracle HCM Cloud helped them shorten recruitment… https://t.co/d28aTjEUNh,,ORCL
social,kaggle_tweets,2018-07-17 10:56:00,"Netflix Terminates Weinstein Co. Output Deal, Which Included “Scream’s” Third Season https://t.co/RXOOzBFP0a",,NFLX
social,kaggle_tweets,2018-07-17 11:11:00,"RT @MisterCommodity: if you care about ""Russian ads"" on Facebook when Clinton spent over $1 billion on her campaign then you're about as du…",,FB
social,kaggle_tweets,2018-07-17 12:01:00,RT @RichardHolober: How AT&amp;T’s plan to become the new Facebook could be a privacy nightmare https://t.co/sItrqqH3sS,,FB
social,kaggle_tweets,2018-07-17 12:01:00,RT @WhoIsQanon8chan: Trump gathering Intel on HRC &amp; U1 deal as we speak... This month the world will learn the TRUTH. Putin has evidence of…,,INTC
social,kaggle_tweets,2018-07-17 12:02:00,Tech Giant Oracle Launches Blockchain Cloud Service Platform https://t.co/VqLRSufIUZ,,ORCL
social,kaggle_tweets,2018-07-17 12:05:00,RT @tictoc: IBM is seeking $167 million from Groupon in an e-commerce patent lawsuit https://t.co/Ve2LxNszau #tictocnews https://t.co/vbj8h…,,IBM
social,kaggle_tweets,2018-07-17 12:08:00,RT @kadybat: Don’t break the line. ☆ no Amazon ☆ no Whole Foods ☆ no Twitch ☆ no using Fire gadgets ☆ no Alexa ☆ no Audible ☆ no ComiXolog…,,AMZN
social,kaggle_tweets,2018-07-17 12:14:00,Amazon CEO Jeff Bezos -- the world's wealthiest person -- is now worth more than $150 billion… https://t.co/mNRPQCZA7Z,,AMZN
social,kaggle_tweets,2018-07-17 12:19:00,RT @Wario64: LEGO The Incredibles (PS4/XBO/Switch) is $29.99 on Amazon Prime Lighting Deal https://t.co/4Z7pcXYSQB https://t.co/nDR1KVlG6F,,AMZN
social,kaggle_tweets,2018-07-17 12:23:00,Check out todays deal over on Amazon https://t.co/I6CwnL0qlt,,AMZN
social,kaggle_tweets,2018-07-17 12:27:00,Must Check: [Deal Alert] LG V35 ThinQ Prime Exclusive now available for $600 ($300 off) on Amazon https://t.co/jVgNGNfG5Y,,AMZN
social,kaggle_tweets,2018-07-17 12:29:00,IBM Teams With Columbia to Launch Blockchain Research Center https://t.co/BHnP0gG6gK,,IBM
social,kaggle_tweets,2018-07-17 12:32:00,"V_of_Europe: Google to face record fine from EU over Android antitrust on Wednesday, says report https://t.co/mr9lxLFutt",,GOOGL
social,kaggle_tweets,2018-07-17 12:38:00,RT @billboard: Facebook Messenger launching BTS-inspired sticker set with BT21 partnership (exclusive) https://t.co/7iItVFGyTv https://t.co…,,FB
social,kaggle_tweets,2018-07-17 12:38:00,RT @billboard: Facebook Messenger launching BTS-inspired sticker set with BT21 partnership (exclusive) https://t.co/7iItVFGyTv https://t.co…,,FB
social,kaggle_tweets,2018-07-17 12:38:00,RT @billboard: Facebook Messenger launching BTS-inspired sticker set with BT21 partnership (exclusive) https://t.co/7iItVFGyTv https://t.co…,,FB
social,kaggle_tweets,2018-07-17 12:38:00,RT @billboard: Facebook Messenger launching BTS-inspired sticker set with BT21 partnership (exclusive) https://t.co/7iItVFGyTv https://t.co…,,FB
social,kaggle_tweets,2018-07-17 12:38:00,RT @billboard: Facebook Messenger launching BTS-inspired sticker set with BT21 partnership (exclusive) https://t.co/7iItVFGyTv https://t.co…,,FB
social,kaggle_tweets,2018-07-17 12:38:00,RT @billboard: Facebook Messenger launching BTS-inspired sticker set with BT21 partnership (exclusive) https://t.co/7iItVFGyTv https://t.co…,,FB
social,kaggle_tweets,2018-07-17 12:38:00,RT @billboard: Facebook Messenger launching BTS-inspired sticker set with BT21 partnership (exclusive) https://t.co/7iItVFGyTv https://t.co…,,FB
social,kaggle_tweets,2018-07-17 12:38:00,RT @billboard: Facebook Messenger launching BTS-inspired sticker set with BT21 partnership (exclusive) https://t.co/7iItVFGyTv https://t.co…,,FB
social,kaggle_tweets,2018-07-17 12:38:00,RT @billboard: Facebook Messenger launching BTS-inspired sticker set with BT21 partnership (exclusive) https://t.co/7iItVFGyTv https://t.co…,,FB
social,kaggle_tweets,2018-07-17 12:38:00,RT @billboard: Facebook Messenger launching BTS-inspired sticker set with BT21 partnership (exclusive) https://t.co/7iItVFGyTv https://t.co…,,FB
social,kaggle_tweets,2018-07-17 12:38:00,RT @billboard: Facebook Messenger launching BTS-inspired sticker set with BT21 partnership (exclusive) https://t.co/7iItVFGyTv https://t.co…,,FB
social,kaggle_tweets,2018-07-17 12:38:00,RT @billboard: Facebook Messenger launching BTS-inspired sticker set with BT21 partnership (exclusive) https://t.co/7iItVFGyTv https://t.co…,,FB
social,kaggle_tweets,2018-07-17 12:38:00,RT @billboard: Facebook Messenger launching BTS-inspired sticker set with BT21 partnership (exclusive) https://t.co/7iItVFGyTv https://t.co…,,FB
social,kaggle_tweets,2018-07-17 12:38:00,RT @billboard: Facebook Messenger launching BTS-inspired sticker set with BT21 partnership (exclusive) https://t.co/7iItVFGyTv https://t.co…,,FB
social,kaggle_tweets,2018-07-17 12:38:00,RT @billboard: Facebook Messenger launching BTS-inspired sticker set with BT21 partnership (exclusive) https://t.co/7iItVFGyTv https://t.co…,,FB
social,kaggle_tweets,2018-07-17 12:38:00,RT @billboard: Facebook Messenger launching BTS-inspired sticker set with BT21 partnership (exclusive) https://t.co/7iItVFGyTv https://t.co…,,FB
social,kaggle_tweets,2018-07-17 12:38:00,RT @billboard: Facebook Messenger launching BTS-inspired sticker set with BT21 partnership (exclusive) https://t.co/7iItVFGyTv https://t.co…,,FB
social,kaggle_tweets,2018-07-17 12:46:00,I posted a new video to Facebook https://t.co/Ts9JgpB7DL,,FB
social,kaggle_tweets,2018-07-17 12:53:00,"20 seconds left on the microwave! Women: Set the table, pour the wine, tweet, check Facebook. Men: Start a NASA rocket launch countdown.",,FB
social,kaggle_tweets,2018-07-17 12:59:00,"RT @herbivore_club: Please sign and share (Twitter, Facebook, Instagram, groups etc) this petition to ban farrowing crates for pigs in the…",,FB
social,kaggle_tweets,2018-07-17 13:02:00,Mastercard joins the cryptoworld! 😃😃😃 $btc #blockchaintechnology… https://t.co/TUQ4uYIEl0,,MA
social,kaggle_tweets,2018-07-17 13:15:00,"RT @RRYrevolucion: Madrid: Police Brutality at the Amazon strike. 3 people arrested, several injured. International solidarity! Video: @CGT…",,AMZN
social,kaggle_tweets,2018-07-17 13:30:00,Google launches UK job searching service https://t.co/uNCSLzQ7Q3,,GOOGL
social,kaggle_tweets,2018-07-17 13:33:00,Sheila Jackson Lee asks Facebook why they're allowing planers of the Unite the Right 2 white nationalist rally to organize on Facebook.,,FB
social,kaggle_tweets,2018-07-17 13:34:00,Ask an SMXpert – Google Tag Manager https://t.co/6dwuH6iJTf https://t.co/aOpI1HSgNQ,,GOOGL
social,kaggle_tweets,2018-07-17 13:37:00,"They shot down Devin Nunes' prior House Intel gathering April, 2017 matched with the indicted 12 Russian hackers la… https://t.co/46k5nbXdu1",,INTC
social,kaggle_tweets,2018-07-17 13:38:00,RT @Thomas1774Paine: Congress are cowards. We no longer share Intel because they simply DO NOT have the guts to stand up to the Deep State.…,,INTC
social,kaggle_tweets,2018-07-17 13:38:00,RT @Thomas1774Paine: Congress are cowards. We no longer share Intel because they simply DO NOT have the guts to stand up to the Deep State.…,,INTC
social,kaggle_tweets,2018-07-17 13:44:00,RT @frncissdominc: Disney California Adventure wanted to show off today and I don’t blame her. 😇💜💖✨ https://t.co/qHrY84PEdn,,DIS
social,kaggle_tweets,2018-07-17 13:44:00,RT @frncissdominc: Disney California Adventure wanted to show off today and I don’t blame her. 😇💜💖✨ https://t.co/qHrY84PEdn,,DIS
social,kaggle_tweets,2018-07-17 13:45:00,RT @Vishj05: Flipkart: Big Billion Days. Amazon: Prime Days. Amit Shah: Post Election Days.,,AMZN
social,kaggle_tweets,2018-07-17 13:54:00,RT @oracleemeaps: How can finance leaders benefit from vertically integrated IT? Oracle CEO @MarkVHurd looks at trends in enterprise resour…,,ORCL
social,kaggle_tweets,2018-07-17 13:55:00,"RT @darrenrovell: In 2000, Blockbuster had a chance to buy Netflix for $50 million. Today, Blockbuster is down to one store. Netflix is wor…",,NFLX
social,kaggle_tweets,2018-07-17 13:55:00,"RT @darrenrovell: In 2000, Blockbuster had a chance to buy Netflix for $50 million. Today, Blockbuster is down to one store. Netflix is wor…",,NFLX
social,kaggle_tweets,2018-07-17 13:55:00,"RT @darrenrovell: In 2000, Blockbuster had a chance to buy Netflix for $50 million. Today, Blockbuster is down to one store. Netflix is wor…",,NFLX
social,kaggle_tweets,2018-07-17 13:58:00,Thank god Apple invented the #iParent. Belt sales would be through the roof! https://t.co/GSDjp1lnGc,,AAPL
social,kaggle_tweets,2018-07-17 13:58:00,"RT @Pink_About_it: Page testimony revealed that Comey, McCabe, Strzok &amp; Priestap concealed Intel that confirms Chinese assets hacked Hillar…",,INTC
social,kaggle_tweets,2018-07-17 14:00:00,RT @videogamedeals: Qanba Obsidian Fight Stick (PS4/PS3/PC) Amazon Lightning Deal Starts in 35 Minutes via Amazon (Prime Day Deal). https:/…,,AMZN
social,kaggle_tweets,2018-07-17 14:15:00,RT @UnPaidTimes: #Breaking: Mother Teresa Missionary in talks with Amazon and Flipkart to sell new born babies online. https://t.co/kWziy84…,,AMZN
social,kaggle_tweets,2018-07-17 14:20:00,PNA Newsroom 2018.07.17 Visit the PNA website at https://t.co/x1zmRCcxj8 and like and share PNA Facebook page at… https://t.co/rQfpBUcauy,,FB
social,kaggle_tweets,2018-07-17 14:21:00,"RT @hazelnolan: Also on that note, the #AmazonPrimeDay strike is still on. Do not give Amazon your custom until it’s over!!!! https://t.co/…",,AMZN
social,kaggle_tweets,2018-07-17 14:31:00,"Spotify, Roku, streaming firms dip after Netflix miss $SPOT $ROKU $TWTR $IQ $HUYA $YY https://t.co/l9OQkcJRF4",,NFLX
social,kaggle_tweets,2018-07-17 14:59:00,RT @coindesk: BREAKING: IBM Is Helping Launch a Price-Stable Cryptocurrency Insured By the FDIC https://t.co/6VzM1geCQT https://t.co/QgnsEE…,,IBM
social,kaggle_tweets,2018-07-17 14:59:00,RT @coindesk: BREAKING: IBM Is Helping Launch a Price-Stable Cryptocurrency Insured By the FDIC https://t.co/6VzM1geCQT https://t.co/QgnsEE…,,IBM
social,kaggle_tweets,2018-07-17 15:03:00,RT @techristic: European Commission prepares to hit Google with another multi-billion fine - https://t.co/Bi8PT8p4cP #Tech https://t.co/so…,,GOOGL
social,kaggle_tweets,2018-07-17 15:18:00,Are Facebook and Instagram listening to you? Jeff Rossen investigates tech myths https://t.co/j7sZS8hePI via @todayshow,,FB
social,kaggle_tweets,2018-07-17 15:26:00,Nest CEO steps down as division is brought under the Google Home team - +GENERAL PHYSICS LABORATORY (GPL)… https://t.co/JPz2KoIFO4,,GOOGL
social,kaggle_tweets,2018-07-17 15:30:00,Today Only! Amazon Prime: 40-Inch Roku Smart LED TV $194.99 (Reg. $289.99) via Fabulessly Frugal - Looking for a sm… https://t.co/cEozQdBRPM,,AMZN
social,kaggle_tweets,2018-07-17 15:38:00,RT @Pink_About_it: Netflix shares continue tanking after news of the Obamas getting a Netflix show along with adding Susan Rice to Netflix…,,NFLX
social,kaggle_tweets,2018-07-17 15:38:00,RT @Reuters: WATCH: Amazon hits another snafu on Prime Day https://t.co/0BWTP469Z6 via @ReutersTV $AMZN https://t.co/mZ6hOymofe,,AMZN
social,kaggle_tweets,2018-07-17 15:43:00,RT @PhantomGivez: Like If Active! Who wants a Donation? Drop PayPal Links and RT ❤️,,PYPL
social,kaggle_tweets,2018-07-17 15:56:00,RT @jerome_corsi: Rep. Steve King (R-Iowa) asks Facebook why Jim Hoft &amp; @gatewaypundit traffic has dropped dramatically - same with Diamond…,,FB
social,kaggle_tweets,2018-07-17 15:56:00,RT @jerome_corsi: Rep. Steve King (R-Iowa) asks Facebook why Jim Hoft &amp; @gatewaypundit traffic has dropped dramatically - same with Diamond…,,FB
social,kaggle_tweets,2018-07-17 16:00:00,"⭐ Daily briefing: Trump backs Putin, Netflix falls short, Europe's most divisive commodity ⭐ Read more HERE ▶️… https://t.co/Vrc1ISl5SE",,NFLX
social,kaggle_tweets,2018-07-17 16:01:00,CNETNews: Netflix doesn't expect the US's regulatory rollback to change things much. https://t.co/CqSrjP4CBQ,,NFLX
social,kaggle_tweets,2018-07-17 16:26:00,Instructure $INST Now Covered by Analysts at Citigroup https://t.co/gjzZGukauW #stocks,,C
social,kaggle_tweets,2018-07-17 16:26:00,RT IndiaTodayTech: Amazon CEO Jeff Bezos becomes richest man in modern history as his wealth touches $150 billion https://t.co/0DgSHKhPxp,,AMZN
social,kaggle_tweets,2018-07-17 16:27:00,RT @bts_worIdwide: who can not acquire on Amazon and the official website! I was wrong to have disclosed link being that the BigHit had not…,,AMZN
social,kaggle_tweets,2018-07-17 16:31:00,Why Amazon’s Prime Day glitches shouldn’t hurt future Amazon Web Services sales https://t.co/l7a6XzQcW1 https://t.co/0VXQncgeGc,,AMZN
social,kaggle_tweets,2018-07-17 16:31:00,Amazon launches Prime Exclusive Moto G6 in ‘Deep Indigo’ with more storage and RAM for $260 https://t.co/9BuU8NvmOw https://t.co/c9oZpjZxGh,,AMZN
social,kaggle_tweets,2018-07-17 16:53:00,"RT @spectatorindex: BREAKING: Amazon founder Jeff Bezos, with a net worth of $150 billion, has become the wealthiest person in modern histo…",,AMZN
social,kaggle_tweets,2018-07-17 16:53:00,"RT @spectatorindex: BREAKING: Amazon founder Jeff Bezos, with a net worth of $150 billion, has become the wealthiest person in modern histo…",,AMZN
social,kaggle_tweets,2018-07-17 16:56:00,RT @Acosta: Most telling moment. In his statement Trump again contradicted the Intel community by saying other countries could have hacked…,,INTC
social,kaggle_tweets,2018-07-17 16:56:00,RT @Acosta: Most telling moment. In his statement Trump again contradicted the Intel community by saying other countries could have hacked…,,INTC
social,kaggle_tweets,2018-07-17 16:56:00,RT @Acosta: Most telling moment. In his statement Trump again contradicted the Intel community by saying other countries could have hacked…,,INTC
social,kaggle_tweets,2018-07-17 16:56:00,RT @Acosta: Most telling moment. In his statement Trump again contradicted the Intel community by saying other countries could have hacked…,,INTC
social,kaggle_tweets,2018-07-17 16:56:00,RT @Acosta: Most telling moment. In his statement Trump again contradicted the Intel community by saying other countries could have hacked…,,INTC
social,kaggle_tweets,2018-07-17 17:11:00,"RT @Techmeme: Google launches Chrome Enterprise Grab and Go, a software suite to help businesses operate a Chromebook loaner program for em…",,GOOGL
social,kaggle_tweets,2018-07-17 17:12:00,"Insider Selling: Oracle Co. $ORCL Director Sells 45,000 Shares of Stock https://t.co/Pi0kqzsE1G #markets",,ORCL
social,kaggle_tweets,2018-07-17 17:15:00,RT @tomhfh: This image has been shared many thousands of times on Facebook and Twitter. It is literally fake news. FreeStyle Libre sensors…,,FB
social,kaggle_tweets,2018-07-17 17:23:00,#Entertowin a $150 Amazon eGift card in the @BFAds #PrimeDay #giveaway! https://t.co/zvpaFdzWr9,,AMZN
social,kaggle_tweets,2018-07-17 17:27:00,Cleared Jobs NJ | Cyber Intel Analyst Sr https://t.co/p9eemb10QL,,INTC
social,kaggle_tweets,2018-07-17 17:27:00,Adam Schiff Hits Panic Button After Trump-Putin Presser Drops Bombshell on US Intel and Clinton Campaign… https://t.co/PMSumpRf5x,,INTC
social,kaggle_tweets,2018-07-17 17:31:00,RT @EquityFanatics: Finding the Next Starbucks: How to Identify and Invest in the Hot Stocks of Tomorrow recommended by @Wealth_Park 50%…,,SBUX
social,kaggle_tweets,2018-07-17 17:40:00,"RT @profwolff: Workers strike Amazon in Spain, Poland and Germany. Amazon CEO Jeff Bezos is now world’s richest with $150 billion. Capitali…",,AMZN
social,kaggle_tweets,2018-07-17 17:40:00,"RT @DiamondandSilk: Very Very Interesting...... Putin’s Bombshell Claim US Intel Officials Helped Move $400,000,000 of Russian Money Into C…",,INTC
social,kaggle_tweets,2018-07-17 17:51:00,RT @JonErlichman: On this day in 1995: Amazon launches https://t.co/ribTmOaJ63,,AMZN
social,kaggle_tweets,2018-07-17 18:47:00,It is days like today that I HATE public markets. Netflix missed one KPI. Well - it was a KPI larger than the compa… https://t.co/KHfLeiSinn,,NFLX
social,kaggle_tweets,2018-07-17 18:58:00,"RT @os4185: Crooked Hillary Desperately Tries to Deflect After Putin Drops Bombshell 'US Intel Helped Move $400,000,000 to Clinton Campaign…",,INTC
social,kaggle_tweets,2018-07-17 19:02:00,The Cloud Czars’ Move into Chips Doesn’t Bode Well for Intel Stock https://t.co/Y2bHGD4Jaj,,INTC
social,kaggle_tweets,2018-07-17 19:13:00,RT @thebradfordfile: The last hope for 'victory' for the Obama Intel Cartel: WAR WITH RUSSIA. And they are literally pushing that narrati…,,INTC
social,kaggle_tweets,2018-07-17 19:21:00,RT @lozanojavier: IBM Is Helping Launch a Price-Stable Cryptocurrency Insured By the FDIC - CoinDesk https://t.co/mJSmvOxwge via,,IBM
social,kaggle_tweets,2018-07-17 19:33:00,I posted a new video to Facebook https://t.co/T4NYRbHm2p,,FB
social,kaggle_tweets,2018-07-17 19:34:00,Susquehanna International Group Llp Has Raised Ormat Technologies $ORA Holding; Netflix $NFLX Shorts Decreased By 2… https://t.co/VpiTpZ6OKb,,NFLX
social,kaggle_tweets,2018-07-17 19:42:00,"RT @Hoya97: Reps. Meadows, Jordan Ask IG Horowitz to Investigate if Rosenstein Threatened House Intel Members https://t.co/xaOrqVgkPF via @…",,INTC
social,kaggle_tweets,2018-07-17 19:54:00,"RT @WallyWave: ""JPMorgan Chase Invests in Artificial Intelligence Startup Volley"" by REUTERS via NYT https://t.co/iGKh2hDjCf",,JPM
social,kaggle_tweets,2018-07-17 19:56:00,Netflix shares tank after big miss on subscriber growth https://t.co/j12o4SHNbc,,NFLX
social,kaggle_tweets,2018-07-17 19:59:00,RT @SenSanders: Walmart plans to buy back $20 billion of its own stock to enrich its executives and shareholders over a two-year period—not…,,WMT
social,kaggle_tweets,2018-07-17 20:08:00,"🗞️ Get Apple Stock at a Trade-War Discount https://t.co/2WJlPyfVj2 #Finance Article Published on June 20, 2018@9:53am",,AAPL
social,kaggle_tweets,2018-07-17 20:12:00,RT @samswey: America is a place where a black man has a greater chance of being arrested for going to Starbucks than a white man who commit…,,SBUX
social,kaggle_tweets,2018-07-17 20:22:00,RT @PlayOsmo: Discover our Amazon Prime Day Deal: https://t.co/9NsjLWmxe2 Shop now: https://t.co/9JU4szYBkP https://t.co/J6xPrUCC1D,,AMZN
social,kaggle_tweets,2018-07-17 20:23:00,IBM Is Helping Launch a Price-Stable Cryptocurrency Insured By the FDIC https://t.co/nKqHcYCUhh,,IBM
social,kaggle_tweets,2018-07-17 20:28:00,"PiperJaffray Maintains Overweight Rating on Microsoft, Raises Price Target to $123 $MSFT",,MSFT
social,kaggle_tweets,2018-07-17 20:30:00,RT @1ricobravo: “Sting” dropping 8/3 on Apple and all other platforms. Exec. Prod by Jombeatz https://t.co/uBzdgn7YJZ,,AAPL
social,kaggle_tweets,2018-07-17 20:35:00,Hendley &amp; Co Has Trimmed Its Stake in Nike $NKE as Stock Rose; Parametric Portfolio Associates Decreased Tim Parti… https://t.co/ZrPu8Yu4TU,,NKE
social,kaggle_tweets,2018-07-17 20:49:00,RT @SenSanders: I'd like McDonald's CEO Steve Easterbrook to explain why the company had enough money to reward its wealthy shareholders wi…,,MCD
social,kaggle_tweets,2018-07-17 20:50:00,"To hell with Fox and Friends! Where is the Intel Community on Browder's $400 million contribution to HRC? We, you… https://t.co/dtFvAUQNPs",,INTC
social,kaggle_tweets,2018-07-18 07:36:00,RT @RepJayapal: Amazon received $789 million from the Trump tax cuts and paid $0 in federal taxes in 2017. Amazon ranks 11th in having th…,,AMZN
social,kaggle_tweets,2018-07-18 07:57:00,RT @RVAwonk: NEW: British investigators have uncovered evidence that the now infamous Facebook data set on tens of millions of unwitting Am…,,FB
social,kaggle_tweets,2018-07-18 07:57:00,RT @RVAwonk: NEW: British investigators have uncovered evidence that the now infamous Facebook data set on tens of millions of unwitting Am…,,FB
social,kaggle_tweets,2018-07-18 07:57:00,RT @RVAwonk: NEW: British investigators have uncovered evidence that the now infamous Facebook data set on tens of millions of unwitting Am…,,FB
social,kaggle_tweets,2018-07-18 07:57:00,RT @RVAwonk: NEW: British investigators have uncovered evidence that the now infamous Facebook data set on tens of millions of unwitting Am…,,FB
social,kaggle_tweets,2018-07-18 07:57:00,RT @RVAwonk: NEW: British investigators have uncovered evidence that the now infamous Facebook data set on tens of millions of unwitting Am…,,FB
social,kaggle_tweets,2018-07-18 07:57:00,RT @RVAwonk: NEW: British investigators have uncovered evidence that the now infamous Facebook data set on tens of millions of unwitting Am…,,FB
social,kaggle_tweets,2018-07-18 07:57:00,RT @RVAwonk: NEW: British investigators have uncovered evidence that the now infamous Facebook data set on tens of millions of unwitting Am…,,FB
social,kaggle_tweets,2018-07-18 07:57:00,RT @RVAwonk: NEW: British investigators have uncovered evidence that the now infamous Facebook data set on tens of millions of unwitting Am…,,FB
social,kaggle_tweets,2018-07-18 07:57:00,RT @RVAwonk: NEW: British investigators have uncovered evidence that the now infamous Facebook data set on tens of millions of unwitting Am…,,FB
social,kaggle_tweets,2018-07-18 07:57:00,RT @RVAwonk: NEW: British investigators have uncovered evidence that the now infamous Facebook data set on tens of millions of unwitting Am…,,FB
social,kaggle_tweets,2018-07-18 07:57:00,RT @RVAwonk: NEW: British investigators have uncovered evidence that the now infamous Facebook data set on tens of millions of unwitting Am…,,FB
social,kaggle_tweets,2018-07-18 07:57:00,RT @RVAwonk: NEW: British investigators have uncovered evidence that the now infamous Facebook data set on tens of millions of unwitting Am…,,FB
social,kaggle_tweets,2018-07-18 08:30:00,RT @silentmoviegifs: The 1916 silent film version of Snow White made a strong impression on a young Walt Disney. Its influence can be seen…,,DIS
social,kaggle_tweets,2018-07-18 09:03:00,"RT @kogoltd: Facebook, worth £445bn, fined £500,000 for data breach! If this #DataBreach happened AFTER the #GDPR deadline, the fine could'…",,FB
social,kaggle_tweets,2018-07-18 09:24:00,RT @ilsanspjm: guys share the Facebook post that bighit posted about the preorders and tag your army friends if you have them! #BTSAnswer…,,FB
social,kaggle_tweets,2018-07-18 10:23:00,"RT @FastCompany: With its CEO’s exit, Nest’s reintegration into Google is complete https://t.co/fKmahKTOcO",,GOOGL
social,kaggle_tweets,2018-07-18 10:34:00,RT @allkpop: Facebook Messenger to launch BT21 sticker set https://t.co/d2WZA0Tt1d https://t.co/nollB4wIRC,,FB
social,kaggle_tweets,2018-07-18 11:27:00,RT @nuunhydration: ⚡️Lightning Deal for Amazon Prime Day ⚡️ Get it before it’s gone! https://t.co/QG8ooV4QbR https://t.co/RR1kqP2pOl,,AMZN
social,kaggle_tweets,2018-07-18 11:30:00,"RT @Actually_Emily: Remember today on #PrimeDay that the Amazon workers are striking for reasonable pay, bathroom breaks,&amp; quality of life.…",,AMZN
social,kaggle_tweets,2018-07-18 11:55:00,RT @jintaellect: I’m proud of @bts_bighit @BigHitEnt. They listened to our requests! Thank you 🙏🏻 Share the links on Facebook groups and a…,,FB
social,kaggle_tweets,2018-07-18 12:35:00,RT @eladgil: 1/ Excited to officially launch my book the High Growth Handbook! Amazon: https://t.co/L23Zity1Rx Kindle: https://t.co/4bi9f…,,AMZN
social,kaggle_tweets,2018-07-18 12:38:00,RT @billboard: Facebook Messenger launching BTS-inspired sticker set with BT21 partnership (exclusive) https://t.co/7iItVFGyTv https://t.co…,,FB
social,kaggle_tweets,2018-07-18 12:38:00,RT @billboard: Facebook Messenger launching BTS-inspired sticker set with BT21 partnership (exclusive) https://t.co/7iItVFGyTv https://t.co…,,FB
social,kaggle_tweets,2018-07-18 12:55:00,RT @maheeenxo: Watching Netflix was more fun during exams,,NFLX
social,kaggle_tweets,2018-07-18 12:58:00,@timiakegbejo I said this last year the moment I heard prime subscriptions were going up and the launch of Amazon g… https://t.co/dl5LIVBz3s,,AMZN
social,kaggle_tweets,2018-07-18 12:58:00,Netflix is falling off a cliff https://t.co/tGmqw1C0Sv,,NFLX
social,kaggle_tweets,2018-07-18 13:16:00,RT @Av8Vintage: Vintage Nike https://t.co/Vbci396TWN,,NKE
social,kaggle_tweets,2018-07-18 13:30:00,"RT @krassenstein: The ""witch hunt"" just indicted 12 Russian Intel agents for hacking The 2016 election. That's 32 individuals and 3 busin…",,INTC
social,kaggle_tweets,2018-07-18 13:44:00,RT @frncissdominc: Disney California Adventure wanted to show off today and I don’t blame her. 😇💜💖✨ https://t.co/qHrY84PEdn,,DIS
social,kaggle_tweets,2018-07-18 13:58:00,"RT @Pink_About_it: Page testimony revealed that Comey, McCabe, Strzok &amp; Priestap concealed Intel that confirms Chinese assets hacked Hillar…",,INTC
social,kaggle_tweets,2018-07-18 14:20:00,RT @FounderIndia: Redmi Y2 Launch on June 7 Exclusively on Amazon India https://t.co/7ebrd69KWc @RedmiIndia @xiaomi @amazonIN,,AMZN
social,kaggle_tweets,2018-07-18 14:51:00,RT @angelitoyoongi: the links are out y’all make sure to get your copy of love yourself: answer Amazon: https://t.co/duPK5HgNF2 Bighit St…,,AMZN
social,kaggle_tweets,2018-07-18 15:11:00,RT @Amy_Siskind: BOOM: Facebook data set on tens of millions of Americans gathered by a Cambridge University scientist for a firm that wen…,,FB
social,kaggle_tweets,2018-07-18 15:11:00,RT @Amy_Siskind: BOOM: Facebook data set on tens of millions of Americans gathered by a Cambridge University scientist for a firm that wen…,,FB
social,kaggle_tweets,2018-07-18 15:11:00,RT @Amy_Siskind: BOOM: Facebook data set on tens of millions of Americans gathered by a Cambridge University scientist for a firm that wen…,,FB
social,kaggle_tweets,2018-07-18 15:11:00,RT @Amy_Siskind: BOOM: Facebook data set on tens of millions of Americans gathered by a Cambridge University scientist for a firm that wen…,,FB
social,kaggle_tweets,2018-07-18 15:18:00,"RT @SallyQYates: Our President today not only chose a tyrant over his own Intel community, he chose Russia’s interests over the country he…",,INTC
social,kaggle_tweets,2018-07-18 15:37:00,RT @donie: #BREAKING The now infamous Facebook data set on tens of millions of Americans gathered for Cambridge Analytica was **accessed fr…,,FB
social,kaggle_tweets,2018-07-18 15:37:00,RT @donie: #BREAKING The now infamous Facebook data set on tens of millions of Americans gathered for Cambridge Analytica was **accessed fr…,,FB
social,kaggle_tweets,2018-07-18 15:39:00,"RT @TT45Pac: Reps. Meadows, Jordan Ask IG Horowitz to Investigate if Rosenstein Threatened House Intel Members RR was summoned to the Whit…",,INTC
social,kaggle_tweets,2018-07-18 16:10:00,RT @EarthDesires: Check out this Amazon deal: Where Friendship Is Made and Family Begins: A... by Kathleen Harryman https://t.co/dXUrE3woRt…,,AMZN
social,kaggle_tweets,2018-07-18 16:25:00,"RT @Noctorock: If anyone here is participating in the strike against Amazon, as an Amazon employee myself, please keep it up. Not only are…",,AMZN
social,kaggle_tweets,2018-07-18 16:56:00,RT @Acosta: Most telling moment. In his statement Trump again contradicted the Intel community by saying other countries could have hacked…,,INTC
social,kaggle_tweets,2018-07-18 16:56:00,RT @Acosta: Most telling moment. In his statement Trump again contradicted the Intel community by saying other countries could have hacked…,,INTC
social,kaggle_tweets,2018-07-18 17:02:00,RT @techworkersco: This bloodied shirt shows the violence Spanish Amazon workers face when they strike. This is the violence that allows B…,,AMZN
social,kaggle_tweets,2018-07-18 17:25:00,How To Prospect Your Cold Market On Facebook! https://t.co/5rrJQyAIH9,,FB
social,kaggle_tweets,2018-07-18 17:40:00,"RT @profwolff: Workers strike Amazon in Spain, Poland and Germany. Amazon CEO Jeff Bezos is now world’s richest with $150 billion. Capitali…",,AMZN
social,kaggle_tweets,2018-07-18 18:12:00,@WritingSilver @MutantDiary You seem pissed that Disney will take control of the X-Men. Calm down no need to be pissed at the MCU.,,DIS
social,kaggle_tweets,2018-07-18 18:46:00,RT @UptownVideoNJ: TAKE ACTION: Email McDonald's CEO to stop using chickens bred to suffer #200KvsMcDonalds https://t.co/CzD2M1uOpk,,MCD
social,kaggle_tweets,2018-07-18 19:14:00,I posted a new video to Facebook https://t.co/U3j8eysy0I,,FB
social,kaggle_tweets,2018-07-18 19:24:00,"Airbus and Boeing have racked up more than $55 billion in sales this week, and it's only Tuesday (BA)… https://t.co/fiD1gcFNNE",,BA
social,kaggle_tweets,2018-07-18 19:40:00,Amazon deal for $63.98: https://t.co/XCHgmuzo4M McFarlane Toys Titanfall 2 BT-7274 with pilot Jack Cooper toy rev… https://t.co/7fZTXZJvmt,,AMZN
social,kaggle_tweets,2018-07-18 19:48:00,"Amazon Prime Day U.S. sales bigger than last year, despite site issues - https://t.co/IFDzG1FhVc https://t.co/bUs72wHHHv",,AMZN
social,kaggle_tweets,2018-07-18 20:00:00,"RT @bangtanism89: The first reply under every tweet about preorder links is ""wait for Amazon links from BigHit!!"" I'm so proud of ARMYs de…",,AMZN
social,kaggle_tweets,2018-07-18 20:06:00,New at https://t.co/f12fj7sJ0s: Amazon Prime Day Deal: Game of Thrones: The Comple... https://t.co/4AQksyDLMr,,AMZN
social,kaggle_tweets,2018-07-18 20:50:00,RT @Cen10Football: We were selected by Nike to visit @usnikefootball headquarters is Los Angeles today. It should be fun and there is suppo…,,NKE
social,kaggle_tweets,2018-07-19 07:05:00,"""What Europe’s Google Fine Means for Android Users"" by BRIAN X. CHEN via NYT https://t.co/jrQi54urNg https://t.co/PNrZvn5F4t",,GOOGL
social,kaggle_tweets,2018-07-19 07:20:00,"RT @SenSanders: Disney, which made $9 billion in profits last year, pays its workers so little that they are living in their cars to try to…",,DIS
social,kaggle_tweets,2018-07-19 07:22:00,RT @GOPPollAnalyst: 2011: Google says it uncovered a campaign run inside China to MONITOR secretly e-mails of Sr US gov figures https://t.c…,,GOOGL
social,kaggle_tweets,2018-07-19 07:25:00,RT @_little_old_me: Pretty sure the spy operative assigned to monitor my Google Drive account will fall in love with me eventually. I'm sav…,,GOOGL
social,kaggle_tweets,2018-07-19 07:29:00,"RT @true_pundit: FBI’s Comey Covered Up China Hack of Hillary’s Emails, Concealing Intel from Congress Months Before Election; Then FBI Des…",,INTC
social,kaggle_tweets,2018-07-19 07:34:00,"RT @MRJKilcoyne: Honestly... The EU commissioner saying ""we have to fine Google 3.5bn because although people can freely access another sea…",,GOOGL
social,kaggle_tweets,2018-07-19 07:44:00,RT @WiredSources: President Trump slams corrupt former Intel chiefs who launched illegal investigation into his campaign https://t.co/Sq3BG…,,INTC
social,kaggle_tweets,2018-07-19 07:44:00,RT @WiredSources: President Trump slams corrupt former Intel chiefs who launched illegal investigation into his campaign https://t.co/Sq3BG…,,INTC
social,kaggle_tweets,2018-07-19 07:46:00,"RT @tictoc: Ford is recalling about 550,000 cars and SUVs in North America to fix a problem that might be causing vehicles to roll away une…",,F
social,kaggle_tweets,2018-07-19 07:53:00,"@holly Don’t all TV channels, including BBC, do that? Or are the Netflix ads more intrusive?",,NFLX
social,kaggle_tweets,2018-07-19 07:55:00,"Google Maps expands motorcycle mode to Singapore, Thailand, Vietnam, and other Asian markets: https://t.co/CPKqPaeMv9",,GOOGL
social,kaggle_tweets,2018-07-19 07:57:00,RT @RVAwonk: NEW: British investigators have uncovered evidence that the now infamous Facebook data set on tens of millions of unwitting Am…,,FB
social,kaggle_tweets,2018-07-19 08:01:00,RT @GusFuentes_: IBM stock rises after earnings beat https://t.co/UHHUj0YHdo https://t.co/Ih73cxJ8jF,,IBM
social,kaggle_tweets,2018-07-19 08:18:00,Why do people share the most pointless shit on Facebook 😴,,FB
social,kaggle_tweets,2018-07-19 08:29:00,"Fork it! Google fined €4.34bn over Android, has 90 days to behave https://t.co/LGExbclQzV",,GOOGL
social,kaggle_tweets,2018-07-19 08:38:00,How To Stop Other People Posting Stuff On Your Facebook Wall Are you sick of people tagging you in stuff..? https://t.co/5UUQOlHlci,,FB
social,kaggle_tweets,2018-07-19 08:52:00,RT @BaileyPittipat: @realDonaldTrump The EU is not the enemy. Russia is. The Google fine has nothing to do with you. Any retaliation agains…,,GOOGL
social,kaggle_tweets,2018-07-19 08:52:00,Europe hits Google with record $5 bil antitrust fine https://t.co/CUuyuS0FCm https://t.co/1oubV5aW4P,,GOOGL
social,kaggle_tweets,2018-07-19 08:53:00,"The way the mission was foiled in the first attempt because of a Pencil, its funny how a Microsoft font brought dow… https://t.co/bBTE7n8vKb",,MSFT
social,kaggle_tweets,2018-07-19 09:00:00,RT @guardian: Donald Trump lambasts EU over $5.1bn fine for Google https://t.co/YH93pVoDDs,,GOOGL
social,kaggle_tweets,2018-07-19 09:01:00,@realDonaldTrump The EU did not just fine them. Google broke the law. You should understand things before you tweet. Sad.,,GOOGL
social,kaggle_tweets,2018-07-19 09:08:00,Microsoft caps off a fine fiscal year seemingly without any major missteps in its last quarter Microsoft is cappin… https://t.co/ufhjpD6iPU,,MSFT
social,kaggle_tweets,2018-07-19 09:09:00,"RT @InvestigateRU: The Russians Who Hacked The DNC Have Targeted At Least Three 2018 Campaigns, Microsoft Says https://t.co/hNFQLViTqJ via…",,MSFT
social,kaggle_tweets,2018-07-19 09:13:00,RT @AMike4761: RUSH: The stock price tanked because tens of thousands of people canceled their Netflix subscriptions because the Obamas mad…,,NFLX
social,kaggle_tweets,2018-07-19 09:32:00,Ich _verachte_ Apple goes downhill from here on,,AAPL
social,kaggle_tweets,2018-07-19 09:44:00,"@Twizznit When people literally call to take away his wealth, which doesn't even work because Amazon stock isn't go… https://t.co/xEJWpH3za0",,AMZN
social,kaggle_tweets,2018-07-19 09:48:00,RT @romad_antivirus: Tech Giant Oracle Launches Blockchain Cloud Service Platform The Oracle Blockchain Cloud Service offers its clients a…,,ORCL
social,kaggle_tweets,2018-07-19 09:48:00,RT @romad_antivirus: Tech Giant Oracle Launches Blockchain Cloud Service Platform The Oracle Blockchain Cloud Service offers its clients a…,,ORCL
social,kaggle_tweets,2018-07-19 09:48:00,RT @romad_antivirus: Tech Giant Oracle Launches Blockchain Cloud Service Platform The Oracle Blockchain Cloud Service offers its clients a…,,ORCL
social,kaggle_tweets,2018-07-19 10:01:00,Disney Prevails In Hunt For Fox As Comcast Drops Bid https://t.co/okBO0l986Y,,CMCSA
social,kaggle_tweets,2018-07-19 10:03:00,JPMorgan Asset Management gears up for stronger global demand for Chinese stocks : https://t.co/03TfxLR669 | #MMShakeDrill,,JPM
social,kaggle_tweets,2018-07-19 10:04:00,"RT @GSarafan: Microsoft detected and helped block hacking attempts against three congressional candidates this year, a company executive sa…",,MSFT
social,kaggle_tweets,2018-07-19 10:07:00,"Comcast drops pursuit for Fox assets, to focus on Sky offer - https://t.co/UkCdn6bHaC",,CMCSA
social,kaggle_tweets,2018-07-19 10:13:00,"RT @kylegriffin1: Microsoft detected and helped block hacking attempts against three congressional candidates this year, a company executiv…",,MSFT
social,kaggle_tweets,2018-07-19 10:13:00,"RT @kylegriffin1: Microsoft detected and helped block hacking attempts against three congressional candidates this year, a company executiv…",,MSFT
social,kaggle_tweets,2018-07-19 10:17:00,Microsoft Says It Blocked Attempts at Hacking Midterm Campaigns https://t.co/qDpBIHjaAL https://t.co/uG0Q3T6ls7,,MSFT
social,kaggle_tweets,2018-07-19 10:21:00,"Wearable Heart Device Market Is Booming Worldwide | Apple, Garmin, Samsung, Sony https://t.co/5WeKo67QpR https://t.co/jSmqU0S8RI",,AAPL
social,kaggle_tweets,2018-07-19 10:29:00,President Trump says ‘I told you so!’ after Europe fines Google $5 billion -All they have to do is donate a percent… https://t.co/hS1vKObZEm,,GOOGL
social,kaggle_tweets,2018-07-19 10:30:00,RT @Mister_Praise: A single drop of water as seen on a microscope 😱😨😨😱 Thank God it's only Pepsi i drink. https://t.co/2kPeMsp3zv,,PEP
social,kaggle_tweets,2018-07-19 10:35:00,"Ford recall, Keen Project Safari 911 driven, Tesla profits: Whats New @ The Car Connection https://t.co/89u9SBndVT https://t.co/7JoCoUFTXs",,F
social,kaggle_tweets,2018-07-19 10:45:00,RT @ThislsPerfect: Netflix is like a fridge full of food but with nothing I want to eat.,,NFLX
social,kaggle_tweets,2018-07-19 10:52:00,"""Tech Fix: What Europe’s Google Fine Means for Android Users"" https://t.co/m3CAaVTpnw",,GOOGL
social,kaggle_tweets,2018-07-19 11:05:00,"RT @marinaepelman: @settern @Apple Oh, wow! Congratulations! I can only assume that what sealed the deal was Apple communications realizing…",,AAPL
social,kaggle_tweets,2018-07-19 11:26:00,"RT @SuperheroFilmz: BREAKING: Comcast Drops Its Bid For 21st Century Fox. Its Official, The X-MEN And FANTASTIC 4 Are Coming Home!!! https:…",,CMCSA
social,kaggle_tweets,2018-07-19 11:26:00,"""I Told You So"": Trump Hits Out At EU After $5 Billion Google Fine https://t.co/Qd6qmJPrCW",,GOOGL
social,kaggle_tweets,2018-07-19 11:26:00,"RT @SuperheroFilmz: BREAKING: Comcast Drops Its Bid For 21st Century Fox. Its Official, The X-MEN And FANTASTIC 4 Are Coming Home!!! https:…",,CMCSA
social,kaggle_tweets,2018-07-19 11:30:00,RT @RepAdamSchiff: BREAKING: @RepSwalwell and I just made a motion in House Intel Committee to subpoena the American interpreter during the…,,INTC
social,kaggle_tweets,2018-07-19 11:30:00,RT @RepAdamSchiff: BREAKING: @RepSwalwell and I just made a motion in House Intel Committee to subpoena the American interpreter during the…,,INTC
social,kaggle_tweets,2018-07-19 11:31:00,Disney Prevails In Hunt For Fox As Comcast Drops Bid https://t.co/wK12F3KfVE,,CMCSA
social,kaggle_tweets,2018-07-19 11:34:00,RT @business: The rumble between Airbus and Boeing for dominance in the market for smaller jets is already heating up https://t.co/ECQt1oSt…,,BA
social,kaggle_tweets,2018-07-19 11:43:00,"RT @MarveIFacts: Comcast has just dropped its bid on Fox studios, leaving Disney uncontested in its path to bring in the X-Men and Fantasti…",,CMCSA
social,kaggle_tweets,2018-07-19 11:43:00,"RT @MarveIFacts: Comcast has just dropped its bid on Fox studios, leaving Disney uncontested in its path to bring in the X-Men and Fantasti…",,CMCSA
social,kaggle_tweets,2018-07-19 11:43:00,"RT @MarveIFacts: Comcast has just dropped its bid on Fox studios, leaving Disney uncontested in its path to bring in the X-Men and Fantasti…",,CMCSA
social,kaggle_tweets,2018-07-19 11:45:00,"RT @mehedih_: Microsoft Q4 FY18: Cloud up 26% Surface up 25% Gaming up 39% Xbox Live up 8%, 57m users Windows up 7% Office commercial up…",,MSFT
social,kaggle_tweets,2018-07-19 11:52:00,RT @BryanDisagrees: Cops broke an Amazon striker’s teeth. This was the company’s response https://t.co/3WB27AFaTZ https://t.co/bmO0HWyMWO,,AMZN
social,kaggle_tweets,2018-07-19 11:52:00,RT @BryanDisagrees: Cops broke an Amazon striker’s teeth. This was the company’s response https://t.co/3WB27AFaTZ https://t.co/bmO0HWyMWO,,AMZN
social,kaggle_tweets,2018-07-19 11:59:00,RT @los_07_: Mínimo ya think dyckman is Disney lmfaooo https://t.co/8K0RkPIQ7R,,DIS
social,kaggle_tweets,2018-07-19 12:00:00,"RT @abvthingkev_: Apple Music mad dumb, I got a notification saying Gunna dropped an album and I was like wtf mad hype.... boy I click the…",,AAPL
social,kaggle_tweets,2018-07-19 12:06:00,"Two sandblasted Dublins along with a sandblasted Apple from Becker, plus fresh pipes from Benni Jorgensen and Tsuge… https://t.co/RjijKiwGEe",,AAPL
social,kaggle_tweets,2018-07-19 12:10:00,Microsoft beats Wall Street targets on cloud services revenue https://t.co/Tz3tZOpTjJ https://t.co/DRNrYErjgm,,MSFT
social,kaggle_tweets,2018-07-19 12:17:00,The Nike Women's Air Max 1 is now in stock at all of our shops and online in 2 new colourways. https://t.co/RMoVPUxXR9,,NKE
social,kaggle_tweets,2018-07-19 12:18:00,"RT @EarthDesires: On Amazon: Billionaire Auction (The Billionaire Club B... by by Brynn Paulin, Tia Fanning. Contemporary Romance https://t…",,AMZN
social,kaggle_tweets,2018-07-19 12:21:00,"RT @trishwakeford: @GOPPollAnalyst FBI Never Disclosed Hillary, Aides Used Covert Google Server to Hide Benghazi Emails &amp; Sidestep Congress…",,GOOGL
social,kaggle_tweets,2018-07-19 12:22:00,Comcast drops pursuit for Fox assets #SKY #mediaassets #WaltDisney #ComcastCorp #Twenty-FirstCenturyFoxInc… https://t.co/9a2TutvJ6X,,CMCSA
social,kaggle_tweets,2018-07-19 12:24:00,"Yes, your Amazon Prime membership fee is subject to retail sales tax https://t.co/3GVUfqxMjh",,AMZN
social,kaggle_tweets,2018-07-19 12:30:00,RT @GeekMelange: Bitter forever that Nani and Lilo did the whole Disney sisters thing before AND BETTER than Frozen but get a fraction of c…,,DIS
social,kaggle_tweets,2018-07-19 12:38:00,RT @billboard: Facebook Messenger launching BTS-inspired sticker set with BT21 partnership (exclusive) https://t.co/7iItVFGyTv https://t.co…,,FB
social,kaggle_tweets,2018-07-19 12:43:00,RT @ChrisJZullo: @realDonaldTrump Google was ordered by the European Commission on Wednesday to pay ($5 billion) for unfairly pushing its a…,,GOOGL
social,kaggle_tweets,2018-07-19 12:49:00,WANTED: Ford Focus aerial and mount (Palacefields WA7) https://t.co/UkPc9BnNvx,,F
social,kaggle_tweets,2018-07-19 12:50:00,RT @JeffreeStar: My mom just found this ad on Facebook... 💀 Who’s evil enough to want to make a profit off of someone they despise? #CantRe…,,FB
social,kaggle_tweets,2018-07-19 12:50:00,RT @JeffreeStar: My mom just found this ad on Facebook... 💀 Who’s evil enough to want to make a profit off of someone they despise? #CantRe…,,FB
social,kaggle_tweets,2018-07-19 12:50:00,RT @JeffreeStar: My mom just found this ad on Facebook... 💀 Who’s evil enough to want to make a profit off of someone they despise? #CantRe…,,FB
social,kaggle_tweets,2018-07-19 12:50:00,RT @JeffreeStar: My mom just found this ad on Facebook... 💀 Who’s evil enough to want to make a profit off of someone they despise? #CantRe…,,FB
social,kaggle_tweets,2018-07-19 12:53:00,"RT @craftyme25: Intel Chief Dan Coates is concerned about a “cyber 9/11.” He says hackers could crash Wall Street, major banks, electric gr…",,INTC
social,kaggle_tweets,2018-07-19 12:55:00,"""What Europe’s Google Fine Means for Android Users"" by BRIAN X. CHEN via NYT https://t.co/bzCalEierk https://t.co/uVTJAAeQRu",,GOOGL
social,kaggle_tweets,2018-07-19 13:11:00,Tech Fix: What Europe’s Google Fine Means for Android Users https://t.co/AWeYIr3aCC,,GOOGL
social,kaggle_tweets,2018-07-19 13:11:00,"The US 2 roundabout at the north Spokane Costco opens today. Remember to yield to traffic in the roundabout, enter… https://t.co/M1KbbptNUv",,COST
social,kaggle_tweets,2018-07-19 13:13:00,RT @spectatorindex: Google share of desktop search traffic. India: 94% Brazil: 93% Spain: 90% Italy: 90% Australia: 88% Germany: 86% Franc…,,GOOGL
social,kaggle_tweets,2018-07-19 13:18:00,"RT @jerome_corsi: SHOCKING: FBI’s Comey Covered Up China Hack of Hillary’s Emails, Concealing Intel from Congress Months Before Election; T…",,INTC
social,kaggle_tweets,2018-07-19 13:18:00,"RT @jerome_corsi: SHOCKING: FBI’s Comey Covered Up China Hack of Hillary’s Emails, Concealing Intel from Congress Months Before Election; T…",,INTC
social,kaggle_tweets,2018-07-19 13:27:00,"RT @syafalexander: A little over 7 months later, the CEO of Amazon now has $150 billion. Which is to say that he made $50 billion more in l…",,AMZN
social,kaggle_tweets,2018-07-19 13:34:00,Powerful Google Account Bypass apk by idarkodehack – iDarkode Hack https://t.co/8YHZDPdWen,,GOOGL
social,kaggle_tweets,2018-07-19 13:44:00,"Comcast was ask why they dropped out of buying 21st Century, fox assets they said please allow 7-10 days for commen… https://t.co/S0laVoVHfb",,CMCSA
social,kaggle_tweets,2018-07-19 13:51:00,RT @DavidKlion: Tax away Zuckerberg's fortune and regulate Facebook out of existence https://t.co/KlMDoZiMM3,,FB
social,kaggle_tweets,2018-07-19 13:54:00,RT @effervescentzm: zayn dropping sour diesel on Apple Music like https://t.co/TlhEDKYBkm,,AAPL
social,kaggle_tweets,2018-07-19 13:55:00,"RT @darrenrovell: In 2000, Blockbuster had a chance to buy Netflix for $50 million. Today, Blockbuster is down to one store. Netflix is wor…",,NFLX
social,kaggle_tweets,2018-07-19 14:02:00,Taking a 9 second out of context clip to prove your point is peak Facebook conservative aka Trump’s base,,FB
social,kaggle_tweets,2018-07-19 14:04:00,"RT @Reuters: https://t.co/DMbqWLBM88's stock market value hits $900 billion, threatens Apple https://t.co/EfqDYnEiKX by @randewich $AMZN $A…",,AAPL
social,kaggle_tweets,2018-07-19 14:07:00,"RT @katherinemiller: The Russians Who Hacked The DNC Have Targeted At Least Three 2018 Campaigns, Microsoft Says https://t.co/SZZ6uMuSzN",,MSFT
social,kaggle_tweets,2018-07-19 14:07:00,"Ford recalls 550,000 vehicles, including some Louisville-made Escapes: https://t.co/XxdBJ2NyC7",,F
social,kaggle_tweets,2018-07-19 14:10:00,"Trump, in Latest Swipe at E.U., Assails $5.1 Billion Fine Against Google https://t.co/3KZ36QBp9K",,GOOGL
social,kaggle_tweets,2018-07-19 14:14:00,RT @krassenstein: BREAKING: Microsoft says that Putin's Russia tried to hack three different 2018 US midterm candidates. Our elections ar…,,MSFT
social,kaggle_tweets,2018-07-19 14:14:00,RT @krassenstein: BREAKING: Microsoft says that Putin's Russia tried to hack three different 2018 US midterm candidates. Our elections ar…,,MSFT
social,kaggle_tweets,2018-07-19 14:14:00,RT @krassenstein: BREAKING: Microsoft says that Putin's Russia tried to hack three different 2018 US midterm candidates. Our elections ar…,,MSFT
social,kaggle_tweets,2018-07-19 14:14:00,RT @krassenstein: BREAKING: Microsoft says that Putin's Russia tried to hack three different 2018 US midterm candidates. Our elections ar…,,MSFT
social,kaggle_tweets,2018-07-19 14:14:00,RT @krassenstein: BREAKING: Microsoft says that Putin's Russia tried to hack three different 2018 US midterm candidates. Our elections ar…,,MSFT
social,kaggle_tweets,2018-07-19 14:14:00,RT @krassenstein: BREAKING: Microsoft says that Putin's Russia tried to hack three different 2018 US midterm candidates. Our elections ar…,,MSFT
social,kaggle_tweets,2018-07-19 14:14:00,RT @krassenstein: BREAKING: Microsoft says that Putin's Russia tried to hack three different 2018 US midterm candidates. Our elections ar…,,MSFT
social,kaggle_tweets,2018-07-19 14:14:00,RT @krassenstein: BREAKING: Microsoft says that Putin's Russia tried to hack three different 2018 US midterm candidates. Our elections ar…,,MSFT
social,kaggle_tweets,2018-07-19 14:14:00,RT @krassenstein: BREAKING: Microsoft says that Putin's Russia tried to hack three different 2018 US midterm candidates. Our elections ar…,,MSFT
social,kaggle_tweets,2018-07-19 14:14:00,RT @krassenstein: BREAKING: Microsoft says that Putin's Russia tried to hack three different 2018 US midterm candidates. Our elections ar…,,MSFT
social,kaggle_tweets,2018-07-19 14:14:00,RT @krassenstein: BREAKING: Microsoft says that Putin's Russia tried to hack three different 2018 US midterm candidates. Our elections ar…,,MSFT
social,kaggle_tweets,2018-07-19 14:14:00,RT @krassenstein: BREAKING: Microsoft says that Putin's Russia tried to hack three different 2018 US midterm candidates. Our elections ar…,,MSFT
social,kaggle_tweets,2018-07-19 14:14:00,RT @krassenstein: BREAKING: Microsoft says that Putin's Russia tried to hack three different 2018 US midterm candidates. Our elections ar…,,MSFT
social,kaggle_tweets,2018-07-19 14:14:00,RT @krassenstein: BREAKING: Microsoft says that Putin's Russia tried to hack three different 2018 US midterm candidates. Our elections ar…,,MSFT
social,kaggle_tweets,2018-07-19 14:14:00,RT @krassenstein: BREAKING: Microsoft says that Putin's Russia tried to hack three different 2018 US midterm candidates. Our elections ar…,,MSFT
social,kaggle_tweets,2018-07-19 14:14:00,RT @krassenstein: BREAKING: Microsoft says that Putin's Russia tried to hack three different 2018 US midterm candidates. Our elections ar…,,MSFT
social,kaggle_tweets,2018-07-19 14:14:00,RT @krassenstein: BREAKING: Microsoft says that Putin's Russia tried to hack three different 2018 US midterm candidates. Our elections ar…,,MSFT
social,kaggle_tweets,2018-07-19 14:14:00,RT @krassenstein: BREAKING: Microsoft says that Putin's Russia tried to hack three different 2018 US midterm candidates. Our elections ar…,,MSFT
social,kaggle_tweets,2018-07-19 14:14:00,RT @krassenstein: BREAKING: Microsoft says that Putin's Russia tried to hack three different 2018 US midterm candidates. Our elections ar…,,MSFT
social,kaggle_tweets,2018-07-19 14:14:00,RT @krassenstein: BREAKING: Microsoft says that Putin's Russia tried to hack three different 2018 US midterm candidates. Our elections ar…,,MSFT
social,kaggle_tweets,2018-07-19 14:14:00,RT @krassenstein: BREAKING: Microsoft says that Putin's Russia tried to hack three different 2018 US midterm candidates. Our elections ar…,,MSFT
social,kaggle_tweets,2018-07-19 14:14:00,RT @krassenstein: BREAKING: Microsoft says that Putin's Russia tried to hack three different 2018 US midterm candidates. Our elections ar…,,MSFT
social,kaggle_tweets,2018-07-19 14:14:00,RT @krassenstein: BREAKING: Microsoft says that Putin's Russia tried to hack three different 2018 US midterm candidates. Our elections ar…,,MSFT
social,kaggle_tweets,2018-07-19 14:18:00,"RT @Thomas1774Paine: FBI’s Comey Covered Up China Hack of Hillary’s Emails, Concealing Intel from Congress Months Before Election; Then FBI…",,INTC
social,kaggle_tweets,2018-07-19 14:18:00,"RT @Thomas1774Paine: FBI’s Comey Covered Up China Hack of Hillary’s Emails, Concealing Intel from Congress Months Before Election; Then FBI…",,INTC
social,kaggle_tweets,2018-07-19 14:18:00,"RT @Thomas1774Paine: FBI’s Comey Covered Up China Hack of Hillary’s Emails, Concealing Intel from Congress Months Before Election; Then FBI…",,INTC
social,kaggle_tweets,2018-07-19 14:18:00,"RT @Thomas1774Paine: FBI’s Comey Covered Up China Hack of Hillary’s Emails, Concealing Intel from Congress Months Before Election; Then FBI…",,INTC
social,kaggle_tweets,2018-07-19 14:18:00,"RT @Thomas1774Paine: FBI’s Comey Covered Up China Hack of Hillary’s Emails, Concealing Intel from Congress Months Before Election; Then FBI…",,INTC
social,kaggle_tweets,2018-07-19 14:25:00,"Microsoft reports $30.1 billion in Q4 2018 revenue: Azure up 89%, Surface up 25%, and Windows up 7%… https://t.co/csiehiSMf8",,MSFT
social,kaggle_tweets,2018-07-19 14:27:00,Microsoft set to report earnings after the bell https://t.co/ownR55SJpd,,MSFT
social,kaggle_tweets,2018-07-19 14:37:00,European regulators’ latest swipe at the dominance of U.S. tech giant Google could open new opportunities for rival… https://t.co/9f4uybguVo,,GOOGL
social,kaggle_tweets,2018-07-19 14:48:00,RT @nomasnomasno: If you order anything from Amazon before the strike ends July 18th you’re a scab and a class traitor and a weak ass hoe,,AMZN
social,kaggle_tweets,2018-07-19 14:54:00,"RT @followerzUK: Facebook Marketing Means Engaging With Your Fans With a reach of 2.2 billion active members, give or take a million or tw…",,FB
social,kaggle_tweets,2018-07-19 14:54:00,"RT @followerzUK: Facebook Marketing Means Engaging With Your Fans With a reach of 2.2 billion active members, give or take a million or tw…",,FB
social,kaggle_tweets,2018-07-19 14:55:00,Disney wins: Comcast drops its bid for 21st Century Fox https://t.co/yZm2eiETMe,,CMCSA
social,kaggle_tweets,2018-07-19 15:05:00,"Google News - Mobile Payments: ""Arxan Recognized In Gartner Market Guide For Application Shielding"" https://t.co/hBnyjTJ4pE",,GOOGL
social,kaggle_tweets,2018-07-19 15:19:00,"RT @ReutersBiz: JUST IN: Amazon shares hit record high, crosses $900 billion in market cap $AMZN https://t.co/uEOzoCDrGY",,AMZN
social,kaggle_tweets,2018-07-19 15:31:00,"RT @EmilyMccabe17: Netflix is doing bits at the moment, wolf of Wall Street, inglorious bastards, kill bill volume one AND TWO. Procrastina…",,NFLX
social,kaggle_tweets,2018-07-19 15:39:00,RT @SkyNews: Comcast drops Fox bid to focus on Sky takeover https://t.co/UXRwDHuCyT,,CMCSA
social,kaggle_tweets,2018-07-19 15:50:00,Antitrust: Commission fines Google €4.34 billion for illegal practices regarding Android mobile devices to strength… https://t.co/VRmMp4kmbR,,GOOGL
social,kaggle_tweets,2018-07-19 15:51:00,RT @BlueJaigEyes: Coming to Disney Connect (Direct?) Consumer. Some random images from the trailer. https://t.co/edCjQPWCUg,,DIS
social,kaggle_tweets,2018-07-19 15:54:00,"EU: Google illegally used Android to dominate search, must pay $5B fine https://t.co/cDSqE1o2IK",,GOOGL
social,kaggle_tweets,2018-07-19 15:59:00,"RT @dflukey: ""the European Commission has announced that it has found Google in breach of EU antitrust and has fined the company €4.34 bill…",,GOOGL
social,kaggle_tweets,2018-07-19 15:59:00,@Sebastian_A All the more reason Facebook becomes a government regulated utility.,,FB
social,kaggle_tweets,2018-07-19 16:01:00,RT @HotFreestyle: Drake becomes the first artist to reach 10 billion streams on Apple Music https://t.co/jEigVXlx38,,AAPL
social,kaggle_tweets,2018-07-19 16:17:00,"Intel Capital pumps $72M into AI, IoT, cloud and silicon startups, $115M invested so far in 2018… https://t.co/NkkGkSHFYk",,INTC
social,kaggle_tweets,2018-07-19 16:19:00,Donald Trump says the EU's $5 billion fine on Google is the real trade war: 'I told you so!' https://t.co/dJe2GkUxwE,,GOOGL
social,kaggle_tweets,2018-07-19 16:25:00,TRAFFIC ALERT: Motorcycle crash near the entrance of McDonald's shuts down Moreland Avenue south of I-20.… https://t.co/3quhDYVX7v,,MCD
social,kaggle_tweets,2018-07-19 16:25:00,"RT @GoogleIndia: When the network is slow, give the offline mode on Google Slides a go. #JustGoogleThings https://t.co/itmsFcIkVC",,GOOGL
social,kaggle_tweets,2018-07-19 16:28:00,RT @true_pundit: Putin Drops Bomb on Mueller: Russia Seeks Charges Against Obama-Era U.S. Ambassador &amp; U.S. Intel Agents Allegedly Linked t…,,INTC
social,kaggle_tweets,2018-07-19 16:28:00,"Check this out ""Trump Bashes E.U. Over $5.1 Billion Fine for Google"" by PRASHANT S. RAO via NYT… https://t.co/OqnIlVD5Ku",,GOOGL
social,kaggle_tweets,2018-07-19 16:34:00,"RT @kenyanwalstreet: Walmart, the world's largest company by revenue is considering launching a video streaming service that would rival st…",,WMT
social,kaggle_tweets,2018-07-19 16:38:00,The rumble between Airbus and Boeing for dominance in the market for smaller jets is already heating up… https://t.co/NC4xBlQ4jx,,BA
social,kaggle_tweets,2018-07-19 16:42:00,"RT @realDonaldTrump: I told you so! The European Union just slapped a Five Billion Dollar fine on one of our great companies, Google. They…",,GOOGL
social,kaggle_tweets,2018-07-19 16:42:00,"RT @realDonaldTrump: I told you so! The European Union just slapped a Five Billion Dollar fine on one of our great companies, Google. They…",,GOOGL
social,kaggle_tweets,2018-07-19 16:42:00,"RT @realDonaldTrump: I told you so! The European Union just slapped a Five Billion Dollar fine on one of our great companies, Google. They…",,GOOGL
social,kaggle_tweets,2018-07-19 16:42:00,"RT @realDonaldTrump: I told you so! The European Union just slapped a Five Billion Dollar fine on one of our great companies, Google. They…",,GOOGL
social,kaggle_tweets,2018-07-19 16:42:00,"RT @realDonaldTrump: I told you so! The European Union just slapped a Five Billion Dollar fine on one of our great companies, Google. They…",,GOOGL
social,kaggle_tweets,2018-07-19 16:42:00,"RT @realDonaldTrump: I told you so! The European Union just slapped a Five Billion Dollar fine on one of our great companies, Google. They…",,GOOGL
social,kaggle_tweets,2018-07-19 16:42:00,"RT @realDonaldTrump: I told you so! The European Union just slapped a Five Billion Dollar fine on one of our great companies, Google. They…",,GOOGL
social,kaggle_tweets,2018-07-19 16:42:00,"RT @realDonaldTrump: I told you so! The European Union just slapped a Five Billion Dollar fine on one of our great companies, Google. They…",,GOOGL
social,kaggle_tweets,2018-07-19 16:42:00,"RT @realDonaldTrump: I told you so! The European Union just slapped a Five Billion Dollar fine on one of our great companies, Google. They…",,GOOGL
social,kaggle_tweets,2018-07-19 16:42:00,"RT @realDonaldTrump: I told you so! The European Union just slapped a Five Billion Dollar fine on one of our great companies, Google. They…",,GOOGL
social,kaggle_tweets,2018-07-19 16:42:00,"RT @realDonaldTrump: I told you so! The European Union just slapped a Five Billion Dollar fine on one of our great companies, Google. They…",,GOOGL
social,kaggle_tweets,2018-07-19 16:42:00,"RT @Reuters: .@Breakingviews TV: Comcast is dropping its bid for Fox assets, leaving them to Disney for $71 billion. But what happens next?…",,CMCSA
social,kaggle_tweets,2018-07-19 16:42:00,"RT @realDonaldTrump: I told you so! The European Union just slapped a Five Billion Dollar fine on one of our great companies, Google. They…",,GOOGL
social,kaggle_tweets,2018-07-19 16:42:00,"RT @realDonaldTrump: I told you so! The European Union just slapped a Five Billion Dollar fine on one of our great companies, Google. They…",,GOOGL
social,kaggle_tweets,2018-07-19 16:42:00,"RT @realDonaldTrump: I told you so! The European Union just slapped a Five Billion Dollar fine on one of our great companies, Google. They…",,GOOGL
social,kaggle_tweets,2018-07-19 16:42:00,"RT @realDonaldTrump: I told you so! The European Union just slapped a Five Billion Dollar fine on one of our great companies, Google. They…",,GOOGL
social,kaggle_tweets,2018-07-19 16:42:00,"RT @realDonaldTrump: I told you so! The European Union just slapped a Five Billion Dollar fine on one of our great companies, Google. They…",,GOOGL
social,kaggle_tweets,2018-07-19 16:42:00,"RT @realDonaldTrump: I told you so! The European Union just slapped a Five Billion Dollar fine on one of our great companies, Google. They…",,GOOGL
social,kaggle_tweets,2018-07-19 16:42:00,"RT @realDonaldTrump: I told you so! The European Union just slapped a Five Billion Dollar fine on one of our great companies, Google. They…",,GOOGL
social,kaggle_tweets,2018-07-19 16:42:00,"RT @realDonaldTrump: I told you so! The European Union just slapped a Five Billion Dollar fine on one of our great companies, Google. They…",,GOOGL
social,kaggle_tweets,2018-07-19 16:42:00,"RT @realDonaldTrump: I told you so! The European Union just slapped a Five Billion Dollar fine on one of our great companies, Google. They…",,GOOGL
social,kaggle_tweets,2018-07-19 16:42:00,"RT @realDonaldTrump: I told you so! The European Union just slapped a Five Billion Dollar fine on one of our great companies, Google. They…",,GOOGL
social,kaggle_tweets,2018-07-19 16:42:00,"RT @realDonaldTrump: I told you so! The European Union just slapped a Five Billion Dollar fine on one of our great companies, Google. They…",,GOOGL
social,kaggle_tweets,2018-07-19 16:42:00,"RT @realDonaldTrump: I told you so! The European Union just slapped a Five Billion Dollar fine on one of our great companies, Google. They…",,GOOGL
social,kaggle_tweets,2018-07-19 16:42:00,"RT @realDonaldTrump: I told you so! The European Union just slapped a Five Billion Dollar fine on one of our great companies, Google. They…",,GOOGL
social,kaggle_tweets,2018-07-19 16:42:00,"RT @realDonaldTrump: I told you so! The European Union just slapped a Five Billion Dollar fine on one of our great companies, Google. They…",,GOOGL
social,kaggle_tweets,2018-07-19 16:42:00,"RT @realDonaldTrump: I told you so! The European Union just slapped a Five Billion Dollar fine on one of our great companies, Google. They…",,GOOGL
social,kaggle_tweets,2018-07-19 16:42:00,"RT @realDonaldTrump: I told you so! The European Union just slapped a Five Billion Dollar fine on one of our great companies, Google. They…",,GOOGL
social,kaggle_tweets,2018-07-19 16:42:00,"RT @realDonaldTrump: I told you so! The European Union just slapped a Five Billion Dollar fine on one of our great companies, Google. They…",,GOOGL
social,kaggle_tweets,2018-07-19 16:42:00,"RT @realDonaldTrump: I told you so! The European Union just slapped a Five Billion Dollar fine on one of our great companies, Google. They…",,GOOGL
social,kaggle_tweets,2018-07-19 16:42:00,"RT @realDonaldTrump: I told you so! The European Union just slapped a Five Billion Dollar fine on one of our great companies, Google. They…",,GOOGL
social,kaggle_tweets,2018-07-19 16:42:00,"RT @realDonaldTrump: I told you so! The European Union just slapped a Five Billion Dollar fine on one of our great companies, Google. They…",,GOOGL
social,kaggle_tweets,2018-07-19 16:42:00,"RT @realDonaldTrump: I told you so! The European Union just slapped a Five Billion Dollar fine on one of our great companies, Google. They…",,GOOGL
social,kaggle_tweets,2018-07-19 16:42:00,"RT @realDonaldTrump: I told you so! The European Union just slapped a Five Billion Dollar fine on one of our great companies, Google. They…",,GOOGL
social,kaggle_tweets,2018-07-19 16:42:00,"RT @realDonaldTrump: I told you so! The European Union just slapped a Five Billion Dollar fine on one of our great companies, Google. They…",,GOOGL
social,kaggle_tweets,2018-07-19 16:42:00,"RT @realDonaldTrump: I told you so! The European Union just slapped a Five Billion Dollar fine on one of our great companies, Google. They…",,GOOGL
social,kaggle_tweets,2018-07-19 16:51:00,RT @Style_Engine: Nike NK Tailwind Cool Tank Top in Crimson Tint &amp; Heather is now available to purchase with Free Shipping! BUY HERE: https…,,NKE
social,kaggle_tweets,2018-07-19 16:52:00,"RT @John_Hudson: Trump lashes out at European Union’s massive Google fine, citing it as evidence that he is right about E.U.’s unfair behav…",,GOOGL
social,kaggle_tweets,2018-07-19 16:55:00,I hope Common was paid astronomically for these Microsoft AI commercials—because uff da.,,MSFT
social,kaggle_tweets,2018-07-19 16:58:00,Hoy va a ser tarde de Stand Ups en Netflix! 🤘🏻🤘🏻🤘🏻,,NFLX
social,kaggle_tweets,2018-07-19 17:00:00,RT @FallonTonight: Jimmy &amp; @AmandaSeyfried sing ABBA songs with Google Translated lyrics! https://t.co/cto2HMwZ08 https://t.co/yf5ncYZPbh,,GOOGL
social,kaggle_tweets,2018-07-19 17:10:00,@realDonaldTrump Google broke european law. They knew it. They got fined. Just like wells fargo got fined here. Tru… https://t.co/Pk7nbETXy7,,GOOGL
social,kaggle_tweets,2018-07-19 17:22:00,IBM Common Stock $IBM Given “Buy” Rating at Bank of America https://t.co/Oq9xXxpOWf #stocks,,IBM
social,kaggle_tweets,2018-07-19 17:28:00,"RT @agirlinthepark: After Coca-Cola, Facebook has joined the K-pop bandwagon by partnering with the popular record-breaking boy band BTS &amp;…",,FB
social,kaggle_tweets,2018-07-19 17:38:00,RT @SexBanJohn: @JackPosobiec @realDonaldTrump How is everyone forgetting that Intel are literally trained to lie...for a living...and well…,,INTC
social,kaggle_tweets,2018-07-19 17:46:00,"If a big fine from the EU is good enough for Google, it's good enough for Apple too https://t.co/jrHW3inkdp https://t.co/NEPuYMkDLe",,GOOGL
social,kaggle_tweets,2018-07-19 17:46:00,"Join Robinhood and we'll both get a stock like Apple, Ford, or Sprint for free. Make sure you use my link. https://t.co/RdgybSimwH",,AAPL
social,kaggle_tweets,2018-07-19 17:52:00,RT @SavinTheBees: Disney acquiring FOX https://t.co/F7glGsIKnl,,DIS
social,kaggle_tweets,2018-07-19 18:05:00,Intel $INTC Earns Neutral Rating from Royal Bank of Canada https://t.co/K1Gg1dwddw #stocks,,INTC
social,kaggle_tweets,2018-07-19 18:09:00,Eaze CEO: 'No doubt' Amazon will sell weed https://t.co/i6GyyK7AyK by @JenSaidIt https://t.co/fDccE99nz1,,AMZN
social,kaggle_tweets,2018-07-19 18:09:00,"RT @LisaMei62: Here's the extent of the Russian ""meddling"". That's it. Zero evidence of ""hacked"" DNC emails. Facebook: Russian Election I…",,FB
social,kaggle_tweets,2018-07-19 18:24:00,Trump slams record EU fine against Google https://t.co/ykfm3oHl6n #Asia #Business,,GOOGL
social,kaggle_tweets,2018-07-19 18:34:00,RT @mvisser: Microsoft announced today that it earned a net income of $8.9 billion on revenues of $30.1 billion for the quarter ending June…,,MSFT
social,kaggle_tweets,2018-07-19 18:49:00,RT @Chopdasaab: Intel: Khalistani terrorists on way to attack Parliament https://t.co/L9CrdyGiyw,,INTC
social,kaggle_tweets,2018-07-19 18:55:00,Apparel Resources - Amazon captures 50 per cent share of American eCommerce market https://t.co/po6wajOWwY https://t.co/oIMogiIwJa,,AMZN
social,kaggle_tweets,2018-07-19 19:00:00,Google has been hit with a landmark €4.34bn ($5.1bn) fine by the European Union over “serious illegal behaviour” to… https://t.co/ISCJE4A8LD,,GOOGL
social,kaggle_tweets,2018-07-19 19:01:00,"RT @mogrady_: lmao at people who think his bank account reads “$150,000,000,000”. his wealth lies in his share of Amazon, a company which h…",,AMZN
social,kaggle_tweets,2018-07-19 19:07:00,"RT @MacRumors: Comcast Bows Out of Competition for Fox, CEO Congratulates Disney as Bidding War Ends https://t.co/CId2kvkugG by @mbrsrd htt…",,CMCSA
social,kaggle_tweets,2018-07-19 19:08:00,"Facebook CEO Mark Zukerberg with a huge FAIL on the issue of FAKE NEWS. He invoked the ""I'm Jewish, so I can get aw… https://t.co/fcj7j0oQNE",,FB
social,kaggle_tweets,2018-07-19 19:16:00,RT @FBRSquad: BREAKING NEWS: Microsoft says that Putin's Russia tried to hack 3 different 2018 US midterm candidates. Our elections are u…,,MSFT
social,kaggle_tweets,2018-07-19 19:18:00,@TriangleSqrd I promoted you guys on Google Plus in a Playstation Community that has 1. 5 million followers https://t.co/7N9tNkgWFV,,GOOGL
social,kaggle_tweets,2018-07-19 19:20:00,"RT @Gizmodo: Comcast drops its bid to buy Fox, meaning there's nothing stopping the Disney deal now https://t.co/C7VXnkMRTI https://t.co/xH…",,CMCSA
social,kaggle_tweets,2018-07-19 19:23:00,Microsoft caps off a fine fiscal year seemingly without any major missteps in its last quarter https://t.co/XrWbJdxe6Y,,MSFT
social,kaggle_tweets,2018-07-19 19:23:00,"RT @juliaioffe: Tom Burt, VP of security at Microsoft, says the company detected Russian phishing attacks on three candidates in the 2018 m…",,MSFT
social,kaggle_tweets,2018-07-19 19:28:00,Microsoft $MSFT PT Raised to $130.00 at Bank of America https://t.co/LPOI0xuLg3,,MSFT
social,kaggle_tweets,2018-07-19 19:33:00,"I disagree w/ those who say that the EU's $5B fine against Google ""won't change anything"". It may not change their… https://t.co/8aJRPb8VQ6",,GOOGL
social,kaggle_tweets,2018-07-19 19:36:00,"Senior Network Architect – Cisco Certified Network Professional (CCNP): Job Description Establishes, configures, ma… https://t.co/Gu6WNPAnr1",,CSCO
social,kaggle_tweets,2018-07-19 19:45:00,RT @SneakerNews: Travis Scott's next Nike collab drops next month https://t.co/rjTRun2GZB https://t.co/vsbfLPzXG2,,NKE
social,kaggle_tweets,2018-07-19 19:45:00,RT @Thomas1774Paine: Putin Drops Bomb on Mueller: Russia Seeks Charges Against Obama-Era U.S. Ambassador &amp; U.S. Intel Agents Allegedly Link…,,INTC
social,kaggle_tweets,2018-07-19 19:46:00,Facebook CEO Mark Zuckerberg is clarifying his stance pertaining to Holocaust deniers after getting some blowback o… https://t.co/lo3DSi0WTR,,FB
social,kaggle_tweets,2018-07-19 19:56:00,"""What Europe’s Google Fine Means for Android Users"" by BRIAN X. CHEN via NYT The New York Times https://t.co/XerVEFXsbP",,GOOGL
social,kaggle_tweets,2018-07-19 20:00:00,"Curiouser and curiouser? Cambridge Analytica's Facebook data was accessed from Russia, MP says https://t.co/Ti1JOc44fX via @CNNMoney",,FB
social,kaggle_tweets,2018-07-19 20:16:00,RT @Zendaya: Apple juice is underrated,,AAPL
social,kaggle_tweets,2018-07-19 20:34:00,RT @business: JPMorgan says record-breaking bull market could run until 2020 https://t.co/pL2PMVHPcJ https://t.co/dQxPtCti3T,,JPM
social,kaggle_tweets,2018-07-19 20:36:00,"RT @AppleMusic: A new era. 📈🦉 10 billion streams on Apple Music. Congratulations, @Drake. https://t.co/edX2cluVIh",,AAPL
social,kaggle_tweets,2018-07-19 20:36:00,"RT @AppleMusic: A new era. 📈🦉 10 billion streams on Apple Music. Congratulations, @Drake. https://t.co/edX2cluVIh",,AAPL
social,kaggle_tweets,2018-07-19 20:36:00,"RT @AppleMusic: A new era. 📈🦉 10 billion streams on Apple Music. Congratulations, @Drake. https://t.co/edX2cluVIh",,AAPL
social,kaggle_tweets,2018-07-19 20:36:00,"RT @AppleMusic: A new era. 📈🦉 10 billion streams on Apple Music. Congratulations, @Drake. https://t.co/edX2cluVIh",,AAPL
social,kaggle_tweets,2018-07-19 20:36:00,"RT @AppleMusic: A new era. 📈🦉 10 billion streams on Apple Music. Congratulations, @Drake. https://t.co/edX2cluVIh",,AAPL
social,kaggle_tweets,2018-07-19 20:41:00,Google takes a hit but will it be consumers that ultimately lose out? Company fined â‚¬4.3bn penalty but true cost… https://t.co/ZFXz6pxMKs,,GOOGL
social,kaggle_tweets,2018-07-19 20:45:00,mrapptech: Google to be fined €4.3 billion in Android antitrust decision https://t.co/SP7xjhpyYP,,GOOGL
social,kaggle_tweets,2018-07-19 20:46:00,Amazon is closing in on owning half of the e-commerce market - Business Insider https://t.co/SZwlmNWb4M https://t.co/2GApGwPxM1,,AMZN
social,kaggle_tweets,2018-07-19 20:46:00,Facebook reminded us Chris completed his first sponsored cycle for us through France 8 years ago. Since then he cyc… https://t.co/bE1zZ10yzc,,FB
social,kaggle_tweets,2018-07-19 20:51:00,IBM stock rises after earnings beat - CNBC,,IBM
social,kaggle_tweets,2018-07-19 20:56:00,"RT @CNN: JUST IN: Comcast drops its $65 billion bid for 21st Century Fox, ceding a major bidding war to Disney https://t.co/3wWOWopIfq http…",,CMCSA
social,kaggle_tweets,2018-07-19 20:59:00,I posted a new video to Facebook https://t.co/u9MwJJWYmM,,FB
social,kaggle_tweets,2018-07-20 07:17:00,RT @thewaytsworld: Bonus vlog is live! We share our promised channel update of what you can expect to see from us in the future! Disney vlo…,,DIS
social,kaggle_tweets,2018-07-20 07:18:00,RT @SupremeDreams_1: The Meeting That Made Disney Channel Fall off 😂💀🤦🏾‍♂️ https://t.co/LpKBM4PfRX,,DIS
social,kaggle_tweets,2018-07-20 07:22:00,RT @GOPPollAnalyst: 2011: Google says it uncovered a campaign run inside China to MONITOR secretly e-mails of Sr US gov figures https://t.c…,,GOOGL
social,kaggle_tweets,2018-07-20 07:22:00,RT @jaimefonseca110: Se pasan💀😂😂 found this on Facebook https://t.co/QGbjEJgrPm,,FB
social,kaggle_tweets,2018-07-20 07:52:00,VS DEAL Tide Simply Clean and Fresh PODS 43 count Amazon Deal! Runnn! https://t.co/Kpzj9DULc6… https://t.co/uuuDGWE2Jr,,AMZN
social,kaggle_tweets,2018-07-20 08:16:00,Donald Trump slams EU over $5 billion Google fine #Sécurité https://t.co/mjTDu8g5F5 via @krachik,,GOOGL
social,kaggle_tweets,2018-07-20 08:30:00,"https://t.co/UcrYpSEDjf Google News FULL RSS Generator, create Google News full rss from your keyword… https://t.co/jifo588QMr",,GOOGL
social,kaggle_tweets,2018-07-20 08:52:00,That’s over $78 million just from Apple Music alone ...the boy is getting paid,,AAPL
social,kaggle_tweets,2018-07-20 08:58:00,"RT @RVAwonk: At Thursday's #AspenSecurity Forum, Microsoft disclosed that it identified &amp; helped thwart hacking attempts on 3 congressional…",,MSFT
social,kaggle_tweets,2018-07-20 09:37:00,RT @manatweets: Europe hits Google with ?4.3bn Android antitrust fine: Witch hunt or fair sentence? #ITRTG #News #AndroidChat https://t.co/…,,GOOGL
social,kaggle_tweets,2018-07-20 10:49:00,"FBI's Comey Covered Up China Hack of Hillary's Emails, Concealing Intel from Congress Months Before... https://t.co/CsKNVs6MC2",,INTC
social,kaggle_tweets,2018-07-20 11:13:00,RT @MarkusWillard: #Repost @SBakerMD with get_repost ・・・ Apple CEO and Co-founder Steve Jobs died from pancreatic cancer in 2011- He was a…,,AAPL
social,kaggle_tweets,2018-07-20 11:17:00,Walmart acquiring Shopify is no longer a laughable idea https://t.co/WoLpsbvFPh https://t.co/r5tmPCHYUT,,WMT
social,kaggle_tweets,2018-07-20 11:43:00,"RT @MarveIFacts: Comcast has just dropped its bid on Fox studios, leaving Disney uncontested in its path to bring in the X-Men and Fantasti…",,CMCSA
social,kaggle_tweets,2018-07-20 13:19:00,"Ford Recalls 550,000 Escape and Fusion Vehicles Over Rollaway Concerns https://t.co/kMHBRraUIc",,F
social,kaggle_tweets,2018-07-20 13:38:00,RT @moscow_project: Devin Nunes is so intent on stopping the Russia investigation that he’s blocking Democrats on House Intel from using co…,,INTC
social,kaggle_tweets,2018-07-20 13:47:00,"RT @CNN: Microsoft posts its first $100 billion sales year, thanks to to the cloud https://t.co/T4qTo0yyoW https://t.co/GoRvIzZtts",,MSFT
social,kaggle_tweets,2018-07-20 14:14:00,RT @krassenstein: BREAKING: Microsoft says that Putin's Russia tried to hack three different 2018 US midterm candidates. Our elections ar…,,MSFT
social,kaggle_tweets,2018-07-20 14:14:00,RT @krassenstein: BREAKING: Microsoft says that Putin's Russia tried to hack three different 2018 US midterm candidates. Our elections ar…,,MSFT
social,kaggle_tweets,2018-07-20 14:14:00,RT @krassenstein: BREAKING: Microsoft says that Putin's Russia tried to hack three different 2018 US midterm candidates. Our elections ar…,,MSFT
social,kaggle_tweets,2018-07-20 14:14:00,RT @krassenstein: BREAKING: Microsoft says that Putin's Russia tried to hack three different 2018 US midterm candidates. Our elections ar…,,MSFT
social,kaggle_tweets,2018-07-20 14:14:00,RT @krassenstein: BREAKING: Microsoft says that Putin's Russia tried to hack three different 2018 US midterm candidates. Our elections ar…,,MSFT
social,kaggle_tweets,2018-07-20 14:18:00,"RT @Thomas1774Paine: FBI’s Comey Covered Up China Hack of Hillary’s Emails, Concealing Intel from Congress Months Before Election; Then FBI…",,INTC
social,kaggle_tweets,2018-07-20 14:18:00,"RT @Thomas1774Paine: FBI’s Comey Covered Up China Hack of Hillary’s Emails, Concealing Intel from Congress Months Before Election; Then FBI…",,INTC
social,kaggle_tweets,2018-07-20 14:40:00,RT @tictoc: Comcast is surrendering to Disney in the bidding war for Fox https://t.co/BX6pAVIhDU #tictocnews https://t.co/PvpDF3RXtf,,CMCSA
social,kaggle_tweets,2018-07-20 14:42:00,State of the Art: What Stays on Facebook and What Goes? The Social Network Cannot Answer Asked about the kind of co… https://t.co/ti7iwPDEwr,,FB
social,kaggle_tweets,2018-07-20 14:46:00,@sarkos10 There's a lot of scam going on Instagram Facebook and Twitter People claiming to be me i was in a meeting… https://t.co/uJCBq9BqkE,,FB
social,kaggle_tweets,2018-07-20 14:51:00,RT @emjbourne: @kylegriffin1 🚨🚨🚨🚨🚨🚨🚨🚨🚨🚨🚨 #BREAKING: Microsoft says Putin's Russia tried to hack 3 different 2018 US midterm candidates. O…,,MSFT
social,kaggle_tweets,2018-07-20 15:00:00,RT @Catlike_Diva: Win a $50 Amazon Gift Card Give-away. Click the link and follow the steps to enter https://t.co/XZS0DOb01w,,AMZN
social,kaggle_tweets,2018-07-20 15:06:00,"Apple Watch, FitBit could feel cost of U.S. tariffs https://t.co/FaehFbATHO",,AAPL
social,kaggle_tweets,2018-07-20 16:25:00,"Do you like skin care treatments? Oh, I love them. I found this one on Amazon Store and I've got amazed with the re… https://t.co/VgzQiei2I6",,AMZN
social,kaggle_tweets,2018-07-20 16:42:00,"RT @realDonaldTrump: I told you so! The European Union just slapped a Five Billion Dollar fine on one of our great companies, Google. They…",,GOOGL
social,kaggle_tweets,2018-07-20 16:42:00,"RT @realDonaldTrump: I told you so! The European Union just slapped a Five Billion Dollar fine on one of our great companies, Google. They…",,GOOGL
social,kaggle_tweets,2018-07-20 16:42:00,"RT @realDonaldTrump: I told you so! The European Union just slapped a Five Billion Dollar fine on one of our great companies, Google. They…",,GOOGL
social,kaggle_tweets,2018-07-20 16:42:00,"RT @realDonaldTrump: I told you so! The European Union just slapped a Five Billion Dollar fine on one of our great companies, Google. They…",,GOOGL
social,kaggle_tweets,2018-07-20 16:42:00,"RT @realDonaldTrump: I told you so! The European Union just slapped a Five Billion Dollar fine on one of our great companies, Google. They…",,GOOGL
social,kaggle_tweets,2018-07-20 17:30:00,A Frost &amp; Sullivan study commissioned by Microsoft revealed that the potential economic loss across Asia Pacific du… https://t.co/o8RKleSGd3,,MSFT
social,kaggle_tweets,2018-07-20 17:31:00,"RT @bitrefill: Litecoiners, you can now buy Amazon gift cards (US) with $LTC in 5 clicks! https://t.co/6yR2o2AMd7 #LiveOnCrypto #PayWithL…",,AMZN
social,kaggle_tweets,2018-07-20 17:31:00,"RT @bitrefill: Litecoiners, you can now buy Amazon gift cards (US) with $LTC in 5 clicks! https://t.co/6yR2o2AMd7 #LiveOnCrypto #PayWithL…",,AMZN
social,kaggle_tweets,2018-07-20 17:31:00,"RT @bitrefill: Litecoiners, you can now buy Amazon gift cards (US) with $LTC in 5 clicks! https://t.co/6yR2o2AMd7 #LiveOnCrypto #PayWithL…",,AMZN
social,kaggle_tweets,2018-07-20 18:10:00,RT @SmartChainMedia: Former Google CEO expresses his thoughts on #Bitcoin. #Quote #Google https://t.co/SOmO8knmuO,,GOOGL
social,kaggle_tweets,2018-07-20 18:57:00,RT @tictoc: Airbus and Boeing have hidden the identity of the customers behind $35 billion worth of plane orders at this year's Farnborough…,,BA
social,kaggle_tweets,2018-07-20 19:19:00,Can you help fund an investigative podcast with a donors-only Facebook group? It's working for @IntheDarkAPM https://t.co/w3M8jzyIhV,,FB
social,kaggle_tweets,2018-07-20 20:49:00,Microsoft Sales Top Estimates With More Clients Signing Up for Cloud: #earnings #EarningsSeason $MSFT https://t.co/5hh2US5k3m,,MSFT
social,kaggle_tweets,2018-07-21 07:10:00,RT @LindaSuhler: Spotted on Facebook and too funny to not share. 😂 Can’t make this stuff up. https://t.co/5fYXebcgGe,,FB
social,kaggle_tweets,2018-07-21 07:31:00,"RT @FbpeReynard: @Andrew_Adonis New public petition. Please support it. Retweet, share on Facebook as widely as possible. #StopBrexit #FBPE…",,FB
social,kaggle_tweets,2018-07-21 07:39:00,RT @DisneyParks: Orange Bird shares Dole Whips with new friends in this weekend's Disney Doodle: https://t.co/KEmF9fC2vU https://t.co/BWtzX…,,DIS
social,kaggle_tweets,2018-07-21 07:45:00,RT @WorldAndScience: Handy gadget - Alarm clock that hacks your circadian rhythm: https://t.co/9iJwoiZaHq -Amazon https://t.co/q16ZKRHlcv,,AMZN
social,kaggle_tweets,2018-07-21 07:50:00,"RT @bitsumco: In, 2006 Viacom thought a $2 billion Facebook buyout was too expensive, Don't think like viacom Buy @bitsumco",,FB
social,kaggle_tweets,2018-07-21 07:52:00,RT @gyonlineng: Drake Becomes The First Ever Artist To Reach 10 Billion Streams On Apple Music https://t.co/fSbWWWuqjY https://t.co/cQykcez…,,AAPL
social,kaggle_tweets,2018-07-21 08:22:00,Hey folks I’ve been hacked Do not open anything from me until I talk to Facebook,,FB
social,kaggle_tweets,2018-07-21 08:44:00,"https://t.co/3DMVGtJWrP Apple believes India is the next enormous market for its iPhones, in particular as native… https://t.co/vP8U8kf2UY",,AAPL
social,kaggle_tweets,2018-07-21 08:47:00,US Intel Officials Share Their National Cybersecurity Concerns - https://t.co/D1E0audIcv,,INTC
social,kaggle_tweets,2018-07-21 08:47:00,RT @JustSarahG_: Miss Granny Full Trailer Half Million Views sa Facebook less than hour? #MissGrannyPHFullTrailer https://t.co/iRV1PmTrjk…,,FB
social,kaggle_tweets,2018-07-21 08:49:00,Facebook's decision to suspend Crimson Hexagon comes as Facebook faces continued fallout over how it handles the pe… https://t.co/uDN9VWfbw9,,FB
social,kaggle_tweets,2018-07-21 09:07:00,"RT @GeorgWebb: Hey Pavel Ershov, you might want to drop into Malta or Casablanca for a month long Microsoft Russia Symposium. With Trump’s…",,MSFT
social,kaggle_tweets,2018-07-21 09:23:00,RT @NahamSec: Can you hack my girlfriends Facebook account? yes yes yesyes yesyes yes yes yes yes yes…,,FB
social,kaggle_tweets,2018-07-21 09:37:00,American Express has a deal with Amazon for card aimed at small businesses 💳https://t.co/7t2h1BFHRI,,AMZN
social,kaggle_tweets,2018-07-21 09:44:00,If Disney had any value for morality they would pay living wages; take some fricking pride in their legacy and stan… https://t.co/wMqkgAzZLt,,DIS
social,kaggle_tweets,2018-07-21 09:44:00,RT @JennyENicholson: Isn't Disney that company that still employs Johnny Depp,,DIS
social,kaggle_tweets,2018-07-21 09:48:00,RT @romad_antivirus: Tech Giant Oracle Launches Blockchain Cloud Service Platform The Oracle Blockchain Cloud Service offers its clients a…,,ORCL
social,kaggle_tweets,2018-07-21 09:51:00,"RT @XXL: .@Drake's 'Scorpion' album has helped push the 6 God past the 10 billion streams mark on Apple Music, making him the most streamed…",,AAPL
social,kaggle_tweets,2018-07-21 09:58:00,Amazon has the NES Classic Edition in stock once again. Thankfully availability has been MUCH better on the second… https://t.co/ZMcoXGgh6n,,AMZN
social,kaggle_tweets,2018-07-21 10:18:00,RT @krassenstein: Microsoft says that Putin's Russia tried to hack three different 2018 US midterm candidates. Our elections are under att…,,MSFT
social,kaggle_tweets,2018-07-21 10:18:00,RT @krassenstein: Microsoft says that Putin's Russia tried to hack three different 2018 US midterm candidates. Our elections are under att…,,MSFT
social,kaggle_tweets,2018-07-21 10:18:00,RT @krassenstein: Microsoft says that Putin's Russia tried to hack three different 2018 US midterm candidates. Our elections are under att…,,MSFT
social,kaggle_tweets,2018-07-21 10:18:00,RT @krassenstein: Microsoft says that Putin's Russia tried to hack three different 2018 US midterm candidates. Our elections are under att…,,MSFT
social,kaggle_tweets,2018-07-21 10:18:00,RT @krassenstein: Microsoft says that Putin's Russia tried to hack three different 2018 US midterm candidates. Our elections are under att…,,MSFT
social,kaggle_tweets,2018-07-21 10:18:00,RT @krassenstein: Microsoft says that Putin's Russia tried to hack three different 2018 US midterm candidates. Our elections are under att…,,MSFT
social,kaggle_tweets,2018-07-21 10:18:00,RT @krassenstein: Microsoft says that Putin's Russia tried to hack three different 2018 US midterm candidates. Our elections are under att…,,MSFT
social,kaggle_tweets,2018-07-21 10:18:00,RT @krassenstein: Microsoft says that Putin's Russia tried to hack three different 2018 US midterm candidates. Our elections are under att…,,MSFT
social,kaggle_tweets,2018-07-21 10:18:00,RT @krassenstein: Microsoft says that Putin's Russia tried to hack three different 2018 US midterm candidates. Our elections are under att…,,MSFT
social,kaggle_tweets,2018-07-21 10:18:00,RT @krassenstein: Microsoft says that Putin's Russia tried to hack three different 2018 US midterm candidates. Our elections are under att…,,MSFT
social,kaggle_tweets,2018-07-21 10:29:00,https://t.co/XUHL5ZSnkV The sensational Netflix Original Show drops teaser for Season 3 to be released in 2019!… https://t.co/ogDzbH4zc5,,NFLX
social,kaggle_tweets,2018-07-21 10:33:00,RT @2B7C89526: They didn't hack your election. They bought some Facebook advertisements and allegedly leaked some emails documenting how po…,,FB
social,kaggle_tweets,2018-07-21 10:51:00,"RT @RealDonad_Trump: I told you so! The European Union just slapped a Five Billion Dollar fine on one of our great companies, Google. They…",,GOOGL
social,kaggle_tweets,2018-07-21 11:02:00,"Trump's China tariffs could inflate prices on Apple Watches, Sonos speakers and more USA All Americans NEWS… https://t.co/eHZjqpWvWR",,AAPL
social,kaggle_tweets,2018-07-21 11:07:00,"RT @RodStryker: Walt Disney CEO Robert Iger terminated our beloved @therealroseanne, while lunatic @KeithOlbermann &amp; racist homophobe @JoyA…",,DIS
social,kaggle_tweets,2018-07-21 11:12:00,How can Facebook stop climate misinformation when its ‘fact-checkers’ are deniers? https://t.co/PjHVBB5mdW,,FB
social,kaggle_tweets,2018-07-21 11:35:00,RT @coinyeezy: Bitcoin is literally the next Google,,GOOGL
social,kaggle_tweets,2018-07-21 11:52:00,RT @BryanDisagrees: Cops broke an Amazon striker’s teeth. This was the company’s response https://t.co/3WB27AFaTZ https://t.co/bmO0HWyMWO,,AMZN
social,kaggle_tweets,2018-07-21 11:59:00,"Amazon Deal – InterDesign Home Kitchen Organizer Bin for Pantry, Refrigerator, Freezer &amp; Storage Cabinet, Set of 4,… https://t.co/BH90R5ZDpR",,AMZN
social,kaggle_tweets,2018-07-21 12:00:00,RT @SafetyPinDaily: Microsoft says Russia tried to hack three 2018 US midterm candidates || Via; QZ https://t.co/tdLWWuEGMp,,MSFT
social,kaggle_tweets,2018-07-21 12:08:00,RT @WCGamingTweets: Satya Nadella says Microsoft will continue to invest aggressively in gaming. https://t.co/3eCnZEd4fd,,MSFT
social,kaggle_tweets,2018-07-21 12:08:00,"RT @CalebBullman: @crystalmeth___ i literally checked Spotify, Apple Music, and soundcloud 😂",,AAPL
social,kaggle_tweets,2018-07-21 12:21:00,RT @ModernNotoriety: So many Off White x Nike colorways are dropping https://t.co/agpk9wUEkB,,NKE
social,kaggle_tweets,2018-07-21 12:21:00,RT @ModernNotoriety: So many Off White x Nike colorways are dropping https://t.co/agpk9wUEkB,,NKE
social,kaggle_tweets,2018-07-21 12:21:00,RT @ModernNotoriety: So many Off White x Nike colorways are dropping https://t.co/agpk9wUEkB,,NKE
social,kaggle_tweets,2018-07-21 12:38:00,"RT @Jon_Christian: to bless your friday, i investigated why Google Translate is spitting out ominous religious prophecies like attached ht…",,GOOGL
social,kaggle_tweets,2018-07-21 12:48:00,RT @Hoffyvic: Brutal Week For Netflix on Wall Street; Conservatives Appear Serious About Ditching the Service Touting Barack &amp; Michelle Oba…,,NFLX
social,kaggle_tweets,2018-07-21 13:10:00,"RT @Lucifer_Spain: First posters shown at #SDCC2018! What do you think, LuciFans? That Netflix logo fits perfectly fine with our favourite…",,NFLX
social,kaggle_tweets,2018-07-21 13:15:00,"As Walmart $WMT Shares Declined, Holder Buckhead Capital Management Has Decreased Holding; Check Capital Management… https://t.co/o6RrY24nuj",,WMT
social,kaggle_tweets,2018-07-21 13:16:00,"RT @ReddsSA: That moment when you’re trying to Google Papa C and your phone whack… Ska wara, Papa C’s got your back with a new phone. Tell…",,GOOGL
social,kaggle_tweets,2018-07-21 13:28:00,"@misterwayne__ There's a series on Netflix called Troy- Fall of a City. Achilles is black, along with probably a… https://t.co/50cWKngPiq",,NFLX
social,kaggle_tweets,2018-07-21 13:40:00,Will BMW’s Move Open Doors for More Profits at GM and Ford? — The Motley Fool https://t.co/SccDZs7tP5 https://t.co/EL8iZGGv5B,,F
social,kaggle_tweets,2018-07-21 13:52:00,Microsoft: Russian Hackers Are Targeting The Midterms via @forbes https://t.co/ycgf491B04,,MSFT
social,kaggle_tweets,2018-07-21 13:55:00,"RT @darrenrovell: In 2000, Blockbuster had a chance to buy Netflix for $50 million. Today, Blockbuster is down to one store. Netflix is wor…",,NFLX
social,kaggle_tweets,2018-07-21 14:14:00,RT @krassenstein: BREAKING: Microsoft says that Putin's Russia tried to hack three different 2018 US midterm candidates. Our elections ar…,,MSFT
social,kaggle_tweets,2018-07-21 14:18:00,"RT @Thomas1774Paine: FBI’s Comey Covered Up China Hack of Hillary’s Emails, Concealing Intel from Congress Months Before Election; Then FBI…",,INTC
social,kaggle_tweets,2018-07-21 14:18:00,"RT @Sefgrt: Just went to Ford to get a new car and the salesman said it was sold out. I said it wasn't and went behind the counter, ordered…",,F
social,kaggle_tweets,2018-07-21 14:18:00,"RT @Thomas1774Paine: FBI’s Comey Covered Up China Hack of Hillary’s Emails, Concealing Intel from Congress Months Before Election; Then FBI…",,INTC
social,kaggle_tweets,2018-07-21 14:18:00,"RT @Thomas1774Paine: FBI’s Comey Covered Up China Hack of Hillary’s Emails, Concealing Intel from Congress Months Before Election; Then FBI…",,INTC
social,kaggle_tweets,2018-07-21 14:18:00,"RT @Thomas1774Paine: FBI’s Comey Covered Up China Hack of Hillary’s Emails, Concealing Intel from Congress Months Before Election; Then FBI…",,INTC
social,kaggle_tweets,2018-07-21 14:18:00,"RT @Thomas1774Paine: FBI’s Comey Covered Up China Hack of Hillary’s Emails, Concealing Intel from Congress Months Before Election; Then FBI…",,INTC
social,kaggle_tweets,2018-07-21 14:38:00,RT @TheGoddessNaomi: Under A Mulberry Moon #1 on Amazon (New Releases) Thanks all! #UAMM. #western #romance &amp; #cowboys stories. Nine author…,,AMZN
social,kaggle_tweets,2018-07-21 14:39:00,I don’t understand all the trolling comments on Facebook sales posts. That’s like gathering at a garage sale to hec… https://t.co/EwWbq9mfzz,,FB
social,kaggle_tweets,2018-07-21 15:05:00,"RT @gelles: The Russians Who Hacked The DNC Have Targeted At Least Three 2018 Campaigns, Microsoft Says https://t.co/f5PoyCb0hd via @kevinc…",,MSFT
social,kaggle_tweets,2018-07-21 15:38:00,Microsoft says Russia has already tried to hack three campaigns in the 2018 Election https://t.co/rwGx2kUo6M,,MSFT
social,kaggle_tweets,2018-07-21 15:47:00,"AI + Service Cloud is transforming customer experience. Put the power of the IBM Salesforce partnership to work, ta… https://t.co/pXtP5zh3Dv",,IBM
social,kaggle_tweets,2018-07-21 15:47:00,RT @nichegamer: Someone posted this in our Facebook page replies and omg just watch it https://t.co/GHo69XvO2M,,FB
social,kaggle_tweets,2018-07-21 15:49:00,"But Facebook, how will I make sure people forget my birthday and don’t make an inordinately big deal about it if I… https://t.co/Ci5eeA87Xr",,FB
social,kaggle_tweets,2018-07-21 16:14:00,Novartis $NVS Stock Rating Reaffirmed by JPMorgan Chase &amp; Co. https://t.co/zIJ0UCpfnQ,,JPM
social,kaggle_tweets,2018-07-21 16:20:00,RT @Livegrenade1967: @MarkDice @K0RANlSBURNING @FBI @Disney @JamesGunn Why isn't there an investigation into Disney itself?? Seems like the…,,DIS
social,kaggle_tweets,2018-07-21 16:34:00,RT @SneakerNews: Carhartt and Nike are joining forces for two rugged Air Force 1s this fall https://t.co/EtCDZrnJmz https://t.co/SqcieAP5RE,,NKE
social,kaggle_tweets,2018-07-21 16:41:00,RT @RickyPDillon: *jeffree meeting fans in Walmart* Shane: this is more successful than tanacon 💀💀💀💀,,WMT
social,kaggle_tweets,2018-07-21 16:42:00,"RT @realDonaldTrump: I told you so! The European Union just slapped a Five Billion Dollar fine on one of our great companies, Google. They…",,GOOGL
social,kaggle_tweets,2018-07-21 16:42:00,"RT @realDonaldTrump: I told you so! The European Union just slapped a Five Billion Dollar fine on one of our great companies, Google. They…",,GOOGL
social,kaggle_tweets,2018-07-21 17:07:00,RT @Kkzahu: Microsoft says Russia has already tried to hack three campaigns in the 2018 Election https://t.co/aX1mFIvcvQ via @FortuneMagazi…,,MSFT
social,kaggle_tweets,2018-07-21 17:36:00,"Can you recommend anyone for this #job? Verizon Sales Consultant - https://t.co/Wd64xKgJM4 #Sales #Raeford, NC #Hiring #CareerArc",,VZ
social,kaggle_tweets,2018-07-21 17:57:00,"Apple , easy.",,AAPL
social,kaggle_tweets,2018-07-21 17:59:00,RT @80s_Kidz: Which was the coolist? Retweet for Bodie's Ford Capri or Like for Doyle's Ford Escort RS2000 https://t.co/YazzLKRUNL,,F
social,kaggle_tweets,2018-07-21 18:02:00,"RT @EdKrassen: A former Microsoft executive says that they stopped Russia from hacking 3 Congressional Campaigns. If they stopped 3, then…",,MSFT
social,kaggle_tweets,2018-07-21 18:02:00,"RT @EdKrassen: A former Microsoft executive says that they stopped Russia from hacking 3 Congressional Campaigns. If they stopped 3, then…",,MSFT
social,kaggle_tweets,2018-07-21 18:02:00,"RT @EdKrassen: A former Microsoft executive says that they stopped Russia from hacking 3 Congressional Campaigns. If they stopped 3, then…",,MSFT
social,kaggle_tweets,2018-07-21 18:02:00,"RT @EdKrassen: A former Microsoft executive says that they stopped Russia from hacking 3 Congressional Campaigns. If they stopped 3, then…",,MSFT
social,kaggle_tweets,2018-07-21 18:02:00,"RT @EdKrassen: A former Microsoft executive says that they stopped Russia from hacking 3 Congressional Campaigns. If they stopped 3, then…",,MSFT
social,kaggle_tweets,2018-07-21 18:02:00,"RT @EdKrassen: A former Microsoft executive says that they stopped Russia from hacking 3 Congressional Campaigns. If they stopped 3, then…",,MSFT
social,kaggle_tweets,2018-07-21 18:02:00,"RT @EdKrassen: A former Microsoft executive says that they stopped Russia from hacking 3 Congressional Campaigns. If they stopped 3, then…",,MSFT
social,kaggle_tweets,2018-07-21 18:36:00,Here&amp;apos;s What to Expect When Apple Reports Earnings https://t.co/SNeFu38duF,,AAPL
social,kaggle_tweets,2018-07-21 18:41:00,RT @SoFreeChocolate: *COMPETITION* We have just launched a No Added Sugar chocolate bundle on Amazon and to celebrate we will be giving 1 a…,,AMZN
social,kaggle_tweets,2018-07-21 19:05:00,"As Citigroup $C Market Valuation Declined, Elm Ridge Management Has Lifted by $1.14 Million Its Position; Wells Far… https://t.co/skd6nLnose",,C
social,kaggle_tweets,2018-07-21 19:08:00,"RT @seewhatsnext: Netflix &amp; Shondaland have acquired the rights to Kate Anderson Brower’s nonfiction book ""The Residence: Inside the Privat…",,NFLX
social,kaggle_tweets,2018-07-21 19:12:00,"Amazon, Toyota, Alcoa and others working to counter Trump's tariff plans - CNBC",,AMZN
social,kaggle_tweets,2018-07-21 20:03:00,RT @stevie_couch: My Day at a Digital Drop-In Event with Post Office Broadband and Google @PostOfficeNews @PostOffice @Google #DigitalDropI…,,GOOGL
social,kaggle_tweets,2018-07-21 20:14:00,"Thanks, Donna Buxton, for your excellent review on Google @Birdeye_ https://t.co/oL0PSzCutJ",,GOOGL
social,kaggle_tweets,2018-07-21 20:15:00,RT @BostComedyFest: Netflix to Launch Comedy Radio Channel on SiriusXM https://t.co/fVkKyjCMe5,,NFLX
social,kaggle_tweets,2018-07-21 20:25:00,RT @nycyonce: There’s literally no reason to hate TIDAL • The sound quality is higher than Apple Music (320 Kbps vs 256 Kbps) • The price…,,AAPL
social,kaggle_tweets,2018-07-21 20:26:00,RT @tedhood16: By what Sensibility does Netflix think this type of dialogue is helpful. Subsidizing hate should not be part of the #Netflix…,,NFLX
social,kaggle_tweets,2018-07-21 20:27:00,RT @JonErlichman: On this day in 2005: MySpace acquired by News Corp for $580 million July 2005: MySpace: 16 million users Facebook: 3 m…,,FB
social,kaggle_tweets,2018-07-21 20:41:00,Check out this Amazon deal: Philips Hue White and Color Ambiance A19 60W ... by Philips https://t.co/pmyk6UxLUV via @amazon,,AMZN
social,kaggle_tweets,2018-07-21 20:46:00,RT @Thomas1774Paine: Brutal Week For Netflix on Wall Street; Conservatives Appear Serious About Ditching the Service Touting Barack &amp; Miche…,,NFLX
social,kaggle_tweets,2018-07-21 20:55:00,Facebook marketplace &gt;&gt;&gt;&gt;&gt;,,FB
social,kaggle_tweets,2018-07-22 07:01:00,I posted a new video to Facebook https://t.co/i9XEMJILDK,,FB
social,kaggle_tweets,2018-07-22 07:07:00,JPMorgan Chase invests in artificial intelligence startup Volley https://t.co/SI7dKyeLys,,JPM
social,kaggle_tweets,2018-07-22 07:11:00,RT @btschartdata: Amazon Best Sellers CDs &amp; Vinyls: #1 Love Yourself: Answer (=) *3 days at #1* https://t.co/C4UKhE2Nhj,,AMZN
social,kaggle_tweets,2018-07-22 07:27:00,"RT @old_osc: .@DevinNunes Must be removed from the House Intel Committee now He has lied, Obstructed the investigation, slandered the brav…",,INTC
social,kaggle_tweets,2018-07-22 07:27:00,"RT @old_osc: .@DevinNunes Must be removed from the House Intel Committee now He has lied, Obstructed the investigation, slandered the brav…",,INTC
social,kaggle_tweets,2018-07-22 07:27:00,"RT @old_osc: .@DevinNunes Must be removed from the House Intel Committee now He has lied, Obstructed the investigation, slandered the brav…",,INTC
social,kaggle_tweets,2018-07-22 07:27:00,"RT @old_osc: .@DevinNunes Must be removed from the House Intel Committee now He has lied, Obstructed the investigation, slandered the brav…",,INTC
social,kaggle_tweets,2018-07-22 07:27:00,"RT @old_osc: .@DevinNunes Must be removed from the House Intel Committee now He has lied, Obstructed the investigation, slandered the brav…",,INTC
social,kaggle_tweets,2018-07-22 07:27:00,"RT @old_osc: .@DevinNunes Must be removed from the House Intel Committee now He has lied, Obstructed the investigation, slandered the brav…",,INTC
social,kaggle_tweets,2018-07-22 07:44:00,RT @MrsParthLaghate: He is trending on Google! Literally! @LaghateParth Do you see that?! 😘 https://t.co/ss4b4AI0HA,,GOOGL
social,kaggle_tweets,2018-07-22 07:44:00,I posted a new video to Facebook https://t.co/9AMrONcB1x,,FB
social,kaggle_tweets,2018-07-22 07:53:00,WNS $WNS PT Raised to $57.00 at Citigroup https://t.co/m3iCjKG6MA,,C
social,kaggle_tweets,2018-07-22 08:28:00,RT @paulhutcheon: This is the Facebook image shared in April by @scottishlabour cllr George McIrvine. His party is investigating an allegat…,,FB
social,kaggle_tweets,2018-07-22 08:52:00,"RT @mariskreizman: This is the only proper response to that terrible ""Amazon should take over public libraries"" piece in Forbes: https://t.…",,AMZN
social,kaggle_tweets,2018-07-22 08:58:00,"As Exxon Mobil $XOM Stock Declined, Holder Wms Partners Decreased Stake by $455,026; Rwc Asset Management Llp Has L… https://t.co/SsfNbA4U0j",,XOM
social,kaggle_tweets,2018-07-22 09:05:00,@gradadventures We literally just changed our Facebook relationship status to ‘engaged’ 😂 nobody from either family… https://t.co/NHCMHW8NCA,,FB
social,kaggle_tweets,2018-07-22 09:16:00,"RT @BTCTN: Coinbase Gets $20 Billion Prime Client, Ads Back on Facebook https://t.co/IpVXLNLKjs #Bitcoin https://t.co/qsCerYUPd1",,FB
social,kaggle_tweets,2018-07-22 09:23:00,"RT @ManyMue: Coinbase Gets $20 Billion Prime Client, Ads Back on Facebook https://t.co/BhHTr9N3Sl via @BTCTN",,FB
social,kaggle_tweets,2018-07-22 09:24:00,"#Blockchain Mastercard Had An Outage, So Crypto Had a Field Day https://t.co/qX3UzNsK5d via CoinDesk",,MA
social,kaggle_tweets,2018-07-22 09:35:00,"Coinbase Gets $20 Billion Prime Client, Ads Back on Facebook #ico #cryptocurrency #token",,FB
social,kaggle_tweets,2018-07-22 09:44:00,"RT @JohnOBrennan2: Amazon says they are preparing for civil unrest in UK within weeks, if it is a No Deal Brexit outcome. It is that serio…",,AMZN
social,kaggle_tweets,2018-07-22 10:18:00,RT @krassenstein: Microsoft says that Putin's Russia tried to hack three different 2018 US midterm candidates. Our elections are under att…,,MSFT
social,kaggle_tweets,2018-07-22 10:30:00,"Facebook, Amazon, Google, Twitter — What you need to know in markets this week https://t.co/np5EaH6oBS",,GOOGL
social,kaggle_tweets,2018-07-22 10:45:00,RT @DoctoraGenna: Walmart patents surveillance tool that can eavesdrop on workers https://t.co/QLjGIDaoEc vía @engadget,,WMT
social,kaggle_tweets,2018-07-22 11:04:00,Literally just had a guy message me on Facebook asking me to blast him “because he won’t quit messaging me” this is… https://t.co/F1sWjuOoZe,,FB
social,kaggle_tweets,2018-07-22 11:53:00,@SGottliebFDA watch @bleedingedgedoc 7-27 Netflix #BanAllMesh #WeAreTheData #WeCanTogether @meshdevicenews… https://t.co/3zcOuYxCXt,,NFLX
social,kaggle_tweets,2018-07-22 12:02:00,RT @ComplexSneakers: .@OffWht shares its Nike Air Max 97 collab in black. https://t.co/jw2PwrHQhI,,NKE
social,kaggle_tweets,2018-07-22 12:02:00,"RT @teensnapz: Facebook Of Sex. IMPORTANT. THIS IS NOT A DATING SITE. YOU MESSAGE AND YOU FUCK , THAT'S IT. https://t.co/fqbdm10a3Q https:…",,FB
social,kaggle_tweets,2018-07-22 12:13:00,RT @FrankSowa1: NOTE: Cambridge Analytica ceased to exist under that name as fallout from Brexit &amp; Facebook scandals. It didn't die though…,,FB
social,kaggle_tweets,2018-07-22 12:13:00,RT @FrankSowa1: NOTE: Cambridge Analytica ceased to exist under that name as fallout from Brexit &amp; Facebook scandals. It didn't die though…,,FB
social,kaggle_tweets,2018-07-22 12:13:00,RT @FrankSowa1: NOTE: Cambridge Analytica ceased to exist under that name as fallout from Brexit &amp; Facebook scandals. It didn't die though…,,FB
social,kaggle_tweets,2018-07-22 12:13:00,RT @FrankSowa1: NOTE: Cambridge Analytica ceased to exist under that name as fallout from Brexit &amp; Facebook scandals. It didn't die though…,,FB
social,kaggle_tweets,2018-07-22 12:13:00,RT @FrankSowa1: NOTE: Cambridge Analytica ceased to exist under that name as fallout from Brexit &amp; Facebook scandals. It didn't die though…,,FB
social,kaggle_tweets,2018-07-22 12:13:00,RT @FrankSowa1: NOTE: Cambridge Analytica ceased to exist under that name as fallout from Brexit &amp; Facebook scandals. It didn't die though…,,FB
social,kaggle_tweets,2018-07-22 12:13:00,RT @FrankSowa1: NOTE: Cambridge Analytica ceased to exist under that name as fallout from Brexit &amp; Facebook scandals. It didn't die though…,,FB
social,kaggle_tweets,2018-07-22 12:13:00,RT @FrankSowa1: NOTE: Cambridge Analytica ceased to exist under that name as fallout from Brexit &amp; Facebook scandals. It didn't die though…,,FB
social,kaggle_tweets,2018-07-22 12:13:00,RT @FrankSowa1: NOTE: Cambridge Analytica ceased to exist under that name as fallout from Brexit &amp; Facebook scandals. It didn't die though…,,FB
social,kaggle_tweets,2018-07-22 12:13:00,RT @FrankSowa1: NOTE: Cambridge Analytica ceased to exist under that name as fallout from Brexit &amp; Facebook scandals. It didn't die though…,,FB
social,kaggle_tweets,2018-07-22 12:13:00,RT @FrankSowa1: NOTE: Cambridge Analytica ceased to exist under that name as fallout from Brexit &amp; Facebook scandals. It didn't die though…,,FB
social,kaggle_tweets,2018-07-22 12:13:00,RT @FrankSowa1: NOTE: Cambridge Analytica ceased to exist under that name as fallout from Brexit &amp; Facebook scandals. It didn't die though…,,FB
social,kaggle_tweets,2018-07-22 12:21:00,RT @myjoe_: Ready stock second hand all MY set: 1. iPhone 6 32GB Gold (under warranty Apple) 2. iPhone 6s 64GB Gold 3. iPhone 7plus 32GB G…,,AAPL
social,kaggle_tweets,2018-07-22 12:24:00,RT @touchedgolf1723: Walked into Walmart wearing a blue shirt and got stopped by 6 dumbasses that thought I worked there.,,WMT
social,kaggle_tweets,2018-07-22 12:24:00,"Mars, Kellogg’s, Pepsi line up to ride with #Uber for new in-car commerce deal @thedrum https://t.co/8m4fD9ebGG",,PEP
social,kaggle_tweets,2018-07-22 12:39:00,"RT @EritreaPages: Eritrean Airlines is to launch #Asmara-#AddisAbaba flight by August 1, 2018, three times a week, with Boeing B737-300 air…",,BA
social,kaggle_tweets,2018-07-22 12:46:00,Plant-filled Seattle Spheres open at Amazon headquarters https://t.co/f4vFiZlOjn https://t.co/f4vFiZlOjn,,AMZN
social,kaggle_tweets,2018-07-22 13:00:00,"@kopycetic @ellikanne @LadyBirdBrainSF I get that Apple doesn't want a lawsuit (because ""Apple"") for having a ""not… https://t.co/0AJLEvdJ4U",,AAPL
social,kaggle_tweets,2018-07-22 13:38:00,"RT @aarongreenberg: Never been more excited about the future of gaming at Microsoft. Coming off a record $10 Billion fiscal year, adding 5…",,MSFT
social,kaggle_tweets,2018-07-22 13:52:00,"""Stasher Reusable Silicone Food Bag: Amazon Launchpad: New Releases - Early Bird Special"" #Amazon #Discounts: https://t.co/ZA0MzqLYza",,AMZN
social,kaggle_tweets,2018-07-22 14:00:00,"RT @Molly3186: The DOD announced that Boeing now has secured a $3.9 billion contract to build 2 new Air Force One planes. Meanwhile, citiz…",,BA
social,kaggle_tweets,2018-07-22 14:09:00,Amazon quietly signed a $5.5 billion deal to sell its products to American cities — here are some of the biggest sp… https://t.co/kow9PAzUrp,,AMZN
social,kaggle_tweets,2018-07-22 14:18:00,"RT @Sefgrt: Just went to Ford to get a new car and the salesman said it was sold out. I said it wasn't and went behind the counter, ordered…",,F
social,kaggle_tweets,2018-07-22 14:51:00,IDOT is heading to a crash on the NB Bishop Ford @ 130th. https://t.co/wpFRtpN9Go,,F
social,kaggle_tweets,2018-07-22 14:57:00,I posted a new video to Facebook https://t.co/L2HwjCJ1lh,,FB
social,kaggle_tweets,2018-07-22 15:04:00,Hyundai Launches Digital Showroom on Amazon !!! Automotive News TV/CAR NEWS / Auto News: https://t.co/UWLBKhwV1Y via @YouTube,,AMZN
social,kaggle_tweets,2018-07-22 15:25:00,"RT @MollyDeeee: Live Now! @APTASA #XChangeSA with Laurie Hack, PT, DPT! Tune in on Facebook Live!",,FB
social,kaggle_tweets,2018-07-22 15:30:00,RT @chicacret_: Went through my Facebook wall &amp; saw all the “tbh” posts from middle school when everyone I hardly ever talked to in middle…,,FB
social,kaggle_tweets,2018-07-22 15:37:00,"RT @GrantJKidney: Thank you for 400,000 plus views, 2,000 shares and 11,000 comments on my recent Facebook video highlighting an incident w…",,FB
social,kaggle_tweets,2018-07-22 15:56:00,Internship: Human Resource Talent Acquisition: IBM Location : Petaling Jaya M10 MY Full time student attending 2nd/… https://t.co/LMffatcOCv,,IBM
social,kaggle_tweets,2018-07-22 16:08:00,I entered to win a $25 Amazon Gift Card via @redheadmomblog! Will you enter? #blogiversary #anniversary #blog #giveaway #win,,AMZN
social,kaggle_tweets,2018-07-22 16:17:00,6) Amazon makes decisions based on profits. Libraries make decisions based on professional ethics and philosophies. @PMourdoukoutas @forbes,,AMZN
social,kaggle_tweets,2018-07-22 16:30:00,RT @jenmotr: Facebook: 2.3 million views! YouTube: 1.6 views! #BAGANIYariKayMayari #LizQuen @samsungph @itsenriquegil @lizasoberano…,,FB
social,kaggle_tweets,2018-07-22 16:34:00,@PMourdoukoutas @Forbes There is a purpose to public libraries that Amazon can never match because they are PROFIT… https://t.co/cJ8v42S8Zt,,AMZN
social,kaggle_tweets,2018-07-22 16:42:00,"RT @realDonaldTrump: I told you so! The European Union just slapped a Five Billion Dollar fine on one of our great companies, Google. They…",,GOOGL
social,kaggle_tweets,2018-07-22 16:46:00,System design results in UI hacks. Weighting of the title means Amazon product names are all bullshit now. https://t.co/yJAP72762D,,AMZN
social,kaggle_tweets,2018-07-22 16:57:00,RT @TuffsLiam: Facebook have unpublished my new page! In 24 hours it acquired over 5000 followers &amp; 200’000 views! Facebook is supposed to…,,FB
social,kaggle_tweets,2018-07-22 17:09:00,"Delete @facebook Gizmodo: Great, Now Facebook Is Investigating Potential Data Misuse by Something Called 'Crimson… https://t.co/yYzRj9D1ud",,FB
social,kaggle_tweets,2018-07-22 17:27:00,RT @emoblackthot: I’ll believe Beyoncé is dropping on Netflix when I see Beyoncé dropped on Netflix. https://t.co/hVNHTbTv2q,,NFLX
social,kaggle_tweets,2018-07-22 17:41:00,RT @JonnyGabriel: Manchester City are about a week away from putting Joe Hart on Facebook Marketplace.,,FB
social,kaggle_tweets,2018-07-22 17:49:00,RT @SexyKellySA: Hi! Whoever sends me a 30 USD Amazon GC will get 3 month access to my private account plus few extra pics! Deal? #MILF #NU…,,AMZN
social,kaggle_tweets,2018-07-22 17:55:00,RT @Mike_Press19: Sneaky Michelle ‘Worried About Netflix Deal’ Made Sure Roseanne Got Dumped By ABC https://t.co/A0eOGt6ZkS,,NFLX
social,kaggle_tweets,2018-07-22 18:02:00,"RT @VicBergerIV: Please sign/share. Don’t let rapist/Pizzagate pusher “Weird Mike” Cernovich tell Disney who to fire by using a bad faith,…",,DIS
social,kaggle_tweets,2018-07-22 18:02:00,"RT @EdKrassen: A former Microsoft executive says that they stopped Russia from hacking 3 Congressional Campaigns. If they stopped 3, then…",,MSFT
social,kaggle_tweets,2018-07-22 18:02:00,"RT @VicBergerIV: Please sign/share. Don’t let rapist/Pizzagate pusher “Weird Mike” Cernovich tell Disney who to fire by using a bad faith,…",,DIS
social,kaggle_tweets,2018-07-22 18:02:00,"RT @VicBergerIV: Please sign/share. Don’t let rapist/Pizzagate pusher “Weird Mike” Cernovich tell Disney who to fire by using a bad faith,…",,DIS
social,kaggle_tweets,2018-07-22 18:16:00,RT @FastCompany: Facebook CEO Mark Zuckerberg called Donald Trump to congratulate him on his victory in the aftermath of the 2016 election…,,FB
social,kaggle_tweets,2018-07-22 18:17:00,RT @OnceABC: We’re here at #SDCC with @LanaParrilla! Head to the #OnceUponATime Facebook page to check out our live! #ABCxSDCC https://t.co…,,FB
social,kaggle_tweets,2018-07-22 18:19:00,RT @drawandstrike: It's alive! IT'S ALIVE! My new book is up on Amazon: Nobody Asked For My Opinion...BUT HERE IT IS ANYWAY! Collected…,,AMZN
social,kaggle_tweets,2018-07-22 18:40:00,"RT @InfosFuteboI: Pega leve, Nike! 🔥 https://t.co/sCU3MbQwgX",,NKE
social,kaggle_tweets,2018-07-22 18:50:00,Costco Whsl Corp New Com $COST Holder Boston Advisors LLC Raised Holding by $4.70 Million as Stock Rose https://t.co/oxumqbFQ3T,,COST
social,kaggle_tweets,2018-07-22 18:56:00,RT @comphydraulic: Get super excited about the Linked Supply store on Amazon for great products https://t.co/OsY9WMqgHj #SaturdayMotivation…,,AMZN
social,kaggle_tweets,2018-07-22 19:17:00,"RT @seIenaIatest: 3. She’s been the face of many multi-million dollar brands such as Coach, Coca Cola, Louis Vuitton, Puma, Verizon, Apple…",,VZ
social,kaggle_tweets,2018-07-22 19:27:00,RT @Uniben_Olodo: Drake Becomes The First Artiste To Reach 10 Billion Streams On Apple Music After The Release Of “Scorpion” Album https://…,,AAPL
social,kaggle_tweets,2018-07-22 19:51:00,Say What? Small Businesses Racked Up More Than $1 Billion in Sales During Amazon Prime Day https://t.co/9Tlg0ibgMh,,AMZN
social,kaggle_tweets,2018-07-22 20:11:00,RT @BoingBoing: Undercover investigator: Facebook moderators were instructed NOT to remove racist far-right material. https://t.co/4SVxIknd…,,FB
social,kaggle_tweets,2018-07-22 20:24:00,Locked in MA. Watching Disney movies. #dreaming to go back and visit #WaltDisneyWorld. #waltdisney #9PMRoutine… https://t.co/CfPHIqXhqi,,DIS
social,kaggle_tweets,2018-07-22 20:25:00,RT @RMadridBabe: Twitter Killed Facebook WhatsApp killed BBM Youtube killed DVD Bluetooth killed Infrared Share It killed Bluetooth CD kil…,,FB
social,kaggle_tweets,2018-07-22 20:27:00,"[NEW]Get Premium Apple ID &amp; Paid Apps Permanently On iOS 11 iPhone , iPad No Jailbreak No Pc 2018: https://t.co/bOS84TPaLU via",,AAPL
social,kaggle_tweets,2018-07-22 20:28:00,Confirmed: American Removing Business Class Seats From Boeing 787-8s This makes awards and upgrades super difficul… https://t.co/wK0OIyCCL6,,BA
social,kaggle_tweets,2018-07-22 20:29:00,RT @V_of_Europe: German Intel Report Warns Iran Seeking weapons of mass destruction as Merkel Tries to Save Nuke Deal https://t.co/PsVT8EUj…,,INTC
social,kaggle_tweets,2018-07-22 20:34:00,Amazon quietly signed a $5.5 billion deal to sell its products to American cities — here are some of the biggest sp… https://t.co/82cq1ayiyy,,AMZN
social,kaggle_tweets,2018-07-22 20:38:00,RT @spectatorindex: Market value. ($ billion) Nike: 124 Adidas: 45 Under Armour: 8.9 Puma: 8.1 ASICS: 3.1,,NKE
social,kaggle_tweets,2018-07-22 20:38:00,RT @spectatorindex: Market value. ($ billion) Nike: 124 Adidas: 45 Under Armour: 8.9 Puma: 8.1 ASICS: 3.1,,NKE
social,kaggle_tweets,2018-07-22 20:38:00,RT @spectatorindex: Market value. ($ billion) Nike: 124 Adidas: 45 Under Armour: 8.9 Puma: 8.1 ASICS: 3.1,,NKE
social,kaggle_tweets,2018-07-22 20:46:00,RT @Thomas1774Paine: Brutal Week For Netflix on Wall Street; Conservatives Appear Serious About Ditching the Service Touting Barack &amp; Miche…,,NFLX
social,kaggle_tweets,2018-07-22 20:46:00,Comcast Drops $65 Billion Bid To Acquire 21st Century Fox https://t.co/rujpApwiui,,CMCSA
social,kaggle_tweets,2018-07-23 08:47:00,RT @MattChorley: Head of Amazon UK has warned Raab of “civil unrest” if Britain leaves the EU without a deal Scoop in @thetimes https://t.c…,,AMZN
social,kaggle_tweets,2018-07-23 08:47:00,"RT @lPlayBuzz: Quiz: Celebrity, Movies, Disney, Film, TV, Music, Movie, Games, Sports USA, Disney Princess, Hollywood, Gallery Quiz, Leona…",,DIS
social,kaggle_tweets,2018-07-23 08:54:00,RT @TellyLaFlare_: When you take that first swig of Sprite from McDonald's. https://t.co/EY3OYRjNaR,,MCD
social,kaggle_tweets,2018-07-23 12:13:00,RT @FrankSowa1: NOTE: Cambridge Analytica ceased to exist under that name as fallout from Brexit &amp; Facebook scandals. It didn't die though…,,FB
social,kaggle_tweets,2018-07-23 12:13:00,RT @FrankSowa1: NOTE: Cambridge Analytica ceased to exist under that name as fallout from Brexit &amp; Facebook scandals. It didn't die though…,,FB
social,kaggle_tweets,2018-07-23 12:13:00,RT @FrankSowa1: NOTE: Cambridge Analytica ceased to exist under that name as fallout from Brexit &amp; Facebook scandals. It didn't die though…,,FB
social,kaggle_tweets,2018-07-23 12:13:00,RT @FrankSowa1: NOTE: Cambridge Analytica ceased to exist under that name as fallout from Brexit &amp; Facebook scandals. It didn't die though…,,FB
social,kaggle_tweets,2018-07-23 12:46:00,RT @manny_ottawa: PMHarper noting an alarming number of FALSE asylum claims from Mexico costing Canadians $Bs placed Visa and thus ended MO…,,V
social,kaggle_tweets,2018-07-23 12:48:00,RT @RedNationRising: Why would I worry about Russia running some Facebook ads to influence our elections when millions of illegal immigrant…,,FB
social,kaggle_tweets,2018-07-23 16:30:00,RT @jenmotr: Facebook: 2.3 million views! YouTube: 1.6 views! #BAGANIYariKayMayari #LizQuen @samsungph @itsenriquegil @lizasoberano…,,FB
social,kaggle_tweets,2018-07-23 16:37:00,RT @Shadolith: it's extremely funny to me that Google StreetView's automated face-blurring system has made this large gold man in New York…,,GOOGL
social,kaggle_tweets,2018-07-23 17:33:00,"@jdoesntcook You’re a fucking idiot. Go back, take a loan out, and fucking invest in Apple and Microsoft, and make billions",,AAPL
social,kaggle_tweets,2018-07-23 18:27:00,"@RealJamesWoods I can visually see Netflix Stock falling in price due to the massive Exodus, course there are the D… https://t.co/JHwZpxPEnz",,NFLX
social,kaggle_tweets,2018-07-23 20:12:00,"If what they did is set up 2 Facebook pages and send out some propaganda, why do we need to spend over 20 million?… https://t.co/EmLzshfrKK",,FB
social,kaggle_tweets,2018-07-23 20:53:00,RT @ProudGrannyCdn: And Harper the same. He has been ‘fund raising’ south of the border to get his puppets elected. So far Ford. Beware…,,F
social,kaggle_tweets,2018-07-24 07:10:00,"RT @RichardHardigan: ISMPalestine ""PLEASE WATCH AND SHARE: At 11:00, local time ISM will be streaming live on Facebook on behalf of the Chi…",,FB
social,kaggle_tweets,2018-07-24 07:23:00,"RT @haveigotnews: Head of Amazon UK claims no-deal Brexit could spark civil unrest within two weeks, or one week for those with Prime.",,AMZN
social,kaggle_tweets,2018-07-24 07:26:00,Facebook and Instagram pledge to lock younger users’ accounts https://t.co/ZlHI7DWJ4r,,FB
social,kaggle_tweets,2018-07-24 07:28:00,RT @GoogleCloud_IN: Need help starting your first business project with Google Cloud Platform? Contact Sales Now. https://t.co/lQ1qbYqa2C,,GOOGL
social,kaggle_tweets,2018-07-24 07:33:00,"""eBay to add support for Apple Pay, beginning rollout this fall in US, and partners with Square Capital on seller f… https://t.co/Z1XGEhoVWw",,AAPL
social,kaggle_tweets,2018-07-24 07:34:00,RT @Thomas1774Paine: Facebook and FactCheckorg Fabricated Misleading Information to Censor Story About China Hacking Hillary Clinton’s Emai…,,FB
social,kaggle_tweets,2018-07-24 07:36:00,"RT @CerisBurnsEquus: Over half a BILLION people are watching video on Facebook every day. To make an impact with your marketing, you need t…",,FB
social,kaggle_tweets,2018-07-24 07:50:00,Take a tour of Amazon CEO Jeff Bezos' 5 giant homes and thousands of acres of land across the US https://t.co/XbNpm88kmN,,AMZN
social,kaggle_tweets,2018-07-24 07:51:00,RT @SmartChainMedia: The former vice president of North American investment banking at JPMorgan Chase has said that blockchain “may be the…,,JPM
social,kaggle_tweets,2018-07-24 07:52:00,RT @RAICESTEXAS: 1 yr ago 10 ppl lost their lives after being smuggled in the back of a trailer found at a San Antonio Walmart. We pay trib…,,WMT
social,kaggle_tweets,2018-07-24 08:16:00,"Singapore Airlines Launches Blockchain-Based Loyalty Wallet, Co-Developed by Microsoft https://t.co/ixStgTVFNp",,MSFT
social,kaggle_tweets,2018-07-24 08:32:00,RT @iPhoneHackx: Apple Releasing Update to Address Thermal Throttling in 2018 MacBook Pro https://t.co/mwT9ACv2Zf,,AAPL
social,kaggle_tweets,2018-07-24 08:34:00,#news Revisit the good old days with an NES or SNES Classic Edition console in stock at Amazon AT… https://t.co/rvwxuveS1n,,AMZN
social,kaggle_tweets,2018-07-24 08:47:00,Check out Disney Collection Disney's Magic Memories The Aristocats https://t.co/cO97b4PfEH via @eBay,,DIS
social,kaggle_tweets,2018-07-24 08:55:00,RT @SeveranceCBS11: Someone hacked my account and left fake reviews all over Amazon. What to do if this happens to YOU. @cbsdfw https://t.…,,AMZN
social,kaggle_tweets,2018-07-24 09:01:00,"RT @libtearsnonstop: @stuffnsew @Countrymoney @Comey Google ""Obama Iran Deal Hezbollah."" It's disconcerting how little those on the Left k…",,GOOGL
social,kaggle_tweets,2018-07-24 09:14:00,"RT @thehill: GOP Senate Intel chair breaks with Nunes: There were ""sound reasons"" for surveillance warrant on Page https://t.co/YXFGk1hChM…",,INTC
social,kaggle_tweets,2018-07-24 09:24:00,Alphabet Inches Closer to $1 Trillion Market Cap After Strong Earnings at Google #alphabet https://t.co/THpQD0H93T https://t.co/5EchXg5gim,,GOOGL
social,kaggle_tweets,2018-07-24 09:30:00,"We no longer need to conjure hypotheticals. On June 29, Facebook revealed to congressional investigators that it gr… https://t.co/73S5goCQs9",,FB
social,kaggle_tweets,2018-07-24 09:54:00,RT @tintedhoseok: @VIP_Erixxi Facebook was launched 2004 Twitter was launched 2006 YouTube was launched 2005 Instagram was launched 2010 Bi…,,FB
social,kaggle_tweets,2018-07-24 10:18:00,@BroSteveWinter @KamVTV @SilasHodgson @realDonaldTrump @TheJusticeDept My lawsuit against Facebook is at....lawsuit… https://t.co/DcnB6CnNuU,,FB
social,kaggle_tweets,2018-07-24 10:43:00,RT @ArchKennedy: Report: Facebook Breaks Swamp Lobbying Record in Q2 😮😮😮 WOW...JUST...WOW. #TuesdayThoughts https://t.co/BmDTKnoTPl,,FB
social,kaggle_tweets,2018-07-24 10:51:00,"New post: ""4 Reasons Cisco Investors Shouldn’t Worry About This Amazon Rumor"" https://t.co/cUHiCaoQxL",,AMZN
social,kaggle_tweets,2018-07-24 10:59:00,"RT @TurkeyBlocks: Confirmed: Google Blogspot blocked in #Turkey; millions of blogs now inaccessible, replaced with block pages on major int…",,GOOGL
social,kaggle_tweets,2018-07-24 10:59:00,"RT @TurkeyBlocks: Confirmed: Google Blogspot blocked in #Turkey; millions of blogs now inaccessible, replaced with block pages on major int…",,GOOGL
social,kaggle_tweets,2018-07-24 11:01:00,Greenleaf Trust Has Increased Its Mondelez International $MDLZ Position; Ford Motor Co $F Sentiment Is 1.03 https://t.co/I4yHDnCsKS,,F
social,kaggle_tweets,2018-07-24 11:06:00,Share Adobe Flash Player Support Number 1-844-298-5888.pptx - 136 KB https://t.co/U5prveTMV1,,ADBE
social,kaggle_tweets,2018-07-24 11:06:00,"RT @rising_serpent: 40. Even Google, Crowdstrike and other have constant infusions of personnel from the intelligence community: https://t.…",,GOOGL
social,kaggle_tweets,2018-07-24 11:09:00,"Wall Street analysts are expecting another solid quarter for Facebook, which reports second-quarter earnings on Wed… https://t.co/vHlCRB8ow5",,FB
social,kaggle_tweets,2018-07-24 11:45:00,"Spreading the wealth, get a free stock for free when you sign up. Hope anyone gets a stock in apple or Facebook. Go… https://t.co/FqNqblsW7K",,FB
social,kaggle_tweets,2018-07-24 11:52:00,got lifetime deal with Nike saying it’s on Kevin love. Lebron is a nigga 😭😭 https://t.co/GDtnpFYCSW,,NKE
social,kaggle_tweets,2018-07-24 11:59:00,EPS for Ensco plc $ESV Expected At $-0.33; Valueworks Increased By $2.11 Million Its Comcast New $CMCSA Holding https://t.co/uPpw6YpUOU,,CMCSA
social,kaggle_tweets,2018-07-24 12:03:00,@ZeitgeistFilm Hacked ! Apple can now be #OpenSource spruce towards #innovation this life is filled with shortcuts https://t.co/32rLh7cZrH,,AAPL
social,kaggle_tweets,2018-07-24 12:04:00,Exclusive at EveryThing4You | Over 28K Products in stock |Tom Ford Soleil Blanc EDP Spray 250ml - A sensual blend o… https://t.co/4r7Cto9ddl,,F
social,kaggle_tweets,2018-07-24 12:09:00,TechCrunch: Google makes it easier for G Suite admins to investigate security breaches https://t.co/upD063vXNq by f… https://t.co/UagbxGU9dk,,GOOGL
social,kaggle_tweets,2018-07-24 12:22:00,I posted a new video to Facebook https://t.co/J5a7AXRFpQ,,FB
social,kaggle_tweets,2018-07-24 12:23:00,RT @ImTheeBrock: Amazon: your order has been shipp— Me: https://t.co/2LMvgBe4gU,,AMZN
social,kaggle_tweets,2018-07-24 12:23:00,RT @ImTheeBrock: Amazon: your order has been shipp— Me: https://t.co/2LMvgBe4gU,,AMZN
social,kaggle_tweets,2018-07-24 12:42:00,"McDonald's Says Goodbye Cashiers, Hello Kiosks https://t.co/h6wGUEqGwx",,MCD
social,kaggle_tweets,2018-07-24 12:51:00,RT @evankirstel: Here's how EU's $5b fine against Google will affect the digital ad ecosystem #search #google #amazon @adage https://t.co/…,,GOOGL
social,kaggle_tweets,2018-07-24 13:09:00,"RT @WDWNT: If you’re looking for a Disney deal, you won’t find it at the Vineland @PremiumOutlets. Parking is mostly paid now and the store…",,DIS
social,kaggle_tweets,2018-07-24 13:36:00,RT hootsuite: Former Apple CEO John Sculley shares 4 key strategies for growing and marketing your business:… https://t.co/K5EGWzykEn,,AAPL
social,kaggle_tweets,2018-07-24 13:44:00,Octopath Traveler was back in stock on Amazon so I decided to pull the trigger. Could be a nice comfy offline game.,,AMZN
social,kaggle_tweets,2018-07-24 14:03:00,RT @MKBHD: Apple works with YouTuber (@Dave2Dtv) and drops a quick software update for the i9 MacBook Pro that fixes the thermal throttling…,,AAPL
social,kaggle_tweets,2018-07-24 14:06:00,RT @MrBeastYT: In 7 days I’ll message random people that retweet this tweet (and are following me so I can message the code) Amazon gift ca…,,AMZN
social,kaggle_tweets,2018-07-24 14:23:00,RT @Ocasio2018: Republicans are so scared of me that they’re faking videos and presenting them as real on Facebook because they can’t deal…,,FB
social,kaggle_tweets,2018-07-24 14:23:00,RT @Ocasio2018: Republicans are so scared of me that they’re faking videos and presenting them as real on Facebook because they can’t deal…,,FB
social,kaggle_tweets,2018-07-24 14:23:00,RT @Ocasio2018: Republicans are so scared of me that they’re faking videos and presenting them as real on Facebook because they can’t deal…,,FB
social,kaggle_tweets,2018-07-24 14:23:00,RT @Ocasio2018: Republicans are so scared of me that they’re faking videos and presenting them as real on Facebook because they can’t deal…,,FB
social,kaggle_tweets,2018-07-24 14:23:00,RT @Ocasio2018: Republicans are so scared of me that they’re faking videos and presenting them as real on Facebook because they can’t deal…,,FB
social,kaggle_tweets,2018-07-24 14:23:00,RT @Ocasio2018: Republicans are so scared of me that they’re faking videos and presenting them as real on Facebook because they can’t deal…,,FB
social,kaggle_tweets,2018-07-24 14:23:00,RT @Ocasio2018: Republicans are so scared of me that they’re faking videos and presenting them as real on Facebook because they can’t deal…,,FB
social,kaggle_tweets,2018-07-24 14:23:00,RT @Ocasio2018: Republicans are so scared of me that they’re faking videos and presenting them as real on Facebook because they can’t deal…,,FB
social,kaggle_tweets,2018-07-24 14:23:00,RT @Ocasio2018: Republicans are so scared of me that they’re faking videos and presenting them as real on Facebook because they can’t deal…,,FB
social,kaggle_tweets,2018-07-24 14:23:00,RT @Ocasio2018: Republicans are so scared of me that they’re faking videos and presenting them as real on Facebook because they can’t deal…,,FB
social,kaggle_tweets,2018-07-24 14:23:00,RT @Ocasio2018: Republicans are so scared of me that they’re faking videos and presenting them as real on Facebook because they can’t deal…,,FB
social,kaggle_tweets,2018-07-24 14:23:00,RT @Ocasio2018: Republicans are so scared of me that they’re faking videos and presenting them as real on Facebook because they can’t deal…,,FB
social,kaggle_tweets,2018-07-24 14:23:00,RT @Ocasio2018: Republicans are so scared of me that they’re faking videos and presenting them as real on Facebook because they can’t deal…,,FB
social,kaggle_tweets,2018-07-24 14:23:00,RT @Ocasio2018: Republicans are so scared of me that they’re faking videos and presenting them as real on Facebook because they can’t deal…,,FB
social,kaggle_tweets,2018-07-24 14:23:00,RT @Ocasio2018: Republicans are so scared of me that they’re faking videos and presenting them as real on Facebook because they can’t deal…,,FB
social,kaggle_tweets,2018-07-24 14:23:00,RT @Ocasio2018: Republicans are so scared of me that they’re faking videos and presenting them as real on Facebook because they can’t deal…,,FB
social,kaggle_tweets,2018-07-24 14:23:00,RT @Ocasio2018: Republicans are so scared of me that they’re faking videos and presenting them as real on Facebook because they can’t deal…,,FB
social,kaggle_tweets,2018-07-24 14:25:00,RT @businessinsider: Ellen DeGeneres just sold her Italian-style Santa Barbara mansion to a Netflix executive for $34 million https://t.co/…,,NFLX
social,kaggle_tweets,2018-07-24 14:27:00,2 million views on Facebook #InMyFeelingsChallenge @BonifacioAc ❤😍 https://t.co/poeHeZAnJS,,FB
social,kaggle_tweets,2018-07-24 14:53:00,RT GrowthHack_Plow: Google Adwords gives stamp of approval to US substance treatment center https://t.co/jQfYX6GlDQ… https://t.co/f2FhlSxqhY,,GOOGL
social,kaggle_tweets,2018-07-24 15:00:00,"How E.U.’s Google Fine Explains High Cellphone Costs in the U.S.: In the past two decades, antitrust enforcement in… https://t.co/RjfNhWAv2x",,GOOGL
social,kaggle_tweets,2018-07-24 15:07:00,RT @DouweKorff: Barefaced cheek: Rubens nudes fall foul of Facebook censors. Good example of why private bodies such as #Facebook should no…,,FB
social,kaggle_tweets,2018-07-24 15:17:00,"See our latest #SouthHadley, MA #job and click to apply: Oracle Systems Analyst - https://t.co/YeIw51pLB3 #ProjectMgmt #Hiring #CareerArc",,ORCL
social,kaggle_tweets,2018-07-24 15:30:00,"RT @Amanda_Jenn: Ford commits $4 billion to autonomous vehicles, forms new subsidiary based in Corktown https://t.co/3goV5Ksx6o @crainsdetr…",,F
social,kaggle_tweets,2018-07-24 15:33:00,"Report: Facebook ad clicks tumble, but the internet keeps on growing https://t.co/VmYsiDk6JA https://t.co/yIzSXMutNz",,FB
social,kaggle_tweets,2018-07-24 15:44:00,Is Sony (6758) undervalued? Seeing Disney pay $71.3 billion for 21st Century Fox makes you wonder with Sony trading… https://t.co/xFEgNGrJWV,,DIS
social,kaggle_tweets,2018-07-24 15:49:00,RT @NickiDaily: #FEFE 🦄🔥 #1 on TIDAL #1 on YouTube #2 on Spotify #2 on Apple Music #3 on iTunes +19 million views on YouTube Stream now:…,,AAPL
social,kaggle_tweets,2018-07-24 16:59:00,RT @ywcdeals: VS DEAL Neon Fliker Scooter – WooHoo! Price Drop! – Walmart Clearance https://t.co/MTaI07opgw #Clearance #Walmart,,WMT
social,kaggle_tweets,2018-07-24 17:06:00,Apply Data Science to Pre-owned Auto Markets - A Ford Mustang GT Case Study https://t.co/u4UWBhoXTD,,F
social,kaggle_tweets,2018-07-24 17:10:00,"RT @ThePitBoss16: Chip Stocks Earnings From $AMD, Intel, Texas Instruments and Qualcomm $INTC $TXN $QCOM $SPX $DJIA $QQQ Previews https://t…",,INTC
social,kaggle_tweets,2018-07-24 17:17:00,"RT @VICE: No, Amazon cannot replace libraries https://t.co/wx816ba5Wo",,AMZN
social,kaggle_tweets,2018-07-24 17:18:00,RT @SportsTVRatings: Fox Warns The Big Ten Deal With Comcast is Expiring https://t.co/qboLJKpu8Y via @bcbeat,,CMCSA
social,kaggle_tweets,2018-07-24 17:18:00,RT @SportsTVRatings: Fox Warns The Big Ten Deal With Comcast is Expiring https://t.co/qboLJKpu8Y via @bcbeat,,CMCSA
social,kaggle_tweets,2018-07-24 17:29:00,"Ford Commits $4 Billion to the Future, Creates New AV Subsidiary https://t.co/ccphE8cA6x https://t.co/5JX4AWClXr",,F
social,kaggle_tweets,2018-07-24 17:49:00,RT @VerizonNews: Verizon has announced plans to launch 5G technology in Houston starting in the second half of 2018 https://t.co/H9oMq6r7Kq…,,VZ
social,kaggle_tweets,2018-07-24 17:51:00,RT @WSJ: The creation of Ford Autonomous Vehicles could allow large investors to bet on the high-growth-potential part of the company https…,,F
social,kaggle_tweets,2018-07-24 18:08:00,"RT @Charter_yt: ✨ ~ 𝓓𝓪𝓷𝓬𝓮 𝓣𝓱𝓮 𝓝𝓲𝓰𝓱𝓽 𝓐𝔀𝓪𝔂 : A Netflix Original Movie ✨ ~ “When the ship they were traveling on crashes, these nine g…",,NFLX
social,kaggle_tweets,2018-07-24 18:11:00,"[Success Story Saturday] ""54 Leads Just Sharing Images on Facebook. Resulting in 8 New Sales!"" https://t.co/ATB3gd3kNv",,FB
social,kaggle_tweets,2018-07-24 18:15:00,RT @MichaelJordaan: 6 new banks launching in South Africa soon with one working to be the Google of banking. https://t.co/TlhIKETb2I,,GOOGL
social,kaggle_tweets,2018-07-24 18:17:00,"RT @TheHackersNews: It's happening! Starting today, Google Chrome will mark all HTTP websites as 'Not Secure' https://t.co/88ScRCBUWH If…",,GOOGL
social,kaggle_tweets,2018-07-24 18:21:00,RT @PrisonPlanet: Today we launch a huge new petition lobbying Twitter &amp; Facebook to cease shadow banning &amp; algorithm censorship. Free spe…,,FB
social,kaggle_tweets,2018-07-24 18:23:00,RT @theintercept: After a New York Times reporter pointed out that the interview had racked up more than a million views on Facebook with n…,,FB
social,kaggle_tweets,2018-07-24 18:33:00,Hey Facebook! Pull your head out of your ass. That is all. https://t.co/GjOsA0kpnZ,,FB
social,kaggle_tweets,2018-07-24 19:02:00,RT @business: Could Amazon manage your money? Bernstein analysts think so https://t.co/svJn8SFeFB https://t.co/Pu2bfd6omM,,AMZN
social,kaggle_tweets,2018-07-24 19:13:00,"RT @nytimes: Last week, the E.U. fined Google $5.1 billion. This week, Google paid the fine -- and still had $3.2 billion in profits leftov…",,GOOGL
social,kaggle_tweets,2018-07-24 19:18:00,"Do you guys know we are also on Twitter and Facebook? Head on over and show us some love with a like, share and a f… https://t.co/TZ1p1heFMf",,FB
social,kaggle_tweets,2018-07-24 19:25:00,RT @GOPPollAnalyst: Rep @replouiegohmert asking Google (Gmail) and Twitter about foreign powers like China and if they abused their platfor…,,GOOGL
social,kaggle_tweets,2018-07-24 19:30:00,Creases me up when you see people posting on Facebook things like “share if you think it’s wrong banning bacon beca… https://t.co/lkvvO3Atk1,,FB
social,kaggle_tweets,2018-07-24 19:36:00,Credit card giants urge gas companies to update skimming security. Credit card giants like Visa and MasterCard set… https://t.co/05fr7LJP62,,V
social,kaggle_tweets,2018-07-24 19:41:00,"RT @JunHao_wanan: Jun: ""We look like those salesmen."" Hao: /passionally introduces those Pepsi products like a real salesman/ Jun: /gives…",,PEP
social,kaggle_tweets,2018-07-24 19:42:00,Google announces a suite of updates to its contact center tools https://t.co/ySmdjuzBKX,,GOOGL
social,kaggle_tweets,2018-07-24 19:47:00,Google Has Added Three Altcoins’ Prices to Its Search Results - Coin Diary #Bitcoin Cash $BCH https://t.co/v9wzIGTJeg,,GOOGL
social,kaggle_tweets,2018-07-24 19:48:00,"Bitcoin ETF Excitement, SBI Crypto Exchange Officially Launches And IBM Stablecoin https://t.co/5yPvJMuqRj",,IBM
social,kaggle_tweets,2018-07-24 19:59:00,Alphabet trounces profit estimates as Google reins in costs https://t.co/7MmbFrSoIh https://t.co/IXR9ULyrTh,,GOOGL
social,kaggle_tweets,2018-07-24 20:07:00,RT @LaurenEMorrill: I’ll say it again: every day (EVERY. dAMN. DAY.) my Google alert contains links to illegal downloads of my books. Meanw…,,GOOGL
social,kaggle_tweets,2018-07-24 20:11:00,RT @BoingBoing: Undercover investigator: Facebook moderators were instructed NOT to remove racist far-right material. https://t.co/4SVxIknd…,,FB
social,kaggle_tweets,2018-07-24 20:11:00,RT @JeffreyPfeffer: How E.U.’s Google Fine Explains High Cellphone Costs in the U.S. https://t.co/vhyoxYy7Zj It's why the U.S. also pays m…,,GOOGL
social,kaggle_tweets,2018-07-24 20:17:00,"RT @rihodd: Apple: IOS 11.4 is available, would you like to update? Me: https://t.co/KKPpu8n8Hx",,AAPL
social,kaggle_tweets,2018-07-24 20:17:00,"RT @rihodd: Apple: IOS 11.4 is available, would you like to update? Me: https://t.co/KKPpu8n8Hx",,AAPL
social,kaggle_tweets,2018-07-24 20:17:00,"RT @rihodd: Apple: IOS 11.4 is available, would you like to update? Me: https://t.co/KKPpu8n8Hx",,AAPL
social,kaggle_tweets,2018-07-24 20:17:00,RT @AlexGangitano: Walmart is giving away $2 million so African-American and Hispanic young people can intern on Capitol Hill. https://t.co…,,WMT
social,kaggle_tweets,2018-07-24 20:25:00,RT @Nasdaq: 7/30 It's 🌏 World Day against Trafficking in Persons! Join @Nasdaq on 7/24 at 12:00 pm EST for Facebook Live as we chat with Ca…,,FB
social,kaggle_tweets,2018-07-24 20:31:00,RT @LivPsy: People who prefer Twitter over Facebook tend to have a higher IQ but are also more likely to suffer from insomnia.,,FB
social,kaggle_tweets,2018-07-24 20:45:00,@JohnLegere Verizon launches new 5G service in Houston today when do you expect to launch in Houston. https://t.co/Ymtx9oWNod,,VZ
social,kaggle_tweets,2018-07-24 20:53:00,RT @ShaneGoldmacher: This faked interview of @Ocasio2018 by @CRTV has nearly 1 million views on Facebook. In less than 24 hours. Intervie…,,FB
social,kaggle_tweets,2018-07-24 20:53:00,RT @ShaneGoldmacher: This faked interview of @Ocasio2018 by @CRTV has nearly 1 million views on Facebook. In less than 24 hours. Intervie…,,FB
social,kaggle_tweets,2018-07-24 20:53:00,RT @ShaneGoldmacher: This faked interview of @Ocasio2018 by @CRTV has nearly 1 million views on Facebook. In less than 24 hours. Intervie…,,FB
social,kaggle_tweets,2018-07-24 20:53:00,RT @ShaneGoldmacher: This faked interview of @Ocasio2018 by @CRTV has nearly 1 million views on Facebook. In less than 24 hours. Intervie…,,FB
social,kaggle_tweets,2018-07-24 20:53:00,RT @ShaneGoldmacher: This faked interview of @Ocasio2018 by @CRTV has nearly 1 million views on Facebook. In less than 24 hours. Intervie…,,FB
social,kaggle_tweets,2018-07-24 20:53:00,RT @ShaneGoldmacher: This faked interview of @Ocasio2018 by @CRTV has nearly 1 million views on Facebook. In less than 24 hours. Intervie…,,FB
social,kaggle_tweets,2018-07-25 07:13:00,"eBay &amp; Square Partner on Business Loans, Apple Pay Coming to eBay this Fall https://t.co/mEDUUrUHwC",,AAPL
social,kaggle_tweets,2018-07-25 07:39:00,Please LIKE us on Facebook! =&gt;&gt;https://t.co/sY4Rw2DRDz &lt;&lt;= #WorkFromHome #MakeMoneyOnline #OnlineJobs #Investing… https://t.co/O2AXwdbPvD,,FB
social,kaggle_tweets,2018-07-25 07:42:00,RT @JadenCrouser: Wrong again. It was ACTUALLY. Ch 32 Disney Channel Ch 52 Cartoon Network Ch 46 Nickelodeon https://t.co/XotNdRJFLi,,DIS
social,kaggle_tweets,2018-07-25 07:45:00,"RT @IBMBenelux: IBM lands Watson IoT contracts in Spain, Italy and the Netherlands https://t.co/kCCpA92T0H via @Consultancy_eu",,IBM
social,kaggle_tweets,2018-07-25 07:51:00,RT @SmartChainMedia: The former vice president of North American investment banking at JPMorgan Chase has said that blockchain “may be the…,,JPM
social,kaggle_tweets,2018-07-25 08:02:00,RT @paulmozur: Finally got to the bottom of Facebook’s short-lived China company. Permit has been withdrawn. Facebook got a deal w/ the pro…,,FB
social,kaggle_tweets,2018-07-25 08:02:00,RT @paulmozur: Finally got to the bottom of Facebook’s short-lived China company. Permit has been withdrawn. Facebook got a deal w/ the pro…,,FB
social,kaggle_tweets,2018-07-25 08:06:00,This $4 billion company is betting big on Google Cloud as it makes its algorithms smarter and its employees more pr… https://t.co/wTCavn9jma,,GOOGL
social,kaggle_tweets,2018-07-25 08:07:00,RT @tatobin2: @BreitbartNews The time has come for Twitter and Facebook to be regulated the same as communication utilities. It no longer…,,FB
social,kaggle_tweets,2018-07-25 08:14:00,RT @business: Mark Zuckerberg loses $16.8 billion in the blink of an eye as Facebook plunges https://t.co/xOtl1KOFJk https://t.co/0OdZfNUrfM,,FB
social,kaggle_tweets,2018-07-25 08:20:00,https://t.co/eGNzBRabLn Latest News on (Facebook must end discriminatory ad practice under deal with Washington att… https://t.co/R1Q8GtUC65,,FB
social,kaggle_tweets,2018-07-25 08:26:00,Plunging Facebook takes a chunk out of the QQQs https://t.co/CZ8HDIaMJ5 $QQQ $SPY $XLK $VGT,,FB
social,kaggle_tweets,2018-07-25 08:35:00,RT @_PatrickSimpson: Tennessee has a losing streak to EVERY SEC team. Just suffered a 49-0 loss to Walmart. But they still come on this app…,,WMT
social,kaggle_tweets,2018-07-25 08:54:00,"RT @55Counties: Starbucks CEO Howard Schultz has a *base* salary of $21,775,001. The average Starbucks employee earns - wait for it! - $30…",,SBUX
social,kaggle_tweets,2018-07-25 09:04:00,RT @BSpa_EdTech: Live from ISTE: 12 Google for Education launches to save time for creativity @google https://t.co/vyXubr6mxN,,GOOGL
social,kaggle_tweets,2018-07-25 09:06:00,"[TECHCRUNCH] Facebook sees mixed Q2 earnings with slowest-ever growth, stock tanks https://t.co/fhqIyKVnPm",,FB
social,kaggle_tweets,2018-07-25 09:11:00,"RT @Kris_Sacrebleu: Sad widdle oligarch Bummer dude, perhaps cleanup your mess Zuckerberg Loses $16.8 Billion in a Snap as Facebook Plun…",,FB
social,kaggle_tweets,2018-07-25 09:11:00,"RT @Kris_Sacrebleu: Sad widdle oligarch Bummer dude, perhaps cleanup your mess Zuckerberg Loses $16.8 Billion in a Snap as Facebook Plun…",,FB
social,kaggle_tweets,2018-07-25 09:15:00,RT @beebomco: Apple is having a tough time cracking the Indian market. https://t.co/dVJdUQDYls,,AAPL
social,kaggle_tweets,2018-07-25 09:22:00,"A 20-year-old Tesla intern's team just won $130,000 and a private session with Microsoft CEO Satya Nadella for crea… https://t.co/YQQ6SCsy3n",,MSFT
social,kaggle_tweets,2018-07-25 09:29:00,"RT @BreakingNLive: BREAKING: Facebook has lost approximately $150,000,000,000.00 in market capitalization in under two hours - Reuters",,FB
social,kaggle_tweets,2018-07-25 09:30:00,"RT @verge: A million Facebook users watched a video that blurs the line between bad satire and ""fake news"" https://t.co/wg86MFPNUs https://…",,FB
social,kaggle_tweets,2018-07-25 09:39:00,RT @xogoddessr: @ann4_mia PayPal is evil and I DESPISE them! I have threatened to sue them more times than I can even count to release my m…,,PYPL
social,kaggle_tweets,2018-07-25 09:40:00,RT @AjayGoud39: 9 New Microsoft Teams Features - Live events - Share PowerPoint - Translate chat - Code snippets - VIP Do not Disturb byp…,,MSFT
social,kaggle_tweets,2018-07-25 09:45:00,RT @LTBALOL: @Shihrer @gosukiwi @cpeterso Wow its almost like Google should have done some market research on this before pushing the updat…,,GOOGL
social,kaggle_tweets,2018-07-25 09:45:00,"PAXnews - Air Canada, TD, Visa, &amp; CIBC seek to acquire Aima's Aeroplan business https://t.co/WteTHysMer #paxnews… https://t.co/ucKhpccTwk",,V
social,kaggle_tweets,2018-07-25 09:51:00,"RT @luciastedile: Facebook is making ideological censorship, trying to interfere in the elections in Brazil, knocking down hundreds of cons…",,FB
social,kaggle_tweets,2018-07-25 09:51:00,RT @Apple: Sit less. Move more. Get some exercise. Apple Watch owners like Yocelin make it their goal to do all three every day. #CloseYour…,,AAPL
social,kaggle_tweets,2018-07-25 09:54:00,"U.S. warns of rising hacker threats to SAP, Oracle business software https://t.co/fjaoYTxd71 https://t.co/yi7aMT5CnR",,ORCL
social,kaggle_tweets,2018-07-25 10:03:00,"RT @LeeCamp: Amazon head Jeff Bezos is now worth $141 billion. Worldwide, 1 in 10 people only make $2 a day. Do you know how long it would…",,AMZN
social,kaggle_tweets,2018-07-25 10:09:00,RT @chrislhayes: Facebook is the equivalent of a massively profitable factory that just dumps all of its waste into the river and never has…,,FB
social,kaggle_tweets,2018-07-25 10:09:00,RT @chrislhayes: Facebook is the equivalent of a massively profitable factory that just dumps all of its waste into the river and never has…,,FB
social,kaggle_tweets,2018-07-25 10:09:00,RT @chrislhayes: Facebook is the equivalent of a massively profitable factory that just dumps all of its waste into the river and never has…,,FB
social,kaggle_tweets,2018-07-25 10:09:00,RT @chrislhayes: Facebook is the equivalent of a massively profitable factory that just dumps all of its waste into the river and never has…,,FB
social,kaggle_tweets,2018-07-25 10:09:00,RT @chrislhayes: Facebook is the equivalent of a massively profitable factory that just dumps all of its waste into the river and never has…,,FB
social,kaggle_tweets,2018-07-25 10:09:00,RT @chrislhayes: Facebook is the equivalent of a massively profitable factory that just dumps all of its waste into the river and never has…,,FB
social,kaggle_tweets,2018-07-25 10:09:00,RT @chrislhayes: Facebook is the equivalent of a massively profitable factory that just dumps all of its waste into the river and never has…,,FB
social,kaggle_tweets,2018-07-25 10:09:00,RT @chrislhayes: Facebook is the equivalent of a massively profitable factory that just dumps all of its waste into the river and never has…,,FB
social,kaggle_tweets,2018-07-25 10:09:00,RT @chrislhayes: Facebook is the equivalent of a massively profitable factory that just dumps all of its waste into the river and never has…,,FB
social,kaggle_tweets,2018-07-25 10:09:00,RT @chrislhayes: Facebook is the equivalent of a massively profitable factory that just dumps all of its waste into the river and never has…,,FB
social,kaggle_tweets,2018-07-25 10:09:00,RT @chrislhayes: Facebook is the equivalent of a massively profitable factory that just dumps all of its waste into the river and never has…,,FB
social,kaggle_tweets,2018-07-25 10:09:00,RT @chrislhayes: Facebook is the equivalent of a massively profitable factory that just dumps all of its waste into the river and never has…,,FB
social,kaggle_tweets,2018-07-25 10:09:00,RT @chrislhayes: Facebook is the equivalent of a massively profitable factory that just dumps all of its waste into the river and never has…,,FB
social,kaggle_tweets,2018-07-25 10:12:00,@Daizoren @DaizorenFan https://t.co/p3iiiOgp0o Doom Eternal has a page on Amazon already! Says to be released Decem… https://t.co/caHkUBqoeh,,AMZN
social,kaggle_tweets,2018-07-25 10:18:00,"RT @EconguyRosie: Strip out the 17% ($4 tln of market cap!) of the market that is Facebook, Microsoft, Apple, Amazon, Netflix and Alphabet,…",,AMZN
social,kaggle_tweets,2018-07-25 10:31:00,Bloomberg: Facebook Drops as Monthly Active Users Miss Estimates. https://t.co/wPrBywwzPr via @webcentraltv,,FB
social,kaggle_tweets,2018-07-25 10:43:00,RT @ArchKennedy: Report: Facebook Breaks Swamp Lobbying Record in Q2 😮😮😮 WOW...JUST...WOW. #TuesdayThoughts https://t.co/BmDTKnoTPl,,FB
social,kaggle_tweets,2018-07-25 10:45:00,"RT @CNBCi: Amazon will pass Apple to be first $1 trillion company, investors say https://t.co/8OfXPjbfh5 https://t.co/XtMbDlVUI3",,AMZN
social,kaggle_tweets,2018-07-25 10:59:00,"RT @TurkeyBlocks: Confirmed: Google Blogspot blocked in #Turkey; millions of blogs now inaccessible, replaced with block pages on major int…",,GOOGL
social,kaggle_tweets,2018-07-25 11:04:00,"Facebook Misses Q2 Earning Estimates, Showing No Growth in the U.S. https://t.co/GjCsdlRAO5",,FB
social,kaggle_tweets,2018-07-25 11:44:00,RT @guardianeco: Facebook video spreads climate denial misinformation to 5 million users | Dana Nuccitelli https://t.co/sDashfOn2n,,FB
social,kaggle_tweets,2018-07-25 11:45:00,"RT @_makaylaaB: I miss the old Disney channel man , Like I literally was READY to watch a New episode 😩 . wizard of Waverley Place , Good L…",,DIS
social,kaggle_tweets,2018-07-25 11:45:00,"RT @_makaylaaB: I miss the old Disney channel man , Like I literally was READY to watch a New episode 😩 . wizard of Waverley Place , Good L…",,DIS
social,kaggle_tweets,2018-07-25 11:45:00,"RT @_makaylaaB: I miss the old Disney channel man , Like I literally was READY to watch a New episode 😩 . wizard of Waverley Place , Good L…",,DIS
social,kaggle_tweets,2018-07-25 11:45:00,"RT @_makaylaaB: I miss the old Disney channel man , Like I literally was READY to watch a New episode 😩 . wizard of Waverley Place , Good L…",,DIS
social,kaggle_tweets,2018-07-25 11:50:00,Canadians! Read #Listen2Lena's tips for saving for next year's vacation and enter to win a $100 prepaid Mastercard! https://t.co/vMV1k5jZ0y,,MA
social,kaggle_tweets,2018-07-25 11:56:00,Google Drive will hit a billion users this week – TechCrunch: https://t.co/rgyVh620Zj,,GOOGL
social,kaggle_tweets,2018-07-25 11:59:00,"RT @MSNBC: Amazon is raking in billions of dollars, but some of its employees have to rely on food stamps just to get by, according to one…",,AMZN
social,kaggle_tweets,2018-07-25 12:03:00,RT @JakeSherman: Amazon says Spicer’s book is no 1 in “Russian &amp; former Soviet Union politics” https://t.co/wv2VYwbH5z,,AMZN
social,kaggle_tweets,2018-07-25 12:22:00,"RT @darrenrovell: $17 Billion: What Mark Zuckerberg lost, on paper, on Wednesday as Facebook stock plunged 21% in after hours trading. The…",,FB
social,kaggle_tweets,2018-07-25 12:24:00,"$PYPL PayPal options imply 8.1% move in share price post-earnings, above median historical move https://t.co/TaT8Guxk24",,PYPL
social,kaggle_tweets,2018-07-25 12:34:00,"RT @RMac18: The Senate Intel Committee is expecting Facebook COO Sheryl Sandberg, Twitter CEO Jack Dorsey, and Google CEO Sundar Pichai to…",,GOOGL
social,kaggle_tweets,2018-07-25 12:40:00,RT @garrett_sandow: PSA: Costco discontinued their polish dog and drink deal... I’m rattled,,COST
social,kaggle_tweets,2018-07-25 12:49:00,Microsoft is always thinking outside of the box. I don't know why people like to talk down on It For privacy when e… https://t.co/9yI1tDsWhw,,MSFT
social,kaggle_tweets,2018-07-25 12:51:00,Mkp Capital Management Holding in Time Warner $Call $TWX Increased by $7.61 Million; As Mastercard $MA Market Valua… https://t.co/MEiK5QDDol,,MA
social,kaggle_tweets,2018-07-25 12:52:00,"RT @AnnPettifor: ""In 2016 for instance, Google Alphabet made $19.2 billion in revenue in Bermuda, a small island in the Atlantic where it b…",,GOOGL
social,kaggle_tweets,2018-07-25 12:52:00,"RT @MarketWatch: Facebook stock hit a record high earlier today, ahead of earnings. Now... https://t.co/NLKCPbVvrd https://t.co/bnn5uymI6t",,FB
social,kaggle_tweets,2018-07-25 12:53:00,Hey PayPal I am currently on hold for a supervisor and its literally been over 1hr and 20 mins on hold. Your custom… https://t.co/Wve5ixnkT2,,PYPL
social,kaggle_tweets,2018-07-25 13:01:00,"RT @marklutchman: JUST IN: “Mark Zuckerberg just lost $150,000,000,000.00 as Facebook stocks dives 20% in under two hours.” I say, that’s…",,FB
social,kaggle_tweets,2018-07-25 13:01:00,"RT @marklutchman: JUST IN: “Mark Zuckerberg just lost $150,000,000,000.00 as Facebook stocks dives 20% in under two hours.” I say, that’s…",,FB
social,kaggle_tweets,2018-07-25 13:01:00,"RT @marklutchman: JUST IN: “Mark Zuckerberg just lost $150,000,000,000.00 as Facebook stocks dives 20% in under two hours.” I say, that’s…",,FB
social,kaggle_tweets,2018-07-25 13:09:00,Apple Supplier LG Display's Quarterly Losses Unlikely to Affect OLED Investment - https://t.co/I7BvaX2N0w https://t.co/mMbSiyup9K,,AAPL
social,kaggle_tweets,2018-07-25 13:10:00,This nigga changed his Netflix password right as Last Chance U season 3 dropped kmmttttt opp boy!,,NFLX
social,kaggle_tweets,2018-07-25 13:13:00,RT @The_Trump_Train: JUST IN: Sec. Pompeo announced at Senate Intel Committee hearing that the U.S. does not recognize Russia's annexing of…,,INTC
social,kaggle_tweets,2018-07-25 13:13:00,RT @The_Trump_Train: JUST IN: Sec. Pompeo announced at Senate Intel Committee hearing that the U.S. does not recognize Russia's annexing of…,,INTC
social,kaggle_tweets,2018-07-25 13:13:00,RT @The_Trump_Train: JUST IN: Sec. Pompeo announced at Senate Intel Committee hearing that the U.S. does not recognize Russia's annexing of…,,INTC
social,kaggle_tweets,2018-07-25 13:17:00,PayPal quarterly profit beats estimates; forecast falls short https://t.co/uOkho1GyLT,,PYPL
social,kaggle_tweets,2018-07-25 13:27:00,"As Nike $NKE Shares Rose, Shareholder Pictet &amp; Cie Europe Sa Has Decreased Its Stake by $6.50 Million; Ami Investme… https://t.co/cOFu701wCH",,NKE
social,kaggle_tweets,2018-07-25 13:28:00,"""Apple Supplier LG Display Slashes Investment Plans as Losses Mount"" by REUTERS via NYT https://t.co/U9cc90Hj4J",,AAPL
social,kaggle_tweets,2018-07-25 13:32:00,@clarkatnite_ I literally just made a road trip playlist 😂 you on Apple Music,,AAPL
social,kaggle_tweets,2018-07-25 13:33:00,Google Launches #BlockChain ToolKit https://t.co/zl3LaVTd87,,GOOGL
social,kaggle_tweets,2018-07-25 13:45:00,"RT @robotlolita: Since Facebook reminded me of this: Left one is from 2008, right one was done this year. 10 years does make a noticeable…",,FB
social,kaggle_tweets,2018-07-25 13:49:00,RT @thecorporatesis: @ChelseaKrost @jessikaphillips @ChristinaAllDay A8. I love Instagram and Facebook stories to create a deeper and more…,,FB
social,kaggle_tweets,2018-07-25 13:51:00,RT @C_3C_3: No surprise Mark Warner &amp; Richard Burr think the Carter Page FISA is fine. Their Senate Intel Committee concluded it was Russi…,,INTC
social,kaggle_tweets,2018-07-25 13:56:00,XRAY's Mark Sousa took the pro buggy win at the Big Apple OS Challenge with Jamie Grayek winning pro truggy.… https://t.co/knGGWqwfwb,,AAPL
social,kaggle_tweets,2018-07-25 14:03:00,RT @MKBHD: Apple works with YouTuber (@Dave2Dtv) and drops a quick software update for the i9 MacBook Pro that fixes the thermal throttling…,,AAPL
social,kaggle_tweets,2018-07-25 14:03:00,RT @MKBHD: Apple works with YouTuber (@Dave2Dtv) and drops a quick software update for the i9 MacBook Pro that fixes the thermal throttling…,,AAPL
social,kaggle_tweets,2018-07-25 14:09:00,Get you a man who sings you Disney songs with Snapchat filters. #IWinAtDating,,DIS
social,kaggle_tweets,2018-07-25 14:12:00,"RT @charliebilello: Facebook is now down 24% after hours, losing $150 billion in market cap, which is greater than the Market Cap of IBM, M…",,FB
social,kaggle_tweets,2018-07-25 14:23:00,RT @Ocasio2018: Republicans are so scared of me that they’re faking videos and presenting them as real on Facebook because they can’t deal…,,FB
social,kaggle_tweets,2018-07-25 14:23:00,RT @Ocasio2018: Republicans are so scared of me that they’re faking videos and presenting them as real on Facebook because they can’t deal…,,FB
social,kaggle_tweets,2018-07-25 14:23:00,RT @Ocasio2018: Republicans are so scared of me that they’re faking videos and presenting them as real on Facebook because they can’t deal…,,FB
social,kaggle_tweets,2018-07-25 14:23:00,RT @Ocasio2018: Republicans are so scared of me that they’re faking videos and presenting them as real on Facebook because they can’t deal…,,FB
social,kaggle_tweets,2018-07-25 14:36:00,"RT @RepStevenSmith: Being ""with her"" has consequences. Something to think about, @jack. Facebook plunges more than 24 percent on revenue…",,FB
social,kaggle_tweets,2018-07-25 14:36:00,RT @IzzBatman: I set up a Facebook group for people who want to join. Here's the link: https://t.co/PvzUBiQawn (Pls share to reach more peo…,,FB
social,kaggle_tweets,2018-07-25 14:39:00,The Boeing Company 2018 Q2 - Results - Earnings Call Slides - https://t.co/ukliOJOrl9,,BA
social,kaggle_tweets,2018-07-25 14:50:00,"@eskimon Good. I hope everyone leaves Facebook, and makes it’s CEO a pauper.",,FB
social,kaggle_tweets,2018-07-25 14:57:00,RT @JuddLegum: 1. Facebook is the most powerful source of information in the world. They reach 2 billion people. Nearly half of all Ame…,,FB
social,kaggle_tweets,2018-07-25 15:00:00,RT @hrkbenowen: Netflix Effect: Cord-Cutting Surges to 33 Million in US Market https://t.co/uBAsuk4Nwn,,NFLX
social,kaggle_tweets,2018-07-25 15:42:00,RT @CNBCnow: EARNINGS: Facebook Q2 EPS $1.74 vs. $1.72 Est.; Q2 Revs. $13.23B vs. $13.36B Est. • $FB plunging 9% after-hours https://t.co/…,,FB
social,kaggle_tweets,2018-07-25 15:47:00,Greenleaf Trust Boosted Sk Telecom LTD Adr $SKM Position; Palestra Capital Management Has Lifted Facebook $FB Stake https://t.co/DNqwRlN3bG,,FB
social,kaggle_tweets,2018-07-25 15:56:00,"RT @cnni: Ford says it is planning big changes to its core auto business in the coming years, and it will spend big bucks -- $11 billion --…",,F
social,kaggle_tweets,2018-07-25 16:06:00,RT @business: Steve Ballmer explains his rise from being Bill Gates's assistant to Microsoft CEO. (Sponsored by @WellsFargo) https://t.co/c…,,MSFT
social,kaggle_tweets,2018-07-25 16:09:00,@RepKinzinger Now Alex Jones is goading violence against Russia investigator—and Facebook still will not act https://t.co/blS9kYWXdB,,FB
social,kaggle_tweets,2018-07-25 16:15:00,"RT @mitchellvii: Isn't it ironic that one the day Trump wins the #AmericaFirst Trade War, Facebook stock crashes 20%?",,FB
social,kaggle_tweets,2018-07-25 16:15:00,"RT @mitchellvii: Isn't it ironic that one the day Trump wins the #AmericaFirst Trade War, Facebook stock crashes 20%?",,FB
social,kaggle_tweets,2018-07-25 16:22:00,"RT @kylegriffin1: Senate Intel Chair Richard Burr breaks with Devin Nunes: ""There [were] sound reasons as to why judges issued the FISA"" wa…",,INTC
social,kaggle_tweets,2018-07-25 16:31:00,The calm before the earnings storm. AMD PayPal Qualcomm Equifax Facebook Ford Gildead Visa Mattel Mondelez,,FB
social,kaggle_tweets,2018-07-25 16:37:00,"Study warns of rising hacker threats to SAP, Oracle business management software https://t.co/GibmUAPeBL",,ORCL
social,kaggle_tweets,2018-07-25 16:41:00,Google releases final Android P beta as launch nears: We still don’t have a name for the… https://t.co/H6FMFRvIcR,,GOOGL
social,kaggle_tweets,2018-07-25 16:48:00,"RT @CyberDomain: #Cybersecurity #Hacker Mining the Social Web: Data Mining Facebook, Twitter, LinkedIn, Google+, GitHub, and More https://…",,FB
social,kaggle_tweets,2018-07-25 16:51:00,RT @HoneyBadgerSME: HoneyBadger helped PGS Law talk ‘legal’ with their target market using Facebook. #honeybadger #fearless #agile #smart…,,FB
social,kaggle_tweets,2018-07-25 16:53:00,"RT @CaliConsrvative: Facebook has taken a MASSIVE plunge in stock value, over 20% decline in a day! All of the tech giants, Facebook, Netf…",,FB
social,kaggle_tweets,2018-07-25 17:01:00,Me on Facebook *shares inspirational CrossFit post 3 minutes later... *shares video on how to make 4 different calzone’s in one baking pan,,FB
social,kaggle_tweets,2018-07-25 17:01:00,Facebook shares are set to crater $FB https://t.co/jDOgAtXEZK https://t.co/tNp1LsVTSq,,FB
social,kaggle_tweets,2018-07-25 17:14:00,"RT @RealSaavedra: BREAKING: Mark Zuckerberg has lost $16,800,000,000.00 as Facebook stock continues to crash",,FB
social,kaggle_tweets,2018-07-25 17:14:00,"RT @RealSaavedra: BREAKING: Mark Zuckerberg has lost $16,800,000,000.00 as Facebook stock continues to crash",,FB
social,kaggle_tweets,2018-07-25 17:26:00,RT @Ale_Narciso1: Brought the old school Nike vibes back with this one https://t.co/526Ju2C2Jy,,NKE
social,kaggle_tweets,2018-07-25 17:26:00,RT @Ale_Narciso1: Brought the old school Nike vibes back with this one https://t.co/526Ju2C2Jy,,NKE
social,kaggle_tweets,2018-07-25 17:28:00,RT @wsvn: The homeless man applied for a job at McDonald's and was told he needed to shave his beard. When an officer spotted him strugglin…,,MCD
social,kaggle_tweets,2018-07-25 17:28:00,RT @scottbudman: Cutting the cord? Pay TV viewers this year: 186 million YouTube monthly viewers: 192 million. Netflix monthly viewers:…,,NFLX
social,kaggle_tweets,2018-07-25 17:31:00,Facebook Revenue Falls Short of Expectations https://t.co/mTcguBsKz0,,FB
social,kaggle_tweets,2018-07-25 17:49:00,Facebook loses $120 billion in market cap after awful Q2 earnings via Tech Crunch ( https://t.co/YIkqqG1FbU) https://t.co/62tYfIC9e8,,FB
social,kaggle_tweets,2018-07-25 17:52:00,@TheBubbleBubble See what analysts say NOW who pumped Facebook at all-time-highs. INSANE corruption.,,FB
social,kaggle_tweets,2018-07-25 17:53:00,Google is recruiting in Lagos. _____ https://t.co/ldelTC9TFd&amp; https://t.co/t9BkT9SSSA,,GOOGL
social,kaggle_tweets,2018-07-25 18:05:00,Financial Comparison: Microsoft $MSFT &amp; https://t.co/kSRPvhRW54 $CYOU https://t.co/J6ofW8kCPc #markets,,MSFT
social,kaggle_tweets,2018-07-25 18:05:00,RT @Forbes: Mark Zuckerberg's net worth tumbles nearly $20 billion after Facebook quarterly earnings report: https://t.co/z2VreXEqwx https:…,,FB
social,kaggle_tweets,2018-07-25 18:06:00,RT @nycjim: Facebook shares have simply COLLAPSED in after-hours trading after the company missing revenue and growth forecasts. Shares now…,,FB
social,kaggle_tweets,2018-07-25 18:09:00,RT @BigKevMcCarty: Amazon associates program takes 5 minutes to apply to...looking forward to an uptick in revenue from existing links. sho…,,AMZN
social,kaggle_tweets,2018-07-25 18:17:00,Facebook shares drop as much as 10 percent on revenue miss. (aka: feel good story of the day) https://t.co/4fDIq91Mkf,,FB
social,kaggle_tweets,2018-07-25 18:17:00,"RT @TheHackersNews: It's happening! Starting today, Google Chrome will mark all HTTP websites as 'Not Secure' https://t.co/88ScRCBUWH If…",,GOOGL
social,kaggle_tweets,2018-07-25 18:17:00,"RT @TheHackersNews: It's happening! Starting today, Google Chrome will mark all HTTP websites as 'Not Secure' https://t.co/88ScRCBUWH If…",,GOOGL
social,kaggle_tweets,2018-07-25 18:21:00,Apple T2 chip blamed for 2018 MacBook Pro and iMac Pro crashes https://t.co/KwHUIC7uXu #cryptocurrency,,AAPL
social,kaggle_tweets,2018-07-25 18:21:00,"RT @stefan68721529: “FEFE” UPDATE: 35,000,000+millions in three days #1 on Apple Music #1 on Youtube #1 on rap caviar #2 on Spotify(they…",,AAPL
social,kaggle_tweets,2018-07-25 18:27:00,"RT @RealSaavedra: BREAKING: Facebook has lost approximately $150,000,000,000.00 in market capitalization in under two hours. -Reuters",,FB
social,kaggle_tweets,2018-07-25 18:32:00,"RT @Breaking911: NEW: Facebook reports slower-than-expected revenue growth, shares tumble after hours as privacy issues weigh on the compan…",,FB
social,kaggle_tweets,2018-07-25 18:32:00,RT @Profitigation: #TIL #SwampRats #DeepState #Puppets #Leakers #Liars 💥The entire Senate Intel Committee is compromised!💥 cc; @realDonald…,,INTC
social,kaggle_tweets,2018-07-25 18:53:00,"RT @ReutersBiz: Facebook disappoints on revenue, active users; shares fall 9 percent https://t.co/NH4xS8CHn9",,FB
social,kaggle_tweets,2018-07-25 18:57:00,RT @EricBoehlert: i wish Facebook would fall into the ocean https://t.co/lp29ncgmBY,,FB
social,kaggle_tweets,2018-07-25 19:17:00,RT @xeni: Undercover investigator: Facebook moderators were instructed NOT to remove racist far-right material. https://t.co/3EwLEcpWRg htt…,,FB
social,kaggle_tweets,2018-07-25 19:23:00,RT @formoftherapy: Only Beyonce would and could launch an album on a VIDEO streaming service like HBO and Netflix. https://t.co/t39bs1gZIn,,NFLX
social,kaggle_tweets,2018-07-25 19:26:00,"RT @joshdcaplan: BNO: Facebook shares plummet 24% in after-hours trade, erasing 2018 gains on weak user and revenue growth",,FB
social,kaggle_tweets,2018-07-25 19:26:00,RT @TeamYamzu: We are happy to hear #Google is entering the #blockchain environment! Digital Asset and Google Cloud started a collaboration…,,GOOGL
social,kaggle_tweets,2018-07-25 19:26:00,"RT @joshdcaplan: BNO: Facebook shares plummet 24% in after-hours trade, erasing 2018 gains on weak user and revenue growth",,FB
social,kaggle_tweets,2018-07-25 19:29:00,RT @TheOnion: Starbucks Unveils $7 Wake-Up Slap https://t.co/EUxIQnLyYV https://t.co/OnAGvRVfUE,,SBUX
social,kaggle_tweets,2018-07-25 19:29:00,RT @TheOnion: Starbucks Unveils $7 Wake-Up Slap https://t.co/EUxIQnLyYV https://t.co/OnAGvRVfUE,,SBUX
social,kaggle_tweets,2018-07-25 19:29:00,RT @TheOnion: Starbucks Unveils $7 Wake-Up Slap https://t.co/EUxIQnLyYV https://t.co/OnAGvRVfUE,,SBUX
social,kaggle_tweets,2018-07-25 19:29:00,RT @TheOnion: Starbucks Unveils $7 Wake-Up Slap https://t.co/EUxIQnLyYV https://t.co/OnAGvRVfUE,,SBUX
social,kaggle_tweets,2018-07-25 19:29:00,RT @TheOnion: Starbucks Unveils $7 Wake-Up Slap https://t.co/EUxIQnLyYV https://t.co/OnAGvRVfUE,,SBUX
social,kaggle_tweets,2018-07-25 19:29:00,RT @TheOnion: Starbucks Unveils $7 Wake-Up Slap https://t.co/EUxIQnLyYV https://t.co/OnAGvRVfUE,,SBUX
social,kaggle_tweets,2018-07-25 19:30:00,Is Netflix a classic #bubble? $NFLX $CSCO https://t.co/ZXQxJWvMFe,,NFLX
social,kaggle_tweets,2018-07-25 19:32:00,"@LiberallyLiving @chrislhayes @Byline_Media But then I started realising what Bannon, Thiel and Facebook were doing… https://t.co/piHoaj3bXq",,FB
social,kaggle_tweets,2018-07-25 19:49:00,RT @markets: Facebook shares hammered after missing estimates on revenue and monthly active users https://t.co/FQkkAbetoK https://t.co/g8Pg…,,FB
social,kaggle_tweets,2018-07-25 19:52:00,AIRY3D raises US$10 million Series A funding led by Intel Capital https://t.co/ShCAvOVAT1,,INTC
social,kaggle_tweets,2018-07-25 19:52:00,"Hey David Hunt, if you like Disney, read this, https://t.co/3fYnq1iNFf!",,DIS
social,kaggle_tweets,2018-07-25 19:54:00,RT @ChrisWarcraft: Delete Facebook. Go on strike if you work there. Hound Zuckerberg and his minions relentlessly any time they show their…,,FB
social,kaggle_tweets,2018-07-25 19:56:00,"RT @alexeheath: Mark Zuckerberg has sold over $2.6 billion worth of Facebook stock since Facebook reported Q1 earnings. (Yes, I blinked twi…",,FB
social,kaggle_tweets,2018-07-25 19:56:00,"RT @alexeheath: Mark Zuckerberg has sold over $2.6 billion worth of Facebook stock since Facebook reported Q1 earnings. (Yes, I blinked twi…",,FB
social,kaggle_tweets,2018-07-25 19:58:00,Starbucks Unveils $7 Wake-Up Slap https://t.co/Xnq30VYhbY via @theonion,,SBUX
social,kaggle_tweets,2018-07-25 19:58:00,Update: new Google sign-in screen launching this week https://t.co/F8iqSwElW3 #edchat #edtech #ShakeUpLearning #gttribe #gsuiteedu,,GOOGL
social,kaggle_tweets,2018-07-25 20:05:00,"RT @takeaDailybreak: It's #WinningWednesday! Follow &amp; RT by 5pm EST for a chance to win a $25 Amazon gift card! 18+, US only. #Sweepstakes…",,AMZN
social,kaggle_tweets,2018-07-25 20:06:00,Watching this queer musical on Amazon Prime called “Liberty’s Sectet”. I really wish I had watched this with someon… https://t.co/ebMxOtGaEV,,AMZN
social,kaggle_tweets,2018-07-25 20:14:00,Google launches its own security keys to limit your chances of getting hacked https://t.co/gPy9Yk6VXb https://t.co/gfP0gbvk2H,,GOOGL
social,kaggle_tweets,2018-07-25 20:17:00,"RT @rihodd: Apple: IOS 11.4 is available, would you like to update? Me: https://t.co/KKPpu8n8Hx",,AAPL
social,kaggle_tweets,2018-07-25 20:22:00,"RT @MalecFicLibrary: Having an ""insider scoop"" that Netflix pulled out from the output deal with Constantin due to ratings, when it's been…",,NFLX
social,kaggle_tweets,2018-07-25 20:24:00,I’d rather be at Disney tbh https://t.co/ZQwt78tkjs,,DIS
social,kaggle_tweets,2018-07-25 20:25:00,[Deal Of The Day] Dell Vostro 3578 15.6-inch Laptop (8th Gen i5-8250U/8GB/1TB/DOS/2GB Graphics) at Amazon India!… https://t.co/lZn0yafbg2,,AMZN
social,kaggle_tweets,2018-07-25 20:26:00,@P_Kuhtoons Frollo is one of the greatest Disney villains of all time,,DIS
social,kaggle_tweets,2018-07-25 20:38:00,How Much Do You Really Need to Spend on Facebook to See Profits? https://t.co/6VkYgCLx2l #entrepreneur #startup,,FB
social,kaggle_tweets,2018-07-25 20:53:00,RT @ShaneGoldmacher: This faked interview of @Ocasio2018 by @CRTV has nearly 1 million views on Facebook. In less than 24 hours. Intervie…,,FB
social,kaggle_tweets,2018-07-25 20:56:00,RT @CityAM: ITV in talks to launch streaming business to combat Netflix threat https://t.co/YovOMflYId https://t.co/j96H6iDgXg,,NFLX
social,kaggle_tweets,2018-07-26 07:01:00,"Google be like ""Do you want to share your location???"" BITCH NO",,GOOGL
social,kaggle_tweets,2018-07-26 07:01:00,"RT @nytimes: Breaking News: Facebook shares plunged more than 18 percent in early trading, erasing over $110 billion from the social media…",,FB
social,kaggle_tweets,2018-07-26 07:03:00,"@jack Nice non-response. Take responsibility for YOUR company and its practices. BTW - Check Facebook stock, you’re next!",,FB
social,kaggle_tweets,2018-07-26 07:03:00,"@realDonaldTrump Please Mr.POTUS, helps us against Facebook here in Brazil, they are censoring right wing sites!, t… https://t.co/DhW5LR9T0w",,FB
social,kaggle_tweets,2018-07-26 07:04:00,"RT @USATrump45: Mark Zuckerberg just lost $150,000,000,000.00. Facebook stocks drop 20% today! Let this be a lesson to those that try to…",,FB
social,kaggle_tweets,2018-07-26 07:04:00,"RT @USATrump45: Mark Zuckerberg just lost $150,000,000,000.00. Facebook stocks drop 20% today! Let this be a lesson to those that try to…",,FB
social,kaggle_tweets,2018-07-26 07:10:00,"Facebook stock drops 19%, loses $120 billion in value after warning that revenue growth will take a hit… https://t.co/kUbOieXnL6",,FB
social,kaggle_tweets,2018-07-26 07:11:00,"RT @_SalonQuality: In light of the Gunn firing, if Disney's Fox acquisition goes through will Disney fire the entire cast &amp; crew of Family…",,DIS
social,kaggle_tweets,2018-07-26 07:11:00,"RT @indywars: ""SEC May Want To Take A Look"": Facebook Insiders Dumped $4.1 Billion In Stock Since Scandal | Zero Hedge https://t.co/zhiz9M8…",,FB
social,kaggle_tweets,2018-07-26 07:13:00,"RT @GoogleAI: Announcing BigQuery ML, a capability inside Google BigQuery that allows data scientists and analysts to build and deploy mach…",,GOOGL
social,kaggle_tweets,2018-07-26 07:14:00,RT @favoriteauntssi: Mark just fell out of his high chair. Liberal Facebook Just Lost $150 Billion in market capitalization in under two…,,FB
social,kaggle_tweets,2018-07-26 07:18:00,RT @WalmartNewsroom: Walmart and @CapitalOne sign credit card program agreement. https://t.co/QDfca7K9Pi,,WMT
social,kaggle_tweets,2018-07-26 07:20:00,"@UgSolo Now On Apple Music, Tidal, &amp; other streaming sites Like, stream, share https://t.co/7UQkGMoDgq",,AAPL
social,kaggle_tweets,2018-07-26 07:23:00,"RT @adetolaov: Google Station launches in Nigeria! Free internet in 5 public locations - Unilag, Computer Village, MM2, Ikeja Mall and the…",,GOOGL
social,kaggle_tweets,2018-07-26 07:23:00,"RT @adetolaov: Google Station launches in Nigeria! Free internet in 5 public locations - Unilag, Computer Village, MM2, Ikeja Mall and the…",,GOOGL
social,kaggle_tweets,2018-07-26 07:37:00,"~Study in Singapore -100% Visa guidance - No IELTS required -SSC, Intermediate, B-Tech students can apply -Afforda… https://t.co/7GhVq9Ezhk",,V
social,kaggle_tweets,2018-07-26 07:38:00,"Retweeted Charlie Bilello (@charliebilello): Facebook is now down 24% after hours, losing $150 billion in market c… https://t.co/DOW0I1ldip",,FB
social,kaggle_tweets,2018-07-26 07:38:00,Facebook Admits It Blocked Republican Candidate’s Pro-Second Amendment Ad https://t.co/d4pN33lIte via @BreitbartNews,,FB
social,kaggle_tweets,2018-07-26 07:45:00,RT @oliverdarcy: Facebook has repeatedly declined to say specifically how many times InfoWars would need to violate its standards to warran…,,FB
social,kaggle_tweets,2018-07-26 07:47:00,@kiernanshipka you up for a Facebook Live interview and fan Q and A for my Facebook Group about your amazing career… https://t.co/8Apmkfb1O6,,FB
social,kaggle_tweets,2018-07-26 07:59:00,72% of People Think Facebook Will Recover From Its Earnings Miss [New Data] https://t.co/p1yFbPyNId,,FB
social,kaggle_tweets,2018-07-26 07:59:00,"RT @1776Stonewall: Facebook is hurting. Stocks were down over 20% yesterday, and they are down another 18.5% right now. Billions of dollars",,FB
social,kaggle_tweets,2018-07-26 08:02:00,RT @paulmozur: Finally got to the bottom of Facebook’s short-lived China company. Permit has been withdrawn. Facebook got a deal w/ the pro…,,FB
social,kaggle_tweets,2018-07-26 08:07:00,#MastercardForIndia Great news! Mastercard will invest around ₹6500cr between 2014-2019 to promote #DigitalPayments in the country,,MA
social,kaggle_tweets,2018-07-26 08:08:00,"Augmented Reality in Retail Market valued 7,951.2 million USD also PTC (US) and Google (US) are the Major Players –… https://t.co/EM2EOIvzgw",,GOOGL
social,kaggle_tweets,2018-07-26 08:12:00,"""Waymo Teams Up With Walmart, Avis and Others for Short Driverless Rides"" by TIFFANY HSU via NYT https://t.co/DTEtKtH7iY #tech",,WMT
social,kaggle_tweets,2018-07-26 08:18:00,"SearchCap: Google upgrades event search feature, rookie link building &amp; more https://t.co/hS5j2ZoZW7 https://t.co/7V4CuxI4Du",,GOOGL
social,kaggle_tweets,2018-07-26 08:18:00,"RT @MarkDice: This ‘fake news’ witch hunt by Facebook is nothing compared to what’s happening on YouTube, because they realized that it’s n…",,FB
social,kaggle_tweets,2018-07-26 08:20:00,"Slack to acquire HipChat in push to compete with Microsoft, service will remain active until February https://t.co/KmDZbxEeZ0",,MSFT
social,kaggle_tweets,2018-07-26 08:30:00,RT @puiwingtam: Quite a stock chart so far today from Facebook. https://t.co/B1fORRI47I,,FB
social,kaggle_tweets,2018-07-26 08:34:00,RT @TeaPainUSA: Facebook loses 119 billion dollars of wealth in one day. Maybe turnin' a blind eye while Russia helped throw two elections…,,FB
social,kaggle_tweets,2018-07-26 08:34:00,RT @TeaPainUSA: Facebook loses 119 billion dollars of wealth in one day. Maybe turnin' a blind eye while Russia helped throw two elections…,,FB
social,kaggle_tweets,2018-07-26 08:34:00,RT @TeaPainUSA: Facebook loses 119 billion dollars of wealth in one day. Maybe turnin' a blind eye while Russia helped throw two elections…,,FB
social,kaggle_tweets,2018-07-26 08:34:00,RT @TeaPainUSA: Facebook loses 119 billion dollars of wealth in one day. Maybe turnin' a blind eye while Russia helped throw two elections…,,FB
social,kaggle_tweets,2018-07-26 08:35:00,Facebook just had the worst day in stock market history — CNN Money https://t.co/ffvZqIZ0Qz,,FB
social,kaggle_tweets,2018-07-26 08:56:00,"RT @AnthemRespect: Zuckerberg &amp; owners have been dumping shares...hmm. “SEC May Want To Take A Look"": Facebook Insiders Dumped $4.1 Billio…",,FB
social,kaggle_tweets,2018-07-26 09:01:00,RT @tgarcianyc: Also happening after the bell... Starbucks earnings: Growth goals come back down to Earth https://t.co/bg7fK1DY7x https://t…,,SBUX
social,kaggle_tweets,2018-07-26 09:03:00,RT @business: Facebook insiders have sold $4 billion in shares since the Cambridge Analytica scandal https://t.co/M17igaMYDK https://t.co/7…,,FB
social,kaggle_tweets,2018-07-26 09:04:00,"#cybersecurite : Why hackers are increasingly targeting Oracle, SAP software (TechRepublic) https://t.co/gynVQaz00J https://t.co/X6HXvM1x3i",,ORCL
social,kaggle_tweets,2018-07-26 09:07:00,RT @CNN: Facebook just had the biggest single-day loss for any public company in history — about $119 billion in market value https://t.co/…,,FB
social,kaggle_tweets,2018-07-26 09:10:00,RT @RepAdamSchiff: The suggestion by the President that antitrust action should be brought by the Justice Department against Amazon because…,,AMZN
social,kaggle_tweets,2018-07-26 09:12:00,RT @brkicks: The Nike VaporMax 95 “Neon” is rumored to drop August 16 for $190 https://t.co/bn1NufrE7l,,NKE
social,kaggle_tweets,2018-07-26 09:22:00,RT @SpeedReads: Facebook lost $150 billion in less than two hours: https://t.co/FgtmMUdP3G https://t.co/a2FWcfQcF3,,FB
social,kaggle_tweets,2018-07-26 09:24:00,RT @washingtonpost: Facebook loses more than $100 billion in value — the biggest drop in Wall Street history — as privacy concerns finally…,,FB
social,kaggle_tweets,2018-07-26 09:24:00,RT @washingtonpost: Facebook loses more than $100 billion in value — the biggest drop in Wall Street history — as privacy concerns finally…,,FB
social,kaggle_tweets,2018-07-26 09:34:00,RT @TonyRomm: How years of privacy controversies finally caught up with Facebook https://t.co/YoKfxvZGHX,,FB
social,kaggle_tweets,2018-07-26 09:47:00,"RT @WiredSources: BREAKING: Mark Zuckerberg loses $150,000,000,000.00 as Facebook stocks dives 20% in under two hours.",,FB
social,kaggle_tweets,2018-07-26 09:47:00,"RT @WiredSources: BREAKING: Mark Zuckerberg loses $150,000,000,000.00 as Facebook stocks dives 20% in under two hours.",,FB
social,kaggle_tweets,2018-07-26 09:51:00,RT @adamcbest: Facebook had the worst day in company history today as its stock had a historic collapse. Playing the world's tiniest violin…,,FB
social,kaggle_tweets,2018-07-26 09:52:00,"RT @WelshDalaiLama: As Facebook suffers the worst single-day loss in stock market history, now is a great time to remind you that Tom from…",,FB
social,kaggle_tweets,2018-07-26 10:02:00,RT Reuters: UPDATE: Facebook shares set for worst day ever $FB https://t.co/KkQg91dkRK ReutersUS,,FB
social,kaggle_tweets,2018-07-26 10:04:00,"RT @CombatDebater: Mark Zuckerberg just lost $150,000,000,000.00. Facebook stocks drop 20% today! Let this be a lesson to those that try…",,FB
social,kaggle_tweets,2018-07-26 10:04:00,"RT @CombatDebater: Mark Zuckerberg just lost $150,000,000,000.00. Facebook stocks drop 20% today! Let this be a lesson to those that try…",,FB
social,kaggle_tweets,2018-07-26 10:04:00,"RT @CombatDebater: Mark Zuckerberg just lost $150,000,000,000.00. Facebook stocks drop 20% today! Let this be a lesson to those that try…",,FB
social,kaggle_tweets,2018-07-26 10:08:00,RT @WizAtWallSt: PayPal price target raised to $95 from $90 at Oppenheimer $PYPL,,PYPL
social,kaggle_tweets,2018-07-26 10:09:00,RT @chrislhayes: Facebook is the equivalent of a massively profitable factory that just dumps all of its waste into the river and never has…,,FB
social,kaggle_tweets,2018-07-26 10:09:00,RT @chrislhayes: Facebook is the equivalent of a massively profitable factory that just dumps all of its waste into the river and never has…,,FB
social,kaggle_tweets,2018-07-26 10:09:00,RT @chrislhayes: Facebook is the equivalent of a massively profitable factory that just dumps all of its waste into the river and never has…,,FB
social,kaggle_tweets,2018-07-26 10:09:00,RT @chrislhayes: Facebook is the equivalent of a massively profitable factory that just dumps all of its waste into the river and never has…,,FB
social,kaggle_tweets,2018-07-26 10:09:00,RT @chrislhayes: Facebook is the equivalent of a massively profitable factory that just dumps all of its waste into the river and never has…,,FB
social,kaggle_tweets,2018-07-26 10:09:00,RT @chrislhayes: Facebook is the equivalent of a massively profitable factory that just dumps all of its waste into the river and never has…,,FB
social,kaggle_tweets,2018-07-26 10:09:00,RT @chrislhayes: Facebook is the equivalent of a massively profitable factory that just dumps all of its waste into the river and never has…,,FB
social,kaggle_tweets,2018-07-26 10:09:00,RT @chrislhayes: Facebook is the equivalent of a massively profitable factory that just dumps all of its waste into the river and never has…,,FB
social,kaggle_tweets,2018-07-26 10:09:00,RT @chrislhayes: Facebook is the equivalent of a massively profitable factory that just dumps all of its waste into the river and never has…,,FB
social,kaggle_tweets,2018-07-26 10:09:00,RT @chrislhayes: Facebook is the equivalent of a massively profitable factory that just dumps all of its waste into the river and never has…,,FB
social,kaggle_tweets,2018-07-26 10:09:00,RT @chrislhayes: Facebook is the equivalent of a massively profitable factory that just dumps all of its waste into the river and never has…,,FB
social,kaggle_tweets,2018-07-26 10:15:00,I posted a new video to Facebook https://t.co/BX8xE8AAWH,,FB
social,kaggle_tweets,2018-07-26 10:16:00,"RT @realDennisCao: ""Facebook $FB will absolutely blow their earnings report out of the water, and the stock will keep shooting up. I have 1…",,FB
social,kaggle_tweets,2018-07-26 10:19:00,"RT @jsolomonReports: This could become a big deal. Keep an eye out. House Intel probing whether informants gathered data on Trump, Russia p…",,INTC
social,kaggle_tweets,2018-07-26 10:19:00,"RT @jsolomonReports: This could become a big deal. Keep an eye out. House Intel probing whether informants gathered data on Trump, Russia p…",,INTC
social,kaggle_tweets,2018-07-26 10:27:00,McDonald's worker body-slams customer who threw a milkshake over her https://t.co/vtvBjUK4h1,,MCD
social,kaggle_tweets,2018-07-26 10:28:00,RT @businessinsider: Amazon jumps 3% on earnings report — catch up on the latest here https://t.co/WVl8ZE37FB,,AMZN
social,kaggle_tweets,2018-07-26 10:53:00,RT @PoliticalEye17: 8. New Q Facebook Investors Want to Strip Zuckerberg of Chairman Title Barron's Shareholder Wants to Oust Zuckerberg…,,FB
social,kaggle_tweets,2018-07-26 10:54:00,RT @MSNBC: Shares in Facebook plunged more than 20% in after-hours trading after the social network warned that it would be less profitable…,,FB
social,kaggle_tweets,2018-07-26 10:55:00,RT @AdanSalazarWins: ‘You might not want to do that’: Facebook Pop-up Warns Users Not to Share #Infowars - https://t.co/YVeVF5upVm,,FB
social,kaggle_tweets,2018-07-26 10:59:00,Adobe shares Pantone's summer trending colours USA All Americans NEWS https://t.co/2WA0XzCN9I https://t.co/negZlr7DrZ,,ADBE
social,kaggle_tweets,2018-07-26 11:02:00,@greendeist Soooo your point is addiction is addiction it doesn’t matter if they were on Disney or kuwtk they both needed help,,DIS
social,kaggle_tweets,2018-07-26 11:07:00,"RT @Reuters: Rubens museum steers visitors away from nudes, in jab at Facebook censorship https://t.co/0tMjjsIOV0 https://t.co/QYSQK1ZlhE",,FB
social,kaggle_tweets,2018-07-26 11:15:00,Mark Zuckerberg loses $16B in one day as Facebook stock plunges 20 percent https://t.co/BGvQ0khAtA,,FB
social,kaggle_tweets,2018-07-26 11:16:00,How years of privacy controversies finally caught up with Facebook https://t.co/T4mFkbqXu2,,FB
social,kaggle_tweets,2018-07-26 11:17:00,We’ve joined 70 organizations nationwide to launch a campaign to pressure banks JPMorgan Chase and Wells Fargo to s… https://t.co/idqfSM1OzF,,JPM
social,kaggle_tweets,2018-07-26 11:18:00,"RT @55true4u: 'Clowns' out in force propping up sinking Facebook, and now Amazon with their 'glowing' earnings. Do not drink the 'Kool Aid'…",,AMZN
social,kaggle_tweets,2018-07-26 11:20:00,Google is Launching Free Wi-Fi Stations across Nigeria - https://t.co/pMqxDP4KYx https://t.co/S4FW3LmtJn,,GOOGL
social,kaggle_tweets,2018-07-26 11:30:00,"RT @Yuumii415: I have a feeling even if Netflix went through with the deal of 10 episodes for S4, we were going to get cancelled in 2019 an…",,NFLX
social,kaggle_tweets,2018-07-26 11:35:00,RT @businessinsider: This home was originally build for Henry Ford — it is listed at $175 million https://t.co/GzkI6eVxrg,,F
social,kaggle_tweets,2018-07-26 11:37:00,Why Google Stores Billions of Lines of Code in a Single Repository | July 2016 | Communications of the ACM https://t.co/67LRaFvIkh,,GOOGL
social,kaggle_tweets,2018-07-26 11:45:00,"RT @_makaylaaB: I miss the old Disney channel man , Like I literally was READY to watch a New episode 😩 . wizard of Waverley Place , Good L…",,DIS
social,kaggle_tweets,2018-07-26 11:45:00,"RT @_makaylaaB: I miss the old Disney channel man , Like I literally was READY to watch a New episode 😩 . wizard of Waverley Place , Good L…",,DIS
social,kaggle_tweets,2018-07-26 11:53:00,RT @DuckDuckGo: Great to see Microsoft President @BradSmi detailing the privacy implications of facial recognition technology and calling f…,,MSFT
social,kaggle_tweets,2018-07-26 11:54:00,"RT @FinancialTimes: UPDATE: Shares in Facebook have tumbled by as much as 20% in after-hours trading, falling from an all-time high after t…",,FB
social,kaggle_tweets,2018-07-26 12:03:00,RT @todayng: Google to provide 10 million Nigerians with free WiFi https://t.co/8usgvbsw2l https://t.co/iU2BrFKcrP,,GOOGL
social,kaggle_tweets,2018-07-26 12:09:00,Sr. Cisco Collaboration Engineer (Post-sales F/T role) @ Top Tier Cisco Gold Partner - PA / NJ / DE https://t.co/ejzKxSYyaM,,CSCO
social,kaggle_tweets,2018-07-26 12:11:00,RT @AnthemRespect: I was so disappointed to hear Facebook stock fell 20%. I was hoping for 30%. Ripple Effects of Facebook (NASDAQ:FB) Slu…,,FB
social,kaggle_tweets,2018-07-26 12:18:00,"RT @OntarioNDP: Doug Ford is scrapping a promised $2.1 billion in mental health funding over four years, and replacing it with $1.9 billion…",,F
social,kaggle_tweets,2018-07-26 12:27:00,"RT @AP: Facebook stock collapse wipes out $119 billion in market value, one of the worst single-day losses in history. https://t.co/iQI3lHu…",,FB
social,kaggle_tweets,2018-07-26 12:32:00,"RT @Haleyy_Brownn: Nope nope, Nickelodeon 32 Cartoon Network 48 Disney 73 Okay my hometown of literally 25 people can now feel at peace…",,DIS
social,kaggle_tweets,2018-07-26 12:35:00,"RT @NRO: The Facebook stock plummeted today, prompted by the release of a lackluster second-quarter earnings report on Wednesday. https://t…",,FB
social,kaggle_tweets,2018-07-26 12:36:00,"RT @JuddLegum: 1. Some thoughts on Facebook, whose stock is tanking today Right now, Facebook seems like a massive, immutable force But t…",,FB
social,kaggle_tweets,2018-07-26 12:36:00,RT @IsaacMwige: I will be live shortly on @KTNNews with @JulieOwino talking about the Launch of LEO Facebook Messenger chat banking. #LeoMy…,,FB
social,kaggle_tweets,2018-07-26 12:36:00,Facebook just had the worst day in stock market history - CNN Money. Ooof. https://t.co/t6rTM2O2TB,,FB
social,kaggle_tweets,2018-07-26 12:38:00,"RT @Forbes: Apple has updated its iPhones to prevent hacking, but American police are finding ways around it https://t.co/bckNLJjt2Q https:…",,AAPL
social,kaggle_tweets,2018-07-26 12:39:00,McDonald's Staffer Pummels Customer in Crazy Fight https://t.co/SvZOofOQmQ,,MCD
social,kaggle_tweets,2018-07-26 12:41:00,"#RT @Variety: Amazon Delivers Record Q2 Profit, While Sales Miss Wall Street Forecasts https://t.co/v32URItLPD",,AMZN
social,kaggle_tweets,2018-07-26 12:47:00,RT @AMike4761: Facebook Admits It Blocked Republican Candidate’s Pro-Second Amendment Ad! Is Ted Cruz right? Is it time for Antitrust Act…,,FB
social,kaggle_tweets,2018-07-26 12:50:00,So stoked to hear that Facebook posted the biggest one day loss by any company in history. FUCK FACEBOOK. 👏🏼👏🏼👏🏼,,FB
social,kaggle_tweets,2018-07-26 12:50:00,"Hacking campaign uses old Microsoft Office flaws to create backdoors, steal files https://t.co/OCglE4Xc7Z",,MSFT
social,kaggle_tweets,2018-07-26 12:53:00,RT @xeni: Facebook stock plunged today after a grim earnings call revealed missed growth and revenue goals. https://t.co/sw5NbGAn4Z https:/…,,FB
social,kaggle_tweets,2018-07-26 12:54:00,RT @NigeriaNewsdesk: Google launches ‘Google Station’ to provide free high speed Wifi to millions of Nigerians https://t.co/HOUVy2NOp9 via…,,GOOGL
social,kaggle_tweets,2018-07-26 12:56:00,SiriusXM Soars: Revenue Up 6 Percent as Facebook Plummets https://t.co/mQjs7tJDZs via @BreitbartNews,,FB
social,kaggle_tweets,2018-07-26 12:58:00,"Now Playing: Rafa Salese - The Revolution Will Be on Facebook #MixaholicsRadio ""#1 Station To Jumpstart Your Day""… https://t.co/3QDALcSQuM",,FB
social,kaggle_tweets,2018-07-26 12:58:00,Mortgage rates edge higher. Real estate no longer the first investment choice for Americans. Facebook shares plunge.,,FB
social,kaggle_tweets,2018-07-26 13:00:00,RT @DEADLINE: Comcast Lifts The Lid On Pulling Out Of Fox Deal &amp; Focusing On Sky Acquisition https://t.co/dxXolHE3L2 https://t.co/3KarH7AvMz,,CMCSA
social,kaggle_tweets,2018-07-26 13:01:00,"RT @marklutchman: JUST IN: “Mark Zuckerberg just lost $150,000,000,000.00 as Facebook stocks dives 20% in under two hours.” I say, that’s…",,FB
social,kaggle_tweets,2018-07-26 13:01:00,"RT @marklutchman: JUST IN: “Mark Zuckerberg just lost $150,000,000,000.00 as Facebook stocks dives 20% in under two hours.” I say, that’s…",,FB
social,kaggle_tweets,2018-07-26 13:01:00,"RT @marklutchman: JUST IN: “Mark Zuckerberg just lost $150,000,000,000.00 as Facebook stocks dives 20% in under two hours.” I say, that’s…",,FB
social,kaggle_tweets,2018-07-26 13:05:00,"Jeffrey Katzenberg-Led WndrCo Venture Closes $1 Billion Funding; Disney, Fox, WB Among Investors (Report) – Variety https://t.co/YJSBTTnoUk",,DIS
social,kaggle_tweets,2018-07-26 13:05:00,"RT @TheEconomist: After Amazon opens a storage depot, local wages for warehouse workers fall by an average of 3% https://t.co/c3WwXzGSzg",,AMZN
social,kaggle_tweets,2018-07-26 13:06:00,7 Netflix Hacks All Parents Should Know - https://t.co/4l689atPJT,,NFLX
social,kaggle_tweets,2018-07-26 13:11:00,"RT @Reuters: Mark Zuckerberg’s fortune is set to take a $16 billion hit, as Facebook braces for the biggest one-day wipeout in U.S. stock m…",,FB
social,kaggle_tweets,2018-07-26 13:13:00,RT @The_Trump_Train: JUST IN: Sec. Pompeo announced at Senate Intel Committee hearing that the U.S. does not recognize Russia's annexing of…,,INTC
social,kaggle_tweets,2018-07-26 13:13:00,RT @The_Trump_Train: JUST IN: Sec. Pompeo announced at Senate Intel Committee hearing that the U.S. does not recognize Russia's annexing of…,,INTC
social,kaggle_tweets,2018-07-26 13:13:00,RT @The_Trump_Train: JUST IN: Sec. Pompeo announced at Senate Intel Committee hearing that the U.S. does not recognize Russia's annexing of…,,INTC
social,kaggle_tweets,2018-07-26 13:13:00,RT @The_Trump_Train: JUST IN: Sec. Pompeo announced at Senate Intel Committee hearing that the U.S. does not recognize Russia's annexing of…,,INTC
social,kaggle_tweets,2018-07-26 13:13:00,RT @The_Trump_Train: JUST IN: Sec. Pompeo announced at Senate Intel Committee hearing that the U.S. does not recognize Russia's annexing of…,,INTC
social,kaggle_tweets,2018-07-26 13:15:00,RT @StappElizabeth: Mark Zuckerberg loses $16B in one day as Facebook stock plunges 20 percent https://t.co/tsMjXp8w7C 🎉🎉🎉🎉🎉🎉🎉🎉🎉,,FB
social,kaggle_tweets,2018-07-26 13:16:00,RT @55true4u: Amazon next ... #Amazon #QAnon 👇 https://t.co/FpvhNz25MI,,AMZN
social,kaggle_tweets,2018-07-26 13:16:00,RT @abbiehambyyy: rt if u think Nike shorts should be 7 for $27 !!!!,,NKE
social,kaggle_tweets,2018-07-26 13:19:00,RT @olgaNYC1211: Here we go again! Russian Intel agencies behind the 2016 election hack have started their attack for the 2018 midterms. T…,,INTC
social,kaggle_tweets,2018-07-26 13:19:00,RT @olgaNYC1211: Here we go again! Russian Intel agencies behind the 2016 election hack have started their attack for the 2018 midterms. T…,,INTC
social,kaggle_tweets,2018-07-26 13:29:00,"RT @zerohedge: ""SEC May Want To Take A Look"": Facebook Insiders Dumped $4.1 Billion In Stock Since Scandal https://t.co/0Emfnvw1NT",,FB
social,kaggle_tweets,2018-07-26 13:32:00,"Facebook needs to continue to lose people, the more people that leave, the more advertisers and investors will drop… https://t.co/HWUdxI6cIV",,FB
social,kaggle_tweets,2018-07-26 13:35:00,Face palm for Facebook over huuuuge loss https://t.co/0JuIBwSVkH,,FB
social,kaggle_tweets,2018-07-26 13:35:00,RT @LauraAJarrett: Confirmed again today that House Intel Chair Nunes has chosen not to review the largely unredacted copies of the Carter…,,INTC
social,kaggle_tweets,2018-07-26 13:38:00,RT @5Strat: CNBC &amp; other Market publications blame the 20% Facebook stock drop on missed earnings. Boy is that a load of crap. Stocks don't…,,FB
social,kaggle_tweets,2018-07-26 13:39:00,"Amazon second-quarter profit trounces estimates, shares rise: https://t.co/XCGE1TBbK6 Inc's dwarfed estimates for q… https://t.co/ng1ZUUa5c3",,AMZN
social,kaggle_tweets,2018-07-26 13:44:00,Facebook shares slump 20% after growth warning https://t.co/ujvVDH7ZxN,,FB
social,kaggle_tweets,2018-07-26 13:51:00,RT @HoarseWisperer: Facebook could become the first company in world history to lose $100 billion in market cap. in a single day. https://t…,,FB
social,kaggle_tweets,2018-07-26 13:52:00,"RT @CNBC: Facebook is plunging, erasing billions in market value. Watch it trade LIVE. https://t.co/SVHxmhXWID",,FB
social,kaggle_tweets,2018-07-26 13:52:00,Facebook stock suffers one of worst one-day losses in history https://t.co/7uFpRbu6UH https://t.co/S0ukt3tPDT,,FB
social,kaggle_tweets,2018-07-26 13:52:00,RT @Disciple_4G: Q Drop 1718 Decode Q !CbboFOtcZs ID: f4774f No.2300028 📁 Jul 26 2018 15:17:45 (EST) Facebook Investors Want to Strip Zucke…,,FB
social,kaggle_tweets,2018-07-26 13:55:00,RT @mitchellvii: Facebook Eliminates 93% of Traffic to Top Conservative Sites --- Stocks Slide 24% https://t.co/Uj2W8CYUCI via @gatewaypund…,,FB
social,kaggle_tweets,2018-07-26 13:55:00,RT @mitchellvii: Facebook Eliminates 93% of Traffic to Top Conservative Sites --- Stocks Slide 24% https://t.co/Uj2W8CYUCI via @gatewaypund…,,FB
social,kaggle_tweets,2018-07-26 13:56:00,"Started Deadwood for the first time on Prime a couple of weeks ago. Started American Crime on Netflix this week, so… https://t.co/kmUWigK0GE",,NFLX
social,kaggle_tweets,2018-07-26 14:00:00,Facebook just had the worst day in stock market history - CNN Money https://t.co/MVjoi7icAC,,FB
social,kaggle_tweets,2018-07-26 14:02:00,[Updated] Microsoft OneNote is your notebook for capturing what's important in your life. OneNote 16.0.10325.20024:… https://t.co/qd0ZQES0NW,,MSFT
social,kaggle_tweets,2018-07-26 14:04:00,@option_snipper Does NFLX drop if AMZN gives feedback on Amazon video surge or spending?,,AMZN
social,kaggle_tweets,2018-07-26 14:06:00,"RT @AP: BREAKING: Facebook stock collapse wipes out $119 billion in market value, one of the worst single-day losses in history.",,FB
social,kaggle_tweets,2018-07-26 14:06:00,"RT @AP: BREAKING: Facebook stock collapse wipes out $119 billion in market value, one of the worst single-day losses in history.",,FB
social,kaggle_tweets,2018-07-26 14:06:00,"RT @AP: BREAKING: Facebook stock collapse wipes out $119 billion in market value, one of the worst single-day losses in history.",,FB
social,kaggle_tweets,2018-07-26 14:06:00,"RT @AP: BREAKING: Facebook stock collapse wipes out $119 billion in market value, one of the worst single-day losses in history.",,FB
social,kaggle_tweets,2018-07-26 14:06:00,"RT @AP: BREAKING: Facebook stock collapse wipes out $119 billion in market value, one of the worst single-day losses in history.",,FB
social,kaggle_tweets,2018-07-26 14:06:00,"RT @AP: BREAKING: Facebook stock collapse wipes out $119 billion in market value, one of the worst single-day losses in history.",,FB
social,kaggle_tweets,2018-07-26 14:06:00,"RT @AP: BREAKING: Facebook stock collapse wipes out $119 billion in market value, one of the worst single-day losses in history.",,FB
social,kaggle_tweets,2018-07-26 14:06:00,"RT @AP: BREAKING: Facebook stock collapse wipes out $119 billion in market value, one of the worst single-day losses in history.",,FB
social,kaggle_tweets,2018-07-26 14:06:00,"RT @AP: BREAKING: Facebook stock collapse wipes out $119 billion in market value, one of the worst single-day losses in history.",,FB
social,kaggle_tweets,2018-07-26 14:06:00,"RT @AP: BREAKING: Facebook stock collapse wipes out $119 billion in market value, one of the worst single-day losses in history.",,FB
social,kaggle_tweets,2018-07-26 14:06:00,"RT @AP: BREAKING: Facebook stock collapse wipes out $119 billion in market value, one of the worst single-day losses in history.",,FB
social,kaggle_tweets,2018-07-26 14:06:00,"RT @AP: BREAKING: Facebook stock collapse wipes out $119 billion in market value, one of the worst single-day losses in history.",,FB
social,kaggle_tweets,2018-07-26 14:06:00,"RT @AP: BREAKING: Facebook stock collapse wipes out $119 billion in market value, one of the worst single-day losses in history.",,FB
social,kaggle_tweets,2018-07-26 14:06:00,"RT @AP: BREAKING: Facebook stock collapse wipes out $119 billion in market value, one of the worst single-day losses in history.",,FB
social,kaggle_tweets,2018-07-26 14:06:00,"RT @AP: BREAKING: Facebook stock collapse wipes out $119 billion in market value, one of the worst single-day losses in history.",,FB
social,kaggle_tweets,2018-07-26 14:06:00,"RT @AP: BREAKING: Facebook stock collapse wipes out $119 billion in market value, one of the worst single-day losses in history.",,FB
social,kaggle_tweets,2018-07-26 14:06:00,"RT @AP: BREAKING: Facebook stock collapse wipes out $119 billion in market value, one of the worst single-day losses in history.",,FB
social,kaggle_tweets,2018-07-26 14:07:00,Book your booth for Skints through our Facebook page! https://t.co/6yZ6flcJuo,,FB
social,kaggle_tweets,2018-07-26 14:08:00,RT @sturdyAlex: This is simply astonishing. Facebook ads provided to the parliamentary investigation with absolutely NO connection to Brexi…,,FB
social,kaggle_tweets,2018-07-26 14:14:00,RT @FuckedVids: Fuckbook The 18+ version of Facebook. 100% Free to join Today!! https://t.co/HvUJh9N87O https://t.co/ieJ7iKwwF2,,FB
social,kaggle_tweets,2018-07-26 14:19:00,"RT @jmbartomeu: At Nike World Headquarters, with the men’s and women’s football teams, on the first mixed tour in FC Barcelona history http…",,NKE
social,kaggle_tweets,2018-07-26 14:23:00,"RT @profcarroll: Colin Stretch is leaving Facebook by end of year, with multiple Cambridge Analytica investigations in multiple jurisdictio…",,FB
social,kaggle_tweets,2018-07-26 14:27:00,RT @RONINdata: Do you work in IT or Software Development? We are looking for Google Cloud Platform users to share their experience in a qui…,,GOOGL
social,kaggle_tweets,2018-07-26 14:34:00,"RT @Jake_Kanter: Scoop: After a brutal stock market battering yesterday, news today that Facebook shareholders have a fresh plot to oust Ma…",,FB
social,kaggle_tweets,2018-07-26 14:37:00,It’s no coincidence that Facebook value is down $120bn in the biggest fall in corporate history 😜🤣🤣🤣 https://t.co/ZuS3h8FcGl,,FB
social,kaggle_tweets,2018-07-26 14:40:00,"RT @Cat_in_Florida: Umm, yeah, not feeling bad for Facebook or people investing in them. FB KNOWINGLY allowed a hostile foreign power to sp…",,FB
social,kaggle_tweets,2018-07-26 14:47:00,RT @BlissTabitha: Facebook shareholders try to fire Mark Zuckerberg as chairman because of the 'mishandling' of recent privacy and election…,,FB
social,kaggle_tweets,2018-07-26 14:47:00,Intel Co. $INTC Holdings Boosted by Hedeker Wealth LLC https://t.co/jDA57YKzBk,,INTC
social,kaggle_tweets,2018-07-26 14:49:00,@everythingloria @JustinaMachado There should also be a Netflix icon for icon @everythingloria! 🙌🏾💋👑,,NFLX
social,kaggle_tweets,2018-07-26 14:50:00,RT @SwiftCop: By the time the Nike SNKRS app loading screen is finally done I will have already missed the shock drop,,NKE
social,kaggle_tweets,2018-07-26 14:58:00,"Amazon investors only care about one thing, Cowen trader says https://t.co/bAsDW3M40m",,AMZN
social,kaggle_tweets,2018-07-26 15:01:00,"Google, Facebook and Salesforce Consistently Rank as Best Places to Work. Here's Why. https://t.co/XY2ofrKKZa https://t.co/ajeSOKeEPw",,GOOGL
social,kaggle_tweets,2018-07-26 15:03:00,Facebook shares slump 20% after growth warning https://t.co/1dgeuzKsDk https://t.co/F8Y8WaN8Nl,,FB
social,kaggle_tweets,2018-07-26 15:04:00,Check out todays deal over on Amazon https://t.co/B5wezGNjzU,,AMZN
social,kaggle_tweets,2018-07-26 15:05:00,RT @lintakats: Face mask from the heavens: 3 tbsp of Aztec powder 3 tbsp Apple cider vinegar 2 drop tea tree oil 1 drop lavender (or vice…,,AAPL
social,kaggle_tweets,2018-07-26 15:08:00,"RT @FDAfood: OUTBREAK Update: FDA, @CDCgov &amp; partners continue investigating multi-state outbreak of cyclosporiasis linked to McDonald's sa…",,MCD
social,kaggle_tweets,2018-07-26 15:09:00,"Facebook stock plummets amid Ksh1.32 trillion profit Despite making profit, Faceboo https://t.co/4VQBcoAAi0",,FB
social,kaggle_tweets,2018-07-26 15:15:00,RT @SenSanders: Amazon just announced that they made $2.5 billion in profits last quarter. Why does Jeff Bezos still refuse to treat his wo…,,AMZN
social,kaggle_tweets,2018-07-26 15:15:00,RT @SenSanders: Amazon just announced that they made $2.5 billion in profits last quarter. Why does Jeff Bezos still refuse to treat his wo…,,AMZN
social,kaggle_tweets,2018-07-26 15:15:00,"On today’s show: Marti Noxon, the woman behind HBO’s ""Sharp Objects"" 📺 Facebook shares just had the biggest one-da… https://t.co/oR3m2dDWhR",,FB
social,kaggle_tweets,2018-07-26 15:15:00,RT @SenSanders: Amazon just announced that they made $2.5 billion in profits last quarter. Why does Jeff Bezos still refuse to treat his wo…,,AMZN
social,kaggle_tweets,2018-07-26 15:15:00,RT @SenSanders: Amazon just announced that they made $2.5 billion in profits last quarter. Why does Jeff Bezos still refuse to treat his wo…,,AMZN
social,kaggle_tweets,2018-07-26 15:17:00,RT @JacobWolinsky: The Swiss National Bank owns more A-class Facebook shares than Zuckerberg - https://t.co/EFjx9fOoqN https://t.co/L3dGf9n…,,FB
social,kaggle_tweets,2018-07-26 15:17:00,RT @JacobWolinsky: The Swiss National Bank owns more A-class Facebook shares than Zuckerberg - https://t.co/EFjx9fOoqN https://t.co/L3dGf9n…,,FB
social,kaggle_tweets,2018-07-26 15:19:00,Formula 1 strikes deal with Facebook to stream F1 esports documentary https://t.co/iopCT5egwt,,FB
social,kaggle_tweets,2018-07-26 15:22:00,RT @MuskokaMoneybag: If they close down Safe Injection Sites across Ontario... Christine Elliott &amp; Doug Ford will be responsible for killin…,,F
social,kaggle_tweets,2018-07-26 15:35:00,"That’s fine, but I’m not particularly concerned seeing how Intel is already in the current-gen iPhones, and the App… https://t.co/xkltzC3U3O",,INTC
social,kaggle_tweets,2018-07-26 15:40:00,Are investors finally fed up with Facebook? - MoneyWeek https://t.co/6tie1bJnVY,,FB
social,kaggle_tweets,2018-07-26 15:45:00,RT @jessefelder: Facebook Insiders Have Sold $4 Billion of Shares Since The Cambridge Analytics Scandal First Surfaced https://t.co/4PZj93W…,,FB
social,kaggle_tweets,2018-07-26 15:45:00,"Facebook just shed more than $125 billion in two hours, Mark Zuckerberg lost $16.8 billion https://t.co/CyaeegCiLP https://t.co/HUxqwu9SFh",,FB
social,kaggle_tweets,2018-07-26 15:49:00,"Facebook Plunges Into Bear Market, Wipes Out $132 Billion In Value | Zero Hedge https://t.co/6fOw9yIfbt",,FB
social,kaggle_tweets,2018-07-26 15:51:00,Twitter and Snap fall along with Facebook https://t.co/REdOzjHriL,,FB
social,kaggle_tweets,2018-07-26 15:53:00,RT @DailyCaller: Facebook Has Slowest Quarter Ever After Public Backlash https://t.co/oH0hkzbgR3 https://t.co/mERs2psBm4,,FB
social,kaggle_tweets,2018-07-26 15:56:00,RT @TonyHughesAU: 72% of People Think Facebook Will Recover From Its Earnings Miss [New Data] https://t.co/Bx6SrSLGxL https://t.co/E00NEYll…,,FB
social,kaggle_tweets,2018-07-26 15:56:00,RT @FoxNews: Mark Zuckerberg loses $16B in one day as Facebook stock plunges 20 percent. https://t.co/ZEoHZOL7Uj,,FB
social,kaggle_tweets,2018-07-26 15:56:00,Wall Street Breakfast: Facebook Takes The FANGs Out https://t.co/PGfAtGnXer #stocks,,FB
social,kaggle_tweets,2018-07-26 15:56:00,RT @FoxNews: Mark Zuckerberg loses $16B in one day as Facebook stock plunges 20 percent. https://t.co/ZEoHZOL7Uj,,FB
social,kaggle_tweets,2018-07-26 15:57:00,@____Redacted___ Facebook shares plummeted 20% on after the firm reported weak Q2 results - Mark Zuckerberg saw his… https://t.co/stYe7d3lt7,,FB
social,kaggle_tweets,2018-07-26 16:02:00,"RT @OsasCruz: Google launches Wifi via Google Station in Different parts of Lagos!! Ikeja City Mall, Computer Village, Domestic Airport,…",,GOOGL
social,kaggle_tweets,2018-07-26 16:02:00,Mark Zuckerberg loses $18.8BILLION as Facebook shares plummet https://t.co/2BaIJEOziL via @MailOnline,,FB
social,kaggle_tweets,2018-07-26 16:03:00,How Much Do You Really Need to Spend on Facebook to See Profits? https://t.co/KTnavrfCMj,,FB
social,kaggle_tweets,2018-07-26 16:05:00,RT @WiredSources: BREAKING: House Intel committee investigating whether FBI spied on Trump campaign prior to launch of Russia probe - The H…,,INTC
social,kaggle_tweets,2018-07-26 16:11:00,"A 20-year-old Tesla intern's team just won $130,000 and a private session with Microsoft CEO Satya Nadella for crea… https://t.co/7CbpKOwu3f",,MSFT
social,kaggle_tweets,2018-07-26 16:12:00,"Google and Lenovo launch the first Assistant-powered Smart Display, available from $200: https://t.co/0do0ys0sfL",,GOOGL
social,kaggle_tweets,2018-07-26 16:24:00,"RT @1Romans58: MSM, Facebook, Twitter, the list goes on... These are FOR PROFIT CORPORATIONS They know that their actions are costing the…",,FB
social,kaggle_tweets,2018-07-26 16:25:00,World stocks struggle to hold four-month peak as Facebook drops (Reuters) https://t.co/j2cgwV34BS,,FB
social,kaggle_tweets,2018-07-26 16:32:00,"Wow! 20% fall in after hours trading. It shows that the only thing that makes FB take care is markets. ""Facebook l… https://t.co/ZIjkXaiUJN",,FB
social,kaggle_tweets,2018-07-26 16:34:00,"Facebook, Inc. Common Stock’s $FB Buy Rating Reaffirmed at Royal Bank of Canada https://t.co/WPaX205F1C #stocks",,FB
social,kaggle_tweets,2018-07-26 16:37:00,"@LinWaWa00 @WhiteHatGuy 23andme co-founder Anne Wojcicki ex-husband Sergey Brin founded Google, and her sister CEO… https://t.co/tRoK49ttcG",,GOOGL
social,kaggle_tweets,2018-07-26 16:44:00,"RT @Reuters: Ford cuts 2018 profit forecast; tariffs, China sales hurt second quarter https://t.co/nTEuzZTeFb https://t.co/VVmVIMMTum",,F
social,kaggle_tweets,2018-07-26 16:49:00,RT @DeplorableChoir: Facebook loses 16 billion in a matter of minutes!! Maybe Zuckerberg should have listened to conservatives when we sa…,,FB
social,kaggle_tweets,2018-07-26 16:49:00,RT @DeplorableChoir: Facebook loses 16 billion in a matter of minutes!! Maybe Zuckerberg should have listened to conservatives when we sa…,,FB
social,kaggle_tweets,2018-07-26 16:52:00,RT @Jim_Peoples_: .Facebook Eliminates 93% of Traffic to Top Conservative Sites --- Stocks Plunge 24% https://t.co/8p5dnzsDp1 via @gatewayp…,,FB
social,kaggle_tweets,2018-07-26 16:53:00,"RT @CaliConsrvative: Facebook has taken a MASSIVE plunge in stock value, over 20% decline in a day! All of the tech giants, Facebook, Netf…",,FB
social,kaggle_tweets,2018-07-26 16:55:00,RT @smallbiztrends: Small and medium-sized businesses were able to generate more than $1 billion in sales on the first day of Amazon Prime…,,AMZN
social,kaggle_tweets,2018-07-26 17:01:00,RT @NBCNews: Shares in Facebook plunge more than 20% in after-hours trading. https://t.co/9fHsVIWf2t,,FB
social,kaggle_tweets,2018-07-26 17:03:00,"RT @CBSNews: Facebook's Wednesday night loss was ""larger than the entire size of McDonald's"" https://t.co/7SJEKpRnET https://t.co/w5iEybWkeS",,MCD
social,kaggle_tweets,2018-07-26 17:08:00,"RT @JacobAWohl: UPDATE: Facebook is suffering its worst day ever, with the stock down more than 18% https://t.co/ubAWlNNJWF",,FB
social,kaggle_tweets,2018-07-26 17:10:00,RT @charliebilello: Amazon Revenue (Billions)... 2018 (est): 237 2017: 178 2016: 136 2015: 107 2014: 89 2013: 74 2012: 61 2011: 48 2010: 34…,,AMZN
social,kaggle_tweets,2018-07-26 17:14:00,"RT @RealSaavedra: BREAKING: Mark Zuckerberg has lost $16,800,000,000.00 as Facebook stock continues to crash",,FB
social,kaggle_tweets,2018-07-26 17:14:00,"RT @RealSaavedra: BREAKING: Mark Zuckerberg has lost $16,800,000,000.00 as Facebook stock continues to crash",,FB
social,kaggle_tweets,2018-07-26 17:14:00,"RT @RealSaavedra: BREAKING: Mark Zuckerberg has lost $16,800,000,000.00 as Facebook stock continues to crash",,FB
social,kaggle_tweets,2018-07-26 17:20:00,@thehill I have a lawsuit now against the FTC forcing this agency uphold License agreement by pulling Facebook operation license.,,FB
social,kaggle_tweets,2018-07-26 17:20:00,RT @NinjaEconomics: Facebook sees biggest fall in corporate history as shares plunge by $120 billion. https://t.co/zO8tRu8J3F https://t.co/…,,FB
social,kaggle_tweets,2018-07-26 17:25:00,RT @HayleighYz2: i need more friends. you wanna go to Starbucks? OKAY. you wanna go shopping? OKAY. you wanna go eat? OKAY. you wanna go pe…,,SBUX
social,kaggle_tweets,2018-07-26 17:30:00,"RT PoliticalShort ""Facebook Shares Tumble (that’s an understatement) as Revenue Falls Short, Sales Outlook Darkens https://t.co/BdnL1la1GV""",,FB
social,kaggle_tweets,2018-07-26 17:33:00,RT @CNBC: Mark Zuckerberg loses $17 billion in net worth as Facebook shares slide. https://t.co/f50RYiiDv2 https://t.co/JQW5TYSz3K,,FB
social,kaggle_tweets,2018-07-26 17:38:00,RT @taramann: Incredibly excited to share that I’m joining Apple as a designer in a few weeks! 😃,,AAPL
social,kaggle_tweets,2018-07-26 17:51:00,Facebook just lost more than $100 billion off its value Think you had a bad day? Talk to Mark Zuckerberg. Faceb… https://t.co/dz4Gb3zgxj,,FB
social,kaggle_tweets,2018-07-26 17:52:00,"RT @FireUpMAGAKAG: ZuckBoy's Turn for the Heat ⚡️💥⚡️💥⚡️💥⚡️💥⚡️💥⚡️💥⚡️💥 Facebook dropped 24% &amp; ZUCKERBERG LOSES $16,800,000,000 IN MINUTES! ⚡️…",,FB
social,kaggle_tweets,2018-07-26 17:53:00,RT @business: Facebook just had the biggest stock-market wipeout in American history https://t.co/9XGDJvB3nH https://t.co/Vpcx6WMqRx,,FB
social,kaggle_tweets,2018-07-26 17:53:00,RT @business: Facebook just had the biggest stock-market wipeout in American history https://t.co/9XGDJvB3nH https://t.co/Vpcx6WMqRx,,FB
social,kaggle_tweets,2018-07-26 18:03:00,Starbucks Unveils $7 Wake-Up Slap https://t.co/tPeijEDBQq via @theonion,,SBUX
social,kaggle_tweets,2018-07-26 18:09:00,I liked a @YouTube video https://t.co/Yo87HqwZro A Message From Netflix: Take A Break And Have Sex,,NFLX
social,kaggle_tweets,2018-07-26 18:11:00,"RT @htsfhickey: Facebook misses after ""investors"" go wild jamming techs into number. That's 2 outta 3 FANG misses (FB &amp; NFLX). ""FANG"" down…",,FB
social,kaggle_tweets,2018-07-26 18:14:00,"Top story: Facebook sees mixed Q2 earnings with slowest-ever growth, stock tanks – TechCrunch… https://t.co/2nwqDozhdi",,FB
social,kaggle_tweets,2018-07-26 18:23:00,"RT @FinancialTimes: More than $120bn was wiped off the value of Facebook shares on Thursday, a drop larger than the value of corporate gian…",,FB
social,kaggle_tweets,2018-07-26 18:24:00,@ARNHoldingsInc $arnh has teamed up with Amazon and management told me they're constantly increasing the warehouses… https://t.co/JEhpY6EiL5,,AMZN
social,kaggle_tweets,2018-07-26 18:39:00,@LisaThompsonMPP in 2014 the only health curriculum in Ontario was created in 1998. The year that Google was founde… https://t.co/ZvrP4G7EHH,,GOOGL
social,kaggle_tweets,2018-07-26 18:43:00,RT @MikeDelMoro: It's official: Facebook posts largest one-day loss in market value by ANY company in the HISTORY of the United States stoc…,,FB
social,kaggle_tweets,2018-07-26 18:45:00,Amazon cloud revenue jumps 49 percent https://t.co/Xl83FKjIHI,,AMZN
social,kaggle_tweets,2018-07-26 18:48:00,David P Gelles Verified account @gelles The Facebook stock drop wiped out $120 billion in market value. Mark Zucke… https://t.co/sFwbxqO7d8,,FB
social,kaggle_tweets,2018-07-26 18:49:00,RT @CharlieAngusNDP: I am astounded that Doug Ford is cutting $330 million from mental health funding in the province of Ontario. People wi…,,F
social,kaggle_tweets,2018-07-26 18:58:00,RT @MONEY: Mark Zuckerberg lost $16.8 billion overnight as Facebook stock plunged https://t.co/S8trvLOF2O,,FB
social,kaggle_tweets,2018-07-26 19:04:00,"RT @sxdoc: Liberal Social Media Tech stocks set to crater on Thursday with Facebook on track for biggest drop ever; Lost 24% in minutes, Zu…",,FB
social,kaggle_tweets,2018-07-26 19:07:00,RT @cooljim198: Ford cuts 2018 profit forecast after Trump tariffs and China sales hurt second quarter https://t.co/WCPj0A9pId,,F
social,kaggle_tweets,2018-07-26 19:09:00,Visa $V Given New $160.00 Price Target at Cantor Fitzgerald https://t.co/FJbJcaPIDD #markets,,V
social,kaggle_tweets,2018-07-26 19:09:00,"RT @55true4u: Q: ""Who is to blame for the Facebook share drop?"" A: The Deep State. Amazon next ... #Facebook #QAnon 👇 https://t.co/SspKt…",,AMZN
social,kaggle_tweets,2018-07-26 19:14:00,"Facebook shares dive 19%, shedding $120 billion in market capitalization https://t.co/Id43rVeQtf https://t.co/4fyILBVriX",,FB
social,kaggle_tweets,2018-07-26 19:16:00,"RT @WIRED: Since releasing its financial results yesterday and warning that revenue growth is slowing, Facebook has lost more than $120 bil…",,FB
social,kaggle_tweets,2018-07-26 19:25:00,"Oracle has been named a leader in ""The Forrester Wave™: Digital Experience Development Platforms, Q2 2018,” and was… https://t.co/EiB57jtkQx",,ORCL
social,kaggle_tweets,2018-07-26 19:28:00,"RT @commedesjaicon: I’ll show him to network, fuck dat Netflix and chill. What’s yo net-net-net worth? https://t.co/poG8QatR1I",,NFLX
social,kaggle_tweets,2018-07-26 19:31:00,@justinisreal @RampCapitalLLC Yes. Profit margin isn’t important in Amazon but it is very focused on in AWS the clo… https://t.co/LhrkTJmAX9,,AMZN
social,kaggle_tweets,2018-07-26 19:33:00,"RT @Cinetext: Netflix ・New Profile Icons Keep Making Netflix Yours​! Showcasing the evolution of Profile​s​, ​which ​first launched​ in 20…",,NFLX
social,kaggle_tweets,2018-07-26 19:34:00,RT @JacobAWohl: @realDonaldTrump @IAGovernor Boom! Facebook stock DOWN more than 18%! That's what they get for censoring conservatives! Z…,,FB
social,kaggle_tweets,2018-07-26 19:39:00,RT @deplorablem1ke: Facebook Eliminates 93% of Traffic to Top Conservative Sites --- Stocks Slide 24% https://t.co/47mzCUXai4 via @gatewayp…,,FB
social,kaggle_tweets,2018-07-26 19:39:00,RT @deplorablem1ke: Facebook Eliminates 93% of Traffic to Top Conservative Sites --- Stocks Slide 24% https://t.co/47mzCUXai4 via @gatewayp…,,FB
social,kaggle_tweets,2018-07-26 19:47:00,@brsabel Google conference!,,GOOGL
social,kaggle_tweets,2018-07-26 19:51:00,"RT @Mr_DrinksOnMe: One guy wrote on his Facebook status: ""Last night, even after having 7 drinks I felt confident to drive, but l acted res…",,FB
social,kaggle_tweets,2018-07-26 19:52:00,How years of privacy controversies finally caught up with Facebook,,FB
social,kaggle_tweets,2018-07-26 19:56:00,The beginning is always today. Let's Connect on Facebook =&gt; https://t.co/yiE9pq2jMH #sales #affiliatemarketing… https://t.co/7KO5i6O4mA,,FB
social,kaggle_tweets,2018-07-26 19:57:00,"RT @rtehrani: #Waymo strikes deals with Walmart, others to boost access to self-driving cars https://t.co/xgtlP3UY3p #Autonomous #selfdriv…",,WMT
social,kaggle_tweets,2018-07-26 20:02:00,I guess the million dollar question this morning is this? Why didn't Facebook issue a profit warning like normal co… https://t.co/B9sIX7M8pL,,FB
social,kaggle_tweets,2018-07-26 20:06:00,RT @Thomas1774Paine: Liberal Facebook Just Lost $150 Billion in market capitalization in under two hours https://t.co/KM5C0EkB4L,,FB
social,kaggle_tweets,2018-07-26 20:13:00,Hydrate Like a Blogger With This Amazon bubly Deal https://t.co/E2jAfEpnGP https://t.co/E2jAfEpnGP,,AMZN
social,kaggle_tweets,2018-07-26 20:17:00,@EvasiveEgyptian //Disney has a ton of beautiful ladies to choose from as well as Marvel! Maybe Princess Jasmine? Or Captain Marvel?,,DIS
social,kaggle_tweets,2018-07-26 20:23:00,"Facebook Loses Over $100 Billion In Value, Zuckerberg Under Fire - https://t.co/VrGoLTiRWM",,FB
social,kaggle_tweets,2018-07-26 20:34:00,FY2018 Earnings Forecast for Verizon Communications Inc. $VZ Issued By KeyCorp https://t.co/wFAaL1lZjv,,VZ
social,kaggle_tweets,2018-07-26 20:42:00,RT @ChuckCallesto: Breaking #FoxNews Alert : Mark Zuckerberg loses more than $15 billion as Facebook stock plummets,,FB
social,kaggle_tweets,2018-07-26 20:49:00,"RT @mattdpearce: Headline: ""Facebook just had the biggest stock-market wipeout in American history"" Facebook's stock over the last five ye…",,FB
social,kaggle_tweets,2018-07-26 20:49:00,"RT @mattdpearce: Headline: ""Facebook just had the biggest stock-market wipeout in American history"" Facebook's stock over the last five ye…",,FB
social,kaggle_tweets,2018-07-26 20:56:00,RT @CNN: Facebook just had the biggest single-day loss for any public company in history https://t.co/0VrBYwhF71 https://t.co/8mIVnvMDDS,,FB
social,kaggle_tweets,2018-07-26 20:58:00,"Ars Technica - Google launches “Shielded VMs” to protect cloud servers from rootkits, data theft https://t.co/buB6oEZ69o",,GOOGL
social,kaggle_tweets,2018-07-27 07:02:00,RT @icutoo_com: Facebook loses $100B in stock market value as quarterly earnings show slowing growth | CBC News https://t.co/DrKMiqfjeQ,,FB
social,kaggle_tweets,2018-07-27 07:25:00,"RT @cantgeterdone: Chairman Nunes: House Intel Panel Investigating Whether 'Informants' Gathered Info on Trump, Russia Prior to Authorizati…",,INTC
social,kaggle_tweets,2018-07-27 07:47:00,"RT @wvjoe911: Facebook is in free fall and pulling the rest of tech with it (FB, AAPL, AMZN, NFLX, TWTR, GOOGL) https://t.co/6bO1cCJaE0",,FB
social,kaggle_tweets,2018-07-27 08:20:00,"RT @EqGImages: Hey look, it's a Disney lawsuit. #Brony #EquestriaGirls https://t.co/w4XLOKGF8I",,DIS
social,kaggle_tweets,2018-07-27 08:26:00,"RT @UberFacts: A Boeing 787 has over 2.3 million parts, and workers on the 747 have to drill a million holes during its assembly.",,BA
social,kaggle_tweets,2018-07-27 08:34:00,RT @TeaPainUSA: Facebook loses 119 billion dollars of wealth in one day. Maybe turnin' a blind eye while Russia helped throw two elections…,,FB
social,kaggle_tweets,2018-07-27 08:34:00,RT @TeaPainUSA: Facebook loses 119 billion dollars of wealth in one day. Maybe turnin' a blind eye while Russia helped throw two elections…,,FB
social,kaggle_tweets,2018-07-27 09:08:00,RT @jamberbentley: Custom decorated tumbler!!! Whippoorwill Designs my page is on Facebook if you’re interested in purchasing one!!! https:…,,FB
social,kaggle_tweets,2018-07-27 09:34:00,"RT @Boxman2324: @SaraCarterDC If the CIA, a government agency, financed the Google startup, then Google owes the US Treasury it’s share of…",,GOOGL
social,kaggle_tweets,2018-07-27 09:35:00,"Facebook has suffered the biggest stock-market wipe-out in American history, after losing a whopping AUD$161 billio… https://t.co/DfVOWGAqKP",,FB
social,kaggle_tweets,2018-07-27 09:41:00,The hot new smartphone Trump tried to ban dropped to its lowest price ever on Amazon https://t.co/IJeUUe53CX Shared from my Google feed,,GOOGL
social,kaggle_tweets,2018-07-27 09:43:00,"RT @DuffelBlog: 15,000 Troops perish after Ohio woman fails to share Facebook prayer https://t.co/0Kat6UhqLB https://t.co/jf74vxS8kp",,FB
social,kaggle_tweets,2018-07-27 10:54:00,Facebook just had the biggest stock market wipeout in American history #WorldNews https://t.co/Vk3oobFNlf https://t.co/dT4ZjUvTMT,,FB
social,kaggle_tweets,2018-07-27 11:08:00,RT @FoxBusiness: Comcast profit tops estimates as internet customers grow. https://t.co/8mpwFdQLDv,,CMCSA
social,kaggle_tweets,2018-07-27 11:13:00,RT @SenSanders: The average cashier at McDonald's would have to work for 895 years to make what the company's CEO makes in one year. That i…,,MCD
social,kaggle_tweets,2018-07-27 11:45:00,"RT @_makaylaaB: I miss the old Disney channel man , Like I literally was READY to watch a New episode 😩 . wizard of Waverley Place , Good L…",,DIS
social,kaggle_tweets,2018-07-27 11:45:00,"RT @_makaylaaB: I miss the old Disney channel man , Like I literally was READY to watch a New episode 😩 . wizard of Waverley Place , Good L…",,DIS
social,kaggle_tweets,2018-07-27 11:45:00,"RT @_makaylaaB: I miss the old Disney channel man , Like I literally was READY to watch a New episode 😩 . wizard of Waverley Place , Good L…",,DIS
social,kaggle_tweets,2018-07-27 11:50:00,RT @BuzzFeedNews: A big milestone for Facebook today: No other US company has ever lost more than $100 billion in a single day of trading.…,,FB
social,kaggle_tweets,2018-07-27 11:53:00,RT @DuckDuckGo: Great to see Microsoft President @BradSmi detailing the privacy implications of facial recognition technology and calling f…,,MSFT
social,kaggle_tweets,2018-07-27 11:59:00,RT @rising_serpent: Twitter stock likely to follow Facebook trend? Are they so scared that Shadowbaning is at an all time high? All I know…,,FB
social,kaggle_tweets,2018-07-27 12:36:00,"RT @JuddLegum: 1. Some thoughts on Facebook, whose stock is tanking today Right now, Facebook seems like a massive, immutable force But t…",,FB
social,kaggle_tweets,2018-07-27 12:44:00,RT @GOT7Official: GOT7 Official Facebook Exceeded 1 Million Likes! Thank You! http://t.co/O78UbHA6LZ #GOT7 http://t.co/15HBOo0ZTs,,FB
social,kaggle_tweets,2018-07-27 12:56:00,"RT @ChefAaronStein: SUPREME CDG VANS 🔥 SALE $250 PayPal gift shipped within the USA. Sz 12, barely worn at all. This deal will disintegrate…",,PYPL
social,kaggle_tweets,2018-07-27 13:19:00,RT @olgaNYC1211: Here we go again! Russian Intel agencies behind the 2016 election hack have started their attack for the 2018 midterms. T…,,INTC
social,kaggle_tweets,2018-07-27 14:06:00,"RT @AP: BREAKING: Facebook stock collapse wipes out $119 billion in market value, one of the worst single-day losses in history.",,FB
social,kaggle_tweets,2018-07-27 14:06:00,"RT @AP: BREAKING: Facebook stock collapse wipes out $119 billion in market value, one of the worst single-day losses in history.",,FB
social,kaggle_tweets,2018-07-27 14:27:00,#TechNews: Amazon Q2 earnings show competition isn’t slowing down Amazon Web Services https://t.co/uEDIGGzZwY,,AMZN
social,kaggle_tweets,2018-07-27 14:53:00,"RT @TheRickyDavila: In one day, Facebook suffered a loss of over $119 Billion in wealth and Mark Zuckerberg lost over $16 Billion. Perhaps…",,FB
social,kaggle_tweets,2018-07-27 14:54:00,"RT @kathym4321: The losses hit Zuckerberg’s wallet to the tune of about $15 billion through the 387,095,123 Facebook shares he owns, accord…",,FB
social,kaggle_tweets,2018-07-27 15:15:00,RT @SenSanders: Amazon just announced that they made $2.5 billion in profits last quarter. Why does Jeff Bezos still refuse to treat his wo…,,AMZN
social,kaggle_tweets,2018-07-27 15:15:00,RT @SenSanders: Amazon just announced that they made $2.5 billion in profits last quarter. Why does Jeff Bezos still refuse to treat his wo…,,AMZN
social,kaggle_tweets,2018-07-27 15:15:00,RT @SenSanders: Amazon just announced that they made $2.5 billion in profits last quarter. Why does Jeff Bezos still refuse to treat his wo…,,AMZN
social,kaggle_tweets,2018-07-27 16:00:00,RT @tictoc: Facebook insiders have sold roughly $3.9 billion in stock since the Cambridge Analytica scandal first surfaced on March 17. CEO…,,FB
social,kaggle_tweets,2018-07-27 16:05:00,RT @WiredSources: BREAKING: House Intel committee investigating whether FBI spied on Trump campaign prior to launch of Russia probe - The H…,,INTC
social,kaggle_tweets,2018-07-27 16:05:00,RT @WiredSources: BREAKING: House Intel committee investigating whether FBI spied on Trump campaign prior to launch of Russia probe - The H…,,INTC
social,kaggle_tweets,2018-07-27 16:12:00,RT @nationalpost: Report says Doug Ford plans to slash Toronto city council nearly in half as fall municipal election looms https://t.co/Es…,,F
social,kaggle_tweets,2018-07-27 16:15:00,"RT @_vjy: 2030, or before.. Market value lost by Bitcoin today = Market cap of Facebook https://t.co/eoDh5717j1",,FB
social,kaggle_tweets,2018-07-27 16:23:00,NBC News: Facebook experiences biggest loss in stock market history https://t.co/ObqFogsodB,,FB
social,kaggle_tweets,2018-07-27 16:24:00,RT @DanielsABC11: BREAKING: Car crashes into Verizon store at North Hills in Raleigh. 74-year-old Charles Hager is charged with assault. De…,,VZ
social,kaggle_tweets,2018-07-27 16:49:00,RT @DeplorableChoir: Facebook loses 16 billion in a matter of minutes!! Maybe Zuckerberg should have listened to conservatives when we sa…,,FB
social,kaggle_tweets,2018-07-27 16:49:00,RT @DeplorableChoir: Facebook loses 16 billion in a matter of minutes!! Maybe Zuckerberg should have listened to conservatives when we sa…,,FB
social,kaggle_tweets,2018-07-27 16:51:00,"Facebook market value drops over $110 billion, stock slides https://t.co/ALQKrnt5Ge",,FB
social,kaggle_tweets,2018-07-27 16:56:00,RT @CNN: Amazon tops $2 billion in quarterly profit for the first time in its history https://t.co/EIOIntbZER https://t.co/jRYEXWk5Ue,,AMZN
social,kaggle_tweets,2018-07-27 17:57:00,RT @sure_kamhunga: More than £91 billion wiped off Facebook value after it was reported up to 3 million users were lost after the scandal r…,,FB
social,kaggle_tweets,2018-07-27 18:32:00,RT @b_wellington: Me: I gotta get up early Netflix: @OITNB drops at midnight. Press Play? https://t.co/UDMb5ffDea,,NFLX
social,kaggle_tweets,2018-07-27 18:32:00,RT @b_wellington: Me: I gotta get up early Netflix: @OITNB drops at midnight. Press Play? https://t.co/UDMb5ffDea,,NFLX
social,kaggle_tweets,2018-07-27 18:45:00,"RT Recode ""How far will Facebook fall today?https://t.co/sefqXAuDpo""",,FB
social,kaggle_tweets,2018-07-27 19:00:00,I deleted my #Facebook account months ago. Facebook is trash. Delete your account!,,FB
social,kaggle_tweets,2018-07-27 19:05:00,"Like I said, many of the tweets on Premier Ford slashing the size of Toronto council in half for this fall are hil… https://t.co/5jY3f54qZe",,F
social,kaggle_tweets,2018-07-27 19:08:00,RT @business: It's official. Facebook just had the biggest stock-market wipeout in American history https://t.co/9KkJxcWiQl https://t.co/wz…,,FB
social,kaggle_tweets,2018-07-27 19:14:00,Facebook funeral photo used in 'deficient' investigation into Invercargill rest home employee https://t.co/YZ08FIQ5TD,,FB
social,kaggle_tweets,2018-07-27 20:21:00,RT @ARmastrangelo: Mark Zuckerberg loses more than $15 billion as Facebook stock plummets. https://t.co/jFsHxFn5e5,,FB
social,kaggle_tweets,2018-07-27 20:21:00,RT @ARmastrangelo: Mark Zuckerberg loses more than $15 billion as Facebook stock plummets. https://t.co/jFsHxFn5e5,,FB
social,kaggle_tweets,2018-07-27 20:21:00,RT @ARmastrangelo: Mark Zuckerberg loses more than $15 billion as Facebook stock plummets. https://t.co/jFsHxFn5e5,,FB
social,kaggle_tweets,2018-07-27 20:58:00,RT @THR: Facebook loses about $120 billion in value in single day as stock collapses https://t.co/T1tu2Qyn0D https://t.co/hSJua8BczB,,FB
social,kaggle_tweets,2018-07-28 07:07:00,Lofoten 4k Spectacular Norway million views on Facebook https://t.co/QutjR56wC7 via @YouTube,,FB
social,kaggle_tweets,2018-07-28 07:25:00,"RT @cantgeterdone: Chairman Nunes: House Intel Panel Investigating Whether 'Informants' Gathered Info on Trump, Russia Prior to Authorizati…",,INTC
social,kaggle_tweets,2018-07-28 07:33:00,@jlay310 https://t.co/Tot6Rcmmww $CELZ Traders Facebook Discussion Group... please join.,,FB
social,kaggle_tweets,2018-07-28 07:38:00,RT @ColaBoink: Uploaded @ 11:21 am: 1 MILLION VIEWS after 3 hours and 20 minutes!!! #TheHowsOfUsTeaser Facebook: https://t.co/Ou85lxJXQp S…,,FB
social,kaggle_tweets,2018-07-28 07:53:00,RT @the_dools: Here’s the full statement from ACLU’s @snowjake in response to Amazon statement 2.5 https://t.co/2s9bqnPYZn,,AMZN
social,kaggle_tweets,2018-07-28 08:04:00,"Firm launches WhiteHouse Apple Cider, stakeholders seek ways to curb drug abuse https://t.co/n3T2SQE1Q9 via Guardian https://t.co/ttLWrvHl6h",,AAPL
social,kaggle_tweets,2018-07-28 08:09:00,RT @GoogleAds: Google Ad Manager is our new brand for publishers. It brings together DoubleClick for Publishers and DoubleClick Ad Exchange…,,GOOGL
social,kaggle_tweets,2018-07-28 08:09:00,Good morning is there new Banana Fish yet on this fine Three Days After Amazon Promised New Banana Fish day?,,AMZN
social,kaggle_tweets,2018-07-28 09:03:00,"RT @JBaker31826004: Chairman Nunes: House Intel Panel Investigating Whether 'Informants' Gathered Info on Trump, Russia Prior to Authorizat…",,INTC
social,kaggle_tweets,2018-07-28 09:18:00,"RT @Pappiness: Facebook suspended the personal profile of Alex Jones, so all it took to finally do the morally correct thing was lose 115 b…",,FB
social,kaggle_tweets,2018-07-28 09:18:00,"RT @Pappiness: Facebook suspended the personal profile of Alex Jones, so all it took to finally do the morally correct thing was lose 115 b…",,FB
social,kaggle_tweets,2018-07-28 09:18:00,"RT @Pappiness: Facebook suspended the personal profile of Alex Jones, so all it took to finally do the morally correct thing was lose 115 b…",,FB
social,kaggle_tweets,2018-07-28 09:18:00,"RT @Pappiness: Facebook suspended the personal profile of Alex Jones, so all it took to finally do the morally correct thing was lose 115 b…",,FB
social,kaggle_tweets,2018-07-28 09:18:00,"RT @Pappiness: Facebook suspended the personal profile of Alex Jones, so all it took to finally do the morally correct thing was lose 115 b…",,FB
social,kaggle_tweets,2018-07-28 09:18:00,"RT @Pappiness: Facebook suspended the personal profile of Alex Jones, so all it took to finally do the morally correct thing was lose 115 b…",,FB
social,kaggle_tweets,2018-07-28 09:18:00,"RT @Pappiness: Facebook suspended the personal profile of Alex Jones, so all it took to finally do the morally correct thing was lose 115 b…",,FB
social,kaggle_tweets,2018-07-28 09:18:00,"RT @Pappiness: Facebook suspended the personal profile of Alex Jones, so all it took to finally do the morally correct thing was lose 115 b…",,FB
social,kaggle_tweets,2018-07-28 09:18:00,"RT @Pappiness: Facebook suspended the personal profile of Alex Jones, so all it took to finally do the morally correct thing was lose 115 b…",,FB
social,kaggle_tweets,2018-07-28 09:18:00,"RT @Pappiness: Facebook suspended the personal profile of Alex Jones, so all it took to finally do the morally correct thing was lose 115 b…",,FB
social,kaggle_tweets,2018-07-28 09:18:00,"RT @Pappiness: Facebook suspended the personal profile of Alex Jones, so all it took to finally do the morally correct thing was lose 115 b…",,FB
social,kaggle_tweets,2018-07-28 09:18:00,"RT @Pappiness: Facebook suspended the personal profile of Alex Jones, so all it took to finally do the morally correct thing was lose 115 b…",,FB
social,kaggle_tweets,2018-07-28 09:18:00,"RT @Pappiness: Facebook suspended the personal profile of Alex Jones, so all it took to finally do the morally correct thing was lose 115 b…",,FB
social,kaggle_tweets,2018-07-28 09:18:00,"RT @Pappiness: Facebook suspended the personal profile of Alex Jones, so all it took to finally do the morally correct thing was lose 115 b…",,FB
social,kaggle_tweets,2018-07-28 09:18:00,"RT @Pappiness: Facebook suspended the personal profile of Alex Jones, so all it took to finally do the morally correct thing was lose 115 b…",,FB
social,kaggle_tweets,2018-07-28 09:18:00,"RT @Pappiness: Facebook suspended the personal profile of Alex Jones, so all it took to finally do the morally correct thing was lose 115 b…",,FB
social,kaggle_tweets,2018-07-28 09:42:00,eBay to Begin Rolling Out Apple Pay Acceptance on its Marketplace Platform This Fall Get Results #applepay… https://t.co/qiQb6Rt7M4,,AAPL
social,kaggle_tweets,2018-07-28 10:00:00,BREAKING XBOX NEWS! Microsoft Drops Enormous Xbox One Announcement That ... https://t.co/oYAQ0Lo4s1 via @YouTube,,MSFT
social,kaggle_tweets,2018-07-28 10:02:00,RT @Josal87: @AmericanVoterUS @LaylaAlisha11 He knows that he is about to lose his job and that Facebook will continue to fall if their sub…,,FB
social,kaggle_tweets,2018-07-28 10:05:00,"RT @JaredBeck: 100 percent incorrect. Ford pardoned Nixon, who was never charged with anything. Might want to actually know something about…",,F
social,kaggle_tweets,2018-07-28 10:05:00,RT @JtotheAKE1: Same goes for Facebook! Lmfao! Hey @facebook wanna know something fun I did yesterday? I profited 15k $ from your stock ma…,,FB
social,kaggle_tweets,2018-07-28 10:09:00,RT @chrislhayes: Facebook is the equivalent of a massively profitable factory that just dumps all of its waste into the river and never has…,,FB
social,kaggle_tweets,2018-07-28 10:14:00,"RT @kylegriffin1: Adam Schiff says that he learned about the hacking attempt on Claire McCaskill ""from comments by a Microsoft employee at…",,MSFT
social,kaggle_tweets,2018-07-28 10:14:00,"RT @kylegriffin1: Adam Schiff says that he learned about the hacking attempt on Claire McCaskill ""from comments by a Microsoft employee at…",,MSFT
social,kaggle_tweets,2018-07-28 10:14:00,"RT @kylegriffin1: Adam Schiff says that he learned about the hacking attempt on Claire McCaskill ""from comments by a Microsoft employee at…",,MSFT
social,kaggle_tweets,2018-07-28 10:14:00,"RT @kylegriffin1: Adam Schiff says that he learned about the hacking attempt on Claire McCaskill ""from comments by a Microsoft employee at…",,MSFT
social,kaggle_tweets,2018-07-28 11:13:00,"RT @FoxBusiness: Facebook, Amazon and Cisco may face $10B in EU fines: Acronis CEO. https://t.co/HzDSfKEjNT",,AMZN
social,kaggle_tweets,2018-07-28 11:37:00,Oil drops; Verizon reports; U.S. futures rise Here's what you need to know about the markets before you start your… https://t.co/f0bfNsFdbk,,VZ
social,kaggle_tweets,2018-07-28 11:39:00,RT @Paintking: LIBERAL DOUBLE STANDARDS - Facebook announces $10 million a year allowance for Zuckerberg’a home and family security to addr…,,FB
social,kaggle_tweets,2018-07-28 11:57:00,"RT @Education4Libs: Facebook had its worst trading day ever yesterday, losing $119 billion in market value. It’s also interesting how Zuck…",,FB
social,kaggle_tweets,2018-07-28 12:05:00,RT @MarkDice: YouTube and Facebook issued strikes on @RealAlexJones' videos for criticizing a sexually charged drag queen festival that inv…,,FB
social,kaggle_tweets,2018-07-28 12:41:00,Facebook stock is set for its worst day ever Facebook's stock is set for its worst day eve https://t.co/9ezSqMvyMl @silewconsulting @blacq2,,FB
social,kaggle_tweets,2018-07-28 12:42:00,"RT @Norlaine: Doug Ford has launched his tenure as premier by self-identifying as the bull in the china shop. Anything good, or valuable to…",,F
social,kaggle_tweets,2018-07-28 13:04:00,RT @JoedeBrig: Israel is planning an $11 billion buy of Boeing a/c and confirms that it will buy a new variant of the F-15 Eagle and not an…,,BA
social,kaggle_tweets,2018-07-28 13:06:00,We all knew Facebook &amp; Twitter are both leftist owned and operated. What choice does the Right have? Sue them for u… https://t.co/oSvPPwMLgs,,FB
social,kaggle_tweets,2018-07-28 13:13:00,"RT @Ebony_QT: Sis what?! Crack the window a little bit, put on Netflix or Hulu and sleep off and on all day&gt;&gt;&gt;&gt;&gt; https://t.co/8APb3PPrru",,NFLX
social,kaggle_tweets,2018-07-28 13:34:00,"RT @MCU_Tweets: BREAKING: Disney and Fox shareholders have voted to approve the $71.3 billion merger of the two companies, marking another…",,DIS
social,kaggle_tweets,2018-07-28 13:34:00,"RT @MCU_Tweets: BREAKING: Disney and Fox shareholders have voted to approve the $71.3 billion merger of the two companies, marking another…",,DIS
social,kaggle_tweets,2018-07-28 13:47:00,RT @brobert545: Did you Netflix people see what happened to Facebook? You stick a finger in the eye of 63 million of us and we respond . Ri…,,FB
social,kaggle_tweets,2018-07-28 13:47:00,I am literally that guy who did nothing the entire afternoon but binge watched a series on Netflix... Being late t… https://t.co/Um6gaomUeO,,NFLX
social,kaggle_tweets,2018-07-28 13:47:00,"RT @memoirsofswift: Upon hearing Taylor Swift’s “Getaway Car,” Henry Ford was inspired to start the Ford Motor Company, where he sponsored…",,F
social,kaggle_tweets,2018-07-28 13:47:00,Netflix n chill..... Slap this https://t.co/O299r9qcGt,,NFLX
social,kaggle_tweets,2018-07-28 14:02:00,"RT @sarahfrier: Down 23% now. I just want to emphasize, Facebook has NEVER fallen this much in response to an earnings report. If this chan…",,FB
social,kaggle_tweets,2018-07-28 14:27:00,RT @NeinQuarterly: I saw the best summer reading lists of my generation. Destroyed. By the most fair to middling Netflix queues of my gener…,,NFLX
social,kaggle_tweets,2018-07-28 14:56:00,Retweeted DjTito (@djtito): Cacoteo Radio Official App is here on Google Play - Download Free Now on Google Market… https://t.co/uBVXSqQWy3,,GOOGL
social,kaggle_tweets,2018-07-28 15:04:00,Girls and gays run Starbucks tell me fucking otherwise,,SBUX
social,kaggle_tweets,2018-07-28 15:12:00,I posted a new video to Facebook https://t.co/aRqn086myB,,FB
social,kaggle_tweets,2018-07-28 15:33:00,"#Cybersecurity #Hacker Mining the Social Web: Data Mining Facebook, Twitter, LinkedIn, Google+, GitHub, and More… https://t.co/eUI43Tnds4",,FB
social,kaggle_tweets,2018-07-28 15:44:00,#Thalapathy #Vijay Vintage UHD Pic1: 2.19MB (1920×2754) Google Drive:https://t.co/Ft45F3OsV6 Pic2: 1.65MB (1920×24… https://t.co/e911ZVR9aL,,GOOGL
social,kaggle_tweets,2018-07-28 15:47:00,"@jodyavirgan Agreed. And yet it's owned by Facebook, so there's some cognitive dissonance there.",,FB
social,kaggle_tweets,2018-07-28 16:22:00,And Jeannie’s Facebook profile Creepy stuff You leave that Renee alone It’s not Jeannie These hacked profiles all want to help Renee,,FB
social,kaggle_tweets,2018-07-28 16:27:00,RT @ChuckCallesto: Don't let anyone fool you... These are POLITICAL moves... Facebook Responds To Historic Stock Loss By Banning Alex Jo…,,FB
social,kaggle_tweets,2018-07-28 16:27:00,RT @ChuckCallesto: Don't let anyone fool you... These are POLITICAL moves... Facebook Responds To Historic Stock Loss By Banning Alex Jo…,,FB
social,kaggle_tweets,2018-07-28 16:29:00,"RT @CodeMailTech: Google continues to provide a false sense of security &amp; privacy. ""Confidential Mode"" does not encrypt data as it passes t…",,GOOGL
social,kaggle_tweets,2018-07-28 16:36:00,Check out this Amazon deal: AmazonBasics High-Speed HDMI Cable - 6.5 Feet... by AmazonBasics https://t.co/TGrmLjkDJT,,AMZN
social,kaggle_tweets,2018-07-28 17:05:00,Amazon Price Drop! - $3.99 (was $11.37 - 65% Drop) https://t.co/CaSUUd3xWc,,AMZN
social,kaggle_tweets,2018-07-28 17:06:00,Unfriending Facebook? Internet giants and their earnings @AJEnglish https://t.co/9azCpX1LLU,,FB
social,kaggle_tweets,2018-07-28 17:14:00,RT @AMike4761: Zuckerberg Cut Off 93 Percent of Traffic to Conservative Sites — and Facebook Stock Just Plunged 24%! LOCK HIM UP!…,,FB
social,kaggle_tweets,2018-07-28 17:14:00,RT @AMike4761: Zuckerberg Cut Off 93 Percent of Traffic to Conservative Sites — and Facebook Stock Just Plunged 24%! LOCK HIM UP!…,,FB
social,kaggle_tweets,2018-07-28 17:14:00,RT @AMike4761: Zuckerberg Cut Off 93 Percent of Traffic to Conservative Sites — and Facebook Stock Just Plunged 24%! LOCK HIM UP!…,,FB
social,kaggle_tweets,2018-07-28 17:14:00,RT @AMike4761: Zuckerberg Cut Off 93 Percent of Traffic to Conservative Sites — and Facebook Stock Just Plunged 24%! LOCK HIM UP!…,,FB
social,kaggle_tweets,2018-07-28 17:24:00,RT @kkerrrigann: i’m so hesitant to spend money on clothes but i’ll drop $13.01 at Starbucks for a water and piece of bread like it’s nothi…,,SBUX
social,kaggle_tweets,2018-07-28 17:32:00,"RT @weneedtotalk: Peter Strzoks wife will be ""investigating"" the Facebook sell off. Who the hell is rigging these investigations? We alr…",,FB
social,kaggle_tweets,2018-07-28 17:37:00,RT @Eddystone506: This is HUGE. Vote Leave’s fake Facebook ads were served 169 MILLION TIMES in the 2016 ref. Look at the lies and ask if t…,,FB
social,kaggle_tweets,2018-07-28 17:38:00,RT @Robertfata1: Zuckerberg Cut Off 93 Percent of Traffic to Conservative Sites — and Facebook Stock Just Plunged 24% https://t.co/8NOF6cKM…,,FB
social,kaggle_tweets,2018-07-28 17:53:00,RT @business: Facebook just had the biggest stock-market wipeout in American history https://t.co/9XGDJvB3nH https://t.co/Vpcx6WMqRx,,FB
social,kaggle_tweets,2018-07-28 18:07:00,"As Apple $AAPL Market Valuation Rose, Holder Smith Chas P &amp; Associates Pa Cpas Has Lowered Its Stake; As General E… https://t.co/Yarq0Uaxzj",,AAPL
social,kaggle_tweets,2018-07-28 18:18:00,RT @HeStillCold: Facebook really is a 3rd world country lmaooooo https://t.co/lj1vLNVIpu,,FB
social,kaggle_tweets,2018-07-28 18:36:00,@PPFAS recently Facebook stock was Down 20% but fund has only 0.74%. How to manage they risk anyone know ? I want… https://t.co/qdgSsUNmAY,,FB
social,kaggle_tweets,2018-07-28 18:37:00,"RT @LisaMei62: 1. Wall Street knows the illegal activities committed by FB, Twitter, Google, etc. will soon be exposed. Insiders are dumpin…",,GOOGL
social,kaggle_tweets,2018-07-28 18:37:00,"RT @LisaMei62: 1. Wall Street knows the illegal activities committed by FB, Twitter, Google, etc. will soon be exposed. Insiders are dumpin…",,GOOGL
social,kaggle_tweets,2018-07-28 18:39:00,"RT @SenecaDeja: Somebody said “Twitter is for all your friends that made it to college, and Facebook is for your friends that didn’t” 😂😂😂😂😂😂",,FB
social,kaggle_tweets,2018-07-28 18:48:00,IBM Wins $83 Million From Groupon in Internet Patent Fight #ibm #wins #million #83 #from #groupon #in #internet… https://t.co/m7cDGAWGWl,,IBM
social,kaggle_tweets,2018-07-28 18:50:00,"RT @AmericanVoterUS: Just in July 2018, Mark Zuckerberg has SOLD 3.6 million shares of Facebook for over $730 million dollars Why is he ju…",,FB
social,kaggle_tweets,2018-07-28 19:06:00,RT @seani: G Suite Updates Blog:New grammar suggestions in Google Docs launching to Early Adopter Program https://t.co/aXNutvuqwc via @goog…,,GOOGL
social,kaggle_tweets,2018-07-28 19:13:00,RT @notnajz: just because Plan B is going viral for being cheaper on Amazon doesn't mean y'all should go and get nutted in! PLAN B IS EMERG…,,AMZN
social,kaggle_tweets,2018-07-28 19:13:00,"Everything that investors learned about Facebook this week was already known. It was just disbelieved, until it was undeniably true.",,FB
social,kaggle_tweets,2018-07-28 19:13:00,RT @notnajz: just because Plan B is going viral for being cheaper on Amazon doesn't mean y'all should go and get nutted in! PLAN B IS EMERG…,,AMZN
social,kaggle_tweets,2018-07-28 19:14:00,Understanding Google Cloud Platform #GCP Infrastructure Services #googlecloud googlecloud https://t.co/fn4uuK15d4 https://t.co/BmQomJ7xIV,,GOOGL
social,kaggle_tweets,2018-07-28 19:22:00,RT @NormsRespecter: Replace Facebook with a website that tells me people's birthdays and nothing of value will be lost,,FB
social,kaggle_tweets,2018-07-28 19:31:00,UK lawmakers say Facebook hasn't played straight with them on fake news - CNET https://t.co/WPgfthJCyR,,FB
social,kaggle_tweets,2018-07-28 19:45:00,#AppleWatch What to Watch When Apple Reports Earnings - Motley Fool https://t.co/Fw18RGQoG0,,AAPL
social,kaggle_tweets,2018-07-28 19:46:00,Microsoft $MSFT Stock Rating Reaffirmed by Royal Bank of Canada https://t.co/3CNVphtcHS,,MSFT
social,kaggle_tweets,2018-07-28 19:57:00,RT @mitchellvii: Think about this. Twitter and Facebook stocks are dying in a 4.1% GDP economy. Turns our #censorship is bad for business.,,FB
social,kaggle_tweets,2018-07-28 19:59:00,RT @GregKrutzky: If Netflix got Malcolm in the middle it would be game over https://t.co/QjeOBGyl7L,,NFLX
social,kaggle_tweets,2018-07-28 19:59:00,@NBA2K_MyTEAM When you're watching Netflix instead of on 2k and they drop a PD KD https://t.co/gp8NKD706c,,NFLX
social,kaggle_tweets,2018-07-28 20:18:00,Confluence Investment Management Boosted By $2.07 Million Its Pfizer $PFE Position; Piper Jaffray Companies $PJC S… https://t.co/mUp2CS9Vby,,PFE
social,kaggle_tweets,2018-07-28 20:38:00,RT @chipadovani: Yesterday I spoke at the #OurCityHall rally to save our local democracy from Doug Ford. I can tell you this: #Ward11 and…,,F
social,kaggle_tweets,2018-07-28 20:57:00,Facebook is sued after stock plunge 'shocked' market - Reuters https://t.co/kZiWDVlrp9,,FB
social,kaggle_tweets,2018-07-29 07:04:00,This random girl on Facebook said she was called the police on me and a deputy was on the way to arrest me because… https://t.co/iD65AxheJU,,FB
social,kaggle_tweets,2018-07-29 07:13:00,@khaitunes 😅 Apple strikes again.,,AAPL
social,kaggle_tweets,2018-07-29 07:13:00,RT @shelbiemalin: A woman shared this photo on Facebook. A group of fire fighters who had been working by her house last night curled up an…,,FB
social,kaggle_tweets,2018-07-29 07:28:00,RT @alexarodrigguez: Texas way too big to not have a Disney theme park ‼️‼️‼️ https://t.co/xzE0JeDNkJ,,DIS
social,kaggle_tweets,2018-07-29 07:35:00,"RT @hallaboutafrica: In Nigeria, huge investment by huge company: Google to roll-out 200 free WiFi service center sites to serve 10 millio…",,GOOGL
social,kaggle_tweets,2018-07-29 07:47:00,"RT @USATrump45: Facebook and Twitter are prepared to lose billions of dollars just to silence conservatives. Let that sink in, stockholders",,FB
social,kaggle_tweets,2018-07-29 07:55:00,RT @Thomas1774Paine: “SEC May Want To Take A Look”: Facebook Insiders Dumped $4.1 Billion Weeks Ahead Of Record Crash https://t.co/qBv8IRo7…,,FB
social,kaggle_tweets,2018-07-29 08:00:00,"RT @Cameron_Gray: Hmm, methinks shadowbanning and censoring conservatives is bad for Twitter and Facebook profits https://t.co/7BzagImKHR",,FB
social,kaggle_tweets,2018-07-29 08:01:00,RT @v_eraaa: I really DON'T get why people are discouraged now!?!?!? Netflix literally said that they hear us and they can't have the right…,,NFLX
social,kaggle_tweets,2018-07-29 08:09:00,"RT @polemitis: 1/ ""But inside this cohort of companies and projects will be the next Google, Amazon, Facebook, Twitter, Dropbox, Uber, and…",,GOOGL
social,kaggle_tweets,2018-07-29 08:13:00,RT @LadyThriller69: Facebook lost millions because I spent a the day emailing their advertisers the day they banned me for trying to warn p…,,FB
social,kaggle_tweets,2018-07-29 08:17:00,RT @mitchellvii: THE GOOD NEWS ABOUT #CENSORSHIP: Facebook and Twitter are losing $BILLIONS to do this. If Democrats we're really looking…,,FB
social,kaggle_tweets,2018-07-29 08:36:00,"RT @shadowandact: Netflix officially announces Madam C.J. Walker limited series starring #OctaviaSpencer, produced by #LeBronJames; Janine…",,NFLX
social,kaggle_tweets,2018-07-29 08:43:00,"RT @maritstiles: While Torontonians have been trying to put our city back together, the Ford Government has been scheming about how to tear…",,F
social,kaggle_tweets,2018-07-29 08:53:00,"RT @Fbn6munna: Leah *6️⃣Gz* @fbn6munna (Like, Comment &amp; Share)6️⃣💤 #Sixer Instagram: @Fbn6munna Facebook: @6Munna https://t.co/shohZ36Key",,FB
social,kaggle_tweets,2018-07-29 08:58:00,RT @thehill: Facebook stock hit with biggest single-day loss for any public company ever https://t.co/5463CAhFu1 https://t.co/djNRSkJBbO,,FB
social,kaggle_tweets,2018-07-29 09:03:00,"RT @perfectsliders: 6. So now what? Are Google and or Amazon next, and if so will they drop 20% in a matter of hours next week? Heck I do n…",,GOOGL
social,kaggle_tweets,2018-07-29 09:11:00,"Verizon Communications $VZ Shareholder American Investment Services Upped Position by $526,353; Loews Decreased Sta… https://t.co/ocBvAuqZrZ",,VZ
social,kaggle_tweets,2018-07-29 09:18:00,"RT @Pappiness: Facebook suspended the personal profile of Alex Jones, so all it took to finally do the morally correct thing was lose 115 b…",,FB
social,kaggle_tweets,2018-07-29 09:18:00,"RT @Pappiness: Facebook suspended the personal profile of Alex Jones, so all it took to finally do the morally correct thing was lose 115 b…",,FB
social,kaggle_tweets,2018-07-29 09:18:00,"RT @Pappiness: Facebook suspended the personal profile of Alex Jones, so all it took to finally do the morally correct thing was lose 115 b…",,FB
social,kaggle_tweets,2018-07-29 09:20:00,RT @DaneRutger: @CovfefeRegina @SL_OKC The Democrats Poster Tranny ! Nice Adams Apple! https://t.co/yY1D88aMXi,,AAPL
social,kaggle_tweets,2018-07-29 09:28:00,RT @SoulSurge100: So Disney owns Fox now Less movies overall cause Disney likely won’t want their own movies competing with each other. P…,,DIS
social,kaggle_tweets,2018-07-29 09:34:00,#Apple and Amazon lead the pack to $1 trillion #Market value https://t.co/1TSvebiqzV,,AMZN
social,kaggle_tweets,2018-07-29 09:47:00,"RT @emmyrossum: SHAMELESS season 8 is on Netflix today. Ya know, in case you’re not busy for the next 12 hours.",,NFLX
social,kaggle_tweets,2018-07-29 10:01:00,"RT @ChrisCruise: Watching @QueerEye on Netflix. 'Skip intro?' In your fucking dreams, henny.",,NFLX
social,kaggle_tweets,2018-07-29 10:01:00,Earnings Watch: Earnings Watch: Even Apple takes a back seat to Elon Musk right now https://t.co/RlhKn0Ukbw,,AAPL
social,kaggle_tweets,2018-07-29 10:16:00,"RT @privacyint: Privacy policies are long Twitter’s is 12 pages, Instagram’s is 11, Netflix is at 9. Reddit’s comes in shortest at 6 pages…",,NFLX
social,kaggle_tweets,2018-07-29 10:31:00,"@crypto_bobby When buying latest PC does everyone research IBM 086? IBM 086 was ""first mover"" and market leader, b… https://t.co/g4bOoGgOMr",,IBM
social,kaggle_tweets,2018-07-29 10:38:00,Market News - Facebook And The Tyranny Of Monthly Active Users https://t.co/uX2mqF2BHv,,FB
social,kaggle_tweets,2018-07-29 10:44:00,RT @JoinCellular: This #job might be a great fit for you: Verizon Sales Representative - https://t.co/u6GLSK9E3A #CollegeGrad #SalesPeople…,,VZ
social,kaggle_tweets,2018-07-29 11:32:00,RT @StageRights: Tim Cook Apple CEO has a walk out song and it’s @PanicAtTheDisco! #LOVELOUD https://t.co/ibSDRHlV6q,,AAPL
social,kaggle_tweets,2018-07-29 11:32:00,RT @StageRights: Tim Cook Apple CEO has a walk out song and it’s @PanicAtTheDisco! #LOVELOUD https://t.co/ibSDRHlV6q,,AAPL
social,kaggle_tweets,2018-07-29 11:32:00,RT @StageRights: Tim Cook Apple CEO has a walk out song and it’s @PanicAtTheDisco! #LOVELOUD https://t.co/ibSDRHlV6q,,AAPL
social,kaggle_tweets,2018-07-29 11:32:00,RT @StageRights: Tim Cook Apple CEO has a walk out song and it’s @PanicAtTheDisco! #LOVELOUD https://t.co/ibSDRHlV6q,,AAPL
social,kaggle_tweets,2018-07-29 11:32:00,RT @StageRights: Tim Cook Apple CEO has a walk out song and it’s @PanicAtTheDisco! #LOVELOUD https://t.co/ibSDRHlV6q,,AAPL
social,kaggle_tweets,2018-07-29 11:38:00,RT @heyjacqui_: #ExcuseMeWhile I Netflix and chili. (Unfortunately this is not a typo.) https://t.co/dxBeZCgo0p,,NFLX
social,kaggle_tweets,2018-07-29 11:42:00,"RT @vinegarcider_: Pour 1 tablespoon Apple Cider Vinegar into water, mix and drink for rapid weight loss results. https://t.co/CqRM0yo0f7",,AAPL
social,kaggle_tweets,2018-07-29 11:49:00,@FoxNews @POTUS https://t.co/Wn15ZUcUIq I Will Do Amazon Keyword Research. Provide Amazon Product Research. FBA Product Research.,,AMZN
social,kaggle_tweets,2018-07-29 12:04:00,"Facebook, Twitter Say Europe's Privacy Law Causing User Drop https://t.co/kSIbO4cXA8",,FB
social,kaggle_tweets,2018-07-29 12:26:00,RT @AMike4761: Zuckerberg Cut Off 93 Percent of Traffic to Conservative Sites — and Facebook Stock Just Plunged 24%! What goes around com…,,FB
social,kaggle_tweets,2018-07-29 12:29:00,"Facebook stock crushed after revenue, user growth miss https://t.co/XHX5zdbzzp",,FB
social,kaggle_tweets,2018-07-29 12:31:00,Wells Fargo &amp; Co Lowers Intel $INTC Price Target to $58.00 https://t.co/ysPz1mKH8g,,INTC
social,kaggle_tweets,2018-07-29 12:46:00,"RT @queerthoughts: Again, the Globe has expressed a good deal of serious concern about Doug Ford since the election. They couldn't endorse…",,F
social,kaggle_tweets,2018-07-29 13:04:00,@MichaelCohen212 @DonaldJTrumpJr The Apple 🍎 doesn’t fall far from it’s tree 🌲.,,AAPL
social,kaggle_tweets,2018-07-29 13:08:00,RT @RevDaniel: Oh Beaverton. How I ❤️thee. “Doug Ford announces plan to cut Toronto City Council size by killing 1 million Torontonians…,,F
social,kaggle_tweets,2018-07-29 13:12:00,RT @HindolSengupta: Urge everyone to watch #Parmanu - a film I rather enjoyed - which is now also on Netflix. Please watch it. You might li…,,NFLX
social,kaggle_tweets,2018-07-29 13:15:00,"Taconic Capital Advisors LP Decreased Amazon Com $Put $AMZN Holding by $451,000 as Market Value Rose; As Triangle C… https://t.co/mAlZpNp1eq",,AMZN
social,kaggle_tweets,2018-07-29 13:22:00,RT @streetwearvice: iPad Wi-Fi + Cellular for Apple SIM 128GB - Silver + Free 2 Day Shipping! BUY HERE: https://t.co/zNQVTWds7t,,AAPL
social,kaggle_tweets,2018-07-29 13:27:00,Facebook loses $120 billion in market cap after awful Q2 earnings https://t.co/qdbvPjryAV https://t.co/x7F9bakIn3,,FB
social,kaggle_tweets,2018-07-29 13:31:00,"Mark Zuckerberg Sells 240,000 Shares of Facebook, Inc. Common Stock (FB) Stock https://t.co/NPa50inimr",,FB
social,kaggle_tweets,2018-07-29 13:33:00,RT @Bob_Staffford: With over 2 billion users Facebook is the number one social media site. Are you using it correctly to promote your #MLM…,,FB
social,kaggle_tweets,2018-07-29 13:55:00,RT @russdiemon: Disney don’t sue me.... Beauty &amp; The Beast sample 👀👀🔥🔥🔥 https://t.co/fRA9ZHSUDj,,DIS
social,kaggle_tweets,2018-07-29 14:06:00,RT @MrBeastYT: In 7 days I’ll message random people that retweet this tweet (and are following me so I can message the code) Amazon gift ca…,,AMZN
social,kaggle_tweets,2018-07-29 14:17:00,RT @zorokun20: Thank you din Ford Globals sa pledge on this launch. #BOYBANDPHXLoveBoybandPH,,F
social,kaggle_tweets,2018-07-29 14:27:00,"RT @jiminsglory: Mixers we are in NEED of a streaming party. A spotify, Apple Music and Youtube. All of them. Streams are falling in many p…",,AAPL
social,kaggle_tweets,2018-07-29 14:27:00,"RT @LouDobbs: Laughing All The Way to the Bank: Zuckerberg, Facebook Insiders Dumped Billions Worth of Shares Since Massive Scandal https:/…",,FB
social,kaggle_tweets,2018-07-29 14:27:00,"RT @jiminsglory: Mixers we are in NEED of a streaming party. A spotify, Apple Music and Youtube. All of them. Streams are falling in many p…",,AAPL
social,kaggle_tweets,2018-07-29 14:33:00,RT @mitchellvii: I'm actually shocked Democrats are willing to openly admit a few Russian hackers using Facebook meme's defeated their $1.2…,,FB
social,kaggle_tweets,2018-07-29 14:33:00,"RT @Gizmodo: Fox shareholders have agreed to the Disney deal, and the X-Men are coming back to Marvel https://t.co/sfiu5SfXXF https://t.co/…",,DIS
social,kaggle_tweets,2018-07-29 14:47:00,"💥 New #WallSt Article 🗞️ Apple reports earnings in a hectic week for markets, with a Fed meeting and jobs report… https://t.co/2cxncFMRKg",,AAPL
social,kaggle_tweets,2018-07-29 14:52:00,RT @Thomas1774Paine: “SEC May Want To Take A Look”: Facebook Insiders Dumped $4.1 Billion Weeks Ahead Of Record Crash https://t.co/JmiX8e7j…,,FB
social,kaggle_tweets,2018-07-29 14:55:00,Was Your Facebook account Hacked? A Quick Tutorial https://t.co/yn4chdhypM,,FB
social,kaggle_tweets,2018-07-29 14:59:00,"RT @AskAnshul: Walmart opens 2nd fulfillment centre in Lucknow. This is result of UP Investment Summit, Walmart had signed a MoU with Yog…",,WMT
social,kaggle_tweets,2018-07-29 15:03:00,"RT @menggalurks: Watch, like, and share the #MaineFinaleOnDaig teaser on Facebook: https://t.co/CegTbmfNfD https://t.co/n0LdTZ20hf",,FB
social,kaggle_tweets,2018-07-29 15:06:00,RT @ShoesOficial: Nike Air force 1 Black https://t.co/yXrmuymbcI,,NKE
social,kaggle_tweets,2018-07-29 15:10:00,Apple and Amazon lead the pack to $1tr market value https://t.co/DTzO4Il9Cv,,AMZN
social,kaggle_tweets,2018-07-29 15:22:00,RT @kissdatbam: [VID] 180729 Randy Wong Facebook: https://t.co/IW8XR0HMBP #GOT7 #BamBam https://t.co/BxfA64nhQp,,FB
social,kaggle_tweets,2018-07-29 15:29:00,Facebook is a public company but is in fact a fiefdom. SEC filings show that Zuckerberg’s ownership of the controll… https://t.co/6TObT2mdUK,,FB
social,kaggle_tweets,2018-07-29 15:29:00,"@ke7zum The 31st of October, falls on Wednesday! As Google told me, and his very manly voice. :-) by the way, it is… https://t.co/2Fbmh6vvLe",,GOOGL
social,kaggle_tweets,2018-07-29 15:50:00,"RT @nerdyasians: INVESTIGATION: Is it possible Disney doesn’t fully own the rights to the animated Mulan, including the iconic songs and or…",,DIS
social,kaggle_tweets,2018-07-29 15:50:00,"RT @nerdyasians: INVESTIGATION: Is it possible Disney doesn’t fully own the rights to the animated Mulan, including the iconic songs and or…",,DIS
social,kaggle_tweets,2018-07-29 15:50:00,"RT @nerdyasians: INVESTIGATION: Is it possible Disney doesn’t fully own the rights to the animated Mulan, including the iconic songs and or…",,DIS
social,kaggle_tweets,2018-07-29 15:55:00,@ChaseLordi Yeah Stephen doesn’t have a filter. Apple doesn’t fall far from the tree ig,,AAPL
social,kaggle_tweets,2018-07-29 16:13:00,"To repair reputation, Twitter, Facebook incur investor wrath https://t.co/t9jHYRtey1",,FB
social,kaggle_tweets,2018-07-29 16:18:00,Went to circle k dropped a pack of Pepsi and a pack of Vanilla Coke on the counter. Find out I only had enough to b… https://t.co/zhrXSJSEY0,,PEP
social,kaggle_tweets,2018-07-29 16:48:00,"RT @CecileDELETTRE: Mark Zuckerberg told he would put our safety, and fixing the problems of Facebook ahead of profits. He did that. Wall S…",,FB
social,kaggle_tweets,2018-07-29 16:51:00,RT @sel_0007: Saw this on Facebook and thought I should share #TidalRave 2018 https://t.co/VPlWy50mhH,,FB
social,kaggle_tweets,2018-07-29 16:57:00,"RT @My_Recipes: Possible Salmonella Contamination Prompts Nationwide Recall of Desserts at Walmart, Food Lion, and More: https://t.co/bgPd2…",,WMT
social,kaggle_tweets,2018-07-29 16:57:00,RT @Wario64: Sushi Striker: The Way of The Sushido (3DS) is $28.23 on Amazon https://t.co/3rEJ88sHUh https://t.co/YqWLCvofhr,,AMZN
social,kaggle_tweets,2018-07-29 17:10:00,Check out this Amazon deal: Wooboo Men Women Emergency Survival Watch wit... by Wooboo https://t.co/AmBh0PIlAs via @amazon,,AMZN
social,kaggle_tweets,2018-07-29 17:14:00,RT @realDonaldTrump: ...and the Amazon Washington Post do nothing but write bad stories even on very positive achievements - and they will…,,AMZN
social,kaggle_tweets,2018-07-29 17:35:00,RT @SethTrav: Closing of the Disney and Fox merger; 2018 (colorized) https://t.co/QPvU4JUWSf,,DIS
social,kaggle_tweets,2018-07-29 17:45:00,"RT @AdTechMeetup: RT sumitupai Summary: Retailers Set Sights on Facebook, Google Ad Revenue :: While retailers have a long way to go befor…",,GOOGL
social,kaggle_tweets,2018-07-29 17:54:00,RT @GirlGibraltar: German woman receives large fine for criticising refugees on Facebook... it is as I said on branch account... nothing ha…,,FB
social,kaggle_tweets,2018-07-29 18:22:00,"RT @AMike4761: Laughing All The Way to the Bank: Zuckerberg, Facebook Insiders Dumped Billions Worth of Shares Since Massive Scandal!…",,FB
social,kaggle_tweets,2018-07-29 18:26:00,"Nintendo Switch Neon Red Blue Joy-Con (L,R) is in stock at Walmart https://t.co/fcSmS7Lxgy for $67.28 | Get The Tracker App @TheTrackerApp",,WMT
social,kaggle_tweets,2018-07-29 18:34:00,"RT @BlueSea1964: 🚨 Laughing All The Way To The Bank: Zuckerberg, Facebook Insiders Dumped Billions Worth Of Shares Since Massive Scandal!!!…",,FB
social,kaggle_tweets,2018-07-29 18:44:00,O’Reilly Automotive $ORLY Given New $311.00 Price Target at JPMorgan Chase &amp; Co. https://t.co/YMQ1ltYMxM #markets,,JPM
social,kaggle_tweets,2018-07-29 18:50:00,"RT @AmericanVoterUS: Just in July 2018, Mark Zuckerberg has SOLD 3.6 million shares of Facebook for over $730 million dollars Why is he ju…",,FB
social,kaggle_tweets,2018-07-29 19:06:00,RT @smokeybearburns: Lmao I’m never deleting my Facebook https://t.co/AgvGY1w08j,,FB
social,kaggle_tweets,2018-07-29 19:09:00,RT @JayGalxby: Bruh ask Facebook they not on here lol https://t.co/Myu86BKI86,,FB
social,kaggle_tweets,2018-07-29 19:17:00,RT @Briinthesprings: Next step: House Intel asks Trump to declassify rest of FISA application; drops tantalizing clues re: pages 10-12 &amp; 17…,,INTC
social,kaggle_tweets,2018-07-29 19:40:00,@Arlioni I've never ordered clothes from Amazon lol.. But it's not a big deal cause I did get 15% off n free shipping originally,,AMZN
social,kaggle_tweets,2018-07-29 19:51:00,I posted a new video to Facebook https://t.co/NjTmwLxEIS,,FB
social,kaggle_tweets,2018-07-29 20:08:00,RT @garybartanus: Facebook hit with class-action suits following stock tumble https://t.co/PqFPQnTN0f https://t.co/oZlW8dCPhE,,FB
social,kaggle_tweets,2018-07-29 20:16:00,Everybody and I literally mean EVERYBODY should see “THAT SUGAR FILM” (Amazon has it online). I did not realize how… https://t.co/Z6OIMWSI55,,AMZN
social,kaggle_tweets,2018-07-29 20:17:00,"RT @rihodd: Apple: IOS 11.4 is available, would you like to update? Me: https://t.co/KKPpu8n8Hx",,AAPL
social,kaggle_tweets,2018-07-30 07:03:00,"RT @grahambsi: JPMorgan Chase CEO Jamie Dimon tells CNN that, in the event of a hard Brexit, companies will be forced to move operations ou…",,JPM
social,kaggle_tweets,2018-07-30 07:12:00,RT @Mikel_Jollett: @jaketapper I would expect a statement like this from an uncle on Facebook. You’re literally an anchor on a news network…,,FB
social,kaggle_tweets,2018-07-30 07:13:00,RT @daisymarquez_: I felt like that bitch going to Walmart and buying teen spirit cause I thought I was grown lmao https://t.co/lkA36gFyYx,,WMT
social,kaggle_tweets,2018-07-30 07:15:00,RT @nichegamer: Facebook has killed organic reach on Facebook pages unless we pay millions a month or more for ads. Like our page please a…,,FB
social,kaggle_tweets,2018-07-30 07:26:00,RT @CodJesterr: Saw this on Facebook 😂 this is literally THE most annoying event 🤦🏽‍♂️😂 #dokkanbattle https://t.co/LpZqgVIn2G,,FB
social,kaggle_tweets,2018-07-30 07:31:00,RT @BoogieBumper: Anderson Cooper. 18 million dollars. Large cable news platform. Promoted by Facebook. - 5 thousand viewers BoogieBumper…,,FB
social,kaggle_tweets,2018-07-30 07:33:00,"RT @WIRED: To understand why Facebook lost billions in stock this week, let's go back to where it all started: https://t.co/PBNmVwySJf",,FB
social,kaggle_tweets,2018-07-30 07:44:00,"New York: Digital Realty Trust $DLR Stock Has Just Had Its ""Buy"" Rating Reiterated by Citigroup. Shares now Have a… https://t.co/BTxA4K8yyC",,C
social,kaggle_tweets,2018-07-30 07:50:00,RT @brianross2112: $CELZ - Great read on CELZ from Oracle Dispatch. https://t.co/MJxU4zqkuI,,ORCL
social,kaggle_tweets,2018-07-30 07:53:00,"@Known__Unknowns @JohnT15 @ASavageNation Facebook has screwed us all for sure. I just want justice, no matter what… https://t.co/hsov50sTu4",,FB
social,kaggle_tweets,2018-07-30 08:02:00,CLS And IBM Launch #BlockChain App Store With Banks And Fintechs https://t.co/JL0mCaR3Qa,,IBM
social,kaggle_tweets,2018-07-30 08:12:00,RT @IGNDeals: Price drop on Batman: The Complete Animated Series Limited Edition (Blu-ray) - now $101.61 on Amazon - if you already preorde…,,AMZN
social,kaggle_tweets,2018-07-30 08:12:00,RT @WeTheOutraged: Veteran Awareness Activist Exposes Facebook Hypocrisy &amp; Calls On Others To Join Class Action Lawsuit Against Them https:…,,FB
social,kaggle_tweets,2018-07-30 08:15:00,"RT @DomainMondo: Apple $AAPL Quarterly Earnings LIVE Webcast, July 31, 5pm EDT https://t.co/47qPODzdWI #stocks #investors #FAANG #Apple #iP…",,AAPL
social,kaggle_tweets,2018-07-30 08:17:00,RT @mitchellvii: THE GOOD NEWS ABOUT #CENSORSHIP: Facebook and Twitter are losing $BILLIONS to do this. If Democrats we're really looking…,,FB
social,kaggle_tweets,2018-07-30 08:43:00,I posted a new video to Facebook https://t.co/hDtA8RyROf,,FB
social,kaggle_tweets,2018-07-30 09:00:00,Facebook is sued after stock plunge 'shocked' market https://t.co/VEgvv5LfIk,,FB
social,kaggle_tweets,2018-07-30 09:04:00,"RT @1Romans58: Interesting. EXCLUSIVE: Kim Dotcom Drops Bombshell on Twitter, Facebook: “Their Days Are Numbered;” Confirms He’s Now Build…",,FB
social,kaggle_tweets,2018-07-30 09:04:00,"RT @1Romans58: Interesting. EXCLUSIVE: Kim Dotcom Drops Bombshell on Twitter, Facebook: “Their Days Are Numbered;” Confirms He’s Now Build…",,FB
social,kaggle_tweets,2018-07-30 09:04:00,"RT @1Romans58: Interesting. EXCLUSIVE: Kim Dotcom Drops Bombshell on Twitter, Facebook: “Their Days Are Numbered;” Confirms He’s Now Build…",,FB
social,kaggle_tweets,2018-07-30 09:06:00,Cramer: Facebook would no longer be a growth stock if its guidance becomes new normal https://t.co/I6MtTIroag,,FB
social,kaggle_tweets,2018-07-30 09:11:00,RT @EvilGeniusJey: Stop posting stupid shit like this. Your one share of Apple stock isn’t going to do anything for you. I promise https://…,,AAPL
social,kaggle_tweets,2018-07-30 09:22:00,@ArmyFarmGirl Raytheon stock is a great alternative to Twitter or Facebook stock.,,FB
social,kaggle_tweets,2018-07-30 09:35:00,RT @DigiMarketingZA: What is a Google Ads Agency #Digital #Marketing #Advertising #SocialMedia #Entrepreneur #SEO #GrowthHacking #SMM #Blo…,,GOOGL
social,kaggle_tweets,2018-07-30 09:35:00,RT @AtoZindiandaily: YouTube to go up against Netflix and Amazon with original content for India and other markets #KauveryHospital #Maniya…,,AMZN
social,kaggle_tweets,2018-07-30 09:42:00,RT @DragonflyJonez: Not being able to sleep so you decide to pull up the series on Netflix you've been binging and then you fall asleep 11…,,NFLX
social,kaggle_tweets,2018-07-30 09:44:00,Disney Channel Old Shows&amp; Movies https://t.co/DFn03aVQOE,,DIS
social,kaggle_tweets,2018-07-30 09:55:00,Netflix Announces New Series And Premiere Dates For Fall Season https://t.co/cU8mxOuZfl,,NFLX
social,kaggle_tweets,2018-07-30 09:58:00,RT @SOLELINKS: Nike 'Just Do It' Graphic Hoodie dropped via Eastbay =&gt; https://t.co/FHHKzp3ydl https://t.co/7R7jDi2hpG,,NKE
social,kaggle_tweets,2018-07-30 10:01:00,Starbucks bans straws to cut down on single use plastics. Replaces with paper straws wrapped in single use plasti.… https://t.co/QLH3TneShY,,SBUX
social,kaggle_tweets,2018-07-30 10:04:00,Zuckerberg &amp; Facebook slapped with lawsuit for failing to warn investors of slowing growth #Topbuzz https://t.co/7rwhypFUVu,,FB
social,kaggle_tweets,2018-07-30 10:42:00,RT @anakarylle: See you guys on Friday Aug 3 for the #iloveya music video launch @UpperhousePH. You need to like my Facebook page &amp; join in…,,FB
social,kaggle_tweets,2018-07-30 10:52:00,"RT @MakeupForWOC: “Madam CJ Walker” — Netflix series about America’s first black, self-made female millionaire. Starring @octaviaspencer &amp;…",,NFLX
social,kaggle_tweets,2018-07-30 10:52:00,"RT @MakeupForWOC: “Madam CJ Walker” — Netflix series about America’s first black, self-made female millionaire. Starring @octaviaspencer &amp;…",,NFLX
social,kaggle_tweets,2018-07-30 10:52:00,"RT @AshcanPress: Also I changed my middle name. Also I look like Harrison Ford. Also read G.I.JOE VS. THE SIX MILLION DOLLAR MAN, in trade…",,F
social,kaggle_tweets,2018-07-30 10:52:00,"RT @MakeupForWOC: “Madam CJ Walker” — Netflix series about America’s first black, self-made female millionaire. Starring @octaviaspencer &amp;…",,NFLX
social,kaggle_tweets,2018-07-30 10:53:00,RT @_missj0hnson: I’m at Starbucks asking for soy milk and this man behind me is trying to make fun of me thinking I’m doing it to be “heal…,,SBUX
social,kaggle_tweets,2018-07-30 11:02:00,RT @rishibagree: One Tight slap to Arm chair analysts &amp; Google data specialists who were predicting Recession &amp; spreading gloom and doom on…,,GOOGL
social,kaggle_tweets,2018-07-30 11:02:00,RT @rishibagree: One Tight slap to Arm chair analysts &amp; Google data specialists who were predicting Recession &amp; spreading gloom and doom on…,,GOOGL
social,kaggle_tweets,2018-07-30 11:10:00,Exxon Mobil shares slump again on disappointing results Read More :- https://t.co/6vLjAl05oJ #newsupdates… https://t.co/6jkovfNG8x,,XOM
social,kaggle_tweets,2018-07-30 11:26:00,German woman receives large fine for criticising refugees on Facebook https://t.co/5INLtpp52s,,FB
social,kaggle_tweets,2018-07-30 11:31:00,RT @clownquieto: En Twitter / En Facebook https://t.co/dvLnUkADlN,,FB
social,kaggle_tweets,2018-07-30 11:50:00,The Off-White™ x Nike Air Presto Returns in All-White for This Week's Footwear Drops https://t.co/DaUxW2hPj6 https://t.co/7zYPnZxwQj,,NKE
social,kaggle_tweets,2018-07-30 11:55:00,RT @Thomas1774Paine: BREAKING: Entire Guardians of the Galaxy Cast Defends Disney Director Fired for Pedophelia &amp; Child Rape Jokes; Sign Le…,,DIS
social,kaggle_tweets,2018-07-30 11:57:00,"RT @Education4Libs: Facebook had its worst trading day ever yesterday, losing $119 billion in market value. It’s also interesting how Zuck…",,FB
social,kaggle_tweets,2018-07-30 11:58:00,"""Google Chrome now available on Daydream VR"" https://t.co/7yRTiglVqV",,GOOGL
social,kaggle_tweets,2018-07-30 12:15:00,$COLM Citigroup raises PT to $106 from $94 https://t.co/sMiLHcaNuJ,,C
social,kaggle_tweets,2018-07-30 12:19:00,Hamilton police investigating possible hate crime in Walmart parking lot https://t.co/TLteGCw5Ox https://t.co/TTkGmwY96Z,,WMT
social,kaggle_tweets,2018-07-30 12:19:00,"Family comments on Facebook are BRUTAL. They have NO filter. Lol. Like yes tia, we all know y’all are finally happy… https://t.co/mDlDvmNRo1",,FB
social,kaggle_tweets,2018-07-30 12:28:00,"@SimplyTazj_ Apple juice...that’s a deal breaker, OJ only!",,AAPL
social,kaggle_tweets,2018-07-30 12:29:00,"RT @Valuentum: Facebook: $236 Fair Value Estimate, Now Rated 6 on the Valuentum Buying Index $FB By @ValuentumBrian Members only access:…",,FB
social,kaggle_tweets,2018-07-30 12:30:00,RT @taxworldie: What is the cost of purchasing the asset for CGT? Apple shares purchased in 2015 were sold in 20 .. via @taxworldie https:/…,,AAPL
social,kaggle_tweets,2018-07-30 12:34:00,"Facebook, Zuck Sued By ""Shocked"" Shareholders As ""The Truth"" Emerges: https://t.co/oUJ1uhR1NO via @YouTube",,FB
social,kaggle_tweets,2018-07-30 12:35:00,"Up to Fast Five, the last one on Netflix (hey @NetflixANZ can we get Fast and Furious 6-8 up here?) and loving it s… https://t.co/4NZ6WczQnK",,NFLX
social,kaggle_tweets,2018-07-30 12:36:00,"@talpiottalk David Krane, the CEO of Google Ventures, puts on Tefillin as he celebrated his Bar Mitzvah together wi… https://t.co/t4xqDO5EQt",,GOOGL
social,kaggle_tweets,2018-07-30 12:41:00,RT @SeaChel_Nicole: So my cousin just posted this on Facebook. I know Twitter will handle this. Please share. https://t.co/dy8vHNNYMg,,FB
social,kaggle_tweets,2018-07-30 12:46:00,RT @mybroadband: IBM launches blockchain platform for banking https://t.co/bJLb8hqMWG,,IBM
social,kaggle_tweets,2018-07-30 12:46:00,"As Netflix $NFLX Shares Rose, Srs Investment Management Has Decreased Its Holding; W-G Shaheen &amp; Associates Dba Whi… https://t.co/VKlVx1POA6",,NFLX
social,kaggle_tweets,2018-07-30 12:52:00,Bus-sharing app Shuttl gets $11M Series B from investors including Amazon India – TechCrunch https://t.co/LardWbJ9iR,,AMZN
social,kaggle_tweets,2018-07-30 13:02:00,"RT @RtoVR: Google Launches Chrome for Daydream Headsets, Yes it Has Incognito Mode https://t.co/yCIYnQL2hn https://t.co/HWSNcHXzFd",,GOOGL
social,kaggle_tweets,2018-07-30 13:12:00,$2.19 EPS Expected for Apple Inc. $AAPL https://t.co/6hRoE7TrGQ,,AAPL
social,kaggle_tweets,2018-07-30 13:33:00,RT @FionaOnasanyaMP: An alarming new investigation by The Guardian into working practices at Amazon. While companies like Amazon reap the f…,,AMZN
social,kaggle_tweets,2018-07-30 13:33:00,RT @FionaOnasanyaMP: An alarming new investigation by The Guardian into working practices at Amazon. While companies like Amazon reap the f…,,AMZN
social,kaggle_tweets,2018-07-30 13:35:00,"Head to Apple Farm Inn! Lyft promo for you - Get $50 Lyft credit w/ code DUSK #california &gt; not just any deal, the… https://t.co/nXDTTU8sah",,AAPL
social,kaggle_tweets,2018-07-30 13:36:00,"@Nicola_Jayne__ Boost your Instagram, Twitter, Facebook &amp; YouTube Platforms with https://t.co/pd5D2b9cgw",,FB
social,kaggle_tweets,2018-07-30 13:38:00,RT @existentialcoms: In the last five years McDonald's has averaged $8 billion in profits per year. Their employees average $8.47 per hour.…,,MCD
social,kaggle_tweets,2018-07-30 13:38:00,RT @existentialcoms: In the last five years McDonald's has averaged $8 billion in profits per year. Their employees average $8.47 per hour.…,,MCD
social,kaggle_tweets,2018-07-30 13:41:00,RT @Rubysayzz: Zuckerberg Cut Off 93 Percent of Traffic to Conservative Sites — and Facebook Stock Just Plunged 24% https://t.co/3aCyfDOAss,,FB
social,kaggle_tweets,2018-07-30 13:54:00,"RT @cantgeterdone: Laughing All The Way to the Bank: Zuckerberg, Facebook Insiders Dumped Billions Worth of Shares Since Massive Scandal A…",,FB
social,kaggle_tweets,2018-07-30 14:06:00,RT @gewiss_uk: RT &amp; follow @gewiss_uk for the chance to win a £50 Amazon Voucher to spend during the holiday. We'll announce the winner nex…,,AMZN
social,kaggle_tweets,2018-07-30 14:06:00,"RT @Thomas1774Paine: Intel Operative who Altered Obama’s Passport Records Turned FBI Informant on Boss John Brennan, Then Turned Up Murdere…",,INTC
social,kaggle_tweets,2018-07-30 14:08:00,"RT @BenSpurr: In legislature, Doug Ford repeats false claim that he and his brother saved Toronto $1 billion while they were at city hall,…",,F
social,kaggle_tweets,2018-07-30 14:13:00,First Facebook Investor Suit Filed Over Plunge in Shares https://t.co/mIKWAvlNJ3 #insurance #tech,,FB
social,kaggle_tweets,2018-07-30 14:17:00,RT @zorokun20: Thank you din Ford Globals sa pledge on this launch. #BOYBANDPHXLoveBoybandPH,,F
social,kaggle_tweets,2018-07-30 14:23:00,"RT @nordicinst: Global Artificial Intelligence in Aviation Market Top Industrial Overview by Players:- Airbus, Amazon .... #ArtificialIntel…",,AMZN
social,kaggle_tweets,2018-07-30 14:33:00,RT @mitchellvii: I'm actually shocked Democrats are willing to openly admit a few Russian hackers using Facebook meme's defeated their $1.2…,,FB
social,kaggle_tweets,2018-07-30 14:44:00,"RT @coindesk: JUST IN: IBM, Barclays and Citi Team Up to Launch Blockchain App Store for Banks https://t.co/sbQDURSB54 https://t.co/5uZSfvp…",,IBM
social,kaggle_tweets,2018-07-30 14:49:00,8 years ago @IamKreg X Myself dropped a Cult Classic Nike X Hennessey X Women https://t.co/W9uO4bot6g https://t.co/FLujpuPHFY,,NKE
social,kaggle_tweets,2018-07-30 15:03:00,Walmart reportedly recruits ex-Epix CEO in bid to build video service https://t.co/Bv9Q7IE1Xe,,WMT
social,kaggle_tweets,2018-07-30 15:08:00,"RT @darrenrovell: 7,200 Days Ago: The Simpsons predicted Disney would buy Fox. Today, Fox shareholders approved a $71.3 billion deal, which…",,DIS
social,kaggle_tweets,2018-07-30 15:10:00,RT @existentiaIly: This guy on Facebook called birth control morally wrong for “preventing life” then went on to say he uses condoms just t…,,FB
social,kaggle_tweets,2018-07-30 15:12:00,"23.95 % to Target, Citigroup Reaffirms ‘""Buy""’ Rating on Martin Marietta Materials $MLM Shares Today https://t.co/M8QqTwIfz3",,C
social,kaggle_tweets,2018-07-30 15:13:00,Everyone needs deadlines. - Walt Disney #Quote #QuoteOfTheDay #Leadership #Success #TimeManagement,,DIS
social,kaggle_tweets,2018-07-30 15:15:00,"RT @bartmckinley: Facebook, Zuck Sued By ""Shocked"" Shareholders As ""The Truth"" Emerges. ""As a result of Defendants’ wrongful acts and om…",,FB
social,kaggle_tweets,2018-07-30 15:22:00,RT @USATODAYmoney: McDonald's unveils MacCoin to celebrate Big Mac's 50th anniversary https://t.co/3bcZucWUIh https://t.co/yDU6cUiheC,,MCD
social,kaggle_tweets,2018-07-30 15:27:00,"RT @Thomas1774Paine: EXCLUSIVE: Kim Dotcom Drops Bombshell on Twitter, Facebook: “Their Days Are Numbered;” Confirms He’s Now Building Riva…",,FB
social,kaggle_tweets,2018-07-30 15:27:00,"RT @Thomas1774Paine: EXCLUSIVE: Kim Dotcom Drops Bombshell on Twitter, Facebook: “Their Days Are Numbered;” Confirms He’s Now Building Riva…",,FB
social,kaggle_tweets,2018-07-30 15:27:00,"RT @Thomas1774Paine: EXCLUSIVE: Kim Dotcom Drops Bombshell on Twitter, Facebook: “Their Days Are Numbered;” Confirms He’s Now Building Riva…",,FB
social,kaggle_tweets,2018-07-30 15:27:00,"RT @Thomas1774Paine: EXCLUSIVE: Kim Dotcom Drops Bombshell on Twitter, Facebook: “Their Days Are Numbered;” Confirms He’s Now Building Riva…",,FB
social,kaggle_tweets,2018-07-30 15:27:00,"RT @Thomas1774Paine: EXCLUSIVE: Kim Dotcom Drops Bombshell on Twitter, Facebook: “Their Days Are Numbered;” Confirms He’s Now Building Riva…",,FB
social,kaggle_tweets,2018-07-30 15:27:00,"RT @Thomas1774Paine: EXCLUSIVE: Kim Dotcom Drops Bombshell on Twitter, Facebook: “Their Days Are Numbered;” Confirms He’s Now Building Riva…",,FB
social,kaggle_tweets,2018-07-30 15:27:00,"RT @Thomas1774Paine: EXCLUSIVE: Kim Dotcom Drops Bombshell on Twitter, Facebook: “Their Days Are Numbered;” Confirms He’s Now Building Riva…",,FB
social,kaggle_tweets,2018-07-30 15:29:00,Help me win a pair of Tom Ford sunglasses ($455 value) from Palm Leaf Hut! #palmfordgiveaway https://t.co/owyvy71Drt,,F
social,kaggle_tweets,2018-07-30 15:50:00,"RT @nerdyasians: INVESTIGATION: Is it possible Disney doesn’t fully own the rights to the animated Mulan, including the iconic songs and or…",,DIS
social,kaggle_tweets,2018-07-30 15:56:00,Young Colombians Sue Government To Protect Amazon Rainforest https://t.co/bJT24jDX0R,,AMZN
social,kaggle_tweets,2018-07-30 16:04:00,RT @flightcrew: Facebook Eliminates 93% of Traffic to Top Conservative Sites --- Stock Plummets 24%. Twitter Shadowbans 95% Of Trump Suppor…,,FB
social,kaggle_tweets,2018-07-30 16:05:00,RT @WiredSources: BREAKING: House Intel committee investigating whether FBI spied on Trump campaign prior to launch of Russia probe - The H…,,INTC
social,kaggle_tweets,2018-07-30 16:22:00,"RT @DclareDiane: Thread by @LisaMei62: ""1. Wall Street knows the illegal activities committed by FB, Twitter, Google, etc. will soon be exp…",,GOOGL
social,kaggle_tweets,2018-07-30 16:22:00,Amazon is planning an upgrade for the Prime Video interface https://t.co/PSC4bILKIe,,AMZN
social,kaggle_tweets,2018-07-30 16:37:00,"RT @markets: Citigroup, Barclays near end of blockchain test managed by IBM https://t.co/RgiSpoHtsa https://t.co/sHiiIhzzxj",,C
social,kaggle_tweets,2018-07-30 16:47:00,Pomsie in stock at Walmart https://t.co/TTCgwxjzfs for $14.82 | Get The Tracker App @TheTrackerApp,,WMT
social,kaggle_tweets,2018-07-30 16:48:00,RT @EvonS777: Facebook selling out. Zuckerberg &amp; other FB Exec. sold Billions Worth of Shares Since Massive Scandal. It’s impossible to kn…,,FB
social,kaggle_tweets,2018-07-30 16:49:00,I posted a new video to Facebook https://t.co/cfUiRFbEXE,,FB
social,kaggle_tweets,2018-07-30 16:51:00,RT @accesoriesmoder: Wake Tech and IBM Collaborate on &lt;b&gt;Blockchain&lt;/b&gt; Technology Training https://t.co/rDtIqX4M8z source: Block Chain tod…,,IBM
social,kaggle_tweets,2018-07-30 17:03:00,Need a good movie to watch on Netflix 👀,,NFLX
social,kaggle_tweets,2018-07-30 17:27:00,Bus-sharing app Shuttl gets $11M Series B from investors including Amazon India https://t.co/fTSfQD0Qki #metabloks,,AMZN
social,kaggle_tweets,2018-07-30 17:36:00,Google unveils tiny new AI chips for on-device machine learning https://t.co/GpgGhDETyJ,,GOOGL
social,kaggle_tweets,2018-07-30 17:41:00,"""Kobo: they're my new champ, and sales there have soared past Amazon this year...Their web interface is smooth, a… https://t.co/9gjBir42AL",,AMZN
social,kaggle_tweets,2018-07-30 17:45:00,"Facebook, Zuck Sued By ""Shocked"" Shareholders As ""The Truth"" Emerges | Zero Hedge https://t.co/Jpq3Ec5wWs",,FB
social,kaggle_tweets,2018-07-30 17:50:00,"RT @ultra_io: Former Senior Director of Content Acquisition at Google, Edward Moalem is now officialy Chief Strategy Officer (CSO) of #Ultr…",,GOOGL
social,kaggle_tweets,2018-07-30 17:51:00,RT @ValuentumBrian: John made a great call highlighting the risks of Facebook before the quarter. Check out his write-ups! $FB https://t.co…,,FB
social,kaggle_tweets,2018-07-30 18:06:00,RT @kicksonfire: Artistic Appeal On The Nike Air Max 95 - https://t.co/p02F4PArfi https://t.co/fyYF2vuK5L,,NKE
social,kaggle_tweets,2018-07-30 18:12:00,"RT @architectmag: Apple Piazza Liberty by @FosterPartners is an ensemble of two fundamental elements, a stepped plaza and a fountain. https…",,AAPL
social,kaggle_tweets,2018-07-30 18:27:00,Former Apple CEO John Sculley Shares 4 Key Strategies for Growing and Marketing Your Business via @Entrepreneur… https://t.co/4ldeiryGzM,,AAPL
social,kaggle_tweets,2018-07-30 18:31:00,The secret SEX messages in Disney movies. THESE will blow your mind -&gt; https://t.co/RRNWy0M6QR #lol,,DIS
social,kaggle_tweets,2018-07-30 18:42:00,@PinkRubbiez Ah. Google is a fraud! She's fine dear. Doing great! You?,,GOOGL
social,kaggle_tweets,2018-07-30 18:58:00,McDonald's unveils MacCoin to celebrate Big Mac's 50th anniversary https://t.co/TapCAr1oou via @usatoday,,MCD
social,kaggle_tweets,2018-07-30 19:01:00,One Billion Reasons To Celebrate Cutting-Edge Microsoft Surface https://t.co/MzTH5CLMeN Shared from O'SKOOL,,MSFT
social,kaggle_tweets,2018-07-30 19:08:00,@Imamofpeace @facebook It's a blessing in disguise bro. You no longer have to deal with Facebook. Still ridiculous censorship tho.,,FB
social,kaggle_tweets,2018-07-30 19:13:00,RT @maniacnetflix: Jonah Hill. Emma Stone. MANIAC. A Netflix Limited Series from Cary Joji Fukunaga. September 21. https://t.co/ALhAACF5ox,,NFLX
social,kaggle_tweets,2018-07-30 19:15:00,@henshaw Oh god. Please don't do that Google. AMP sucks revenue wise.,,GOOGL
social,kaggle_tweets,2018-07-30 19:32:00,McDonald's is launching its own currency because of course https://t.co/pfgHX7p4an,,MCD
social,kaggle_tweets,2018-07-30 19:39:00,Protect Your Privacy on Amazon by Changing These Settings | Breitbart https://t.co/7qLIaCluR4 via @BreitbartNews,,AMZN
social,kaggle_tweets,2018-07-30 19:41:00,"The price for 2002 Ford E-Series Cargo is $4,500 now. Take a look: https://t.co/hUG1GPcmad",,F
social,kaggle_tweets,2018-07-30 19:42:00,"@LouCadle @PatrickGillam @JeffSharlet The photos might be kicking around in the *cloud* (Apple, Google, Dropbox, etc.) as well. 😉",,GOOGL
social,kaggle_tweets,2018-07-30 19:59:00,"RT @SneakerShouts: LIVE via Nike US Nike Air Max 97 Premium ""Paint Splatter"" with FREE shipping BUY HERE: https://t.co/L8vu8S0TV1 https:/…",,NKE
social,kaggle_tweets,2018-07-30 19:59:00,Zacks: Brokerages Anticipate Walmart Inc $WMT Will Post Quarterly Sales of $125.72 Billion https://t.co/7XdLY1xpzg,,WMT
social,kaggle_tweets,2018-07-30 20:19:00,RT @LionelMedia: Netflix Could Face A Child Pornography Investigation Over Sexually Suggestive Movie ‘Desire’ https://t.co/EMO8D5jD9g,,NFLX
social,kaggle_tweets,2018-07-30 20:21:00,Bus-sharing app Shuttl gets $11M Series B from investors including Amazon India https://t.co/D9yMnQGajb https://t.co/36Vg5udmmJ,,AMZN
social,kaggle_tweets,2018-07-30 20:38:00,"RT @BraveConWarrior: “On CNBC, Jamie Dimon, the CEO of JPMorgan Chase, credits many of President Trump’s economic policies for high GDP gro…",,JPM
social,kaggle_tweets,2018-07-31 07:00:00,RT @CassandraRules: This was in my Facebook memories and I just want to share it again because it’s the best. https://t.co/tDQ8k9KOQb,,FB
social,kaggle_tweets,2018-07-31 07:01:00,WowWee Fingerlings Two Tone - Candi is in stock at Walmart https://t.co/fRDOWEOmsU for $14.68 | Get The Tracker App @TheTrackerApp,,WMT
social,kaggle_tweets,2018-07-31 07:07:00,"As Apple report earnings tonight, here is a snapshot of the world's top 10 companies over the past 7 years https://t.co/JzNyWtUMNF",,AAPL
social,kaggle_tweets,2018-07-31 07:10:00,Check out what I found on eBay &gt;&gt; #1214 #deal #smartphones Apple iPhone 6 16GB 64GB 128GB Factory Un... https://t.co/1L0g3brgt1,,AAPL
social,kaggle_tweets,2018-07-31 07:28:00,"Netflix Offers Anti-Semite, Homophobe Farrakhan Documentary Starting August 1st https://t.co/oWuj3udn9I #Money #Finance #Economics #Market",,NFLX
social,kaggle_tweets,2018-07-31 07:32:00,Check out this Amazon deal: M T Women's Button Up Split Plain Party Maxi ... by Madhuram Textiles https://t.co/kOaRv7ikFO via @amazon,,AMZN
social,kaggle_tweets,2018-07-31 07:47:00,"RT @GxdCxmplex: Facebook: Would you shoot your best friend for $1,000? 💸 Me: https://t.co/1DUEve8LDz",,FB
social,kaggle_tweets,2018-07-31 07:52:00,"RT @OfficialWithHES: For those asking, Google Camp is an annual 3-day conference for the ultra-elite, A-list celebrities, billionaires, and…",,GOOGL
social,kaggle_tweets,2018-07-31 07:52:00,"@ValxElisabeth Fall is amazing for it means flannels, Apple cider, and haunted houses 👻",,AAPL
social,kaggle_tweets,2018-07-31 07:53:00,RT @DreamcastGuy: Nintendo: We have sold nearly 20 million Switchs. Sony: The PS4 has passed 82 million consoles sold. Microsoft: Xbox l…,,MSFT
social,kaggle_tweets,2018-07-31 08:29:00,"RT @CBSNews: The Red Cross offers Amazon gift cards to those who donate blood in the next 30 days, after the nonprofit announced an emergen…",,AMZN
social,kaggle_tweets,2018-07-31 08:30:00,RT @dhaval241086: This gentleman comparing Indians who entered in USA &amp; UK with Valid Visa &amp; paying taxes regularly for 5 years with illega…,,V
social,kaggle_tweets,2018-07-31 08:33:00,"RT @KPIT: #Webinar | Get a 360-degree view of profit, through KPIT's Net Margin Analytics solution built on Oracle Enterprise Performance M…",,ORCL
social,kaggle_tweets,2018-07-31 08:33:00,"#CryptoExchange, #CryptoCap Alibaba, PayPal, Amazon Say No to Cryptocurrencies - Investopedia (blog)… https://t.co/szvb74sd0z",,AMZN
social,kaggle_tweets,2018-07-31 08:38:00,"RT @RealJack: The fact that Facebook and Twitter, with their far-left ideology and employees, control what millions of people get to see in…",,FB
social,kaggle_tweets,2018-07-31 08:40:00,"@SNKenReid I wish I could like this 5 million times, going to Walmart and seeing all the back to school stuff cuts me real deep.",,WMT
social,kaggle_tweets,2018-07-31 08:44:00,The real reason people don't deal there Facebook is because they lose all there data on other apps. I.e my 7/11 app. Smh fmk,,FB
social,kaggle_tweets,2018-07-31 08:52:00,Learn how Microsoft manages risk and regulatory compliance in the #cloud. Watch: https://t.co/AK2GcFj0nY… https://t.co/TQYN2XjXB5,,MSFT
social,kaggle_tweets,2018-07-31 09:05:00,RT @tveitdal: Young Colombians Sue Government To Protect Amazon Rainforest https://t.co/WxfLfOGDzU “We’re the first generation to live in p…,,AMZN
social,kaggle_tweets,2018-07-31 09:21:00,RT @LuisaViaRoma: Off-White x Nike Air Presto drops Friday 03 Online only in LVR Sneaker's Club: 14.00 (GMT +2) ► https://t.co/J7BlD9Aisy M…,,NKE
social,kaggle_tweets,2018-07-31 09:29:00,RT @cultofmac: ICYMI - Today in Apple history: Apple launches ill-fated Lisa project https://t.co/AfZq1pS9ec by @lukedormehl,,AAPL
social,kaggle_tweets,2018-07-31 09:52:00,RT @dbongino: THANK YOU. My new book with explosive new details about the Spygate scandal just launched for preorder on Amazon and we’re al…,,AMZN
social,kaggle_tweets,2018-07-31 09:52:00,RT @dbongino: THANK YOU. My new book with explosive new details about the Spygate scandal just launched for preorder on Amazon and we’re al…,,AMZN
social,kaggle_tweets,2018-07-31 09:52:00,RT @dbongino: THANK YOU. My new book with explosive new details about the Spygate scandal just launched for preorder on Amazon and we’re al…,,AMZN
social,kaggle_tweets,2018-07-31 09:52:00,RT @dbongino: THANK YOU. My new book with explosive new details about the Spygate scandal just launched for preorder on Amazon and we’re al…,,AMZN
social,kaggle_tweets,2018-07-31 09:53:00,RT @XrpCenter: QWIL main investors and Funders include companies like: - Silicon Valley Bank. - PayPal. - WELLS FARGO. - Master Card. Do…,,PYPL
social,kaggle_tweets,2018-07-31 09:57:00,"RT @IBMNews: IBM, Barclays and Citi Team Up to Launch Blockchain App Store for Banks https://t.co/wlXU1IByMx via @CoinDesk",,IBM
social,kaggle_tweets,2018-07-31 10:15:00,RT @businessinsider: Apple Q4 Revenue forecast $60 billion to $62 billion ($59.4 billion expected) https://t.co/A17Lti02T4,,AAPL
social,kaggle_tweets,2018-07-31 10:21:00,The Google Funded Astroturf Group that Hacked The EU Copyright Vote https://t.co/gcgnsOvaF0 @JytteGuteland… https://t.co/EMBdv573fZ,,GOOGL
social,kaggle_tweets,2018-07-31 10:32:00,RT @Jtruzmah: More live-streamed incendiary balloon launches on Facebook this morning. #Gaza #Israel https://t.co/GnDyKNnuT0,,FB
social,kaggle_tweets,2018-07-31 10:40:00,RT @calijags: They should have made the Tipton an actually hotel at Disney world and Disney land https://t.co/f2EbEv22bx,,DIS
social,kaggle_tweets,2018-07-31 10:44:00,@manitobahydro Anyone that falls for those scams is most likely the type to be on Facebook,,FB
social,kaggle_tweets,2018-07-31 10:46:00,"RT @InvestigateRU: Senate Intel hearing Weds: 9:30am ""Foreign Influence Operations and their use of Social Media Platforms""",,INTC
social,kaggle_tweets,2018-07-31 10:49:00,Apple set to report earnings after market close https://t.co/H0DVg8Lgvb,,AAPL
social,kaggle_tweets,2018-07-31 10:58:00,"RT @Finnsfiction: @AP Facebook uncovers - that phrase isn't journalism, it's a press release. Facebook has profited from undermining democr…",,FB
social,kaggle_tweets,2018-07-31 11:18:00,"RT @WORLDWIDENM: The fact that nobody knows who is on the album, the fact that #Fefe hasn’t dropped on Spotify and Apple and could possibly…",,AAPL
social,kaggle_tweets,2018-07-31 11:24:00,RT @charliekirk11: Did you know the Pentagon is about to issue Amazon multi-billion rigged contract funded by taxpayers? Bezos will then us…,,AMZN
social,kaggle_tweets,2018-07-31 11:24:00,RT @charliekirk11: Did you know the Pentagon is about to issue Amazon multi-billion rigged contract funded by taxpayers? Bezos will then us…,,AMZN
social,kaggle_tweets,2018-07-31 11:24:00,RT @charliekirk11: Did you know the Pentagon is about to issue Amazon multi-billion rigged contract funded by taxpayers? Bezos will then us…,,AMZN
social,kaggle_tweets,2018-07-31 11:24:00,RT @charliekirk11: Did you know the Pentagon is about to issue Amazon multi-billion rigged contract funded by taxpayers? Bezos will then us…,,AMZN
social,kaggle_tweets,2018-07-31 11:26:00,"RT @AnnieLowrey: With the money it has spent on buybacks, McDonald's could have given all of its 2 million employees a $4,000 raise. CVS co…",,MCD
social,kaggle_tweets,2018-07-31 11:26:00,"RT @AnnieLowrey: With the money it has spent on buybacks, McDonald's could have given all of its 2 million employees a $4,000 raise. CVS co…",,MCD
social,kaggle_tweets,2018-07-31 11:26:00,"RT @AnnieLowrey: With the money it has spent on buybacks, McDonald's could have given all of its 2 million employees a $4,000 raise. CVS co…",,MCD
social,kaggle_tweets,2018-07-31 11:26:00,"RT @AnnieLowrey: With the money it has spent on buybacks, McDonald's could have given all of its 2 million employees a $4,000 raise. CVS co…",,MCD
social,kaggle_tweets,2018-07-31 11:26:00,"RT @AnnieLowrey: With the money it has spent on buybacks, McDonald's could have given all of its 2 million employees a $4,000 raise. CVS co…",,MCD
social,kaggle_tweets,2018-07-31 11:26:00,"RT @AnnieLowrey: With the money it has spent on buybacks, McDonald's could have given all of its 2 million employees a $4,000 raise. CVS co…",,MCD
social,kaggle_tweets,2018-07-31 11:26:00,"RT @AnnieLowrey: With the money it has spent on buybacks, McDonald's could have given all of its 2 million employees a $4,000 raise. CVS co…",,MCD
social,kaggle_tweets,2018-07-31 11:26:00,"RT @AnnieLowrey: With the money it has spent on buybacks, McDonald's could have given all of its 2 million employees a $4,000 raise. CVS co…",,MCD
social,kaggle_tweets,2018-07-31 11:26:00,"RT @AnnieLowrey: With the money it has spent on buybacks, McDonald's could have given all of its 2 million employees a $4,000 raise. CVS co…",,MCD
social,kaggle_tweets,2018-07-31 11:26:00,"RT @AnnieLowrey: With the money it has spent on buybacks, McDonald's could have given all of its 2 million employees a $4,000 raise. CVS co…",,MCD
social,kaggle_tweets,2018-07-31 11:26:00,"RT @AnnieLowrey: With the money it has spent on buybacks, McDonald's could have given all of its 2 million employees a $4,000 raise. CVS co…",,MCD
social,kaggle_tweets,2018-07-31 11:26:00,"RT @AnnieLowrey: With the money it has spent on buybacks, McDonald's could have given all of its 2 million employees a $4,000 raise. CVS co…",,MCD
social,kaggle_tweets,2018-07-31 11:38:00,"RT @AirCrashMayday: On 27 February 1980, China Airlines Flight 811 (B-1826) Boeing 707-309C crashed short of the runway at Manila, Philippi…",,BA
social,kaggle_tweets,2018-07-31 11:43:00,RT @ForbesTech: Earnings Preview: What To Expect From Apple Today https://t.co/r84CvEmfzn,,AAPL
social,kaggle_tweets,2018-07-31 11:54:00,First trillion dollar company? Apple closes in on title with strong third-quarter earnings https://t.co/OhVdN1nFb6… https://t.co/HzrhBRJCbi,,AAPL
social,kaggle_tweets,2018-07-31 12:04:00,"RT @BleedingFool: Flashback Cinema: Now that the merger of FOX and Disney is almost complete, maybe it's time to talk about Flash Gordon.…",,DIS
social,kaggle_tweets,2018-07-31 12:13:00,Google is now serving up a new way to discover events that you might be unaware of. https://t.co/nUaHneiJhf,,GOOGL
social,kaggle_tweets,2018-07-31 12:15:00,"RT @historyinmoment: Harrison Ford, Mark Hamill, and Carrie Fisher share a London cab in 1980. https://t.co/zq3IXW7aZO",,F
social,kaggle_tweets,2018-07-31 12:17:00,Netflix of China is on sale!!!! Grab some and be rich...$IQ,,NFLX
social,kaggle_tweets,2018-07-31 12:17:00,Google's new Chromebook video reminds the world of the worst of Apple and Microsoft computers. #goo9gle… https://t.co/PHgNo8kCaE,,AAPL
social,kaggle_tweets,2018-07-31 12:20:00,RT @equivalntXchng1: Facebook on some other shit https://t.co/3tJhRkm4IJ,,FB
social,kaggle_tweets,2018-07-31 12:25:00,"RT @ZDNet: Windows 10: Clock's ticking on upgrade, Microsoft warns Creators Update users https://t.co/gJgg9SjtaC @LiamT",,MSFT
social,kaggle_tweets,2018-07-31 12:27:00,"Windows 10: Clock’s ticking on upgrade, Microsoft warns Creators Update users: Windows 10 Version 1703 servicing en… https://t.co/7WXhdSvHSL",,MSFT
social,kaggle_tweets,2018-07-31 12:36:00,RT @AP: BREAKING: Facebook uncovers sophisticated attempts to influence upcoming US elections on its platforms.,,FB
social,kaggle_tweets,2018-07-31 12:36:00,"RT @markets: #5Things -Weak China, Europe data -Bonds boosted by BOJ -Apple earnings -Markets mixed -Coming up... https://t.co/8wZXeIa214…",,AAPL
social,kaggle_tweets,2018-07-31 12:37:00,"Apple just has $243.7billion of cash being managed from it's Braeburn Capital fund based in tax haven Reno, Nevada https://t.co/G2miKPiI31",,AAPL
social,kaggle_tweets,2018-07-31 12:54:00,RT @alltookev: They say Disney World is the happiest place on earth but have you ever been to a Taylor Swift Concert??,,DIS
social,kaggle_tweets,2018-07-31 13:09:00,"RT @dbongino: THANK YOU. My new book, with explosive new details about the Spygate scandal, just launched for preorder on Amazon and we’re…",,AMZN
social,kaggle_tweets,2018-07-31 13:11:00,Apple Reports Earnings With an Overbought Chart https://t.co/yUKBydryX3 via @investopedia,,AAPL
social,kaggle_tweets,2018-07-31 13:11:00,RT @taesnowhite: Aqua Resort Club Saipan — Facebook Update @BTS_twt https://t.co/JcCZ27M2XK,,FB
social,kaggle_tweets,2018-07-31 13:20:00,Amazon Price Drop! - $56.94 (was $117.17 - 51% Drop) https://t.co/A9edfgIdRP,,AMZN
social,kaggle_tweets,2018-07-31 13:22:00,RT @UVUInternships: Disney Intern Spotlight! Mitchell Peterson was our Disney Fan Club at UVU President during the Fall 2017 and Spring 201…,,DIS
social,kaggle_tweets,2018-07-31 13:26:00,"RT @mattyglesias: This, except actually the situation with Microsoft was it had a dominant market position that was challenged by antitrust…",,MSFT
social,kaggle_tweets,2018-07-31 13:31:00,RT @CBCAlerts: Pfizer Canada says it won't have new stock of the 0.3 mg adult dose of epinephrine until the end of August,,PFE
social,kaggle_tweets,2018-07-31 13:42:00,Disappointing photos show what Disney cruises look like in real life https://t.co/Lc7Rvp6Oxr https://t.co/vZdnxDTgSC,,DIS
social,kaggle_tweets,2018-07-31 13:50:00,RT @SilERabbit: Facebook just shut down a massive Russian influence campaign. Hillary's $1.2 billion campaign didn't stand a chance agains…,,FB
social,kaggle_tweets,2018-07-31 13:50:00,RT @SilERabbit: Facebook just shut down a massive Russian influence campaign. Hillary's $1.2 billion campaign didn't stand a chance agains…,,FB
social,kaggle_tweets,2018-07-31 13:50:00,RT @SilERabbit: Facebook just shut down a massive Russian influence campaign. Hillary's $1.2 billion campaign didn't stand a chance agains…,,FB
social,kaggle_tweets,2018-07-31 13:50:00,RT @SilERabbit: Facebook just shut down a massive Russian influence campaign. Hillary's $1.2 billion campaign didn't stand a chance agains…,,FB
social,kaggle_tweets,2018-07-31 14:02:00,Western Gas Equity Partners $WGP Given New $43.00 Price Target at Citigroup https://t.co/QM6wNWnZyQ #stocks,,C
social,kaggle_tweets,2018-07-31 14:03:00,Disney Walt Co $Call $DIS Stock Price Declined While Lumina Fund Management LLC Decreased Its Holding by $9.06 Mill… https://t.co/zavM3N6xuw,,DIS
social,kaggle_tweets,2018-07-31 14:06:00,RT @gewiss_uk: RT &amp; follow @gewiss_uk for the chance to win a £50 Amazon Voucher to spend during the holiday. We'll announce the winner nex…,,AMZN
social,kaggle_tweets,2018-07-31 14:24:00,"RT @markets: Investors take a shine to dental stocks, doubting the threat from Amazon https://t.co/UtlnAE7mv4 https://t.co/uugLIiubZy",,AMZN
social,kaggle_tweets,2018-07-31 14:24:00,"July 15 1995 ...Amazon sold its first book online. Now, 11% of ALL retail sales are now done online. No wonder so m… https://t.co/g2fZ68U2bA",,AMZN
social,kaggle_tweets,2018-07-31 14:26:00,"RT @SenBobCasey: “With the money it has spent on buybacks, McDonald's could have given all of its 2 million employees a $4,000 raise. CVS c…",,MCD
social,kaggle_tweets,2018-07-31 14:27:00,"RT @LouDobbs: Laughing All The Way to the Bank: Zuckerberg, Facebook Insiders Dumped Billions Worth of Shares Since Massive Scandal https:/…",,FB
social,kaggle_tweets,2018-07-31 14:32:00,"I have fallen victim to thinking ""Apple sucks at software services"" multiple times after trying to make Siri work.… https://t.co/RCA1iijBR0",,AAPL
social,kaggle_tweets,2018-07-31 14:33:00,RT @travisdimeer: Nobody be more proud of you than your Moms’ Facebook friends 😂😂,,FB
social,kaggle_tweets,2018-07-31 14:39:00,Google slapped with €4.34bn fine by EU over antitrust violations https://t.co/6F0T2imhrF #cybersecurity #cyber,,GOOGL
social,kaggle_tweets,2018-07-31 14:45:00,"RT @OfficialWith1D: UPDATE || The event Harry is at is a 3 day conference for the A-list celebrities, and billionaires etc. Google Camp com…",,GOOGL
social,kaggle_tweets,2018-07-31 14:45:00,Sue? She went to the old folks home in a blue 1981 Ford Granada Estate,,F
social,kaggle_tweets,2018-07-31 14:50:00,@Yohoti12 Hey what’s ur downside for Apple post earnings ?,,AAPL
social,kaggle_tweets,2018-07-31 15:09:00,RT @imoyse: Facebook data privacy scandal: A cheat sheet https://t.co/x5yN9hmsCx https://t.co/QK4yCBl8G3,,FB
social,kaggle_tweets,2018-07-31 15:11:00,RT @Variety: Apple Closes In on $1 Trillion Market Cap With Q3 Earnings Beat https://t.co/gZmd0xGGFp,,AAPL
social,kaggle_tweets,2018-07-31 15:27:00,"RT @Thomas1774Paine: EXCLUSIVE: Kim Dotcom Drops Bombshell on Twitter, Facebook: “Their Days Are Numbered;” Confirms He’s Now Building Riva…",,FB
social,kaggle_tweets,2018-07-31 15:27:00,"RT @Thomas1774Paine: EXCLUSIVE: Kim Dotcom Drops Bombshell on Twitter, Facebook: “Their Days Are Numbered;” Confirms He’s Now Building Riva…",,FB
social,kaggle_tweets,2018-07-31 15:27:00,"RT @Thomas1774Paine: EXCLUSIVE: Kim Dotcom Drops Bombshell on Twitter, Facebook: “Their Days Are Numbered;” Confirms He’s Now Building Riva…",,FB
social,kaggle_tweets,2018-07-31 15:41:00,"RT @JohnGaltMoney: @RealJamesWoods @nccmommy @Twitter @jack In the last two weeks: Netflix stock fell 14%, then Facebook fell 20%, then Twi…",,FB
social,kaggle_tweets,2018-07-31 15:48:00,"Retweeted True Pundit (@true_pundit): EXCLUSIVE: Kim Dotcom Drops Bombshell on Twitter, Facebook: “Their Days Are… https://t.co/8W9s0YkSe8",,FB
social,kaggle_tweets,2018-07-31 15:52:00,Facebook has said that it is awaiting #green #signals from the #government so that more than 200 million users will… https://t.co/vuK1QwrfqH,,FB
social,kaggle_tweets,2018-07-31 16:09:00,Congress just showed us what comprehensive regulation of Facebook would look like https://t.co/sGF4a4jJ7Y via @verge https://t.co/VjGVdngeyy,,FB
social,kaggle_tweets,2018-07-31 16:13:00,@MarkYoungTruth If you Billions of Dollars and there's nothing good on Netflix what would you do?,,NFLX
social,kaggle_tweets,2018-07-31 16:16:00,"RT @true_pundit: EXCLUSIVE: Kim Dotcom Drops Bombshell on Twitter, Facebook: “Their Days Are Numbered;” Confirms He’s Now Building Rival ‘F…",,FB
social,kaggle_tweets,2018-07-31 16:16:00,"RT @MayWardArticle: Please read, like, and share! #MAYWARDTeleseryeSoon Facebook: https://t.co/JErOKkKQ7g Twitter https://t.co/GEU4la4b0k",,FB
social,kaggle_tweets,2018-07-31 16:16:00,"RT @true_pundit: EXCLUSIVE: Kim Dotcom Drops Bombshell on Twitter, Facebook: “Their Days Are Numbered;” Confirms He’s Now Building Rival ‘F…",,FB
social,kaggle_tweets,2018-07-31 16:41:00,"RT @zerohedge: ""A number of years ago one of our investors said Amazon would surpass Apple and become the most valuable ompany in the worl…",,AMZN
social,kaggle_tweets,2018-07-31 16:46:00,"RT @dubcilib: Wow, imagine if you could somehow share those books... We could call it a ""Netflix for books room"". Be right back, I'm off t…",,NFLX
social,kaggle_tweets,2018-07-31 16:48:00,RT @hannbooks: Stock for Local Authority Charging and Trading Guide 2017 is down to single figures and selling on Amazon https://t.co/cpNK7…,,AMZN
social,kaggle_tweets,2018-07-31 16:51:00,"Hold my calls please, Parenthood is on Amazon Prime TV @daxshepard @thelaurengraham #onlymymillionthrewatch",,AMZN
social,kaggle_tweets,2018-07-31 17:28:00,"RT @CNBCnow: BREAKING: Apple sold 41.3M iPhones last quarter, a slight miss; the tech giant also sold 11.55M iPads and 3.7M Mac computers.…",,AAPL
social,kaggle_tweets,2018-07-31 17:48:00,@Sw33t_Ladi757 @chiefkitchens @PrettyNPettyy_ Omg they need to investigate her friend on her Facebook page,,FB
social,kaggle_tweets,2018-07-31 17:51:00,RT @AbbieEvansXO: Me: [has a fleeting thought about pogo sticks] Facebook: I see you’ve been thinking about pogo sticks,,FB
social,kaggle_tweets,2018-07-31 17:55:00,RT @USANEWS007: Why all the hysteria over a few Russia Facebook accounts trying to meddle in elections wen MILLIONS of Mexicans and other I…,,FB
social,kaggle_tweets,2018-07-31 18:02:00,RT @TheHackersNews: Microsoft Edge Browser Introduces Web Authentication Feature https://t.co/UBIfWmTWuE https://t.co/rTi9hmw6mx,,MSFT
social,kaggle_tweets,2018-07-31 18:22:00,I know I’m late to the party but Big Mouth on Netflix is so hilarious.,,NFLX
social,kaggle_tweets,2018-07-31 18:32:00,RT @StockTwits: Apple $AAPL just crushed it 📲 • Revenue $53.27 billion vs. $52.3 billion • iPhone shipments 41.3 million vs. 41.79 million…,,AAPL
social,kaggle_tweets,2018-07-31 18:36:00,"RT @AfricaFactsZone: Wizkid currently has a partnership deal with Nike, endorsement deals with Pepsi and Ciroc and a business deal with Dol…",,PEP
social,kaggle_tweets,2018-07-31 18:46:00,RT @Fact: Over 30 million Facebook accounts belong to dead people.,,FB
social,kaggle_tweets,2018-07-31 18:59:00,Congress just showed us what comprehensive regulation of Facebook would look like https://t.co/IQUk3tAtZS,,FB
social,kaggle_tweets,2018-07-31 19:01:00,Just seen Facebook messenger marketing... Hmmmn.,,FB
social,kaggle_tweets,2018-07-31 19:38:00,RT @charlieINTEL: Still looking to pre-order the Black Ops 4 Mystery Box Edition? It's back in stock on Amazon! https://t.co/7e768jNGjn htt…,,AMZN
social,kaggle_tweets,2018-07-31 19:38:00,No one celebrated Sam either other than 50 year old Facebook grannies. Bayleigh is a bitch. Stop the victimizing.… https://t.co/JxmP07MLhU,,FB
social,kaggle_tweets,2018-07-31 19:39:00,"Twitter, Facebook Investors Find No Upside In Doing The Right Thing (@DavidBloom - @tubefilter) https://t.co/7aOidACLUT",,FB
social,kaggle_tweets,2018-07-31 19:45:00,"""Vubiquity Expands Verizon Fios VoD Deal: Vubiquity tapped to handle processing and packaging of Fios's video-on-de… https://t.co/QpdEQ4HLeX",,VZ
social,kaggle_tweets,2018-07-31 19:53:00,RT @dbongino: THANK YOU. My new book just launched for preorder on Amazon and we’re already a number one best seller. Thank you for your su…,,AMZN
social,kaggle_tweets,2018-07-31 20:09:00,"RT @DiamondandSilk: EXCLUSIVE ON BREITBART – @DiamondandSilk thoughts on Facebook Stock Tanking: ""This Is What Karma Looks Like"" @AaronKle…",,FB
social,kaggle_tweets,2018-07-31 20:11:00,"Learn about our Launchpad Regional Initiatives | Launchpad | Google Developers https://t.co/Npz6FBBDmL, s… https://t.co/BmdPAsx5H7",,GOOGL
social,kaggle_tweets,2018-07-31 20:15:00,RT @Scattermae777M: Report: Feinstein Failed To Disclose Husband’s $100k Facebook Stock Before Zuckerberg Hearing https://t.co/adhyytUNlc,,FB
social,kaggle_tweets,2018-07-31 20:35:00,RT @TitusNation: Kristen Nielsen just announced Russia hacked the election “at the highest levels” Facebook just announced it found more Ru…,,FB
social,kaggle_tweets,2018-07-31 20:35:00,RT @TitusNation: Kristen Nielsen just announced Russia hacked the election “at the highest levels” Facebook just announced it found more Ru…,,FB
social,kaggle_tweets,2018-07-31 20:40:00,Retweeted CtheLightTrading (@canuck2usa): Apple Q3 EPS $2.34 Beats $2.18 Estimate $AAPL https://t.co/BfUtlamUDk… https://t.co/bbg1tvUQag,,AAPL
social,kaggle_tweets,2018-07-31 20:46:00,"RT @RealMAGASteve: If republicans lose the house in the fall, Adam Schiff would become chair of the House Intel committee in Nunes’ place.…",,INTC
social,kaggle_tweets,2018-07-31 20:58:00,"Google officially launches the Chrome browser on its Daydream VR platform, with voice search, incognito mode, and a… https://t.co/tCXuAj1GBD",,GOOGL
social,kaggle_tweets,2018-08-01 07:00:00,RT @redostoneage: Facebook Announces It Has Found New Attempts To Influence American Elections https://t.co/kXiD6JaZW3 #cnn #sitroom #TheLe…,,FB
social,kaggle_tweets,2018-08-01 07:03:00,More Profits Could Send Apple Over $1 Trillion https://t.co/hgAiwGTYz2,,AAPL
social,kaggle_tweets,2018-08-01 07:08:00,RT @JacksonWGlobal: [MISC] 180801 👀 Jackson changed his icon on his YouTube and Apple Music! Follow/subscribe to be the first to hear his…,,AAPL
social,kaggle_tweets,2018-08-01 07:10:00,"RT @DMIFundraising: Please like and share https://t.co/CTkxgRgNIU on Facebook and follow us at Twitter @DMIFundraising. All new likes, shar…",,FB
social,kaggle_tweets,2018-08-01 07:21:00,"4 Things Facebook, Inc. Management Wants You to Know Facebook (NASDAQ:FB) stock was pummeled last week, falling a..… https://t.co/sxvraTtA4d",,FB
social,kaggle_tweets,2018-08-01 07:21:00,Apple CEO Tim Cook Says LGBTQ People Are ‘A Unique And Special Gift’ To The World https://t.co/G2NtFw6bvH via @huffpostqueer,,AAPL
social,kaggle_tweets,2018-08-01 07:50:00,"RT @BoSnerdley: Man shoves $100 worth of Walmart steaks down pants, flees on moped: cops https://t.co/JEqOPEOE79 via @nypost",,WMT
social,kaggle_tweets,2018-08-01 07:51:00,RT @CircularIT: Circular Computing and the future of IT launched at Microsoft UK HQ late last year – thanks to @billgates and the team for…,,MSFT
social,kaggle_tweets,2018-08-01 07:52:00,"RT @OfficialWithHES: For those asking, Google Camp is an annual 3-day conference for the ultra-elite, A-list celebrities, billionaires, and…",,GOOGL
social,kaggle_tweets,2018-08-01 07:55:00,"RT @CNNMoney: Apple is making more money and shares are climbing. Once its stock hits $203, it'll be the first US company to reach a trilli…",,AAPL
social,kaggle_tweets,2018-08-01 08:07:00,RT @Tom_Parkin_: All’s fine: - reporters flame out at PC brat clapping - NDP leader calls Ford a dictator - Forum says only 1/3 in Toronto…,,F
social,kaggle_tweets,2018-08-01 08:08:00,RT @Street_Insider: https://t.co/iSmWUul9Y0 $BIDU Slammed 8% on reports Google $GOOGL $GOOG to Launch Censored Search Engine in China http…,,GOOGL
social,kaggle_tweets,2018-08-01 08:09:00,RT @cpd_active: To celebrate our launch on 01.09.2018 we’re giving away a £50 Amazon voucher. Follow us and like this post to enter! #insta…,,AMZN
social,kaggle_tweets,2018-08-01 08:09:00,RT @cpd_active: To celebrate our launch on 01.09.2018 we’re giving away a £50 Amazon voucher. Follow us and like this post to enter! #insta…,,AMZN
social,kaggle_tweets,2018-08-01 08:09:00,RT @cpd_active: To celebrate our launch on 01.09.2018 we’re giving away a £50 Amazon voucher. Follow us and like this post to enter! #insta…,,AMZN
social,kaggle_tweets,2018-08-01 08:09:00,RT @cpd_active: To celebrate our launch on 01.09.2018 we’re giving away a £50 Amazon voucher. Follow us and like this post to enter! #insta…,,AMZN
social,kaggle_tweets,2018-08-01 08:14:00,RT @business: China's Huawei has passed Apple in smartphone share for the first time https://t.co/j7U4QtdTp6 https://t.co/USzno0fLwb,,AAPL
social,kaggle_tweets,2018-08-01 08:54:00,"$AVOI Siri, Did Apple Steal Your Technology From a Scottsdale Company? https://t.co/v9b3559mSE #Invest #Apple #iOS",,AAPL
social,kaggle_tweets,2018-08-01 08:55:00,Apple shares hit record as bright forecast highlights future demand https://t.co/Qk8T4wIF4V https://t.co/MzsAzq2jTX,,AAPL
social,kaggle_tweets,2018-08-01 08:58:00,RT @adapadvocacy: Pfizer CEO believes U.S. will eliminate rebates on prescription drugs https://t.co/dJ47vN8uvJ,,PFE
social,kaggle_tweets,2018-08-01 09:00:00,RT @Partyonbusiness: What is a Google Ads Agency #Digital #Marketing #Advertising #SocialMedia #Entrepreneur #SEO #GrowthHacking #SMM #Blo…,,GOOGL
social,kaggle_tweets,2018-08-01 09:02:00,"Apple’s Results: Apple Watch Claimed As Best-Selling Smartwatch, AirPods, iPads Soar https://t.co/tzBmNVuPFe",,AAPL
social,kaggle_tweets,2018-08-01 09:16:00,"Game change: Pfizer doubles down on its late-stage pipeline, as CEO Read disavows a long reliance on M&amp;A deals $PFE https://t.co/og675xNF48",,PFE
social,kaggle_tweets,2018-08-01 09:16:00,RT @CNN: 5 things for Wednesday: - Tariffs - Facebook - 3D guns - Nicaragua and Costa Rica - Health alert issued https://t.co/eWOWxcEqeS…,,FB
social,kaggle_tweets,2018-08-01 09:29:00,selling / trading these dms for PayPal money Atm can trade only for another 65H+ dms Dm me if you interested ;tr… https://t.co/b4GQWA9XJt,,PYPL
social,kaggle_tweets,2018-08-01 09:33:00,7 Google Calendar Tips for Better Time Management in the Officehttp://www.btcnews.store/2018/08/google-calendar-tim… https://t.co/uwcENub2qb,,GOOGL
social,kaggle_tweets,2018-08-01 09:43:00,RT @Nisrinasbia7: Can someone PayPal me a million dollars x,,PYPL
social,kaggle_tweets,2018-08-01 09:44:00,"RT @NDPGrassroots: #BREAKING: Corrupt #ONpoli Ford PC gov't wastes taxpayer money &amp; skirts partisan-government-ad rules by launching ""Ontar…",,F
social,kaggle_tweets,2018-08-01 09:49:00,"RT @NeilCattermull: Facebook CEO Mark Zuckerberg has said the company has no plans to get into the public cloud business! Hmm, let’s wait a…",,FB
social,kaggle_tweets,2018-08-01 09:52:00,RT @dbongino: THANK YOU. My new book with explosive new details about the Spygate scandal just launched for preorder on Amazon and we’re al…,,AMZN
social,kaggle_tweets,2018-08-01 09:56:00,RT @Geraldi21771148: The two CEO'S of McDonald's franchise. #ALDUB159WeekswithMCDO #VMTearfulReunion https://t.co/QvbSoWOKPb,,MCD
social,kaggle_tweets,2018-08-01 09:59:00,"RT @Tech4Law: Why Netflix has an unfair advantage over DStv – MultiChoice SA CEO - It is called ""Competition"" ;-) - https://t.co/1VIuPeTCzP…",,NFLX
social,kaggle_tweets,2018-08-01 10:06:00,RT @ScotGovFM: .@NicolaSturgeon launched the Google Digital Garage central Scotland tour this morning in Glasgow - ‘By providing digital tr…,,GOOGL
social,kaggle_tweets,2018-08-01 10:06:00,RT @ScotGovFM: .@NicolaSturgeon launched the Google Digital Garage central Scotland tour this morning in Glasgow - ‘By providing digital tr…,,GOOGL
social,kaggle_tweets,2018-08-01 10:06:00,RT @ScotGovFM: .@NicolaSturgeon launched the Google Digital Garage central Scotland tour this morning in Glasgow - ‘By providing digital tr…,,GOOGL
social,kaggle_tweets,2018-08-01 10:08:00,"Apple Watch keeps spotting cardiac issues and saving lives, this time in Australia https://t.co/HqsgZpI0pK $AAPL https://t.co/suRsvg4uyz",,AAPL
social,kaggle_tweets,2018-08-01 10:10:00,@BuzzFeedIndia 's Facebook page is literally the holy grail of Indian memes 😆 #meme #Indians #indianmemes,,FB
social,kaggle_tweets,2018-08-01 10:16:00,"Microsoft in the News: ""Stumbles? What Stumbles? Big Tech Is as Strong as Ever"" by FARHAD MANJOO via NYT https://t.co/Mfyk67jPR5",,MSFT
social,kaggle_tweets,2018-08-01 10:19:00,RT @empresswishes: Make Natasha Foxx @NatashaaFoxx Smile - With Your Earnings! PayPal + Circle Pay ms.natashaa.foxx@gmail.com #findom…,,PYPL
social,kaggle_tweets,2018-08-01 10:19:00,"RT @thewire_in: Apparently someone has ordered a OnePlus 6 for the chairman, via Amazon, cash on delivery. https://t.co/TwpqoVGahG",,AMZN
social,kaggle_tweets,2018-08-01 10:20:00,RT @KateBolduan: Facebook removes more than 30 fake accounts they say are actively trying to disrupt the midterms . @GrahamBrookie says the…,,FB
social,kaggle_tweets,2018-08-01 10:29:00,"RT @theintercept: Exclusive: Google plans to launch censored search engine in China, leaked documents reveal https://t.co/wNzDR74QQl by @rj…",,GOOGL
social,kaggle_tweets,2018-08-01 10:29:00,RT @RuPaul: Netflix Acquires George Orwell’s ‘Animal Farm’ @deadline https://t.co/B61dTLxuoB https://t.co/yg1nycHyho,,NFLX
social,kaggle_tweets,2018-08-01 10:29:00,RT @RuPaul: Netflix Acquires George Orwell’s ‘Animal Farm’ @deadline https://t.co/B61dTLxuoB https://t.co/yg1nycHyho,,NFLX
social,kaggle_tweets,2018-08-01 10:33:00,"RT @cmusician: @queerthoughts What you voted for, Ontarians .. “Doug Ford has launched a news channel that broadcasts non-stop positive sto…",,F
social,kaggle_tweets,2018-08-01 10:40:00,Starbucks imports an upscale Italian bakery to combat a slowing U.S. market https://t.co/qb6a4bt7Fm via @FortuneMagazine,,SBUX
social,kaggle_tweets,2018-08-01 10:42:00,RT @iClarified: Apple Predicted to Unveil Its New iPhones on September 12th... https://t.co/uU4IQ6KQKr https://t.co/s8mTVOI4bT,,AAPL
social,kaggle_tweets,2018-08-01 10:50:00,"RT @counterchekist: Ahem. Remember what we said about “abolish ICE,” patriots? “Across the phony accounts and pages, Facebook found polit…",,FB
social,kaggle_tweets,2018-08-01 10:51:00,Game change: Pfizer doubles down on its late-stage pipeline as CEO Read disavows a long reliance on M&amp;A deals… https://t.co/TjMrwyEif1,,PFE
social,kaggle_tweets,2018-08-01 11:03:00,"RT @charliekirk11: Amazon, who is on the verge of a $100 billion taxpayer funded contract is now trying to unethically monopolize our music…",,AMZN
social,kaggle_tweets,2018-08-01 11:05:00,Dow futures dip on trade concerns despite Apple boost https://t.co/nrtEAf3k9u,,AAPL
social,kaggle_tweets,2018-08-01 11:22:00,"With the loss of Facebook, Twitter, social media, Individuals lose ability to communicate FREELY &amp; Factually. Actu… https://t.co/jfnLHwVCxM",,FB
social,kaggle_tweets,2018-08-01 11:22:00,Pop on to Facebook to see a post saying that Demi Lovato is dead literally had tears in my eyes. Why do people make… https://t.co/dtpd1fyDZu,,FB
social,kaggle_tweets,2018-08-01 11:23:00,"RT @Well_Regulated_: The reviews are in, and the Well Regulated Militia Facebook Page is a huge hit! Feel free to share content on Facebook…",,FB
social,kaggle_tweets,2018-08-01 11:24:00,RT @charliekirk11: Did you know the Pentagon is about to issue Amazon multi-billion rigged contract funded by taxpayers? Bezos will then us…,,AMZN
social,kaggle_tweets,2018-08-01 11:24:00,RT @charliekirk11: Did you know the Pentagon is about to issue Amazon multi-billion rigged contract funded by taxpayers? Bezos will then us…,,AMZN
social,kaggle_tweets,2018-08-01 11:24:00,RT @charliekirk11: Did you know the Pentagon is about to issue Amazon multi-billion rigged contract funded by taxpayers? Bezos will then us…,,AMZN
social,kaggle_tweets,2018-08-01 11:24:00,RT @charliekirk11: Did you know the Pentagon is about to issue Amazon multi-billion rigged contract funded by taxpayers? Bezos will then us…,,AMZN
social,kaggle_tweets,2018-08-01 11:24:00,RT @charliekirk11: Did you know the Pentagon is about to issue Amazon multi-billion rigged contract funded by taxpayers? Bezos will then us…,,AMZN
social,kaggle_tweets,2018-08-01 11:24:00,RT @charliekirk11: Did you know the Pentagon is about to issue Amazon multi-billion rigged contract funded by taxpayers? Bezos will then us…,,AMZN
social,kaggle_tweets,2018-08-01 11:24:00,RT @charliekirk11: Did you know the Pentagon is about to issue Amazon multi-billion rigged contract funded by taxpayers? Bezos will then us…,,AMZN
social,kaggle_tweets,2018-08-01 11:24:00,RT @charliekirk11: Did you know the Pentagon is about to issue Amazon multi-billion rigged contract funded by taxpayers? Bezos will then us…,,AMZN
social,kaggle_tweets,2018-08-01 11:24:00,RT @charliekirk11: Did you know the Pentagon is about to issue Amazon multi-billion rigged contract funded by taxpayers? Bezos will then us…,,AMZN
social,kaggle_tweets,2018-08-01 11:26:00,"RT @AnnieLowrey: With the money it has spent on buybacks, McDonald's could have given all of its 2 million employees a $4,000 raise. CVS co…",,MCD
social,kaggle_tweets,2018-08-01 11:26:00,"RT @AnnieLowrey: With the money it has spent on buybacks, McDonald's could have given all of its 2 million employees a $4,000 raise. CVS co…",,MCD
social,kaggle_tweets,2018-08-01 11:26:00,"RT @AnnieLowrey: With the money it has spent on buybacks, McDonald's could have given all of its 2 million employees a $4,000 raise. CVS co…",,MCD
social,kaggle_tweets,2018-08-01 11:26:00,"RT @AnnieLowrey: With the money it has spent on buybacks, McDonald's could have given all of its 2 million employees a $4,000 raise. CVS co…",,MCD
social,kaggle_tweets,2018-08-01 11:26:00,"RT @AnnieLowrey: With the money it has spent on buybacks, McDonald's could have given all of its 2 million employees a $4,000 raise. CVS co…",,MCD
social,kaggle_tweets,2018-08-01 11:26:00,"RT @AnnieLowrey: With the money it has spent on buybacks, McDonald's could have given all of its 2 million employees a $4,000 raise. CVS co…",,MCD
social,kaggle_tweets,2018-08-01 11:26:00,"RT @AnnieLowrey: With the money it has spent on buybacks, McDonald's could have given all of its 2 million employees a $4,000 raise. CVS co…",,MCD
social,kaggle_tweets,2018-08-01 11:44:00,Apple killed Q3 earnings: 6 top analysts explain what that really means https://t.co/xUtQvMA90i https://t.co/pRr57wl6qK,,AAPL
social,kaggle_tweets,2018-08-01 11:51:00,Microsoft hints at September release of Windows 10's next feature upgrade: https://t.co/5B0vS5dw2z via @computerworld #Windows10,,MSFT
social,kaggle_tweets,2018-08-01 11:58:00,"RT @KudaMujaza: Step 1: Google ""Countries where citizenship can be acquired easily"" Step 2: Apply for VISA, jobs &amp; necessary documentation…",,GOOGL
social,kaggle_tweets,2018-08-01 11:58:00,"RT @KudaMujaza: Step 1: Google ""Countries where citizenship can be acquired easily"" Step 2: Apply for VISA, jobs &amp; necessary documentation…",,GOOGL
social,kaggle_tweets,2018-08-01 11:58:00,"PRICE DROP: Over 20% OFF the Nike Air Max 270 ""Photo Blue"" BUY HERE: https://t.co/UheKIcf6yD https://t.co/YAUSFdy1V4",,NKE
social,kaggle_tweets,2018-08-01 11:59:00,Bamboo Wood Charging Station Charger Dock Stand Holder For Apple Watch iPhone Buy now! #appleiphone #chargeriphone… https://t.co/HFddFhWNI5,,AAPL
social,kaggle_tweets,2018-08-01 12:05:00,"During the fiscal 2018 Q2 earnings call, @tim_cook had said Apple is bullish on India and plans to launch several i… https://t.co/hB02OUKFhd",,AAPL
social,kaggle_tweets,2018-08-01 12:08:00,"RT @thomaskaine5: Ford car sales plunge, but Jeep sales soar for Fiat Chrysler in July https://t.co/UHJqod8oE6 via @usatoday",,F
social,kaggle_tweets,2018-08-01 12:11:00,Apple Stock Have Unmatched Upside Potential? Join the Discussion on Twitter https://t.co/svjDNqAcYY,,AAPL
social,kaggle_tweets,2018-08-01 12:19:00,Stocks tick higher as Apple surges and banks climb https://t.co/DLpVOPKOj2 via @W3LiveNews #Apple #Stock,,AAPL
social,kaggle_tweets,2018-08-01 12:28:00,"++ Top article of PiZ: Google Plans to Launch Censored Search Engine in China, Leaked Documents Reveal… https://t.co/odZ9aKXhSc",,GOOGL
social,kaggle_tweets,2018-08-01 12:37:00,"RT @JonErlichman: Value today of $10,000 invested in Amazon shares: 1 year ago: $18,040.43 5 years ago: $58,813.69…",,AMZN
social,kaggle_tweets,2018-08-01 12:41:00,» Apple sales jump 19% in China despite Trump's trade conflict https://t.co/6pQjQhoQp3,,AAPL
social,kaggle_tweets,2018-08-01 12:42:00,RT @SneakerDealsGB: The summer ready Nike Air Max 1 ‘Blue Recall’ has now reduced to ONLY £69.99! Full size run available here =&gt; https://…,,NKE
social,kaggle_tweets,2018-08-01 12:45:00,Apple Could Soon Be Worth $1 Trillion as Profits Pour In https://t.co/QUoNElGiHF,,AAPL
social,kaggle_tweets,2018-08-01 12:50:00,Google allegedly working on censored search engine for Chinese market https://t.co/tPn4jmQJpS,,GOOGL
social,kaggle_tweets,2018-08-01 12:53:00,"RT @CaliConsrvative: The US Marshals, Homeland Security Investigations, Border Patrol, and the Yuma Sector Intel Unit all coordinated to su…",,INTC
social,kaggle_tweets,2018-08-01 13:27:00,"Mary Zilba Shares Behind-The-Scenes RHOV Drama And Claims Co-Star Jody Claman Threw An Apple At Her, But Missed; Sa… https://t.co/6MHmMzZUEX",,AAPL
social,kaggle_tweets,2018-08-01 13:27:00,RT @RBReich: Apple has already plowed $43 billion into buying back sharing of its own stock this year. That's more than market value of alm…,,AAPL
social,kaggle_tweets,2018-08-01 13:27:00,RT @sallyshin: NEW: Apple board member Ronald Sugar (former CEO of Northrop Grumman) joining Uber board as independent Chairman,,AAPL
social,kaggle_tweets,2018-08-01 13:32:00,RT @yungchente97: Close sea world and build a Disney World in Texas,,DIS
social,kaggle_tweets,2018-08-01 13:43:00,"Apple smashes another fiscal record, reaches 17% increase in revenue https://t.co/nYaJHCcCTf",,AAPL
social,kaggle_tweets,2018-08-01 13:43:00,RT @dropoffwhite: Nike SNKRS Solebox Soto Store END. Launches Sneakersnstuff KITH CONCEPTS Bodega EM PTY Gallery BSTN Naked Extra Butter Fo…,,NKE
social,kaggle_tweets,2018-08-01 13:44:00,Check out this Amazon deal: Rosewill RHAF-15004 Black 1400W Multifunction... by Rosewill https://t.co/y7IeCdc9fw via @amazon,,AMZN
social,kaggle_tweets,2018-08-01 13:54:00,Date Published: 2018-07-20 $AAPL Here. Comes. Apple https://t.co/FvMIoM0MIM - Yeah...,,AAPL
social,kaggle_tweets,2018-08-01 13:56:00,RT @applestreem: Apple Sold Fewest Macs in Any Quarter Since 2010 as Nearly Entire Lineup Was Outdated https://t.co/uMsHIpECpt https://t.co…,,AAPL
social,kaggle_tweets,2018-08-01 14:04:00,"Some thoughts on a potential $GOOG search re-entry into China. For Google, the benefits of having popular services… https://t.co/asWQ5z5gki",,GOOGL
social,kaggle_tweets,2018-08-01 14:05:00,"RT @SmartChainMedia: IBM, Barcays and Citi Team Up to Launch Blockchain App Store for Banks https://t.co/TavxUVr3Yb #BlockchainNews #Smar…",,IBM
social,kaggle_tweets,2018-08-01 14:05:00,"RT @SmartChainMedia: IBM, Barcays and Citi Team Up to Launch Blockchain App Store for Banks https://t.co/TavxUVr3Yb #BlockchainNews #Smar…",,IBM
social,kaggle_tweets,2018-08-01 14:05:00,"RT @SmartChainMedia: IBM, Barcays and Citi Team Up to Launch Blockchain App Store for Banks https://t.co/TavxUVr3Yb #BlockchainNews #Smar…",,IBM
social,kaggle_tweets,2018-08-01 14:05:00,"RT @ForbesTech: Apple's Results: Apple Watch Claimed As Best-Selling Smartwatch, AirPods, iPads Soar https://t.co/0ydbI9kxBF",,AAPL
social,kaggle_tweets,2018-08-01 14:05:00,"RT @SmartChainMedia: IBM, Barcays and Citi Team Up to Launch Blockchain App Store for Banks https://t.co/TavxUVr3Yb #BlockchainNews #Smar…",,IBM
social,kaggle_tweets,2018-08-01 14:08:00,"RT @PrisonPlanet: Google to launch censored version of search engine in China that will blacklist websites &amp; searches about human rights, d…",,GOOGL
social,kaggle_tweets,2018-08-01 14:22:00,Facebook says covert campaign spread divisive political messages: https://t.co/ALxXk2QNxN,,FB
social,kaggle_tweets,2018-08-01 14:28:00,Apple Could Soon Be Worth $1 Trillion as Profits Pour In - The New York Times https://t.co/VY9dldnAci,,AAPL
social,kaggle_tweets,2018-08-01 14:32:00,"RT @nickbilton: Apple is 5 points away from being the world’s first trillion dollar company. If you would have bought stock in 1984, instea…",,AAPL
social,kaggle_tweets,2018-08-01 14:42:00,RT @ohboy51: @acoyne One things for sure nobody’s ever accused Ford of having a clue what he’s doing.,,F
social,kaggle_tweets,2018-08-01 14:44:00,RT @brkicks: Nike LeBron Icon drops Saturday. @KingJames and @johnelliottco reimagine the Nike LeBron 8 https://t.co/eT8r217SyW,,NKE
social,kaggle_tweets,2018-08-01 14:45:00,"RT @OfficialWith1D: UPDATE || The event Harry is at is a 3 day conference for the A-list celebrities, and billionaires etc. Google Camp com…",,GOOGL
social,kaggle_tweets,2018-08-01 14:45:00,"RT @OfficialWith1D: UPDATE || The event Harry is at is a 3 day conference for the A-list celebrities, and billionaires etc. Google Camp com…",,GOOGL
social,kaggle_tweets,2018-08-01 14:52:00,@SenateMajLdr @JohnCornyn Your Russia squad hacked Facebook and said “abolish ICE” ... #ditchmitch #RussianHacking #ComplicitGOP,,FB
social,kaggle_tweets,2018-08-01 14:53:00,"Idk why I fall for the Starbucks wave every time, after I pay all that money i taste disappointment with every sip smh",,SBUX
social,kaggle_tweets,2018-08-01 15:00:00,"@TinaSharkey Get more Followers, Likes, Views &amp; more for Twitter, YouTube, Instagram and Facebook with https://t.co/pd5D2b9cgw",,FB
social,kaggle_tweets,2018-08-01 15:08:00,"""Apple Could Soon Be Worth $1 Trillion as Profits Pour In"" by JACK NICAS via NYT https://t.co/8cTJ4I9a1u",,AAPL
social,kaggle_tweets,2018-08-01 15:08:00,@lflizas @wMoodz @ViscianoSergio Could anyone please PayPal me literally £1.50 I need it to buy some more vbucks to… https://t.co/qC41bHlHkr,,PYPL
social,kaggle_tweets,2018-08-01 15:10:00,"Each of our bottles is sealed with Distillery Manager, John McDonald's seal of approval. We invite you to share yo… https://t.co/A7gq92b54k",,MCD
social,kaggle_tweets,2018-08-01 15:13:00,RT @longnion_blair: Just for those who don't have Facebook. Pls share https://t.co/UO2U72XVXb,,FB
social,kaggle_tweets,2018-08-01 15:16:00,"RT @withfries2: 1/ As we hold our collective breaths until Apple cracks the $1T market cap milestone, I notice that there's been a recent b…",,AAPL
social,kaggle_tweets,2018-08-01 15:21:00,RT @RBReich: Apple has already plowed $43 billion into buying back shares of its own stock this year. That's more than market value of almo…,,AAPL
social,kaggle_tweets,2018-08-01 15:21:00,RT @RBReich: Apple has already plowed $43 billion into buying back shares of its own stock this year. That's more than market value of almo…,,AAPL
social,kaggle_tweets,2018-08-01 15:27:00,"RT @Thomas1774Paine: EXCLUSIVE: Kim Dotcom Drops Bombshell on Twitter, Facebook: “Their Days Are Numbered;” Confirms He’s Now Building Riva…",,FB
social,kaggle_tweets,2018-08-01 15:33:00,RT @cultofmac: Apple shares gained $55B today after glowing quarterly report https://t.co/N8OIuaqPSL by @edfromfreelance https://t.co/BI1k6…,,AAPL
social,kaggle_tweets,2018-08-01 15:33:00,"We desperately need #RICO antitrust and class action lawsuits against Twitter, Facebook and Google before the next… https://t.co/kLlYE783M3",,GOOGL
social,kaggle_tweets,2018-08-01 15:34:00,Apple $AAPL Given a $200.00 Price Target at Sanford C. Bernstein https://t.co/QsThQ7J3ie #stocks,,AAPL
social,kaggle_tweets,2018-08-01 15:35:00,RT @adam22: I will literally start checking Facebook daily again if they got shit like this now https://t.co/KxcDcuC5nO,,FB
social,kaggle_tweets,2018-08-01 15:35:00,RT @adam22: I will literally start checking Facebook daily again if they got shit like this now https://t.co/KxcDcuC5nO,,FB
social,kaggle_tweets,2018-08-01 15:35:00,RT @adam22: I will literally start checking Facebook daily again if they got shit like this now https://t.co/KxcDcuC5nO,,FB
social,kaggle_tweets,2018-08-01 15:36:00,Disney Magic Kingdoms Hack - Gems Generator https://t.co/y58OZL2p3h,,DIS
social,kaggle_tweets,2018-08-01 15:42:00,"Apple beats estimates with $3.74 billion in revenue from wearables, home products https://t.co/B1aB2wiSZ4",,AAPL
social,kaggle_tweets,2018-08-01 15:56:00,RT @usatodaytech: Apple jumps after strong third-quarter report https://t.co/a59MVxSpMR https://t.co/KZEm2p9Rq6,,AAPL
social,kaggle_tweets,2018-08-01 16:09:00,RT @Forbes: Apple is close to reaching a record high $1 trillion market cap. There's a lot retailers can learn from the company: https://t.…,,AAPL
social,kaggle_tweets,2018-08-01 16:16:00,Fifth Gear [20x01] - Ford Focus 120mph Crash Test https://t.co/rgMErZQgSa,,F
social,kaggle_tweets,2018-08-01 16:18:00,RT @CREWcrew: 1. Russian hackers targeted Sen McCaskill in her 2018 campaign 2. Facebook just shut down fake accounts for political meddlin…,,FB
social,kaggle_tweets,2018-08-01 16:22:00,Keane Group $FRAC Price Target Lowered to $16.00 at Citigroup https://t.co/cFDeajsUzt,,C
social,kaggle_tweets,2018-08-01 16:26:00,@xHarveyKiddx Logitech is 155 rn on Amazon the HyperX is 90. HyperX is the better deal if you don't mind only have… https://t.co/ztHMT8tbW9,,AMZN
social,kaggle_tweets,2018-08-01 16:27:00,RT @RedditCFB: The following Mountain West games will be shown exclusively on Facebook this year—be sure to tell that aunt who posts crazy…,,FB
social,kaggle_tweets,2018-08-01 16:31:00,RT @tictoc: Huawei passes Apple to become the world’s second-largest maker of smartphones https://t.co/YaTpasPzOg https://t.co/FKKl9NGJR6,,AAPL
social,kaggle_tweets,2018-08-01 16:56:00,RT @billboard: Apple stock price soars following upbeat earnings and nears $1 trillion milestone https://t.co/nVwXBfRrK1 https://t.co/pUvb8…,,AAPL
social,kaggle_tweets,2018-08-01 16:58:00,"RT @tictoc: Google is preparing to launch a censored version of its search engine for China, according to The Intercept https://t.co/AEuGKz…",,GOOGL
social,kaggle_tweets,2018-08-01 16:58:00,Adobe Sys $ADBE Holder Greystone Managed Investments Decreased Its Holding as Share Price Rose; Nvidia $NVDA Holder… https://t.co/4l5r7ychK3,,ADBE
social,kaggle_tweets,2018-08-01 17:02:00,Flipkart Plus to launch on 15 August to take on Amazon Prime https://t.co/t6uh84C65t,,AMZN
social,kaggle_tweets,2018-08-01 17:13:00,"RT @SOLELINKS: PRICE DROP👇📉 Nike Air Max 97 'Rain Forest' on sale for $125 + shipping, use code BTS2018A =&gt; https://t.co/F8W757cG9N https:…",,NKE
social,kaggle_tweets,2018-08-01 17:17:00,"RT @TIME: What to know about Gerda Taro, the war photographer celebrated by today's Google Doodle https://t.co/lTSlYDFzqJ",,GOOGL
social,kaggle_tweets,2018-08-01 17:19:00,Disney unveils new online store: https://t.co/YkqLfvCaDr #Disney @Disney #onlineshopping #licenses,,DIS
social,kaggle_tweets,2018-08-01 17:24:00,"RT @FlyTimesHQ: Now Available: Women's Nike Air VaporMax Flyknit 2 ""Triple White"" + Free Shipping! BUY HERE: https://t.co/iRygCm5ldp",,NKE
social,kaggle_tweets,2018-08-01 17:25:00,Apple Stock Have Unmatched Upside Potential? Join the Discussion on Twitter https://t.co/3VSA7lAN6i,,AAPL
social,kaggle_tweets,2018-08-01 17:28:00,RT @Lrihendry: Mark Zuckerberg censoring conservatives on Facebook just cost him 16.8 billion. Was it worth it?,,FB
social,kaggle_tweets,2018-08-01 17:35:00,“If you use Apple Music you voted for Trump” -@ArmedWithUhMind,,AAPL
social,kaggle_tweets,2018-08-01 17:49:00,RT @PRADACCIA: Pink Feather Jacket from Gucci’s S/S 2004 collection by Tom Ford. https://t.co/6qkrdKFTbc,,F
social,kaggle_tweets,2018-08-01 17:55:00,RT @USANEWS007: Why all the hysteria over a few Russia Facebook accounts trying to meddle in elections wen MILLIONS of Mexicans and other I…,,FB
social,kaggle_tweets,2018-08-01 17:56:00,Apple Shares Hit All-Time High: 7 Key Takeaways From Its Strong Earnings Report https://t.co/hhfc1CoUn9,,AAPL
social,kaggle_tweets,2018-08-01 18:04:00,RT @TorysLLP: Facebook and other big names have been the subjects of recent privacy class action lawsuits. Learn more about these and class…,,FB
social,kaggle_tweets,2018-08-01 18:05:00,Starbucks China remain confident after sales slip | read: https://t.co/r1q5Jb1f4c | #starbuckschina https://t.co/cvQpQQxRmw,,SBUX
social,kaggle_tweets,2018-08-01 18:09:00,RT @DEADLINE: Netflix Acquires George Orwell’s ‘Animal Farm;’ Andy Serkis Directs &amp; Matt Reeves Produces https://t.co/o42cw1quBs https://t.…,,NFLX
social,kaggle_tweets,2018-08-01 18:09:00,RT @DEADLINE: Netflix Acquires George Orwell’s ‘Animal Farm;’ Andy Serkis Directs &amp; Matt Reeves Produces https://t.co/o42cw1quBs https://t.…,,NFLX
social,kaggle_tweets,2018-08-01 18:10:00,"RT @KaneFulton: 71. Kayla Herbert - @TheBranswer @TechCityUK Visa Scheme graduate @km_herbert this year launched Brander, a free branding t…",,V
social,kaggle_tweets,2018-08-01 18:13:00,RT @memetiddies: Facebook is a different breed https://t.co/UYhkbSqfbe,,FB
social,kaggle_tweets,2018-08-01 18:14:00,"Apple smashes another fiscal record, reaches 17% increase in revenue - https://t.co/GQHMp8yGfq #Tech https://t.co/9KNqzreSXL",,AAPL
social,kaggle_tweets,2018-08-01 18:22:00,"RT @thewatchpod: Cool in-depth look at the Netflix business model, and how so many of the potential industry mergers that @ChrisRyan77 and…",,NFLX
social,kaggle_tweets,2018-08-01 18:23:00,"Google plans to launch a censored version of search engine in China that omits websites about Human Rights, Democra… https://t.co/QHScS2AfXi",,GOOGL
social,kaggle_tweets,2018-08-01 18:26:00,Markets Right Now: Stocks mostly lower even as Apple surges https://t.co/0kbQEgHcXz via @W3LiveNews #Apple #AssociatedPress #Stock,,AAPL
social,kaggle_tweets,2018-08-01 18:28:00,"RT @DadisGrumpy: Miracle in Costco: Judgemental lady: Ugh. Are you buying FORMULA so you can drink all that WINE? *Looks at crying twins,…",,COST
social,kaggle_tweets,2018-08-01 18:28:00,"RT @DadisGrumpy: Miracle in Costco: Judgemental lady: Ugh. Are you buying FORMULA so you can drink all that WINE? *Looks at crying twins,…",,COST
social,kaggle_tweets,2018-08-01 18:28:00,"RT @DadisGrumpy: Miracle in Costco: Judgemental lady: Ugh. Are you buying FORMULA so you can drink all that WINE? *Looks at crying twins,…",,COST
social,kaggle_tweets,2018-08-01 18:38:00,E3 2016: Microsoft Launches Design-Your-Own Xbox One Controller Program - GameSpot https://t.co/3OsJrFOY4o,,MSFT
social,kaggle_tweets,2018-08-01 18:59:00,"Apple is literally cents away from being the first ever trillion dollar company. Wild how simple, practically uncha… https://t.co/DeCkaqamNO",,AAPL
social,kaggle_tweets,2018-08-01 19:09:00,RT @charliebilello: Apple Net Income (Billions)... 2018 (est): 57 2017: 48 2016: 46 2015: 53 2014: 40 2013: 37 2012: 42 2011: 26 2010: 14 2…,,AAPL
social,kaggle_tweets,2018-08-01 19:10:00,"RT @ModernMetalsMag: Apple Corp., producers @Alcoa and Rio Tinto, and the governments of Canada and Quebec launch carbon-free aluminum fut…",,AAPL
social,kaggle_tweets,2018-08-01 19:10:00,The perfect gift for the paranormal investigator! 5 Stars on Amazon By award winning author Kitty Janusz Amazon… https://t.co/3Wvhv5NZrc,,AMZN
social,kaggle_tweets,2018-08-01 19:15:00,"I literally need a store front in my house. The idea of listing all this stuff on Facebook is terrifying, but I've… https://t.co/guJaIN6Thx",,FB
social,kaggle_tweets,2018-08-01 19:29:00,RT @Uncle_Jimbo: Here's the internal miscommunication Netflix: But Obama told us Farrakhan was cool Normal America: 😠 Investors: 😱 https…,,NFLX
social,kaggle_tweets,2018-08-01 19:38:00,RT @conradhackett: Average approval among the other political party: Eisenhower 49% Kennedy 49% Johnson 40% Nixon 34% Ford 36% Carter 30% R…,,F
social,kaggle_tweets,2018-08-01 19:39:00,RT @BusinessTechSA: Huawei passes Apple in smartphone market share https://t.co/mnHyYbqx9U,,AAPL
social,kaggle_tweets,2018-08-01 19:39:00,@USATODAY This is one of the rally's specifically mentioned by Facebook to be created and promoted by the fake acco… https://t.co/yq9D4M4lBd,,FB
social,kaggle_tweets,2018-08-01 19:42:00,Can Apple pip others to be first with trillion dollar valuation? | Technology https://t.co/yO5eeePh9I,,AAPL
social,kaggle_tweets,2018-08-01 19:44:00,Wall Street opens higher as Apple lifts tech stocks U.S. stocks opened higher on Wednesday after Apple's strong ear… https://t.co/7XNCIl6shM,,AAPL
social,kaggle_tweets,2018-08-01 19:45:00,RT @alispagnola: How long do I have to hang on to a MacCoin until it appreciates in value enough to get me a McDonald's franchise?,,MCD
social,kaggle_tweets,2018-08-01 19:47:00,"RT @vicenews: Google has been secretly developing a search app for the Chinese market that will filter out results related to human rights,…",,GOOGL
social,kaggle_tweets,2018-08-01 19:59:00,"Amazon Super Value Day – Shop Your Monthly Grocery &amp; Get Upto Rs.1200 Amazon Pay Balance, Deal Start From Re. 1 Onl… https://t.co/KuVE3EI4FG",,AMZN
social,kaggle_tweets,2018-08-01 20:12:00,Dixons Carphone data breach hit extra 9m customers https://t.co/HEURsgwcMV Shared from my Google feed,,GOOGL
social,kaggle_tweets,2018-08-01 20:15:00,Apple hits new all-time high as analysts boost targets,,AAPL
social,kaggle_tweets,2018-08-01 20:19:00,"RT @ComfortablySmug: ""Now because of Apple stock Tim Cook is worth one trillion dollars and could buy healthcare for every American but won…",,AAPL
social,kaggle_tweets,2018-08-01 20:23:00,"RT @slashdot: Google Plans To Launch Censored Search Engine In China, Leaked Documents Reveal https://t.co/5NSrwxo4YS",,GOOGL
social,kaggle_tweets,2018-08-01 20:27:00,RT @rj_gallagher: Revealed: Google is planning to launch a censored search engine in China that will blacklist websites &amp; search terms abou…,,GOOGL
social,kaggle_tweets,2018-08-01 20:27:00,RT @rj_gallagher: Revealed: Google is planning to launch a censored search engine in China that will blacklist websites &amp; search terms abou…,,GOOGL
social,kaggle_tweets,2018-08-01 20:27:00,RT @rj_gallagher: Revealed: Google is planning to launch a censored search engine in China that will blacklist websites &amp; search terms abou…,,GOOGL
social,kaggle_tweets,2018-08-01 20:27:00,RT @rj_gallagher: Revealed: Google is planning to launch a censored search engine in China that will blacklist websites &amp; search terms abou…,,GOOGL
social,kaggle_tweets,2018-08-01 20:27:00,RT @rj_gallagher: Revealed: Google is planning to launch a censored search engine in China that will blacklist websites &amp; search terms abou…,,GOOGL
social,kaggle_tweets,2018-08-01 20:28:00,@TreyMonet_ My fingertips feel irritated like they’ve been burned 😔😭 I’m going to the Apple store today after work,,AAPL
social,kaggle_tweets,2018-08-01 20:30:00,"33 year ago: ""Apple ($AAPL) is not considered to be in danger of failing..."" https://t.co/Tuef5CqgSd https://t.co/7CPhjgx7uu",,AAPL
social,kaggle_tweets,2018-08-01 20:33:00,RT @mbrookerhk: Tencent has lost even more market value than Facebook Think U.S. tech is bad? Check out Tencent's $140 billion selloff htt…,,FB
social,kaggle_tweets,2018-08-01 20:35:00,RT @TitusNation: Kristen Nielsen just announced Russia hacked the election “at the highest levels” Facebook just announced it found more Ru…,,FB
social,kaggle_tweets,2018-08-01 20:36:00,"RT @a35362: McDonald's could have given every one of its workers a $4,000 raise with the money it spent on stock buybacks, @annielowrey rep…",,MCD
social,kaggle_tweets,2018-08-01 20:37:00,"Global Athletic Footwear Market 2018 Future Projection: Nike, Under Armour, Adidas and Skechers… https://t.co/Pf4wiGAt9a",,NKE
social,kaggle_tweets,2018-08-01 20:38:00,Amazon powers up profits as footprint grows https://t.co/kyJROJSI21 #Business https://t.co/93zdYi8tMq,,AMZN
social,kaggle_tweets,2018-08-01 20:39:00,So are we to believe that 12 Russians and 32 pages on Facebook forced all these people to attend these Trump Rally’… https://t.co/GN4DYVbMMk,,FB
social,kaggle_tweets,2018-08-01 20:51:00,Whistleblower says Google is relaunching search engine in China that will follow China government guidelines for ce… https://t.co/hvvpgxZ308,,GOOGL
social,kaggle_tweets,2018-08-02 07:02:00,RT @benthompson: I wonder at what point Apple decided to make sure the Stocks app could display a ‘T’ 🤔 https://t.co/XASHBAUrMl,,AAPL
social,kaggle_tweets,2018-08-02 07:02:00,"Inverness Counsel Raised By $4.41 Million Its Microsoft $MSFT Position; SS&amp;C Technologies Holdings, Inc. $SSNC Cove… https://t.co/wCDghyCt3e",,MSFT
social,kaggle_tweets,2018-08-02 07:02:00,The NYSE #FANGplus Index reacts to Apple being named the first ever company to reach $1 trillion in value https://t.co/fU5GRdLXRI,,AAPL
social,kaggle_tweets,2018-08-02 07:02:00,RT @benthompson: I wonder at what point Apple decided to make sure the Stocks app could display a ‘T’ 🤔 https://t.co/XASHBAUrMl,,AAPL
social,kaggle_tweets,2018-08-02 07:11:00,RT @benjaminbland: Google is planning to launch a censored search engine for China that will block out politically sensitive search results…,,GOOGL
social,kaggle_tweets,2018-08-02 07:15:00,U.S. jury awards $145 million damages to Canada’s WiLan against Apple https://t.co/G79UXfzN1P https://t.co/GQO7iu3uSx,,AAPL
social,kaggle_tweets,2018-08-02 07:15:00,I ordered a cold foam iced cappuccino from Starbucks and the girl literally asked me if I happen to know the ingred… https://t.co/Fzr00PdQHb,,SBUX
social,kaggle_tweets,2018-08-02 07:19:00,"RT @MSNBC: BREAKING: Apple hits $1,000,000,000,000 in market value. Watch @CNBC @TheDomino with analysis. https://t.co/PSj6VIUp4I",,AAPL
social,kaggle_tweets,2018-08-02 07:19:00,"RT @MSNBC: BREAKING: Apple hits $1,000,000,000,000 in market value. Watch @CNBC @TheDomino with analysis. https://t.co/PSj6VIUp4I",,AAPL
social,kaggle_tweets,2018-08-02 07:21:00,RT @stoppermarco: Remarkable 🥇 Apple Becomes First U.S. Company to Hit $1 Trillion Market Value https://t.co/eI3xjVYejM,,AAPL
social,kaggle_tweets,2018-08-02 07:22:00,Forrest Gump made it seem like we missed the boat on investing in Apple ... in 1994.,,AAPL
social,kaggle_tweets,2018-08-02 07:24:00,RT @mickeylocz_: Facebook is jokes man 😂 https://t.co/y8sBtzmR7G,,FB
social,kaggle_tweets,2018-08-02 07:27:00,"RT @thedailybeast: ⚡️ “An ex-cop rigged McDonald's Monopoly game, stealing millions” https://t.co/ItkUpRbuqo",,MCD
social,kaggle_tweets,2018-08-02 07:31:00,"Apple is worth over $1,000,000,000,000 It happened. Apple won the race to $1 trillion in market capitalization. Fo… https://t.co/Xi3Uf3mQUX",,AAPL
social,kaggle_tweets,2018-08-02 07:37:00,RT @enews: Remember the ex-cop who rigged the McDonald's Monopoly game in 2001 and stole millions? Matt Damon and Ben Affleck are teaming u…,,MCD
social,kaggle_tweets,2018-08-02 07:46:00,RT @NEMADEP: #inrbonds #investorsareidiots @arjunparthasara In second quarter Tax rate for Apple Inc fell to 13.3% from 22.9% previous year,,AAPL
social,kaggle_tweets,2018-08-02 07:48:00,"If You're Buying Bread, Make Sure You Have Your Photo ID Out And Your Facebook Password Available $FB… https://t.co/iO7gcRQZyX",,FB
social,kaggle_tweets,2018-08-02 07:49:00,CIRP: Amazon has 70% of smart speaker market in US and Google has 24% as installed base hits 50M; Apple doubled its… https://t.co/QkrXttGVHp,,GOOGL
social,kaggle_tweets,2018-08-02 07:50:00,Apple says it has paid two-thirds of $15 billion Irish tax bill: IPhone maker Apple has to date paid two-thirds of… https://t.co/YDmeEW5qMX,,AAPL
social,kaggle_tweets,2018-08-02 07:50:00,RT @JonErlichman: Valuations today: Apple: $1 trillion Nokia: $30 billion Valuations when iPhone was released in 2007: Nokia: $110 bi…,,AAPL
social,kaggle_tweets,2018-08-02 07:51:00,Apple says a big swing in a behind-the-scenes tech pricing will boost future earnings https://t.co/mXzGeNBcCj,,AAPL
social,kaggle_tweets,2018-08-02 07:53:00,"RT @AlibabaGroup: .@Starbucks and Alibaba are partnering to expand the coffeemaker's delivery and digital presence in China, Starbucks CEO…",,SBUX
social,kaggle_tweets,2018-08-02 07:59:00,"RT @JavierBlas: CHART OF THE DAY: As Apple briefly touches the $1 trillion mark, here how it compares with the market market capitalization…",,AAPL
social,kaggle_tweets,2018-08-02 07:59:00,RT @MSNBC: @CNBC @TheDomino Apple has become the first publicly traded company to reach a $1 trillion market cap valuation. https://t.co/Dd…,,AAPL
social,kaggle_tweets,2018-08-02 08:08:00,"RT @cathmckenna: It's now absolutely clear, the Ford gov’t – like the Scheer &amp; Harper Conservatives - has no climate plan. Climate change d…",,F
social,kaggle_tweets,2018-08-02 08:12:00,"RT @MSNBC: Apple becomes first public U.S. company to reach $1,000,000,000,000 valuation. https://t.co/9MQmIpPBm2",,AAPL
social,kaggle_tweets,2018-08-02 08:13:00,RT @KicksDeals: The black/metallic gold Nike EQUALITY T-Shirt is direct from @nikestore for 30% OFF retail at $24.78 + FREE shipping with N…,,NKE
social,kaggle_tweets,2018-08-02 08:14:00,"RT @dancow: Some @nytimes editor: ""Hey Apple just hit $1 trillion in market cap. Can we get a bar chart to show how big that is?"" @nytgrap…",,AAPL
social,kaggle_tweets,2018-08-02 08:16:00,Cramer: 10 reasons why Apple hitting $1 trillion matters for the stock market https://t.co/H5Uj9nMVLS,,AAPL
social,kaggle_tweets,2018-08-02 08:19:00,RT @LoriinUtah: Wow! BREAKING NEWS: Apple just topped 1 TRILLION IN MARKET VALUE! That's just amazing!,,AAPL
social,kaggle_tweets,2018-08-02 08:19:00,"RT @seekandfind Higher-priced iPhones drive Apple profit to $11.5 billion, beating expectations #News #Iran #Israel… https://t.co/Z8M5IL180u",,AAPL
social,kaggle_tweets,2018-08-02 08:22:00,"RT @thatjamesgordon: Ford has cancelled the Basic Income Pilot Project, saying, with no evidence, that is is ‘unsustainable’. What an inexc…",,F
social,kaggle_tweets,2018-08-02 08:25:00,RT @iPhone_News: Apple is Officially a Trillion Dollar Company as Shares Cross $207 Mark https://t.co/su1hSXEGOn,,AAPL
social,kaggle_tweets,2018-08-02 08:31:00,"RT @Breaking911: BREAKING: Apple closes with a market value over $1,000,000,000,000 - CNBC",,AAPL
social,kaggle_tweets,2018-08-02 08:33:00,RT @CBCAlerts: Apple becomes 1st publicly traded company to be worth $1 trillion. Stock up 9% since Tuesday's positive earnings report. Sha…,,AAPL
social,kaggle_tweets,2018-08-02 08:33:00,RT @Reuters: Google plans censored version of search engine in China: sources https://t.co/dYyQZdd0i0 $GOOGL https://t.co/RSsrAc2TZs,,GOOGL
social,kaggle_tweets,2018-08-02 08:34:00,RT @MountainCU: Mountain #CreditUnion offers for sale to the highest bidder the following: Black 2007 Ford Mustang GT VIN#: 1ZVFT82H575…,,F
social,kaggle_tweets,2018-08-02 08:35:00,RT @thesimpleparent: Hey moms! #ad Save time during the #backtoschool hustle! Skip the lines &amp; stock up with Amazon! #shopbacktoschool here…,,AMZN
social,kaggle_tweets,2018-08-02 08:36:00,RT @ComfortablySmug: Trump year one: - North Korean Peace Summit - Causes Apple to hit $1 trillion market cap - Defeated ISIS - Justice Gor…,,AAPL
social,kaggle_tweets,2018-08-02 08:39:00,Apple first company to top one trillion dollar market value. https://t.co/3IemivJpaH,,AAPL
social,kaggle_tweets,2018-08-02 08:41:00,RT @StockTwits: Warren Buffett disclosed a position in Apple $AAPL a little more than two years ago. It traded around $100/share then. Tod…,,AAPL
social,kaggle_tweets,2018-08-02 08:45:00,Apple CEO: I use my phone too much https://t.co/Nf6mLGlCBt https://t.co/4P5q4wu2FZ,,AAPL
social,kaggle_tweets,2018-08-02 08:46:00,"I added a video to a @YouTube playlist https://t.co/s3xfQdhnel Corn Maze with Disney PJ Masks featuring the Assistant and Catboy,",,DIS
social,kaggle_tweets,2018-08-02 08:47:00,"RT @samrat: $1,000,000,000,000 Apple first US company to cross the trillion mark. PetroChina did it, briefly, now worth $205 billion.",,AAPL
social,kaggle_tweets,2018-08-02 08:47:00,RT @JurassicWorld: Want to share your love for dinosaurs and all things Jurassic? Join the Official Jurassic World Facebook Group! Click he…,,FB
social,kaggle_tweets,2018-08-02 08:53:00,"@bhogleharsha Kohli hits a ton, Apple hits a trillion, you become a millionaire",,AAPL
social,kaggle_tweets,2018-08-02 08:54:00,RT @ReutersBiz: UPDATE: Apple shares hit new record high at $206.58; nears trillion dollar market valuation $AAPL https://t.co/YJUbjxXtHm,,AAPL
social,kaggle_tweets,2018-08-02 08:57:00,"Business : Apple Hits $1 Trillion Mark, Turns Nasdaq Positive https://t.co/vRdZxyfMpz",,AAPL
social,kaggle_tweets,2018-08-02 09:09:00,Deal: Google's Daydream View VR headset is 70% off at Verizon https://t.co/xrPX4pcNXb https://t.co/AeSvekcKaE,,VZ
social,kaggle_tweets,2018-08-02 09:19:00,RT @HodlModel: #RedditHacked Suddenly everything is getting hacked thanks to #2FA ? What if Google Authenticator employees are doing the ha…,,GOOGL
social,kaggle_tweets,2018-08-02 09:21:00,RT @BTSMalaysia: Stay tune to MiX Malaysia Facebook for their updates on when the stocks will be arriving https://t.co/V5juDfcpNZ,,FB
social,kaggle_tweets,2018-08-02 09:21:00,"RT @JuddLegum: Apple is spending tens of billions on stock buy backs, helping juice its share price. It got a massive tax cut from the Tru…",,AAPL
social,kaggle_tweets,2018-08-02 09:22:00,RT @gloriaxsaucedo: Facebook so funny y’all look at this 🤣 https://t.co/XTBttPTSwH,,FB
social,kaggle_tweets,2018-08-02 09:24:00,"Zara competes with Amazon, Asos with store delivery https://t.co/wMTUb7WxmM",,AMZN
social,kaggle_tweets,2018-08-02 09:29:00,Apple is Officially a Trillion Dollar Company as Shares Cross $207 Mark https://t.co/rYUWu6JQry,,AAPL
social,kaggle_tweets,2018-08-02 09:39:00,"RT @CNBC: Starbucks CEO confirms Alibaba partnership, plans to expand delivery to 2,000 stores in China https://t.co/aeo48JK55C",,SBUX
social,kaggle_tweets,2018-08-02 09:40:00,MSI releases Z370 motherboard BIOS files for Intel 9K support https://t.co/i8qm5Ws7Ff https://t.co/IyiEVLEur2,,INTC
social,kaggle_tweets,2018-08-02 09:42:00,RT @amaditalks: So Starbucks will still sell millions of drinks in plastic cups that could be recycled but never will be. Disney will conti…,,DIS
social,kaggle_tweets,2018-08-02 09:47:00,Starbucks has signed a massive deal with China's most famous online retailer to cement its dominance of the coffee… https://t.co/UHCAPgYlcd,,SBUX
social,kaggle_tweets,2018-08-02 09:49:00,Robot drummer posts pictures of jamming sessions on Facebook https://t.co/nXQl3CTgmy walking https://t.co/pFAbAsuvrR,,FB
social,kaggle_tweets,2018-08-02 09:50:00,4 Things Retailers Should Learn From Apple As It Nears $1 Trillion Market Cap https://t.co/mzNEKQZBBU,,AAPL
social,kaggle_tweets,2018-08-02 09:55:00,Apple says it has paid two-thirds of $15 billion Irish tax bill IPhone maker Apple has to date paid two-thirds of t… https://t.co/6GwowjHc0O,,AAPL
social,kaggle_tweets,2018-08-02 09:56:00,RT @Geraldi21771148: The two CEO'S of McDonald's franchise. #ALDUB159WeekswithMCDO #VMTearfulReunion https://t.co/QvbSoWOKPb,,MCD
social,kaggle_tweets,2018-08-02 09:58:00,Sonos CEO says Google Assistant could be on its speakers by year’s end https://t.co/3itdCgb2yQ TX to Joystiq,,GOOGL
social,kaggle_tweets,2018-08-02 10:04:00,RT @brianbeutler: Our digital guru @ElijahCone throws a high hard one at Facebook. https://t.co/zhHaCksu97,,FB
social,kaggle_tweets,2018-08-02 10:10:00,"This girl I know literally just posted a pic of her newborn babies dirty diaper on Facebook, why are fb moms like this",,FB
social,kaggle_tweets,2018-08-02 10:10:00,RT @TimOBrien: Facebook said that Alex Jones pretending to shoot Robert Mueller and also lying about Mueller being involved in a child rape…,,FB
social,kaggle_tweets,2018-08-02 10:16:00,C9550-606: IBM Certified Business Process Analyst . https://t.co/2wWbaUeTki... #examdump #download please RT,,IBM
social,kaggle_tweets,2018-08-02 10:23:00,RT @verge: Google Home Max is finally launching in a third country with Australian availability https://t.co/Xfs9GOTGAT https://t.co/Tva0qc…,,GOOGL
social,kaggle_tweets,2018-08-02 10:26:00,Journalism life hack: *source ignores email* *source ignores email* *source ignores email* *Sends Facebook message… https://t.co/OhUzVt5wiR,,FB
social,kaggle_tweets,2018-08-02 10:27:00,"What's your favorite Disney movie? 🐭 — as @AiramIsMe said, ""BOLD OF U TO ASSUME I ONLY HAVE ONE FAVORITE DISNEY MOV… https://t.co/QRPIrPKWIS",,DIS
social,kaggle_tweets,2018-08-02 10:27:00,Apple breaches $1 trillion stock market valuation https://t.co/913BMBV7eF,,AAPL
social,kaggle_tweets,2018-08-02 10:27:00,RT @scott_tobias: It's mind-blowing to me that Disney hasn't reversed what was obviously a rash and unjust decision. Their reward is to los…,,DIS
social,kaggle_tweets,2018-08-02 10:33:00,RT @9to5mac: It’s official: Apple valued at $1 trillion as $AAPL hits $207.05 high https://t.co/YPt1U7qAxf https://t.co/ucWfKyoIX4,,AAPL
social,kaggle_tweets,2018-08-02 10:33:00,"RT @jowens510: Now that everyone has told you Apple is worth $1 trillion, please allow us to pop that bubble. $AAPL is not worth $1T till…",,AAPL
social,kaggle_tweets,2018-08-02 10:42:00,RT @edudzi_: Apple. 1 trillion dollars in market value. https://t.co/NRdAWPeGhC,,AAPL
social,kaggle_tweets,2018-08-02 10:44:00,RT @getongab: Apple is now worth $1 TRILLION dollars. Alphabet(Google) is worth $884 BILLION. Together they own and control 98% of the m…,,AAPL
social,kaggle_tweets,2018-08-02 10:44:00,RT @getongab: Apple is now worth $1 TRILLION dollars. Alphabet(Google) is worth $884 BILLION. Together they own and control 98% of the m…,,AAPL
social,kaggle_tweets,2018-08-02 10:45:00,"RT @BloombergTV: Apple just hit $1 trillion market cap, the first U.S. company to reach that milestone. We break it down ➡️ https://t.co/4T…",,AAPL
social,kaggle_tweets,2018-08-02 10:49:00,Apple becomes first U.S. company to cross $1 trillion in market value - The Wall Street Journal https://t.co/lAWUTqxOO7,,AAPL
social,kaggle_tweets,2018-08-02 10:49:00,"RT @NewsBFM: Apple has become the first public company in the world to be worth $1 trillion, as share prices rose above $207 trading in New…",,AAPL
social,kaggle_tweets,2018-08-02 10:51:00,Apple at a trillion-dollar valuation isn’t crazy like the dot-com bubble https://t.co/1sgeAghUtA,,AAPL
social,kaggle_tweets,2018-08-02 11:02:00,"""Don't Be Evil, Unless It's Worth Untold New Riches"": Whistleblower Reveals Google Plan to Launch Censored Search E… https://t.co/S1uSjDlQEo",,GOOGL
social,kaggle_tweets,2018-08-02 11:02:00,"RT @Androidheadline: Deal: Amazon Discounts Refurbished Fire TVs, Echo Dots &amp; More – August 2018 https://t.co/JygspWHkLz https://t.co/cR2YU…",,AMZN
social,kaggle_tweets,2018-08-02 11:11:00,RT @VanityFair: Facebook definitely regrets that memo saying that profit justifies everything https://t.co/g0RP7bPn4j,,FB
social,kaggle_tweets,2018-08-02 11:15:00,RT @JacksonWGlobal: [NEWS] 180802 TopStarNews #JWGTRANS GOT7 Jackson Becomes Pepsi China's Model... ‘Jaw-Dropping Advertisement Scale’ ✨…,,PEP
social,kaggle_tweets,2018-08-02 11:15:00,Google Drive will hit a billion users this week https://t.co/InM7WfQLtQ (cmts https://t.co/eISvm68aix),,GOOGL
social,kaggle_tweets,2018-08-02 11:16:00,"British Tourist Slaps Immigration Officer After Being Hit With A $4,000 Visa Overstay Fine! https://t.co/jr27XVHFoO https://t.co/If8HAuZTVJ",,V
social,kaggle_tweets,2018-08-02 11:22:00,"@heatherly_adam @johncampea @thomas_ohara It’s called a fine,unless every actor working for Disney refused to show… https://t.co/6rGBB7sjDT",,DIS
social,kaggle_tweets,2018-08-02 11:26:00,"RT @AnnieLowrey: With the money it has spent on buybacks, McDonald's could have given all of its 2 million employees a $4,000 raise. CVS co…",,MCD
social,kaggle_tweets,2018-08-02 11:26:00,"RT @AnnieLowrey: With the money it has spent on buybacks, McDonald's could have given all of its 2 million employees a $4,000 raise. CVS co…",,MCD
social,kaggle_tweets,2018-08-02 11:34:00,Delivered hot: Starbucks bets on Alibaba tie-up to revive China sales https://t.co/Gcqw4XpOER https://t.co/opPVC45wuI,,SBUX
social,kaggle_tweets,2018-08-02 11:46:00,Google me Baby but don't go crazy,,GOOGL
social,kaggle_tweets,2018-08-02 11:47:00,"RT @CNBCnow: BREAKING: Apple hits $1,000,000,000,000 in market value, becoming the first U.S. public company to reach the record valuation.…",,AAPL
social,kaggle_tweets,2018-08-02 11:47:00,"RT @CNBCnow: BREAKING: Apple hits $1,000,000,000,000 in market value, becoming the first U.S. public company to reach the record valuation.…",,AAPL
social,kaggle_tweets,2018-08-02 11:47:00,"RT @CNBCnow: BREAKING: Apple hits $1,000,000,000,000 in market value, becoming the first U.S. public company to reach the record valuation.…",,AAPL
social,kaggle_tweets,2018-08-02 11:47:00,"RT @CNBCnow: BREAKING: Apple hits $1,000,000,000,000 in market value, becoming the first U.S. public company to reach the record valuation.…",,AAPL
social,kaggle_tweets,2018-08-02 11:47:00,"RT @CNBCnow: BREAKING: Apple hits $1,000,000,000,000 in market value, becoming the first U.S. public company to reach the record valuation.…",,AAPL
social,kaggle_tweets,2018-08-02 11:53:00,"RT @cathmckenna: The Ford government is cutting money that helps hospitals, schools, cities and families improve their energy efficiency, a…",,F
social,kaggle_tweets,2018-08-02 11:58:00,"Apple (AAPL) Crushes Q3 Earnings Estimates, Sales Jump Y/Y https://t.co/EIQm1IVPb0",,AAPL
social,kaggle_tweets,2018-08-02 12:00:00,RT @iamkoshiek: Top Fast Food Brands in SA (Annual revenue per outlet): McDonald's: R17.7m Burger King: R10.2m KFC: R9.9m N…,,MCD
social,kaggle_tweets,2018-08-02 12:01:00,RT @chrisinsilico: And yet Facebook still protects these fraudulent conspiracy theorists. They would rather monetise the InfoWars audience…,,FB
social,kaggle_tweets,2018-08-02 12:05:00,Google To Launch 200 Free Wi-Fi Hotspots In Nigeria By 2019 https://t.co/N937EEQoZK https://t.co/hFHRhylSy9,,GOOGL
social,kaggle_tweets,2018-08-02 12:10:00,"RT @ajplus: Facebook deleted the event page for a #BlackLivesMatter protest against a white supremacist rally planned in Washington, D.C. A…",,FB
social,kaggle_tweets,2018-08-02 12:11:00,What's your favorite Disney movie? 🐭 — Sherk is a disney movie? https://t.co/lX58ito2B5,,DIS
social,kaggle_tweets,2018-08-02 12:15:00,"“Only two women had ever escaped him, and the loss haunted him....” Available TODAY! YOUR COPY NOW!!! Amazon -… https://t.co/qO8i05mBFV",,AMZN
social,kaggle_tweets,2018-08-02 12:17:00,"RT @CollegeFootball: Eli Apple, former Buckeyes react to Urban Meyer investigation https://t.co/wc8glV7Hsl",,AAPL
social,kaggle_tweets,2018-08-02 12:29:00,"BREAKING: Apple closes with a market value over $1,000,000,000,000 - CNBC",,AAPL
social,kaggle_tweets,2018-08-02 12:30:00,"Apple is worth over $1,000,000,000,000 It happened. Apple won the race to $1 trillion in market capitalization. Fo… https://t.co/XIbkKBbkRz",,AAPL
social,kaggle_tweets,2018-08-02 12:36:00,"RT @Ian56789: Google Plans to Launch Censored Search Engine in China, Leaked Documents Reveal. N.B. A version of this software is already o…",,GOOGL
social,kaggle_tweets,2018-08-02 12:38:00,RT @Alt_FedEmployee: Somewhere in Mississippi a Walmart cashier is ID'ing everyone for groceries right now to support the president's lies,,WMT
social,kaggle_tweets,2018-08-02 12:40:00,"RT @ThatsMrNeil: So, let me get this straight. The Doug Ford government calls the #BasicIncome pilot project wasteful spending, then create…",,F
social,kaggle_tweets,2018-08-02 12:44:00,Digital Rights Ownership Matters. Do we really trust Google with out privacy at this level?,,GOOGL
social,kaggle_tweets,2018-08-02 12:46:00,RT @DrJaneRuby: Apple announced it would “take advantage of the corporate tax break it’s getting under the new tax laws to invest $350 bill…,,AAPL
social,kaggle_tweets,2018-08-02 12:50:00,"RT @lapointejm: Google plans to launch censored search engine in China, leaked documents reveal https://t.co/bEZ4UfYOCE by @rj_gallagher",,GOOGL
social,kaggle_tweets,2018-08-02 12:52:00,"Apple Stock market value is now greater than the combined capitalization of ExxonMobil (XOM.N), Proctor &amp; Gamble (… https://t.co/QgNcbiD5Gu",,AAPL
social,kaggle_tweets,2018-08-02 12:55:00,RT @china: Huawei surpasses Apple in smartphone market https://t.co/OqujqpZcha by @ChinaDailyAsia https://t.co/en75iBIQiN,,AAPL
social,kaggle_tweets,2018-08-02 12:57:00,"RT @FoxBusiness: BREAKING NEWS: Apple becomes $1 trillion company, briefly $AAPL https://t.co/JCykCnFA5l",,AAPL
social,kaggle_tweets,2018-08-02 13:08:00,I created another Facebook account so if i add u its really me i have not been hacked,,FB
social,kaggle_tweets,2018-08-02 13:11:00,RT @ygAddie: You should freeze urself like Walt Disney https://t.co/pXVT7SG7Wj,,DIS
social,kaggle_tweets,2018-08-02 13:18:00,RT @MarketWatch: Apple is on track to hit $1 trillion in market cap after crossing the $207.04 threshold in intraday trade https://t.co/zMi…,,AAPL
social,kaggle_tweets,2018-08-02 13:19:00,Apple becomes first company to reach $1 trillion market value https://t.co/kgaTdHeKLS,,AAPL
social,kaggle_tweets,2018-08-02 13:20:00,RT @profgalloway: It makes no sense for Mark Zuckerberg to have both the Chairman and CEO roles at Facebook. https://t.co/exfmqMBKhP,,FB
social,kaggle_tweets,2018-08-02 13:42:00,Layoffs at IBM are occurring on a massive scale. What happened to the #TaxCut windfall? #TaxScam @realDonaldTrump… https://t.co/GfuIV3l7XK,,IBM
social,kaggle_tweets,2018-08-02 13:44:00,RT @Reuters: U.S. stocks rise as Apple hits $1 trillion mark https://t.co/2Hloaqg9jP,,AAPL
social,kaggle_tweets,2018-08-02 13:45:00,"Should You Buy the PayPal (PYPL) Earnings Di https://t.co/kR6VuvU2F1 #online investments, #stock market,… https://t.co/mgGWkyO0Tg",,PYPL
social,kaggle_tweets,2018-08-02 13:50:00,RT @SilERabbit: Facebook just shut down a massive Russian influence campaign. Hillary's $1.2 billion campaign didn't stand a chance agains…,,FB
social,kaggle_tweets,2018-08-02 13:56:00,[status] Investigating: We’re continuing to work with Facebook to resolve the issue. We'll have another update with… https://t.co/A8rrgpsBOi,,FB
social,kaggle_tweets,2018-08-02 13:59:00,New stuff from lifehacker...Add a Leather Band To Your Apple Watch Accessory Collection For $7 https://t.co/g8ZLBzkv49 Check It Out !,,AAPL
social,kaggle_tweets,2018-08-02 13:59:00,Apple is the first company ever to reach $1 trillion market cap. $AAPL 🍏,,AAPL
social,kaggle_tweets,2018-08-02 14:00:00,"RT @Reuters: As Apple hits $1 trillion stock market valuation, here's a look back at its history https://t.co/KVeX0B3hQy",,AAPL
social,kaggle_tweets,2018-08-02 14:04:00,Apple at a trillion-dollar valuation isn’t crazy like the dot-com bubble https://t.co/gSDejma7Ri,,AAPL
social,kaggle_tweets,2018-08-02 14:05:00,Apple at a trillion-dollar valuation isn’t crazy like the dot-com bubble https://t.co/Cob22Ei2Ai,,AAPL
social,kaggle_tweets,2018-08-02 14:08:00,"RT @PrisonPlanet: Google to launch censored version of search engine in China that will blacklist websites &amp; searches about human rights, d…",,GOOGL
social,kaggle_tweets,2018-08-02 14:12:00,Facebook Is Committing Another $4.5 Million to Initiatives for News Publishers https://t.co/qJo6HVhx3n https://t.co/HWpZu78z65,,FB
social,kaggle_tweets,2018-08-02 14:15:00,Saved you a click: There are 4 million people using Apple beta software. 😯 Are you one of them?😆 We've also prepar… https://t.co/NwVJ8yuuUc,,AAPL
social,kaggle_tweets,2018-08-02 14:16:00,Facebook and Instagram to Launch Time Tracking Tools https://t.co/O2AYHFHjVN,,FB
social,kaggle_tweets,2018-08-02 14:25:00,"RT @toucharcade: Without notice, Apple just killed the App Store affiliate program- The only reliable revenue source for sites like TouchAr…",,AAPL
social,kaggle_tweets,2018-08-02 14:25:00,"RT @toucharcade: Without notice, Apple just killed the App Store affiliate program- The only reliable revenue source for sites like TouchAr…",,AAPL
social,kaggle_tweets,2018-08-02 14:28:00,"RT @bsgirl2u: EXCLUSIVE: Kim Dotcom Drops Bombshell on Twitter, Facebook: ⚡️Their Days Are Numbered⚡️ Confirms He’s Now Building Rival ‘F…",,FB
social,kaggle_tweets,2018-08-02 14:28:00,"RT @bsgirl2u: EXCLUSIVE: Kim Dotcom Drops Bombshell on Twitter, Facebook: ⚡️Their Days Are Numbered⚡️ Confirms He’s Now Building Rival ‘F…",,FB
social,kaggle_tweets,2018-08-02 14:31:00,#Apple hits $1 tn Market-cap. Apple = 10 TCS Apple M-cap = 50% of Indian Stock Mar… https://t.co/fkE1fF9RYU,,AAPL
social,kaggle_tweets,2018-08-02 14:32:00,"RT @UNCLE_AJALA: Apple is now worth $1,000,000,000,000. Apple should just buy Nigeria and End SARS.",,AAPL
social,kaggle_tweets,2018-08-02 14:33:00,"@TuckerCarlson OK!?! How does one drop use of Google? What r the alternatives, please!!!!",,GOOGL
social,kaggle_tweets,2018-08-02 14:37:00,Amazon patents a real-time accent translator https://t.co/ofeV2CXFjo,,AMZN
social,kaggle_tweets,2018-08-02 14:37:00,"Smart Wearable Devices Market Is Booming Worldwide | Fitbit, Xiaomi, Apple, Samsung https://t.co/c0E7O6CVcv https://t.co/N4WhwDTr6r",,AAPL
social,kaggle_tweets,2018-08-02 14:37:00,RT @tldtoday: Apple being with 1 trillion $ is nuts. With 1 trillion $$ you could buy 1 billion iPhone X 333 million MacBook Pros 200…,,AAPL
social,kaggle_tweets,2018-08-02 14:37:00,RT @tldtoday: Apple being with 1 trillion $ is nuts. With 1 trillion $$ you could buy 1 billion iPhone X 333 million MacBook Pros 200…,,AAPL
social,kaggle_tweets,2018-08-02 14:37:00,RT @tldtoday: Apple being with 1 trillion $ is nuts. With 1 trillion $$ you could buy 1 billion iPhone X 333 million MacBook Pros 200…,,AAPL
social,kaggle_tweets,2018-08-02 14:44:00,RT @RobinWigg: Facebook's one-day $123bn market cap loss is bigger than entire value of: * Nike * GE * Goldman Sachs * BlackRock * Starbu…,,NKE
social,kaggle_tweets,2018-08-02 14:46:00,"RT @RadioFreeAsia: Here’s the latest from RFA cartoonist Rebel Pepper, looking at reports that Google plans to launch a censored version of…",,GOOGL
social,kaggle_tweets,2018-08-02 14:47:00,"RT @tictoc: China's Huawei has passed Apple in smartphone share for the first time, making it the world's second biggest maker of smartphon…",,AAPL
social,kaggle_tweets,2018-08-02 14:48:00,Cramer: 10 reasons why Apple hitting $1 trillion matters for the stock market https://t.co/VJOFMvPjRY,,AAPL
social,kaggle_tweets,2018-08-02 14:51:00,RT @FamilyFirstLife: Join Shawn Meaike CEO of Family First Life on Facebook LIVE tomorrow 11AM!Don't miss REAL sales tips that can help you…,,FB
social,kaggle_tweets,2018-08-02 14:55:00,"RT @CNBC: The Dow closed in negative territory Thursday, while the Nasdaq had its best day since July 12, finishing up 1.24%. Apple made hi…",,AAPL
social,kaggle_tweets,2018-08-02 14:56:00,"RT @cpsuk: A man who launched a campaign of online harassment against a #Brighton woman, including abuse sent via Facebook and Twitter, has…",,FB
social,kaggle_tweets,2018-08-02 15:01:00,"RT @BreakingNews: Apple hits $1,000,000,000,000 in market value; becomes first US public company to reach the record valuation - @CNBC http…",,AAPL
social,kaggle_tweets,2018-08-02 15:01:00,"RT @BreakingNews: Apple hits $1,000,000,000,000 in market value; becomes first US public company to reach the record valuation - @CNBC http…",,AAPL
social,kaggle_tweets,2018-08-02 15:03:00,Harber Asset Management Upped Comcast New $CMCSA Position by $5.43 Million; Zoetis $ZTS Holder Stack Financial Man… https://t.co/BXTG3JOL8K,,CMCSA
social,kaggle_tweets,2018-08-02 15:12:00,Markets Right Now: Tech stocks gain; Apple hits $1 trillion https://t.co/Jc1eaDBYuF,,AAPL
social,kaggle_tweets,2018-08-02 15:12:00,@Ron_White That $16 memory foam pillow I purchased at Walmart is serving me just fine.,,WMT
social,kaggle_tweets,2018-08-02 15:16:00,‘Will you put your property in your spouse’s name?’ trends on Google https://t.co/5RH4V6D27o,,GOOGL
social,kaggle_tweets,2018-08-02 15:27:00,"RT @Thomas1774Paine: EXCLUSIVE: Kim Dotcom Drops Bombshell on Twitter, Facebook: “Their Days Are Numbered;” Confirms He’s Now Building Riva…",,FB
social,kaggle_tweets,2018-08-02 15:32:00,RT @TheCrydsDaily: Yep that's $1 trillion folks. Apple has done it again. #breaking #news #tech #iphoneX #iphone #apple #macbook #revenue #…,,AAPL
social,kaggle_tweets,2018-08-02 15:33:00,RT @IGN: Congratulations to Apple for being the first publicly traded company to reach $1 trillion in market value. 👏 https://t.co/93fN1ocT…,,AAPL
social,kaggle_tweets,2018-08-02 15:34:00,"RT @spectatorindex: In 2007, Microsoft's CEO said there was ""no chance"" the Apple iPhone would ""get any significant market share"". https://…",,AAPL
social,kaggle_tweets,2018-08-02 15:34:00,"RT @spectatorindex: In 2007, Microsoft's CEO said there was ""no chance"" the Apple iPhone would ""get any significant market share"". https://…",,AAPL
social,kaggle_tweets,2018-08-02 15:35:00,RT @adam22: I will literally start checking Facebook daily again if they got shit like this now https://t.co/KxcDcuC5nO,,FB
social,kaggle_tweets,2018-08-02 15:43:00,HUBweek 2018 is Facebook official. RSVP and share with your friends. We can’t wait to see everyone in October! https://t.co/zxfmUPj8qy,,FB
social,kaggle_tweets,2018-08-02 15:48:00,RT @CryptoHi: Amazon Stock's History: The Importance of Patience. $BTC $ETH $ICX @helloiconworld https://t.co/5VeBBKzW7S,,AMZN
social,kaggle_tweets,2018-08-02 15:48:00,RT @TechCrunch: Facebook launches a digital literacy library aimed at educators https://t.co/Rvc9F4kgI2 by @sarahintampa,,FB
social,kaggle_tweets,2018-08-02 16:06:00,We literally need to boycott Amazon.,,AMZN
social,kaggle_tweets,2018-08-02 16:13:00,RT @CNN: Apple is the first US company to reach $1 trillion in market value https://t.co/1ClxuNZy2q https://t.co/qZWAFDgIDA,,AAPL
social,kaggle_tweets,2018-08-02 16:13:00,RT @CNN: Apple is the first US company to reach $1 trillion in market value https://t.co/1ClxuNZy2q https://t.co/qZWAFDgIDA,,AAPL
social,kaggle_tweets,2018-08-02 16:14:00,RT @canuck2usa: Apple Becomes First Company Valued at $1 Trillion After Stock Trades at $207.05 $AAPL https://t.co/Kul3gUQMP1 @benzinga,,AAPL
social,kaggle_tweets,2018-08-02 16:18:00,"RT @iTwe4kz: Apple is now worth $1,000,000,000,000. That’s 1 trillion dollars. I’m choosing their beautifully engineered Magic Mouse 2 to…",,AAPL
social,kaggle_tweets,2018-08-02 16:24:00,RT @btschartdata: Amazon Update: Love Yourself: Her (+132% sales) Love Yourself: Tear (+84% sales) https://t.co/Fi5ldQVYYv,,AMZN
social,kaggle_tweets,2018-08-02 16:24:00,RT @btschartdata: Amazon Update: Love Yourself: Her (+132% sales) Love Yourself: Tear (+84% sales) https://t.co/Fi5ldQVYYv,,AMZN
social,kaggle_tweets,2018-08-02 16:24:00,RT @btschartdata: Amazon Update: Love Yourself: Her (+132% sales) Love Yourself: Tear (+84% sales) https://t.co/Fi5ldQVYYv,,AMZN
social,kaggle_tweets,2018-08-02 16:24:00,RT @btschartdata: Amazon Update: Love Yourself: Her (+132% sales) Love Yourself: Tear (+84% sales) https://t.co/Fi5ldQVYYv,,AMZN
social,kaggle_tweets,2018-08-02 16:24:00,RT @btschartdata: Amazon Update: Love Yourself: Her (+132% sales) Love Yourself: Tear (+84% sales) https://t.co/Fi5ldQVYYv,,AMZN
social,kaggle_tweets,2018-08-02 16:24:00,RT @btschartdata: Amazon Update: Love Yourself: Her (+132% sales) Love Yourself: Tear (+84% sales) https://t.co/Fi5ldQVYYv,,AMZN
social,kaggle_tweets,2018-08-02 16:26:00,Apple just hit a trillion but its stock performance has been dwarfed by the other tech giants https://t.co/e8jrJHdoJv,,AAPL
social,kaggle_tweets,2018-08-02 16:26:00,Apple is now worth a million million dollars. @BreakfastNews Thanks to integrated circuits using multilayered RTL;… https://t.co/JIzednXLIR,,AAPL
social,kaggle_tweets,2018-08-02 16:34:00,RT @JonErlichman: Apple market cap milestones: Aug 2018: $1 trillion Nov 2017: $900 billion May 2017: $800 billion Nov 2014: $700 billion…,,AAPL
social,kaggle_tweets,2018-08-02 16:34:00,RT @JonErlichman: Apple market cap milestones: Aug 2018: $1 trillion Nov 2017: $900 billion May 2017: $800 billion Nov 2014: $700 billion…,,AAPL
social,kaggle_tweets,2018-08-02 16:42:00,The Associated Press: Facebook page's removal angers Washington protest organizers. https://t.co/aQZRKOIrdV via @GoogleNews,,FB
social,kaggle_tweets,2018-08-02 16:49:00,"Citigroup Headquarters | Corporate Office, Company Info, Contact Info https://t.co/m9ciFQh6jD",,C
social,kaggle_tweets,2018-08-02 16:50:00,"I just checked out the new Facebook upgrade! Aside from downloading photos, I can now EMBED photos IN MY HEART ❤️ T… https://t.co/f6UCJlCyTT",,FB
social,kaggle_tweets,2018-08-02 16:54:00,"@business If it you not be lucky with Amazon stocks from the beginning, You have a chance to buy Tesla shares.",,AMZN
social,kaggle_tweets,2018-08-02 16:57:00,Would be cool if Apple invested in the sustainability of the Bay Area instead of hoarding cash overseas.,,AAPL
social,kaggle_tweets,2018-08-02 16:57:00,"They aren’t what they used to be? | Apple sold 13% fewer Macs this quarter, proving that its future hinges on iPhon… https://t.co/4BcUcvEnQL",,AAPL
social,kaggle_tweets,2018-08-02 17:02:00,Apple hits 1trillion dollar valuation. Awesome Mark. #Apple #greatness #Value,,AAPL
social,kaggle_tweets,2018-08-02 17:05:00,I posted a new video to Facebook https://t.co/TMc5EK417c,,FB
social,kaggle_tweets,2018-08-02 17:09:00,Twitter loses ability to let users auto-post tweets &amp; retweets to Facebook https://t.co/BUkgTqDLrq https://t.co/ejVZAZJqfF,,FB
social,kaggle_tweets,2018-08-02 17:12:00,"RT @businessinsider: Apple just became the first $1 trillion US company — here's how much you'd have made if you invested $1,000 back in th…",,AAPL
social,kaggle_tweets,2018-08-02 17:15:00,RT @Reuters: BREAKING: Apple becomes first U.S.-listed trillion dollar company in market value https://t.co/yEOuPHYTuS,,AAPL
social,kaggle_tweets,2018-08-02 17:31:00,What if Amazon just opened a lot of smaller headquarters? https://t.co/ZN8v0rdLzG,,AMZN
social,kaggle_tweets,2018-08-02 17:36:00,FACEBOOK PHILIPPINES PUBLIC POLICY HEAD WAS BUDGET SEC. ABAD'S CHIEF OF STAFF Did you know that Facebook Philippin… https://t.co/Gv6sZjGU8I,,FB
social,kaggle_tweets,2018-08-02 17:38:00,RT @nytimes: Apple just became the first U.S. public company with a $1 trillion market value. Here’s how a firm once near bankruptcy got to…,,AAPL
social,kaggle_tweets,2018-08-02 17:38:00,When you impose your love of LL Bean/Maine on Microsoft cloud engineering ☁️ @ Microsoft Corporate Headquarters https://t.co/ZmC4pwXOu3,,MSFT
social,kaggle_tweets,2018-08-02 17:44:00,"Trillion: Apple becomes the first $1,000,000,000,000 company. 2000% Share price increase in 9 years https://t.co/mxcU63UJvb",,AAPL
social,kaggle_tweets,2018-08-02 17:49:00,RT @menggalurks: A million views for the new McDonald’s TVC on McDo PH’s official Facebook and YouTube accounts. Game? ALDUB McDoPaRin #A…,,FB
social,kaggle_tweets,2018-08-02 17:49:00,RT @menggalurks: A million views for the new McDonald’s TVC on McDo PH’s official Facebook and YouTube accounts. Game? ALDUB McDoPaRin #A…,,FB
social,kaggle_tweets,2018-08-02 17:49:00,RT @menggalurks: A million views for the new McDonald’s TVC on McDo PH’s official Facebook and YouTube accounts. Game? ALDUB McDoPaRin #A…,,FB
social,kaggle_tweets,2018-08-02 17:50:00,"RT @ultra_io: Former Senior Director of Content Acquisition at Google, Edward Moalem is now officialy Chief Strategy Officer (CSO) of #Ultr…",,GOOGL
social,kaggle_tweets,2018-08-02 17:55:00,"RT @JayZzee_Zj: What if Exo's comeback will be actually a Disney concept, and Baek will be Cinderella. And the shoe he dropped, it was actu…",,DIS
social,kaggle_tweets,2018-08-02 17:58:00,Lifestyle Sports &amp; Nike Launch New Phantom Vision Boots In Style https://t.co/vKFaHsCqDx,,NKE
social,kaggle_tweets,2018-08-02 17:59:00,RT @AviAhvee: Apple has approximately $280 Billion in cash reserves and the average American family doesn't make enough money to cover a $1…,,AAPL
social,kaggle_tweets,2018-08-02 17:59:00,RT @AviAhvee: Apple has approximately $280 Billion in cash reserves and the average American family doesn't make enough money to cover a $1…,,AAPL
social,kaggle_tweets,2018-08-02 18:08:00,"Off the top: Cisco Announces Intent to Acquire Duo Security | Duo Security https://t.co/ZcAZwl0W9e, see more https://t.co/lFrS4OnN5K",,CSCO
social,kaggle_tweets,2018-08-02 18:11:00,"Earnings statements from Apple, Amazon, Google, Facebook and Microsoft show they are as strong as ever; the forces… https://t.co/Xh0KLyCO27",,GOOGL
social,kaggle_tweets,2018-08-02 18:14:00,"RT @MSNBC: JUST IN: Apple hits $1,000,000,000,000 in market value; becomes first US public company to reach the record valuation - @CNBC",,AAPL
social,kaggle_tweets,2018-08-02 18:14:00,"RT @MSNBC: JUST IN: Apple hits $1,000,000,000,000 in market value; becomes first US public company to reach the record valuation - @CNBC",,AAPL
social,kaggle_tweets,2018-08-02 18:15:00,Google Maps location sharing now also shares your phone’s battery life For people who use Google Maps to get dire… https://t.co/yj6ogzkYHM,,GOOGL
social,kaggle_tweets,2018-08-02 18:28:00,DealBook Briefing: Google in China Is No Done Deal https://t.co/IkVhIcMQu3 https://t.co/5YmcGxZtem,,GOOGL
social,kaggle_tweets,2018-08-02 18:30:00,Apple just hit a $1 trillion market cap https://t.co/0do460WCPp,,AAPL
social,kaggle_tweets,2018-08-02 18:35:00,Apple Becomes First U.S. Company to Hit $1 Trillion Market Value https://t.co/47ScKT1Sav,,AAPL
social,kaggle_tweets,2018-08-02 18:36:00,"$MSFT: Apple is now worth $1,000,000,000,000 https://t.co/4hPR6Zf8bG https://t.co/vS4SEestx4",,AAPL
social,kaggle_tweets,2018-08-02 18:41:00,Detected? Facebook is blocking marijuana and cannabis searches https://t.co/U9NeFProKX,,FB
social,kaggle_tweets,2018-08-02 18:42:00,"RT @NPR: Apple is now the first private-sector company in history to be worth $1 trillion, after its share price reached an all-time high t…",,AAPL
social,kaggle_tweets,2018-08-02 18:44:00,Apple to stop people earning money from affiliate app sales https://t.co/OCl42exlI2,,AAPL
social,kaggle_tweets,2018-08-02 18:44:00,How To Get Over 250 Shares on Google Plus #socialmedia #google+ #tips https://t.co/Nj6RhmS9bj https://t.co/32jaF5DFbi,,GOOGL
social,kaggle_tweets,2018-08-02 18:45:00,2018.08.02 It is reported that Google participated in the review to return to the “China mainland” market – VIDEO https://t.co/y0HCCFyVlJ,,GOOGL
social,kaggle_tweets,2018-08-02 18:47:00,"""Don't Be Evil, Unless It's Worth Untold New Riches"": Whistleblower Reveals Google Plan to Launch Censored Search E… https://t.co/XT3Viegh7o",,GOOGL
social,kaggle_tweets,2018-08-02 18:53:00,RT @DAMIADENUGA: Apple Inc. Hits $1 Trillion Market Value https://t.co/hDjGsY3Z4L https://t.co/lHbm4aekm9,,AAPL
social,kaggle_tweets,2018-08-02 18:53:00,RT @TheOnion: Apple Becomes First American Company That Should Have Paid Trillion Dollars In Taxes https://t.co/2RyOAMLjfs https://t.co/uH7…,,AAPL
social,kaggle_tweets,2018-08-02 18:56:00,"RT @jtepper2: Apple is a trillion dollar company. Today, I salute Ireland for its role in helping the FANGs book so much global revenue a…",,AAPL
social,kaggle_tweets,2018-08-02 19:06:00,Apple becomes first US company to pass $1 trillion valuation https://t.co/0bu6TplKXt by @thewendylee,,AAPL
social,kaggle_tweets,2018-08-02 19:09:00,"Apple $AAPL Shareholder Live Your Vision Lowered Stake by $311,664 as Stock Rose; As G $GIII Market Valuation Rose,… https://t.co/ggp5ZOKmmO",,AAPL
social,kaggle_tweets,2018-08-02 19:17:00,RT @theworldindex: Worldwide footwear sales of selected sports brands 🇺🇸 Nike: 2016: $19.9b 2017: $21.1b 🇩🇪 Adidas: 2016: $10.7b 2017: $1…,,NKE
social,kaggle_tweets,2018-08-02 19:18:00,RT @TheRedRoar: So have Momentum dropped Willsman or not? They're still promoting him on Facebook in their pinned post and on their website…,,FB
social,kaggle_tweets,2018-08-02 19:21:00,Apple [$AAPL] richer than most countries ✌🏽,,AAPL
social,kaggle_tweets,2018-08-02 19:22:00,"RT @eketiette: P/S I’m glad to say that Ekemini grew into a fine gentleman. Also, a few months ago, Mr Timothy found me on Facebook and s…",,FB
social,kaggle_tweets,2018-08-02 19:26:00,Jeff Bezos's $150 billion fortune is a policy failure: Bezos and Amazon are in many ways ideal exemplars of the tri… https://t.co/9fvTMESC5N,,AMZN
social,kaggle_tweets,2018-08-02 19:28:00,Pearl &amp; Marina Off the Hook 2-Pack Splatoon 2 amiibo in stock at Amazon https://t.co/G6a0WzVLqQ for $24.99 | Get Th… https://t.co/iTWpecyUI0,,AMZN
social,kaggle_tweets,2018-08-02 19:29:00,".@ktzentner, Senior Service Engineer at Microsoft AI and Research, shares their monitoring setup (such as monitorin… https://t.co/pKBr5AZvvR",,MSFT
social,kaggle_tweets,2018-08-02 19:34:00,RT @AustenAllred: Apple is the first company to hit a $1 Trillion market cap I’d bet Amazon is going to be the first to hit a $10 Trillion…,,AMZN
social,kaggle_tweets,2018-08-02 19:36:00,RT @asymco: There are now more Apple Watches sold in a quarter than Macs.,,AAPL
social,kaggle_tweets,2018-08-02 19:38:00,RT @conradhackett: Average approval among the other political party: Eisenhower 49% Kennedy 49% Johnson 40% Nixon 34% Ford 36% Carter 30% R…,,F
social,kaggle_tweets,2018-08-02 19:39:00,RT @BusinessTechSA: Huawei passes Apple in smartphone market share https://t.co/mnHyYbqx9U,,AAPL
social,kaggle_tweets,2018-08-02 19:40:00,"RT @CNBC: Apple just became a trillion dollar stock, but in terms of influence on your portfolio, IBM in the 1980s still holds the crown. h…",,AAPL
social,kaggle_tweets,2018-08-02 19:44:00,"RT @JonErlichman: Apple IPO valuation (Dec 12, 1980): $1.2 billion Apple valuation today: $1 trillion Stock return since IP…",,AAPL
social,kaggle_tweets,2018-08-02 19:47:00,New #job: Senior Microsoft CRM Consultant - St.Gallen - 120k CHF plus b Location: St. Gallen .. https://t.co/qdA3Cy3rD7 #jobs #hiring,,MSFT
social,kaggle_tweets,2018-08-02 19:51:00,RT @farbodsaraf: Apple has $244 billion in cash on hand - it could buy: Tesla Twitter Spotify Uber Dropbox Airbnb ...and still have $10…,,AAPL
social,kaggle_tweets,2018-08-02 19:57:00,$HMNY In some HMNY afterhours moving up. Rumors Amazon or Netflix buying MoviePass and rule movie screens all toget… https://t.co/IlnQN7IT7U,,AMZN
social,kaggle_tweets,2018-08-02 20:05:00,What's your favorite Disney movie? 🐭 — wala https://t.co/t9WKVNxH9E,,DIS
social,kaggle_tweets,2018-08-02 20:08:00,I've had a 115 gb Google drive for the past 2 years thanks to some promotion i don't recall exactly but it expires… https://t.co/hEuULs4NPw,,GOOGL
social,kaggle_tweets,2018-08-02 20:16:00,"RT @CNBCFastMoney: As Apple passes $1 trillion, you may recall that in 1980, Massachusetts barred sales of the IPO, deeming them too risky.…",,AAPL
social,kaggle_tweets,2018-08-02 20:22:00,RT @kickmoji_io: With US stock still not loaded it seems likely that Nike will release the Off-White Prestos with a shock drop like the bla…,,NKE
social,kaggle_tweets,2018-08-02 20:27:00,RT @rj_gallagher: Revealed: Google is planning to launch a censored search engine in China that will blacklist websites &amp; search terms abou…,,GOOGL
social,kaggle_tweets,2018-08-02 20:27:00,RT @rj_gallagher: Revealed: Google is planning to launch a censored search engine in China that will blacklist websites &amp; search terms abou…,,GOOGL
social,kaggle_tweets,2018-08-02 20:28:00,Can Apple pip others to be first with trillion dollar valuation? https://t.co/gb0ZEIegcb,,AAPL
social,kaggle_tweets,2018-08-02 20:29:00,RT @AthertonKD: Facebook makes $13 billion every quarter https://t.co/GsYDbzHgPP,,FB
social,kaggle_tweets,2018-08-02 20:29:00,Stocks sink amid trade war fears but Apple results cap losses https://t.co/N8iZttJ1eb,,AAPL
social,kaggle_tweets,2018-08-02 20:40:00,Apple reaches $1T in market cap 👏👏👏 https://t.co/KQKBD3927i,,AAPL
social,kaggle_tweets,2018-08-02 20:43:00,"RT @WiredSources: WATCH: Top Democrat on Senate Intel Committee admits Russian hackers are NOT favoring one party over the other, after Fac…",,INTC
social,kaggle_tweets,2018-08-02 20:44:00,"RT @jeffs_araujo35: ""Apple market cap milestones: Aug 2018: $1 trillion Nov 2017: $900 billion May 2017: $800 billion Nov 2014: $700 billio…",,AAPL
social,kaggle_tweets,2018-08-02 20:45:00,Apple investors should thank Trump’s tax cuts for the stock's record high https://t.co/Ralv1smaRQ,,AAPL
social,kaggle_tweets,2018-08-02 20:46:00,In other news stock prices for Apple and Lynux skyrocket to record highs!,,AAPL
social,kaggle_tweets,2018-08-02 20:49:00,RT @brkicks: Los Angeles open run. @RussWest44 wearing an updated Jordan Why Not Zer0.1 and @Yg_Trece in the Nike PG 2.5 https://t.co/ewUFF…,,NKE
social,kaggle_tweets,2018-08-03 07:01:00,Apple CEO Calls $1 Trillion Value a ‘Milestone’ but Not a Focus https://t.co/LsYZfwb8eM,,AAPL
social,kaggle_tweets,2018-08-03 07:02:00,RT @benthompson: I wonder at what point Apple decided to make sure the Stocks app could display a ‘T’ 🤔 https://t.co/XASHBAUrMl,,AAPL
social,kaggle_tweets,2018-08-03 07:12:00,RT @FortuneMagazine: Facebook is spending an extra $10 million a year to keep Mark Zuckerberg safe https://t.co/T8IPLaxOna,,FB
social,kaggle_tweets,2018-08-03 07:23:00,Xiaomi Mi A2 Amazon Exclusive Launch on August 8 https://t.co/HMszmP1KTe,,AMZN
social,kaggle_tweets,2018-08-03 07:24:00,RT @miss_gamu: #Twimbos I'm selling an original pair of Nike Mercurial Victory VI boots size 8. I bought them as a present for my cousin bu…,,NKE
social,kaggle_tweets,2018-08-03 07:26:00,"RT @PeggyBechko: Check out a couple #RomanceBooks I've written today - of course, they're on Amazon. Cloud Dancer https://t.co/t5Hk55Umlb…",,AMZN
social,kaggle_tweets,2018-08-03 07:26:00,"@AmazonHelp Theyre all items fufilled by Amazon, 3 of them are sold by Amazon the other is sold by another company.… https://t.co/JOlw56dcEb",,AMZN
social,kaggle_tweets,2018-08-03 07:27:00,"NYSE owner, Starbucks, Microsoft, BCG are coming together to launch #Cryptocurrency exchange https://t.co/hdUxljRgZh https://t.co/KUTqojkQvh",,MSFT
social,kaggle_tweets,2018-08-03 07:47:00,A possible Amazon HQ2 site in Montgomery County has drawn another lawsuit https://t.co/MPOMnIQLAG,,AMZN
social,kaggle_tweets,2018-08-03 07:51:00,RT @ShowdownLiveApp: Holy Heck. It's LAUNCH DAY!! Grab the app on the App Store and Google Play and collect coins to snag your $25 Amazon G…,,GOOGL
social,kaggle_tweets,2018-08-03 08:04:00,Verizon Wireless USA Prepaid $5 #Refill. Applied directly to cell phone https://t.co/WTPkQBLPIF #digital #market… https://t.co/mN49vkLgEN,,VZ
social,kaggle_tweets,2018-08-03 08:05:00,RT @TechCrunch: Starbucks drops major hint at plans to accept Bitcoin https://t.co/g65AVXWaxS by @bheater,,SBUX
social,kaggle_tweets,2018-08-03 08:16:00,RT @LondonEconomic: Outrage from devastated High Street as Amazon pays less tax in UK despite profits tripling - https://t.co/g4hkcJejSD…,,AMZN
social,kaggle_tweets,2018-08-03 08:16:00,This looks cool! Apple unveiled details on its Tower Theatre store on Broadway in Downtown LA. Will include events… https://t.co/nmhTUgW75r,,AAPL
social,kaggle_tweets,2018-08-03 08:24:00,"RT @BonillaPaula: Nearly 400 people have fallen ill in 15 states, including Florida, due to an intestinal parasite linked to McDonald's sal…",,MCD
social,kaggle_tweets,2018-08-03 08:25:00,RT @Mary_Deal: #creativiapub Mary Deal Books. My dedicated author page on Facebook. My books and awards in one place. I also spotlight vari…,,FB
social,kaggle_tweets,2018-08-03 08:26:00,RT @TheNextWeb: JBL launches its $250 Google Assistant-powered Smart Display to take on Lenovo https://t.co/QS9htnxggT,,GOOGL
social,kaggle_tweets,2018-08-03 08:29:00,Growth Predictions on IBM Bluemix Services Market Assessment and Revenue Gains of Key Players Forecasted during 201… https://t.co/WTpA0ydAH6,,IBM
social,kaggle_tweets,2018-08-03 08:37:00,*shares to Facebook so relatives can see* char,,FB
social,kaggle_tweets,2018-08-03 08:42:00,"RT @FourPrivetDr: Rumor round-up ⚠️Netflix: It's a Freeform show, so we don't control it ⚠️Freeform: Netflix didn't renew Constantin's deal…",,NFLX
social,kaggle_tweets,2018-08-03 08:46:00,.. It appears to have been pushed in unwittingly either through a universally used app or thru a hack on Google Pla… https://t.co/EWbMNjjHjW,,GOOGL
social,kaggle_tweets,2018-08-03 08:48:00,RT @Complex: Drake drops more Nike hints on 'Astroworld' 👀 https://t.co/bcyMbIbQDc https://t.co/u23ADiDAsb,,NKE
social,kaggle_tweets,2018-08-03 08:51:00,RT @ThePracticalDev: A great list of tools 🛠: - Apple Mail - Terminal - Brew - Tmux - NeoVim - Jira - Dropbox - 1Password - VS Code - Spec…,,AAPL
social,kaggle_tweets,2018-08-03 08:52:00,RT @IGN: Netflix confirmed Daredevil Season 3 will premiere this fall! https://t.co/leBXVTRKhI,,NFLX
social,kaggle_tweets,2018-08-03 08:53:00,Texas Auto Dealer Goes Belly Up After Ford Sues It Over $41 Million in Defaulted Loans https://t.co/O9Ex9VPES2 https://t.co/vbY1k4MRxA,,F
social,kaggle_tweets,2018-08-03 08:54:00,RT @KKpower7: SoS #HillaryClinton worked to approve the sale of 3.7 billion $$ worth of Boeing jets to #Russia the #ClintonFoundation recei…,,BA
social,kaggle_tweets,2018-08-03 09:02:00,"RT @msantoriESQ: 1/ BREAKING: The NYSE/ICE group officially announces they're taking Coinbase, Bittrex, Gemini &amp; Polo head-on. Starbucks an…",,SBUX
social,kaggle_tweets,2018-08-03 09:05:00,Apple becomes first company to reach $1 trillion market value while « Many analysts thought Amazon would get there… https://t.co/jKW6yVsVsB,,AMZN
social,kaggle_tweets,2018-08-03 09:06:00,3 Ways to Increase Amazon Sales by Differentiating Your Products https://t.co/AlJ4IGaFR8 https://t.co/AlJ4IGaFR8,,AMZN
social,kaggle_tweets,2018-08-03 09:08:00,"RT @pennyleedc: Apple hit $1T valuation with many, many immigrants contributing to their success. We need more visas, not less. https://t.…",,AAPL
social,kaggle_tweets,2018-08-03 09:20:00,RT @J_Bloodworth: Amazon UK corporation tax bill falls to £4.6m - BBC News https://t.co/hOA6rWHUbN,,AMZN
social,kaggle_tweets,2018-08-03 09:23:00,RT @FiveDials: Yet another photo of author Robert Caro wasting the entire day in front of Facebook. https://t.co/cn3XMbkArB,,FB
social,kaggle_tweets,2018-08-03 09:23:00,RT @FiveDials: Yet another photo of author Robert Caro wasting the entire day in front of Facebook. https://t.co/cn3XMbkArB,,FB
social,kaggle_tweets,2018-08-03 09:34:00,Amazon UK corporation tax bill falls to £4.6m despite profits tripling https://t.co/6gwCDruowl,,AMZN
social,kaggle_tweets,2018-08-03 09:40:00,RT @markets: Google is in China cloud talks with Tencent and others https://t.co/NvcrtYQqRn https://t.co/NUUXg3Ea71,,GOOGL
social,kaggle_tweets,2018-08-03 09:45:00,@ky_sx3 Thank you!!!! And I will! I think the next time will be in December!! We’ll be at Disney w/my fam! You guys… https://t.co/Mkot3eQxcS,,DIS
social,kaggle_tweets,2018-08-03 09:52:00,"Starbucks drops major hint at plans to accept Bitcoin Back in May, reports surfaced that New York Stock Exchange o… https://t.co/9x58ILpZi6",,SBUX
social,kaggle_tweets,2018-08-03 09:58:00,RT @fintechfrank: The owner of the New York Stock Exchange is teaming up with Microsoft and Starbucks to build an 'ecosystem' for crypto ht…,,MSFT
social,kaggle_tweets,2018-08-03 09:58:00,RT @fintechfrank: The owner of the New York Stock Exchange is teaming up with Microsoft and Starbucks to build an 'ecosystem' for crypto ht…,,MSFT
social,kaggle_tweets,2018-08-03 10:01:00,Amazon reports 1.7 million pound UK tax bill due to share deductions https://t.co/nzzOZBQBvH,,AMZN
social,kaggle_tweets,2018-08-03 10:05:00,RT @SophiaCannon: Why Apple is worth $1 trillion https://t.co/LuO4Tz5aKF,,AAPL
social,kaggle_tweets,2018-08-03 10:10:00,I hate that companies like Walmart see a market for Baby's First Ballistic Shield. This is what dystopia looks like.,,WMT
social,kaggle_tweets,2018-08-03 10:13:00,RT @SikonathiM: Spare a thought for the family of Ronald Wayne: On 1 April 1976 he wrote a partnership deal to establish Apple Inc. He owne…,,AAPL
social,kaggle_tweets,2018-08-03 10:20:00,"https://t.co/0ScptZxYqG ""Starbucks drops major hint at plans to accept Bitcoin"" #Bitcoin #Ethereum #Blockchain #Trading",,SBUX
social,kaggle_tweets,2018-08-03 10:22:00,"RT @YahooFinance: LIVE: @serwer on Apple hitting $1 trillion: ""Maybe the most important job a CEO can do — is pick their successor... what…",,AAPL
social,kaggle_tweets,2018-08-03 10:27:00,Boeing Co $BA Given Consensus Rating of “Buy” by Brokerages https://t.co/i8AM4Hxstx,,BA
social,kaggle_tweets,2018-08-03 10:30:00,RT @damonandjo: This was a Starbucks in Paris... https://t.co/nrx3YBfln6,,SBUX
social,kaggle_tweets,2018-08-03 10:32:00,"Google Plans to Launch Censored Search Engine in China, Leaked Documents Reveal https://t.co/OjMZ7VfIuP",,GOOGL
social,kaggle_tweets,2018-08-03 10:38:00,How to get free money on PayPal And Free PayPal Money | My Hacks https://t.co/paOQsL5c8H I need money for V-buck so Fml,,PYPL
social,kaggle_tweets,2018-08-03 10:41:00,"@Miyahoka Plesde share! Our 3rd Qrtr. Report to Facebook, what we could and could not provide. Regarding fake accou… https://t.co/u1wNqPiGdG",,FB
social,kaggle_tweets,2018-08-03 10:45:00,"RT @StormHour: Facebook may have gone down for many, but you can still send your great weather pics to #StormHour :) https://t.co/UnU8zJnnvA",,FB
social,kaggle_tweets,2018-08-03 10:48:00,"RT @pwayers: I am using a VPN (so should you). Google asked me 6 times to prove I wasn't a robot by forcing me to check all the cars, roads…",,GOOGL
social,kaggle_tweets,2018-08-03 10:56:00,RT @BlogsquadRT: 🌟Facebook Friday🌟 💜 Retweet this post 💜 Share your Facebook page below 💜 Check out and follow each other #InfluencerRT #bl…,,FB
social,kaggle_tweets,2018-08-03 10:57:00,"RT @garrytan: In 1986, Microsoft went public at $21 a share, raising about $60M. Today, a Microsoft share is up 147,000%, including stock s…",,MSFT
social,kaggle_tweets,2018-08-03 10:58:00,RT @PhilBredesen: Don't forget to tune into my Facebook page tonight at approximately 7:15pm CT for a special post-primary message via Face…,,FB
social,kaggle_tweets,2018-08-03 11:01:00,RT @marie5483: @Jim_Jordan Russia hacked our election according to every Intel Chief but you are more concerned about yourself &amp; #TraitorTr…,,INTC
social,kaggle_tweets,2018-08-03 11:01:00,RT @charlesmilander: FTC says it will take a ‘close look’ at EU antitrust fine against Google https://t.co/sWIX5gCePn Follow on Instagram:…,,GOOGL
social,kaggle_tweets,2018-08-03 11:05:00,"@JosephinSkriver I've just started watching dark tourist on Netflix, it's really interesting!",,NFLX
social,kaggle_tweets,2018-08-03 11:06:00,"moresalesonline: Marketing Day: Twitter loses tweets, Apple HomePod gains ground, Gartner’s MQ report &amp; more… https://t.co/BzTIuYE9AE",,AAPL
social,kaggle_tweets,2018-08-03 11:10:00,"RT @HSIsports: THE FUTURE STARTS NOW...The fastest 20 year old in history, @Mike_Norman22, has signed a multi-year deal with Nike. Thanks M…",,NKE
social,kaggle_tweets,2018-08-03 11:12:00,RT @nature_org: Facebook is back up? Get outside. https://t.co/2FwTB5GHx2,,FB
social,kaggle_tweets,2018-08-03 11:26:00,"RT @AnnieLowrey: With the money it has spent on buybacks, McDonald's could have given all of its 2 million employees a $4,000 raise. CVS co…",,MCD
social,kaggle_tweets,2018-08-03 11:28:00,Starbucks drops major hint at plans to accept Bitcoin https://t.co/XgU76DEPTJ,,SBUX
social,kaggle_tweets,2018-08-03 11:30:00,RT @JackPosobiec: To be clear: The media is outraged about Russian Facebook memes but silent about the Chinese spy on the Senate Intel Co…,,FB
social,kaggle_tweets,2018-08-03 11:34:00,Imma go think about the guy I’m in love with and listen to Fiona Apple until I fall a sleep. Good night queers.,,AAPL
social,kaggle_tweets,2018-08-03 11:36:00,@JeffBezos you have made billions through Amazon. Teach your employees a thing or two about empathy. Still haven't… https://t.co/Xj4b860bXq,,AMZN
social,kaggle_tweets,2018-08-03 11:39:00,RT @Jordan_Sather_: $600 million CIA contract awarded to Amazon in 2013. Amazon bought WaPo for $250 million later that year. Facts. Blo…,,AMZN
social,kaggle_tweets,2018-08-03 11:48:00,"Merkle: Search ad spending growth slowed again across Google, Bing &amp; Yahoo in Q2 2018 Google CPC growth kept climbi… https://t.co/UziFa5uZfT",,GOOGL
social,kaggle_tweets,2018-08-03 11:50:00,"Cisco Systems, Inc.: Cisco Schedules Conference Call for Q4 and Fiscal Year 2018 Financial Results… https://t.co/sejVwxWT8w",,CSCO
social,kaggle_tweets,2018-08-03 11:50:00,https://t.co/4gT9Q4cPuO How to hack Facebook #FacebookHack #HackFacebook #HowToHackFacebook #OrasiAHY,,FB
social,kaggle_tweets,2018-08-03 11:58:00,RT @iamjosephyoung: So today (24 hours) 1. Starbucks wants to integrate crypto 2. NYSE is going crypto 3. NYSE beats NASDAQ to creating a…,,SBUX
social,kaggle_tweets,2018-08-03 12:07:00,Starbucks drops major hint at plans to accept Bitcoin https://t.co/RvFrfqKcR0 https://t.co/HPIgvfcyBz,,SBUX
social,kaggle_tweets,2018-08-03 12:09:00,"Apple $AAPL Stock Value Rose While Camarda Financial Advisors Has Cut by $779,723 Its Holding; As First Fndtn $FFWM… https://t.co/o85azj57jb",,AAPL
social,kaggle_tweets,2018-08-03 12:27:00,Nike Zoom Trained For Men Size: 42-45 Limited Stocks Branded With Box ACTUAL PHOTOS 📦FREE SHIPPING NATIONWIDE 💯Pre… https://t.co/rQfR0Dl0GP,,NKE
social,kaggle_tweets,2018-08-03 12:29:00,RT @TheLimerickKing: As Apple has captured a trillion They're buying back shares by the billion A rigged market ruse A fraudulent fuse The…,,AAPL
social,kaggle_tweets,2018-08-03 12:31:00,"#1 Microsoft Widens Lead Over #2 Amazon In Cloud Revenue, $6.9 Billion To $6.1 Billion https://t.co/mR8njZ9PNP",,AMZN
social,kaggle_tweets,2018-08-03 12:35:00,RT @mytentaran: Know why Apple hitting $1 trillion matters for the stock market https://t.co/WIjc8bJthK #IndiaNews #Apple #Tentaran #worl…,,AAPL
social,kaggle_tweets,2018-08-03 12:35:00,Amazon reports 1.7 million pound UK tax bill due to share deductions https://t.co/X2VJYVk09B,,AMZN
social,kaggle_tweets,2018-08-03 12:37:00,"RT @javmarlo: We tried PillPack, the pharmacy startup Amazon acquired for $1 billion, and we can see why it has big pharmacies terrified ht…",,AMZN
social,kaggle_tweets,2018-08-03 12:40:00,"Third Party Banking Software Market Top IT Sector Key Players Like, Microsoft, IBM, TCS, Infosys, Oracle, TIBCO and… https://t.co/81ZRONNowL",,MSFT
social,kaggle_tweets,2018-08-03 12:48:00,RT @CNN: Starbucks is teaming up with Chinese tech giant Alibaba to launch delivery services in September https://t.co/CN0nfJVYtJ,,SBUX
social,kaggle_tweets,2018-08-03 12:48:00,"RT @ADNTimeless: Watch, Like, Share and leave comments of gratitude to McDo, ADN! 😊 Youtube: https://t.co/MApqGHwDlZ… Facebook: https://t.…",,FB
social,kaggle_tweets,2018-08-03 12:54:00,"RT @ByronYork: Sen Dianne Feinstein is a major figure in Senate Intel, Judiciary investigations into Russian meddling. Now, turns out her d…",,INTC
social,kaggle_tweets,2018-08-03 12:54:00,"RT @ByronYork: Sen Dianne Feinstein is a major figure in Senate Intel, Judiciary investigations into Russian meddling. Now, turns out her d…",,INTC
social,kaggle_tweets,2018-08-03 12:54:00,"RT @ByronYork: Sen Dianne Feinstein is a major figure in Senate Intel, Judiciary investigations into Russian meddling. Now, turns out her d…",,INTC
social,kaggle_tweets,2018-08-03 12:54:00,"RT @ByronYork: Sen Dianne Feinstein is a major figure in Senate Intel, Judiciary investigations into Russian meddling. Now, turns out her d…",,INTC
social,kaggle_tweets,2018-08-03 13:00:00,"For a brief moment of bliss, Facebook was down https://t.co/pCD3DWnsMw",,FB
social,kaggle_tweets,2018-08-03 13:03:00,RT @MBoeckISUF: Dean David Spalding @ISU_CoB congratulates recently named @LandOLakesInc CEO and Ivy a College alumna Beth Ford on her new…,,F
social,kaggle_tweets,2018-08-03 13:10:00,JBL launches its $250 Google Assistant-powered Smart Display to take on Lenovo https://t.co/QS9htnxggT,,GOOGL
social,kaggle_tweets,2018-08-03 13:12:00,"RT @emoblackthot: Spotify’s interface, playlists, and algorithms for discovering new music are untouchable. Apple Music is good if you alre…",,AAPL
social,kaggle_tweets,2018-08-03 13:17:00,"RT @charlesmilander: Netflix, SiriusXM to launch comedy radio channel – CNET https://t.co/f5oWLTx9AA Follow on Instagram: https://t.co/…",,NFLX
social,kaggle_tweets,2018-08-03 13:26:00,"Check out this Amazon deal: Disney Umbrella Stroller with Canopy, My Hunn... by Disney https://t.co/xbVC7jPiSO via… https://t.co/6OYbQDTCDb",,AMZN
social,kaggle_tweets,2018-08-03 13:40:00,Google Cloud and Accenture launch new business group (BCBG) #DigitalTransformation #CustomerExperience… https://t.co/FkzwBCbZ1s,,GOOGL
social,kaggle_tweets,2018-08-03 13:42:00,Apple CEO Tim Cook to Employees on $1 Trillion Milestone: 'It's Not the Most Important Measure of Our Success' https://t.co/CmvnQov9z6,,AAPL
social,kaggle_tweets,2018-08-03 13:42:00,RT @intexolteam: 180804 [INFO] Incheon International Airport Facebook update with #EXO 🔗 https://t.co/mxddS113XZ @weareoneEXO #EXOPLANET…,,FB
social,kaggle_tweets,2018-08-03 14:17:00,"Join Robinhood and we'll both get a stock like Apple, Ford, or Sprint for free. Make sure you use my link. https://t.co/zNP1J1GOdI",,AAPL
social,kaggle_tweets,2018-08-03 14:19:00,@wtf1official Google never lies https://t.co/MmesMJU5eL,,GOOGL
social,kaggle_tweets,2018-08-03 14:25:00,Disney should buy SnapChat. #Disney #Snapchat,,DIS
social,kaggle_tweets,2018-08-03 14:30:00,"The cover story in 1996. Fast forward to 2018, when Apple became the first company to hit One Trillion in market ca… https://t.co/p3ZaotxIbg",,AAPL
social,kaggle_tweets,2018-08-03 14:50:00,How to get free money on PayPal And Free PayPal Money | My Hacks https://t.co/gzgX71uI27,,PYPL
social,kaggle_tweets,2018-08-03 14:53:00,"Sonos CEO talks IPO, services and a different mission than Apple https://t.co/QFUwjU9fOh",,AAPL
social,kaggle_tweets,2018-08-03 14:59:00,RT @worldflood1: Postcard from Google Earth Yosemite Valley still being Burned What more do we need to learn Floods n East Fires n West We…,,GOOGL
social,kaggle_tweets,2018-08-03 15:02:00,"RT @FinancialTimes: Apple has become the first company to reach a trillion-dollar market capitalisation. To reach the milestone, the iPhone…",,AAPL
social,kaggle_tweets,2018-08-03 15:04:00,I liked a @YouTube video https://t.co/ZNS8KOV9bn MSNBC Host Wants Facebook Shut Down to Stop 'Fake News',,FB
social,kaggle_tweets,2018-08-03 15:05:00,Favorite deal on ibotta is 3%cash back on Adidas for shopping online. Helps for back to school.We shop at Walmart f… https://t.co/E9ZZ4AZ6I8,,WMT
social,kaggle_tweets,2018-08-03 15:13:00,RT @RetailWeek: Apple is pushing the boundaries when it comes to connecting its online and offline channels by providing store stock visibi…,,AAPL
social,kaggle_tweets,2018-08-03 15:19:00,"RT @usminority: When your Facebook video gets 62 reactions, 13 comments, and 4 shares... but it’s only been viewed 3 times. 😂😂😂 #shadowban…",,FB
social,kaggle_tweets,2018-08-03 15:19:00,"RT @usminority: When your Facebook video gets 62 reactions, 13 comments, and 4 shares... but it’s only been viewed 3 times. 😂😂😂 #shadowban…",,FB
social,kaggle_tweets,2018-08-03 15:19:00,"RT @usminority: When your Facebook video gets 62 reactions, 13 comments, and 4 shares... but it’s only been viewed 3 times. 😂😂😂 #shadowban…",,FB
social,kaggle_tweets,2018-08-03 15:27:00,"RT @Thomas1774Paine: EXCLUSIVE: Kim Dotcom Drops Bombshell on Twitter, Facebook: “Their Days Are Numbered;” Confirms He’s Now Building Riva…",,FB
social,kaggle_tweets,2018-08-03 15:29:00,"Sorry, But $SBUX Starbucks Will Not Be Accepting $BTC #Bitcoin https://t.co/zA0vyY8743",,SBUX
social,kaggle_tweets,2018-08-03 15:33:00,RT @IGN: Congratulations to Apple for being the first publicly traded company to reach $1 trillion in market value. 👏 https://t.co/93fN1ocT…,,AAPL
social,kaggle_tweets,2018-08-03 15:59:00,RT @Hannah_nbc15: Apple is now worth ONE TRILLION DOLLARS! That's A BILLION ONE THOUSAND TIMES! I can't even wrap my brain around that. 100…,,AAPL
social,kaggle_tweets,2018-08-03 16:07:00,Dig deeper than Google Analytics/ Get more data on all traffic with TrackingDesk: AppSumo https://t.co/KpRdk4P0Sf https://t.co/O0oFyJGLal,,GOOGL
social,kaggle_tweets,2018-08-03 16:13:00,RT @CNN: Apple is the first US company to reach $1 trillion in market value https://t.co/1ClxuNZy2q https://t.co/qZWAFDgIDA,,AAPL
social,kaggle_tweets,2018-08-03 16:18:00,Amazon UK tax payment falls to £1.7m https://t.co/rbDF2AQaWE,,AMZN
social,kaggle_tweets,2018-08-03 16:19:00,Decided to invest in Apple yesterday. Might as well make money off you sheep,,AAPL
social,kaggle_tweets,2018-08-03 16:26:00,"Wall Street eyes more gains from Apple, its $1 trillion stock https://t.co/FHFqY8mtqy",,AAPL
social,kaggle_tweets,2018-08-03 16:32:00,"Former Senior Director of Content Acquisition at Google, Edward Moalem is now officialy Chief Strategy Officer (CSO… https://t.co/6Vf9MgtmvD",,GOOGL
social,kaggle_tweets,2018-08-03 16:35:00,"RT @vexmark: Amazing, if you invested $100 in Apple 10 years ago you'd be able to afford an iMac today, probably",,AAPL
social,kaggle_tweets,2018-08-03 16:35:00,RT @QueenJillian201: Make yourself u$eful today. #Kiksessions happening now. Circlepay &amp; Amazon: MissAmericanbaby23@Gmail.com Squarecash…,,AMZN
social,kaggle_tweets,2018-08-03 16:39:00,"RT @IndiaTodayTech: Apple becomes $1 trillion company, CEO Tim Cook calls it milestone but not a focus https://t.co/c9cDon5xHI",,AAPL
social,kaggle_tweets,2018-08-03 16:42:00,Can someone please share their Apple Music w me or help me get money so I can get Apple Music FUCK,,AAPL
social,kaggle_tweets,2018-08-03 16:44:00,RT @OnePerfectShot: A CLOCKWORK ORANGE (1971) Director of Photography: John Alcott Director: Stanley Kubrick Buy or Rent via Amazon: ht…,,AMZN
social,kaggle_tweets,2018-08-03 16:55:00,So yesterday I used Google translate to reply to Dhalia's email which was in French. I translated 'kind regards' to… https://t.co/W8yVyAEciE,,GOOGL
social,kaggle_tweets,2018-08-03 16:57:00,How Apple became the first US publicly traded company to reach $1 trillion valuation https://t.co/IKWw6z2MG4 https://t.co/EW0O9TTWcI,,AAPL
social,kaggle_tweets,2018-08-03 16:58:00,"RT @USATODAY: So, what’s your excuse? Sue Johnson, 70, doesn’t let a storm stop her from putting away her shopping cart at a Walmart in Hur…",,WMT
social,kaggle_tweets,2018-08-03 16:58:00,"RT @USATODAY: So, what’s your excuse? Sue Johnson, 70, doesn’t let a storm stop her from putting away her shopping cart at a Walmart in Hur…",,WMT
social,kaggle_tweets,2018-08-03 17:00:00,"RT @amitabhk87: Apple is the 1st trillion-dollar American company.For comparison’s sake,Amazon is worth $877 billion, Alphabet $851 billion…",,AAPL
social,kaggle_tweets,2018-08-03 17:03:00,"@jenny_stacey_ I probably will tbh, did you watch it on Apple films?",,AAPL
social,kaggle_tweets,2018-08-03 17:06:00,Apple reaches new landmark with $1 trillion valuation Tim Cook holds the billionth iPhone at an employee meeting in… https://t.co/sWFQeMDu2r,,AAPL
social,kaggle_tweets,2018-08-03 17:15:00,"RT @JerusalemBold: According to this, if you say on Facebook ""Please kill white people only""... That's fine. https://t.co/PoHWH75hN2",,FB
social,kaggle_tweets,2018-08-03 17:58:00,Bitcoin Is Coming to Starbucks and May Reach Your 401(k) Through Partnership With Microsoft and Wall Street Powerho… https://t.co/vI3MYlbgij,,MSFT
social,kaggle_tweets,2018-08-03 18:02:00,"RT @davidfickling: Apple alone is now worth more than all the stocks in Russia and Mexico, put together https://t.co/unp0kETUyO",,AAPL
social,kaggle_tweets,2018-08-03 18:03:00,"Starbucks serves over 50 million no-coiners every week around the world. By accepting Bitcoin, Starbucks will lead… https://t.co/sdAPklOu2V",,SBUX
social,kaggle_tweets,2018-08-03 18:04:00,"RT @bulldoghill: Facebook and Instagram allow prominent neo-Nazis and white supremacists to profit off their platforms, letting them sell m…",,FB
social,kaggle_tweets,2018-08-03 18:08:00,Microsoft Surface Go review https://t.co/ImVe8el0FC,,MSFT
social,kaggle_tweets,2018-08-03 18:09:00,"Apple, Huawei grow as global tablet market slips in Q2 #Apple #Huawei #Q #socialnewsxyz https://t.co/hfptjrDHHQ https://t.co/hfptjrDHHQ",,AAPL
social,kaggle_tweets,2018-08-03 18:15:00,I've signed the petition for the government to make Amazon pay their fair share. Will you add your name? https://t.co/1YjgjCbbxb,,AMZN
social,kaggle_tweets,2018-08-03 18:16:00,Apple market cap milestones- Aug 2018: $1 trillion Nov 2017: $900 billion May 2017: $800 billion Nov 2014: $700 bi… https://t.co/A2cGec3Mhx,,AAPL
social,kaggle_tweets,2018-08-03 18:18:00,RT @amazonIN: Stop the GIF &amp; don’t let the offer move away from your sight. Visit https://t.co/gnMj6diIgw to find the correct Amazon Pay of…,,AMZN
social,kaggle_tweets,2018-08-03 18:28:00,I just wanna watch one cute dog video on Facebook. {5 hours later...} Why am I watching people falling down highlight videos? #facebook,,FB
social,kaggle_tweets,2018-08-03 18:39:00,Google Maps now shares battery life when sharing locations https://t.co/fOGzQXxrcM https://t.co/Mi45I8d3lo,,GOOGL
social,kaggle_tweets,2018-08-03 18:53:00,Anybody got Verizon Fios n wanna give me the refer a friend code for the discount?,,VZ
social,kaggle_tweets,2018-08-03 18:57:00,"RT @crypto: NYSE owner announces Bitcoin venture with Starbucks, Microsoft https://t.co/uZu5vtmjfb https://t.co/j4GdkaUY0N",,MSFT
social,kaggle_tweets,2018-08-03 18:57:00,"RT @crypto: NYSE owner announces Bitcoin venture with Starbucks, Microsoft https://t.co/uZu5vtmjfb https://t.co/j4GdkaUY0N",,MSFT
social,kaggle_tweets,2018-08-03 18:57:00,"RT @crypto: NYSE owner announces Bitcoin venture with Starbucks, Microsoft https://t.co/uZu5vtmjfb https://t.co/j4GdkaUY0N",,MSFT
social,kaggle_tweets,2018-08-03 18:57:00,"Starbucks, Microsoft, and ICE to Launch Bitcoin Payments Provider #Bitcoin #Crypto #bakkt https://t.co/SpevHQjeev",,MSFT
social,kaggle_tweets,2018-08-03 19:00:00,"RT @SenSanders: While Jeff Bezos spends $12 million renovating his 5th mansion, this Amazon employee is forced to live out of her car. http…",,AMZN
social,kaggle_tweets,2018-08-03 19:00:00,"RT @SenSanders: While Jeff Bezos spends $12 million renovating his 5th mansion, this Amazon employee is forced to live out of her car. http…",,AMZN
social,kaggle_tweets,2018-08-03 19:00:00,"RT @SenSanders: While Jeff Bezos spends $12 million renovating his 5th mansion, this Amazon employee is forced to live out of her car. http…",,AMZN
social,kaggle_tweets,2018-08-03 19:00:00,"RT @SenSanders: While Jeff Bezos spends $12 million renovating his 5th mansion, this Amazon employee is forced to live out of her car. http…",,AMZN
social,kaggle_tweets,2018-08-03 19:00:00,"RT @SenSanders: While Jeff Bezos spends $12 million renovating his 5th mansion, this Amazon employee is forced to live out of her car. http…",,AMZN
social,kaggle_tweets,2018-08-03 19:00:00,"RT @SenSanders: While Jeff Bezos spends $12 million renovating his 5th mansion, this Amazon employee is forced to live out of her car. http…",,AMZN
social,kaggle_tweets,2018-08-03 19:00:00,"RT @SenSanders: While Jeff Bezos spends $12 million renovating his 5th mansion, this Amazon employee is forced to live out of her car. http…",,AMZN
social,kaggle_tweets,2018-08-03 19:00:00,"RT @SenSanders: While Jeff Bezos spends $12 million renovating his 5th mansion, this Amazon employee is forced to live out of her car. http…",,AMZN
social,kaggle_tweets,2018-08-03 19:00:00,"RT @SenSanders: While Jeff Bezos spends $12 million renovating his 5th mansion, this Amazon employee is forced to live out of her car. http…",,AMZN
social,kaggle_tweets,2018-08-03 19:00:00,"RT @SenSanders: While Jeff Bezos spends $12 million renovating his 5th mansion, this Amazon employee is forced to live out of her car. http…",,AMZN
social,kaggle_tweets,2018-08-03 19:00:00,"RT @SenSanders: While Jeff Bezos spends $12 million renovating his 5th mansion, this Amazon employee is forced to live out of her car. http…",,AMZN
social,kaggle_tweets,2018-08-03 19:00:00,"RT @SenSanders: While Jeff Bezos spends $12 million renovating his 5th mansion, this Amazon employee is forced to live out of her car. http…",,AMZN
social,kaggle_tweets,2018-08-03 19:00:00,"RT @SenSanders: While Jeff Bezos spends $12 million renovating his 5th mansion, this Amazon employee is forced to live out of her car. http…",,AMZN
social,kaggle_tweets,2018-08-03 19:02:00,"@bictoralb @BernieSanders From 2011 to 2016, Amazon reported a total $8.2 billion of pre-tax income and $944 millio… https://t.co/ROzi9Kl0W2",,AMZN
social,kaggle_tweets,2018-08-03 19:03:00,"@BrendanMcGeever @Qwant_FR Clever Geever ;-) No worries, I still use a bunch of other Google services, the paid-for ones!",,GOOGL
social,kaggle_tweets,2018-08-03 19:04:00,Latest rumour alleges Google will launch Android P on August 20 - https://t.co/fJu7RFz8SI #chinatech #smartphones… https://t.co/wSFa7hVhj7,,GOOGL
social,kaggle_tweets,2018-08-03 19:06:00,@Tennessean This could literally happen at any Costco. Have you seen those lines? Borderline mobs to get free lunch for the kids.,,COST
social,kaggle_tweets,2018-08-03 19:14:00,Shopify Dropshipping for Beginners – Hot Products &amp; Best Facebook Ads (2018) https://t.co/iZSVIfhwaE,,FB
social,kaggle_tweets,2018-08-03 19:14:00,Apple market cap milestones: Aug 2018: $1 trillion Nov 2017: $900 billion May 2017: $800 billion Nov 2014: $700 bi… https://t.co/JdzHNL30RC,,AAPL
social,kaggle_tweets,2018-08-03 19:16:00,RT @SkyNewsBreak: Apple has become the first company in the world to be worth $1tn (£767bn),,AAPL
social,kaggle_tweets,2018-08-03 19:28:00,RT @ChiefCMagnus: PLEASE read all 3 pgs of my officer's Facebook posts (she said we could share). Can you help us get this 91yr old WWII ve…,,FB
social,kaggle_tweets,2018-08-03 19:33:00,"""Apple Finally Ends The $1 Trillion Race With All-Time High Share Price - MobileAppDaily"" https://t.co/QCpB0WFNZP",,AAPL
social,kaggle_tweets,2018-08-03 19:37:00,I just earned the Career Development Basics badge on Oracle LaunchPad! Oracle's free Cloud learning experience!… https://t.co/PtPFKdsktA,,ORCL
social,kaggle_tweets,2018-08-03 19:44:00,"RT @JonErlichman: Apple IPO valuation (Dec 12, 1980): $1.2 billion Apple valuation today: $1 trillion Stock return since IP…",,AAPL
social,kaggle_tweets,2018-08-03 19:53:00,RT @dbongino: THANK YOU. My new book just launched for preorder on Amazon and we’re already a number one best seller. Thank you for your su…,,AMZN
social,kaggle_tweets,2018-08-03 20:11:00,Amazon slammed for ‘insult’ tax bill in the UK despite record profits https://t.co/Q3yj5u6jI1,,AMZN
social,kaggle_tweets,2018-08-03 20:13:00,"RT @HaidiLun: Hey Apple, congrats on the big $1T! So the original trillion-dollar company was made in China - PetroChina's market cap hit $…",,AAPL
social,kaggle_tweets,2018-08-03 20:18:00,RT @AnneFrankCenter: Please sign and share this petition calling on Facebook to tackle Holocaust Denial pages on their site. Social media g…,,FB
social,kaggle_tweets,2018-08-03 20:26:00,I posted a new video to Facebook https://t.co/WEpaCpjAgB,,FB
social,kaggle_tweets,2018-08-03 20:27:00,RT @rj_gallagher: Revealed: Google is planning to launch a censored search engine in China that will blacklist websites &amp; search terms abou…,,GOOGL
social,kaggle_tweets,2018-08-03 20:31:00,"Facebook Dating will be a feature, not an app. Here’s a peek Facebook Dating doesn’t plan to launch a standalone d… https://t.co/ABlGLKIQEq",,FB
social,kaggle_tweets,2018-08-03 20:39:00,Amazon pays just £1.7 million in UK tax for 2017 despite huge climb in profits https://t.co/HmBRyoQu1l https://t.co/cmUt6bB8Uw,,AMZN
social,kaggle_tweets,2018-08-03 20:42:00,"so if walt’s money pile at the end of breaking bad is worth like $80 million then that means Apple is worth 12,500… https://t.co/SuA7261Mqo",,AAPL
social,kaggle_tweets,2018-08-03 20:55:00,I've signed the petition for the government to make Amazon pay their fair share. Will you add your name? https://t.co/Qbwi7HR64P,,AMZN
social,kaggle_tweets,2018-08-03 20:58:00,"RT @CNN: After Apple became the first American company to hit $1 trillion in market value, CEO Tim Cook told employees to keep their eye on…",,AAPL
social,kaggle_tweets,2018-08-04 07:03:00,"RT @raehanbobby: ""You can't build a reputation on what you are going to do."" ~ Henry Ford #leadership #quotes https://t.co/tazHZxTNQz",,F
social,kaggle_tweets,2018-08-04 07:24:00,Starbucks drops major hint at plans to accept Bitcoin https://t.co/23dWXwrqFy,,SBUX
social,kaggle_tweets,2018-08-04 07:34:00,I just entered to win a $25 CDN PayPal Gift Card @WinWinWin! 's hop stop in @savinginseconds Wonder Woman Giveaway… https://t.co/Vj34YKQ1nb,,PYPL
social,kaggle_tweets,2018-08-04 07:45:00,"“ Mad at me “ dropping tonight at 9 on Spotify, Apple Music , SoundCloud and all other major platforms. 🌊🔓🚀… https://t.co/k2NR330YWt",,AAPL
social,kaggle_tweets,2018-08-04 07:47:00,"RT @RedditBTC: NYSE parent company ICE is teaming up with Starbucks and Microsoft to launch Bakkt, a platform to buy, sell, store and spend…",,MSFT
social,kaggle_tweets,2018-08-04 07:51:00,RT @SmartChainMedia: The former vice president of North American investment banking at JPMorgan Chase has said that blockchain “may be the…,,JPM
social,kaggle_tweets,2018-08-04 08:01:00,How to Use Google Gujarati Input Tools (Complete Guide in ગુજરાતી) - https://t.co/6TCp46hZC7,,GOOGL
social,kaggle_tweets,2018-08-04 08:07:00,"RT @TiffanyHaddish: Keeping things right! Apple Cider Vinegar Pills – All Natural Weight Loss, Detox &amp; Cleanse https://t.co/eVVU4NYW8M",,AAPL
social,kaggle_tweets,2018-08-04 08:17:00,Traders Buy Shares of Mastercard $MA on Weakness on Insider Selling https://t.co/yN3xZ7KUFA,,MA
social,kaggle_tweets,2018-08-04 08:30:00,"RT @oppomobileindia: Show your love for #OPPOF9Pro Gradient Design by using the Facebook Custom Profile Badge on your profile photo, share…",,FB
social,kaggle_tweets,2018-08-04 08:31:00,"Girlfriend Posts Pic Of Cheating Boyfriend On Facebook, And Then He Drops A BOMBSHELL https://t.co/D3BGLX5BLB",,FB
social,kaggle_tweets,2018-08-04 08:36:00,RT @RyanAFournier: Facebook bans and suspends Conservative pro-Trump pages all of the time. They literally silence views that they do not…,,FB
social,kaggle_tweets,2018-08-04 08:36:00,RT @RyanAFournier: Facebook bans and suspends Conservative pro-Trump pages all of the time. They literally silence views that they do not…,,FB
social,kaggle_tweets,2018-08-04 08:36:00,RT @RyanAFournier: Facebook bans and suspends Conservative pro-Trump pages all of the time. They literally silence views that they do not…,,FB
social,kaggle_tweets,2018-08-04 08:36:00,RT @RyanAFournier: Facebook bans and suspends Conservative pro-Trump pages all of the time. They literally silence views that they do not…,,FB
social,kaggle_tweets,2018-08-04 08:36:00,RT @RyanAFournier: Facebook bans and suspends Conservative pro-Trump pages all of the time. They literally silence views that they do not…,,FB
social,kaggle_tweets,2018-08-04 08:36:00,RT @RyanAFournier: Facebook bans and suspends Conservative pro-Trump pages all of the time. They literally silence views that they do not…,,FB
social,kaggle_tweets,2018-08-04 08:36:00,RT @RyanAFournier: Facebook bans and suspends Conservative pro-Trump pages all of the time. They literally silence views that they do not…,,FB
social,kaggle_tweets,2018-08-04 08:36:00,RT @RyanAFournier: Facebook bans and suspends Conservative pro-Trump pages all of the time. They literally silence views that they do not…,,FB
social,kaggle_tweets,2018-08-04 08:36:00,RT @RyanAFournier: Facebook bans and suspends Conservative pro-Trump pages all of the time. They literally silence views that they do not…,,FB
social,kaggle_tweets,2018-08-04 08:36:00,RT @RyanAFournier: Facebook bans and suspends Conservative pro-Trump pages all of the time. They literally silence views that they do not…,,FB
social,kaggle_tweets,2018-08-04 08:36:00,RT @RyanAFournier: Facebook bans and suspends Conservative pro-Trump pages all of the time. They literally silence views that they do not…,,FB
social,kaggle_tweets,2018-08-04 09:02:00,Mastercard Incorporated $MA Just Reported Decreased Shorts https://t.co/ZufpSllpMv,,MA
social,kaggle_tweets,2018-08-04 09:06:00,SEC drops investigation into Exxon climate change response - FiWEH Life - https://t.co/Nti9N70dJF,,XOM
social,kaggle_tweets,2018-08-04 09:11:00,@bilizo @WalshFreedom Who’s we? The hysterical “sky is falling” pussy hats? Or antifa cucks breaking Starbucks wind… https://t.co/VdA3f3RA6S,,SBUX
social,kaggle_tweets,2018-08-04 09:20:00,RT @megan__coe: If someone shares a video on Facebook and it’s 2 white women sitting in a car I can tell without any further context that I…,,FB
social,kaggle_tweets,2018-08-04 09:28:00,RT @eanokwah: @spectatorindex Market value (3/8/2018) 1. Apple: $1007 billion 2. Amazon: $893 billion 3. Alphabet (parent company of Google…,,AMZN
social,kaggle_tweets,2018-08-04 09:29:00,Is Apple Stock A Buy Before Earnings on May 1st 2018? 🔍 https://t.co/S4V0xSV2mp https://t.co/jhCKavZJrz,,AAPL
social,kaggle_tweets,2018-08-04 09:45:00,RT @Reuters: Apple hit a $1 trillion market cap this week - a major milestone in a decade of stock gains fueled by the iconic iPhone. See a…,,AAPL
social,kaggle_tweets,2018-08-04 09:51:00,"RT @haveigotnews: After being pipped to the title of first $1 trillion company, Amazon drops off Apple’s trophy: https://t.co/lqIVJHFds3",,AMZN
social,kaggle_tweets,2018-08-04 10:14:00,"RT @appleinsider: This week on AI: AAPL valuation $1 trillion, Apple Watch saves lives, 2018 iPad Pro, more https://t.co/Yf5HqIghwD https:/…",,AAPL
social,kaggle_tweets,2018-08-04 10:18:00,Microsoft Invests in Startup that Nails Cybercriminals | Fortune - Fortune https://t.co/XY5419Apim,,MSFT
social,kaggle_tweets,2018-08-04 10:25:00,@NYTimesPR Easiest short opportunity I’ve ever seen. Subscription drop will make Facebook dump seem like business a… https://t.co/j4W1BXNN88,,FB
social,kaggle_tweets,2018-08-04 10:31:00,"RT @Anon_decoder: Companies like Amazon and Google need to be broken up Their share size &amp; concentration of power, influence &amp; wealth can…",,GOOGL
social,kaggle_tweets,2018-08-04 10:31:00,"RT @Anon_decoder: Companies like Amazon and Google need to be broken up Their share size &amp; concentration of power, influence &amp; wealth can…",,GOOGL
social,kaggle_tweets,2018-08-04 10:32:00,RT @BedrijfsAdres: Google Is Launching a Censored Search Engine in China After Meeting With Government Officials https://t.co/Q2SbVFPJst ht…,,GOOGL
social,kaggle_tweets,2018-08-04 10:44:00,RT @VinishaSabarwal: Facebook page ——&gt; https://t.co/HIp6xrdvY2 Instagram ——-&gt; https://t.co/coYAGcRzHa Helping a friend out please like thi…,,FB
social,kaggle_tweets,2018-08-04 10:45:00,"Insider Selling: Facebook, Inc. Common Stock $FB VP Sells $130,500.00 in Stock https://t.co/Z4fUluldug #markets",,FB
social,kaggle_tweets,2018-08-04 10:49:00,RT @VSTS: Microsoft is focusing on building software faster and releasing it to you more quickly. The @VSTS team is proud to share our jou…,,MSFT
social,kaggle_tweets,2018-08-04 10:54:00,RT @exosphereience: EXO-L Egg Eggso-L Extra-L Emo-L Eris Iris Kerries Cherries Jerries Microsoft Excels Mitochondria Let's stay together f…,,MSFT
social,kaggle_tweets,2018-08-04 10:57:00,Think about this..... @CIA/@JohnBrennan gives a $600 million dollar contract to @amazon/@JeffBezos Amazon for th… https://t.co/SGD1MWyL2J,,AMZN
social,kaggle_tweets,2018-08-04 11:03:00,"RT @charliekirk11: Amazon, who is on the verge of a $100 billion taxpayer funded contract is now trying to unethically monopolize our music…",,AMZN
social,kaggle_tweets,2018-08-04 11:07:00,Check out this Amazon deal: Life Without Plastic: The Practical Step-by-Step Guide by Jay Sinha… https://t.co/bNPw4b8kRF,,AMZN
social,kaggle_tweets,2018-08-04 11:13:00,This new online video shows how to develop a hugely profitable home based business using only Facebook to generate… https://t.co/oaJRNasCHI,,FB
social,kaggle_tweets,2018-08-04 11:16:00,"RT @thepileus: Petition demanding Amazon pay their fair share of tax already has over 50,000 signatures. You can sign it here. Lets get it…",,AMZN
social,kaggle_tweets,2018-08-04 11:16:00,"RT @thepileus: Petition demanding Amazon pay their fair share of tax already has over 50,000 signatures. You can sign it here. Lets get it…",,AMZN
social,kaggle_tweets,2018-08-04 11:23:00,"@PessimistInvest TV is mostly about decreasing churn, not about profit. Netflix basically serves the same purpose a… https://t.co/OgI9cj0Nyc",,NFLX
social,kaggle_tweets,2018-08-04 11:35:00,"Altcoin Buzz - Crypto News: Vechain, NYSE Owner Crypto, Starbucks Crypto https://t.co/NRDMLjZUmM",,SBUX
social,kaggle_tweets,2018-08-04 11:39:00,RT @dadabenblog: Can Osinbajo's visit to Google be tied to the launch of Google Station in the country? https://t.co/KFjHZhQpC1,,GOOGL
social,kaggle_tweets,2018-08-04 11:55:00,I got booted from Facebook. Join me on MeWe - the social network with privacy! #webcomics https://t.co/F7vzU0rUU6,,FB
social,kaggle_tweets,2018-08-04 11:58:00,RT @iamjosephyoung: So today (24 hours) 1. Starbucks wants to integrate crypto 2. NYSE is going crypto 3. NYSE beats NASDAQ to creating a…,,SBUX
social,kaggle_tweets,2018-08-04 12:00:00,"New post: ""Meet the Company That Beat Apple to a $1 Trillion Market Cap"" https://t.co/PNEI8csvA5",,AAPL
social,kaggle_tweets,2018-08-04 12:00:00,EXTINCTION - A Netflix Original Movie Trailer https://t.co/WlYz8yzi3H https://t.co/R85nksC4mZ,,NFLX
social,kaggle_tweets,2018-08-04 12:22:00,"Facebook fans “The Others” shared this,I have to laugh 🤣 https://t.co/nEb7UJTWA9",,FB
social,kaggle_tweets,2018-08-04 12:44:00,RT @TheShovel: Apple Becomes First Irish Company To Hit $1 Trillion Valuation https://t.co/v8OP9VTwxC https://t.co/rWKuXr9UlO,,AAPL
social,kaggle_tweets,2018-08-04 12:46:00,RT @TELL_US_PLEASE: Twitter and Facebook stocks fell this week. Was it because of the market or because of the techs stocks behavior?,,FB
social,kaggle_tweets,2018-08-04 12:47:00,"Since we were putting out more stock, I told my supervisor what happened and that I was going to split the Pepsi an… https://t.co/ktbEZbrPJa",,PEP
social,kaggle_tweets,2018-08-04 12:54:00,"RT @ByronYork: Sen Dianne Feinstein is a major figure in Senate Intel, Judiciary investigations into Russian meddling. Now, turns out her d…",,INTC
social,kaggle_tweets,2018-08-04 12:54:00,"RT @ByronYork: Sen Dianne Feinstein is a major figure in Senate Intel, Judiciary investigations into Russian meddling. Now, turns out her d…",,INTC
social,kaggle_tweets,2018-08-04 12:54:00,"RT @ByronYork: Sen Dianne Feinstein is a major figure in Senate Intel, Judiciary investigations into Russian meddling. Now, turns out her d…",,INTC
social,kaggle_tweets,2018-08-04 12:54:00,"RT @ByronYork: Sen Dianne Feinstein is a major figure in Senate Intel, Judiciary investigations into Russian meddling. Now, turns out her d…",,INTC
social,kaggle_tweets,2018-08-04 12:57:00,IBM Common Stock $IBM Rating Lowered to Sell at ValuEngine https://t.co/NciYtQwYYB,,IBM
social,kaggle_tweets,2018-08-04 12:59:00,"RT @GToyaBrielleToo: Apple Music has the best music layout, Spotify has the best playlists and Tidal has Beyoncé https://t.co/nSo5Pdjh86",,AAPL
social,kaggle_tweets,2018-08-04 13:08:00,Ben Affleck and Matt Damon Paid $1 Million for McDonald's Monopoly Scam Story https://t.co/HfZheTM3F3,,MCD
social,kaggle_tweets,2018-08-04 13:28:00,Makoto Shinkai's (director of Your Name &amp; Garden of words) new co-directed film just dropped recently on Netflix! G… https://t.co/JWxSRRT9b7,,NFLX
social,kaggle_tweets,2018-08-04 13:32:00,@SophiaCannon Apple has the lowest quality USB cables. A part of its revenue comes from replacement cables I believ… https://t.co/xzISfLFwr3,,AAPL
social,kaggle_tweets,2018-08-04 13:38:00,"Microsoft Floor Go is a repairability nightmare, and that is OK The Microsoft Floor Go launched this week, and unsu… https://t.co/d62GMiI192",,MSFT
social,kaggle_tweets,2018-08-04 13:50:00,RT @SilERabbit: Facebook just shut down a massive Russian influence campaign. Hillary's $1.2 billion campaign didn't stand a chance agains…,,FB
social,kaggle_tweets,2018-08-04 13:51:00,RT @j2bibrogirl: @tntdrama Oh look another.... literally a 2 sec Google search away https://t.co/MU9didYqSO,,GOOGL
social,kaggle_tweets,2018-08-04 13:54:00,"Check out this Amazon deal: Earth Women's Hydra Mid Heel Sandal,Light Pec... by Earth https://t.co/z6FFr1o8so… https://t.co/qA2BEZS7Rp",,AMZN
social,kaggle_tweets,2018-08-04 14:02:00,RT @destinedzionxo: The old Disney websites https://t.co/lZzpyHijcR,,DIS
social,kaggle_tweets,2018-08-04 14:03:00,RT @greyham: 📊📆 APPLE CEOs Time flies. Tim Cook is days away (12 August) from being CEO of Apple for half as long as Steve Jobs was CEO of…,,AAPL
social,kaggle_tweets,2018-08-04 14:16:00,RT @anthsco: Facebook - The Biggest One Day Rout in Stock History https://t.co/BygI4m8TxP via @YouTube,,FB
social,kaggle_tweets,2018-08-04 14:16:00,"RT @ScaryMommy: An aisle for moms at Target that has diapers, a coffee stand, medicine, wine, 5 star rated toys on Amazon, sweatpants, cand…",,AMZN
social,kaggle_tweets,2018-08-04 14:19:00,"📷 Okay, for some reason, Tumblr isn’t letting me share new posts to Facebook. I checked the settings,... https://t.co/8XLjuKzJCi",,FB
social,kaggle_tweets,2018-08-04 14:27:00,Deal: Beats Pill+ speaker is half off on Amazon and Best Buy https://t.co/BxVGegZi6j https://t.co/8JH6EdcZVX,,AMZN
social,kaggle_tweets,2018-08-04 14:45:00,Cna Financial Corp Has Increased Stake in Comcast Corp New $CMCSA as Market Valuation Declined https://t.co/TxhMGaaoVB,,CMCSA
social,kaggle_tweets,2018-08-04 14:55:00,RT @ultsjisoo: YG’s reality sitcom “YG Electronic” will be airing at Netflix and its featuring the others yg artist including BLACKPINK htt…,,NFLX
social,kaggle_tweets,2018-08-04 15:07:00,RT @nowthisnews: Google might be launching a censored version of its search engine in China https://t.co/uQ1gQ2uih4,,GOOGL
social,kaggle_tweets,2018-08-04 15:17:00,RT @PalmerReport: @realDonaldTrump @nytimes You're lying. We checked. It's at #2 on Amazon. Just like you finished #2 by millions of votes.…,,AMZN
social,kaggle_tweets,2018-08-04 15:18:00,"RT @SDomenicoMS: Quiz your knowledge of the language of Wall Street with “Morgan Stanley Jargon Buster,” now available on Amazon Alexa. Sim…",,AMZN
social,kaggle_tweets,2018-08-04 15:22:00,"@TArxza @d_bagger @AnonnCreed @_maxsommer_ @AhmedRakif @FaZe_Rain Except the Google Pixel, stock Android is da best lmao",,GOOGL
social,kaggle_tweets,2018-08-04 15:23:00,"RT @Cointelegraph: The operator of NYSE to create a Microsoft cloud-powered “open and regulated, global ecosystem for digital assets” https…",,MSFT
social,kaggle_tweets,2018-08-04 15:24:00,RT @BillboadAfrica: NEWS | Financial Fruit: Apple becomes first $1 trillion company https://t.co/lyQPT66pba https://t.co/mZsVjlkkzU,,AAPL
social,kaggle_tweets,2018-08-04 15:29:00,RT @CySaunders24: Facebook is apparently down. Millions of mothers worldwide have to raise their babies now instead of posting updates abou…,,FB
social,kaggle_tweets,2018-08-04 15:43:00,Check out what I found on eBay : OEM NEW Rear Cargo Area Protector + Privacy Shade + Bumper Guard 15-17 Ford Edge… https://t.co/YkuBN36SUS,,F
social,kaggle_tweets,2018-08-04 16:02:00,RT @tim_cook: We’re saddened by the loss of life and devastation in the California wildfires. Apple will be donating to relief efforts to h…,,AAPL
social,kaggle_tweets,2018-08-04 16:02:00,RT @tim_cook: We’re saddened by the loss of life and devastation in the California wildfires. Apple will be donating to relief efforts to h…,,AAPL
social,kaggle_tweets,2018-08-04 16:05:00,Public dollars funding private investments like Amazon HQ is a good example of why Congress should end the economic… https://t.co/iG8JdtXSeX,,AMZN
social,kaggle_tweets,2018-08-04 16:13:00,RT @trashygaytweets: Me going to Starbucks just to get a coffee when I have a perfectly fine working coffee machine at home https://t.co/4…,,SBUX
social,kaggle_tweets,2018-08-04 16:17:00,RT @kerooke: Starbucks serves 60 million people (mostly no-coiners) every week across the world. Starbucks is legitimizing Bitcoin by cho…,,SBUX
social,kaggle_tweets,2018-08-04 16:17:00,RT @kerooke: Starbucks serves 60 million people (mostly no-coiners) every week across the world. Starbucks is legitimizing Bitcoin by cho…,,SBUX
social,kaggle_tweets,2018-08-04 16:20:00,Facebook Unveils a Stunning ML Model that Transforms Music into Different Styles #vidhya #analyticsvidhya #fair… https://t.co/WFCYiYPn8l,,FB
social,kaggle_tweets,2018-08-04 16:24:00,Fur Babies World Dreamstars Oni in stock at Walmart https://t.co/Oh60g9PJx9 for $6.99 | Get The Tracker App @TheTrackerApp,,WMT
social,kaggle_tweets,2018-08-04 16:30:00,I posted a new video to Facebook https://t.co/VBO3N3J4i6,,FB
social,kaggle_tweets,2018-08-04 16:39:00,#RT please: #download #examdump: A4040-124 - Assessment: Power Systems with POWER7 and IBM i Sales Skills -v2. https://t.co/b1qfkYu0E9,,IBM
social,kaggle_tweets,2018-08-04 16:52:00,I've signed the petition for the government to make Amazon pay their fair share. Will you add your name? https://t.co/7Ge04QkM3Y,,AMZN
social,kaggle_tweets,2018-08-04 16:55:00,10 Best Ways to Upgrade Your Facebook Ads - Don't waste your hard earned money on bad ads https://t.co/kwkA8Yl6RD https://t.co/UuGgMP1Zi5,,FB
social,kaggle_tweets,2018-08-04 16:56:00,@CantReadMyJudas I literally hate Apple because they make better products every year but a bitch just dropped $1k o… https://t.co/SDyDHk7JGW,,AAPL
social,kaggle_tweets,2018-08-04 16:58:00,"RT @USATODAY: So, what’s your excuse? Sue Johnson, 70, doesn’t let a storm stop her from putting away her shopping cart at a Walmart in Hur…",,WMT
social,kaggle_tweets,2018-08-04 16:58:00,"RT @USATODAY: So, what’s your excuse? Sue Johnson, 70, doesn’t let a storm stop her from putting away her shopping cart at a Walmart in Hur…",,WMT
social,kaggle_tweets,2018-08-04 17:03:00,@odelisandwich Yep but they know nobody bothers. Those Apple store employees don't care.,,AAPL
social,kaggle_tweets,2018-08-04 17:08:00,NYSE joins forces with Starbucks on bitcoin platform https://t.co/9kBni8h1RN https://t.co/Lmek8TJpNt https://t.co/RbOAQrSpxo,,SBUX
social,kaggle_tweets,2018-08-04 17:22:00,"Apple buys Israeli flash storage maker in $500m deal Apple has bought Israel’s Anobit, a maker of flash storage tec… https://t.co/kXGJKJAOuG",,AAPL
social,kaggle_tweets,2018-08-04 17:37:00,RT @ValaAfshar: Apple is the first ever company valued over a trillion dollars. Apple also has $244 billion in cash on hand - it could buy…,,AAPL
social,kaggle_tweets,2018-08-04 17:38:00,"RT @shelflifestore: Just Dropped! The Nike Air Jordan 12 Retro GS ‘Light Aqua’ is now available at both our CPT and JHB stores, as well as…",,NKE
social,kaggle_tweets,2018-08-04 17:51:00,RT @nixcraft: Apple become first trillion dollar company with start of the art quality control. Apple CEO: 1. You are holding mobile phone…,,AAPL
social,kaggle_tweets,2018-08-04 17:54:00,RT @toryboypierce: Amazon sales soar to £2bn a year and they halve their tax bill to just £4.5mikkion. They are taking us for fools &amp; HMRC…,,AMZN
social,kaggle_tweets,2018-08-04 17:55:00,Sanmina $SANM Price Target Increased to $35.00 by Analysts at Citigroup https://t.co/0Yen3lVBr4 #stocks,,C
social,kaggle_tweets,2018-08-04 17:56:00,RT @CNBC: Why Apple at a trillion-dollar valuation isn’t crazy like the dot-com bubble. https://t.co/gWO3nA18i5 https://t.co/mqCKI5m8Q5,,AAPL
social,kaggle_tweets,2018-08-04 17:59:00,Apple Tops $1 Trillion Valuation with New Price High â Whatâs Next? https://t.co/o254RUOrPj,,AAPL
social,kaggle_tweets,2018-08-04 18:03:00,RT @dSmk: @shanselman What I never get is this: Microsoft got hit with a huge antitrust lawsuit for bundling IE with Windows. Apple makes…,,AAPL
social,kaggle_tweets,2018-08-04 18:03:00,Apple has greater market value than the following companies combined: - Boeing - Toyota - McDonalds - Nike - Volks… https://t.co/BehQ5sHFyu,,AAPL
social,kaggle_tweets,2018-08-04 18:06:00,RT @IntelSoftware: Getting started with Intel GPA? Check out this short tutorial on how to launch and analyze Microsoft DX using Graphics M…,,MSFT
social,kaggle_tweets,2018-08-04 18:13:00,RT @kyliemoy: My dad and I go to Walmart... 😂 https://t.co/y2YQQTexvw,,WMT
social,kaggle_tweets,2018-08-04 18:13:00,RT @kyliemoy: My dad and I go to Walmart... 😂 https://t.co/y2YQQTexvw,,WMT
social,kaggle_tweets,2018-08-04 18:23:00,RT @specthomular: BeIN Sports has been dropped by Comcast Xfinity &amp; Verizon Fios. BeIN says Comcast had program violations &amp; Verizon wanted…,,CMCSA
social,kaggle_tweets,2018-08-04 18:23:00,RT @spectatorindex: Apple has greater market value than the following companies combined: - Boeing - Toyota - McDonalds - Nike - Volkswage…,,AAPL
social,kaggle_tweets,2018-08-04 18:23:00,RT @spectatorindex: Apple has greater market value than the following companies combined: - Boeing - Toyota - McDonalds - Nike - Volkswage…,,AAPL
social,kaggle_tweets,2018-08-04 18:23:00,RT @spectatorindex: Apple has greater market value than the following companies combined: - Boeing - Toyota - McDonalds - Nike - Volkswage…,,AAPL
social,kaggle_tweets,2018-08-04 18:23:00,RT @spectatorindex: Apple has greater market value than the following companies combined: - Boeing - Toyota - McDonalds - Nike - Volkswage…,,AAPL
social,kaggle_tweets,2018-08-04 18:23:00,RT @spectatorindex: Apple has greater market value than the following companies combined: - Boeing - Toyota - McDonalds - Nike - Volkswage…,,AAPL
social,kaggle_tweets,2018-08-04 18:31:00,"RT @brkicks: The Nike Kyrie 4 “Cereal Pack” releases exclusively through House of Hoops mobile trucks at Rucker Park in Harlem, Drew League…",,NKE
social,kaggle_tweets,2018-08-04 18:39:00,"RT @darrenrovell: BREAKING: Jameis Winston’s Nike contract expires, Nike elects not to renew https://t.co/woz3As2Zx9",,NKE
social,kaggle_tweets,2018-08-04 18:59:00,RT @jhackyard: #SocialMediaSurvivalTips - Do not feed the trolls... way too often - Facebook is for family members. Don’t let them invade…,,FB
social,kaggle_tweets,2018-08-04 19:00:00,"RT @SenSanders: While Jeff Bezos spends $12 million renovating his 5th mansion, this Amazon employee is forced to live out of her car. http…",,AMZN
social,kaggle_tweets,2018-08-04 19:00:00,"RT @SenSanders: While Jeff Bezos spends $12 million renovating his 5th mansion, this Amazon employee is forced to live out of her car. http…",,AMZN
social,kaggle_tweets,2018-08-04 19:00:00,"RT @SenSanders: While Jeff Bezos spends $12 million renovating his 5th mansion, this Amazon employee is forced to live out of her car. http…",,AMZN
social,kaggle_tweets,2018-08-04 19:00:00,"RT @SenSanders: While Jeff Bezos spends $12 million renovating his 5th mansion, this Amazon employee is forced to live out of her car. http…",,AMZN
social,kaggle_tweets,2018-08-04 19:00:00,"RT @SenSanders: While Jeff Bezos spends $12 million renovating his 5th mansion, this Amazon employee is forced to live out of her car. http…",,AMZN
social,kaggle_tweets,2018-08-04 19:11:00,I've signed the petition for the government to make Amazon pay their fair share. Will you add your name? https://t.co/8GErPf3hAU,,AMZN
social,kaggle_tweets,2018-08-04 19:19:00,RT @BW: The no-brand startup taking on Amazon with SoftBank’s $240 million https://t.co/mrbZjlHtYn https://t.co/vOqmyvG5ak,,AMZN
social,kaggle_tweets,2018-08-04 19:22:00,Im Actually Going Apple Picking This Fall Because I Never Do 🙄,,AAPL
social,kaggle_tweets,2018-08-04 19:42:00,RT @spectatorindex: Apple has greater market value than following companies combined: - Boeing - Toyota - McDonalds - Nike - Volkswagen -…,,AAPL
social,kaggle_tweets,2018-08-04 19:55:00,Duke Realty $DRE Given New $33.00 Price Target at Citigroup https://t.co/1InGA1tyJE,,C
social,kaggle_tweets,2018-08-04 19:57:00,"With over 2 billion active users on a monthly basis, a billion of which are members of various groups, Facebook is… https://t.co/2jERaLT80D",,FB
social,kaggle_tweets,2018-08-04 19:57:00,RT @MemesCentraI: Netflix has no chill. https://t.co/kP28mATKMO,,NFLX
social,kaggle_tweets,2018-08-04 20:11:00,"RT @4TheTennis: Finally, the real reason Nike dropped Fed is revealed. Had to give that cash to Clemson 😼 #GoTigers https://t.co/ZzgM4fbB…",,NKE
social,kaggle_tweets,2018-08-04 20:11:00,"#tokenpay, @crypterium and others get rekt by Microsoft and ICE. 😱 $btc https://t.co/uknq6Wer6C",,MSFT
social,kaggle_tweets,2018-08-04 20:13:00,"Crypto Week In Review: NYSE and Starbucks Go Full Crypto, Market Highly Optimistic https://t.co/OICtoswMab",,SBUX
social,kaggle_tweets,2018-08-04 20:13:00,"RT @HaidiLun: Hey Apple, congrats on the big $1T! So the original trillion-dollar company was made in China - PetroChina's market cap hit $…",,AAPL
social,kaggle_tweets,2018-08-04 20:27:00,"Starbucks Moving Digital Bucks a’Very Big Deal’ for Crypto, States Tom Lee https://t.co/ykDMYaUKde #bitcoin #bitcoinnews #cryptonews",,SBUX
social,kaggle_tweets,2018-08-04 20:41:00,"Bitcoin Price Dips to $6,950 Despite Crypto Foray by NYSE and Starbucks, https://t.co/t29KFR3Mof https://t.co/GTxsxrNMqO",,SBUX
social,kaggle_tweets,2018-08-05 07:07:00,"RT @gabriel_zucman: In most discussions about why Apple is worth $1 trillion, there is something missing https://t.co/5D9gf32QrQ https://t…",,AAPL
social,kaggle_tweets,2018-08-05 07:09:00,RT @mikeslavinbooks: One Million in the Bank on Amazon https://t.co/QqVirxWppf Kill Crime about to go back out to agents. Kill Crime II al…,,AMZN
social,kaggle_tweets,2018-08-05 07:14:00,"ECOC Exhibition sells out as Market Focus attracts speakers from global tech giants IBM, BT and Microsoft https://t.co/YR8g0EEBgC",,MSFT
social,kaggle_tweets,2018-08-05 07:17:00,"""Some analysts have drawn comparisons between the censorship project and Project Maven, a Google initiative to dev… https://t.co/mOyTpARdLo",,GOOGL
social,kaggle_tweets,2018-08-05 07:17:00,I posted a new video to Facebook https://t.co/veXNU7WoAM,,FB
social,kaggle_tweets,2018-08-05 07:23:00,RT @vonekels: How I feel when google helps me kill bugs. Who needs Doom when you’ve got Google. #GirlCodeHack #girlcodehack #CPT https://t.…,,GOOGL
social,kaggle_tweets,2018-08-05 07:32:00,RT @billionaire_key: It’s never too late. Sam Walton started Walmart when he was 44. Harland Sanders started Kentucky Fried Chicken when he…,,WMT
social,kaggle_tweets,2018-08-05 07:43:00,@Chriss15_ What does it mean when you share a pregame Pepsi with me,,PEP
social,kaggle_tweets,2018-08-05 07:51:00,Deal on Canon Eos 5D Mark IV 30.4 MP Digital SLR Camera (Black) + EF 24-105mm is II USM Lens Kit at Amazon #Canon… https://t.co/cdeB875Mm0,,AMZN
social,kaggle_tweets,2018-08-05 07:54:00,"RT @lovetogive2: ""Did Putin help elect Trump to restore $500 billion Exxon oil deal killed by sanctions"" #TrumpRussia #BigOil #Resist https…",,XOM
social,kaggle_tweets,2018-08-05 07:55:00,You finished the Netflix series without me,,NFLX
social,kaggle_tweets,2018-08-05 08:09:00,RT @cpd_active: To celebrate our launch on 01.09.2018 we’re giving away a £50 Amazon voucher. Follow us and like this post to enter! #insta…,,AMZN
social,kaggle_tweets,2018-08-05 08:20:00,"RT @TabathaSouthey: Doug Ford cancelled the $100M school repair fund but he’s buying you a beer, folks. Sure terrible lighting, drafty win…",,F
social,kaggle_tweets,2018-08-05 08:23:00,Apple breaches $1 trillion stock market valuation https://t.co/G7nkWRLqOQ,,AAPL
social,kaggle_tweets,2018-08-05 08:31:00,RT @clowndoctoruk: I've signed the petition for the government to make Amazon pay their fair share. Will you add your name? https://t.co/MB…,,AMZN
social,kaggle_tweets,2018-08-05 08:36:00,RT @RyanAFournier: Facebook bans and suspends Conservative pro-Trump pages all of the time. They literally silence views that they do not…,,FB
social,kaggle_tweets,2018-08-05 08:39:00,RT @Pearl_Pay: #CryptoNEWS: Facebook CEO Mark Zuckerberg that he has started exploring the possible uses of cryptocurrencies for Facebook.…,,FB
social,kaggle_tweets,2018-08-05 08:40:00,Apple $1 Trillion Valuation: What Does it Mean? https://t.co/gGjqOfHIBL #EEE,,AAPL
social,kaggle_tweets,2018-08-05 08:49:00,Visit TellMama on Facebook - https://t.co/JjSHM6gQrU Violence breaks out at far-right 'Patriot Prayer' rally in Ame… https://t.co/7uvEtfAc9u,,FB
social,kaggle_tweets,2018-08-05 08:57:00,"""These people would suck a quarter pounder right outta Ronald McDonald's ass."" -Fredrick Tyler Bryant",,MCD
social,kaggle_tweets,2018-08-05 10:33:00,I posted a new video to Facebook https://t.co/vz3SNZwxNy,,FB
social,kaggle_tweets,2018-08-05 10:55:00,RT @JanzforCongress: Facebook is trying to buy Devin Nunes’ vote on regulating @Facebook and other social media platforms. Thousands of dol…,,FB
social,kaggle_tweets,2018-08-05 10:55:00,RT @IZTXIV: Please share this on Facebook with all of their fucken names. I’m sick and tired of people playing dirty when it comes to polit…,,FB
social,kaggle_tweets,2018-08-05 10:55:00,RT @JanzforCongress: Facebook is trying to buy Devin Nunes’ vote on regulating @Facebook and other social media platforms. Thousands of dol…,,FB
social,kaggle_tweets,2018-08-05 10:55:00,RT @JanzforCongress: Facebook is trying to buy Devin Nunes’ vote on regulating @Facebook and other social media platforms. Thousands of dol…,,FB
social,kaggle_tweets,2018-08-05 10:55:00,RT @JanzforCongress: Facebook is trying to buy Devin Nunes’ vote on regulating @Facebook and other social media platforms. Thousands of dol…,,FB
social,kaggle_tweets,2018-08-05 11:18:00,"RT @gatewaypundit: BOOM! Rep. Darrell Issa: If Twitter, Facebook Are Going to Politic Through Algorithm - They May Start Getting Regulated…",,FB
social,kaggle_tweets,2018-08-05 11:18:00,"RT @gatewaypundit: BOOM! Rep. Darrell Issa: If Twitter, Facebook Are Going to Politic Through Algorithm - They May Start Getting Regulated…",,FB
social,kaggle_tweets,2018-08-05 11:18:00,"RT @gatewaypundit: BOOM! Rep. Darrell Issa: If Twitter, Facebook Are Going to Politic Through Algorithm - They May Start Getting Regulated…",,FB
social,kaggle_tweets,2018-08-05 11:19:00,@MistralKDawn @SusanneLeist Save Big on over 200 Million Items with The World's #1 Online Retailer. Shop Amazon US… https://t.co/OrWIu1ZOYp,,AMZN
social,kaggle_tweets,2018-08-05 11:33:00,"RT @Marvel_FFightUS: Calling all #MARVELFutureFight fans, heroes, and true believers! Join us on our Facebook page for our livestream on Au…",,FB
social,kaggle_tweets,2018-08-05 11:58:00,RT @iamjosephyoung: So today (24 hours) 1. Starbucks wants to integrate crypto 2. NYSE is going crypto 3. NYSE beats NASDAQ to creating a…,,SBUX
social,kaggle_tweets,2018-08-05 11:58:00,RT @RyanBurnsMN: Photos from yesterday's #Gopher pracitce are now live on the @Minnesota247 Facebook page. Check em out! https://t.co/Yl…,,FB
social,kaggle_tweets,2018-08-05 12:06:00,RT @JustinMcElroy: #SomebodyFeedPhil is a food-centric travel show on Netflix that makes me and Syd incredibly happy. I want @PhilRosenthal…,,NFLX
social,kaggle_tweets,2018-08-05 12:10:00,"SIGN DESIGN MAN for all your PROMOTIONAL ADVERTISING NEEDS 803.979.4899 Find him at the Queen Bee Market 10801 Nations Ford Rd Charlotte, NC",,F
social,kaggle_tweets,2018-08-05 12:12:00,"@vampire_skwid Thank you. Middle of the night Walmart run. 😳 cough drop lolly pops and children’s Advil, and he’s w… https://t.co/umVKkXavXx",,WMT
social,kaggle_tweets,2018-08-05 12:38:00,"RT @Sonikku_a2: @bijak_politik @kamaroyl @Paul_Franz @BigZaphod Well they have about $245 billion in cash, so if Apple decided to stop all…",,AAPL
social,kaggle_tweets,2018-08-05 12:48:00,My Apple Watch taking 5 hours to update smh,,AAPL
social,kaggle_tweets,2018-08-05 12:51:00,RT @Remi_Vladuceanu: Top Crypto Exchanges Still Using Authenticator 2FA Despite Google Dropping Support ➡️https://t.co/Oho066DrRW #newsof…,,GOOGL
social,kaggle_tweets,2018-08-05 12:52:00,"Game over for Google: Fortnite snubs Play Store, keeps its 30%, sparks security fears • The Register https://t.co/QOYs2YQogT",,GOOGL
social,kaggle_tweets,2018-08-05 12:57:00,"RT @BAMAPERRY: BOOM! Rep. Darrell Issa: If Twitter, Facebook Are Going to Politic Through Algorithm - They May Start Getting Regulated by F…",,FB
social,kaggle_tweets,2018-08-05 12:57:00,RT @AllRebelHeart: He was the Disney Encyclopedia for @GoblinOfBoston now.,,DIS
social,kaggle_tweets,2018-08-05 12:59:00,"RT @herbivore_club: Please sign and share (Twitter, Facebook, Instagram, groups etc) this petition to ban farrowing crates for pigs in the…",,FB
social,kaggle_tweets,2018-08-05 13:24:00,MacBook Users - do you use Microsoft Word for Mac or stick with Pages? Someone told me Word can slow the laptop dow… https://t.co/pDFyqw0dtl,,MSFT
social,kaggle_tweets,2018-08-05 13:46:00,"With Over 2 billion active users on Facebook, you can target almost everyone. There are many core targeting options… https://t.co/pwKsnfynC8",,FB
social,kaggle_tweets,2018-08-05 13:50:00,AIRY3D raises US$10 million Series A funding led by Intel Capital https://t.co/sNc5JHcxBp,,INTC
social,kaggle_tweets,2018-08-05 14:09:00,RT @UR_Ninja: New to UR? You can get email alerts for Unicorn Riot coverage by following here: https://t.co/cgwPvs6m9o Facebook page gets v…,,FB
social,kaggle_tweets,2018-08-05 14:10:00,"RT @deplorablem1ke: BOOM! Rep. Darrell Issa: If Twitter, Facebook Are Going to Politic Through Algorithm - They May Start Getting Regulated…",,FB
social,kaggle_tweets,2018-08-05 14:31:00,Financially Speaking: The August Place Not To Be; The Internet Of Things; Apple Reaches $1 Trillion In Market Cap -… https://t.co/3SDhu55G4v,,AAPL
social,kaggle_tweets,2018-08-05 14:37:00,"Marketing Day: Twitter loses tweets, Apple HomePod gains ground, Gartners MQ report &amp; more https://t.co/PATDRQC98I https://t.co/PATDRQC98I",,AAPL
social,kaggle_tweets,2018-08-05 14:46:00,RT @iGodmanHustler: Huawei na Samsung wako busy kuongeza sales zao Apple wanaongeza Share holders wealth. Note:The core objective of any…,,AAPL
social,kaggle_tweets,2018-08-05 14:52:00,RT @profgalloway: To sum up: 1) Facebook broke the law. 2) Cambridge Analytica broke the law. 3) Vote Leave broke the law. 4) LeaveEU broke…,,FB
social,kaggle_tweets,2018-08-05 14:54:00,"As Facebook user and revenue growth slows in Q2, advertisers still on board - MarTech Today https://t.co/Dr4NqD8vRf",,FB
social,kaggle_tweets,2018-08-05 15:07:00,Apple Inc. $AAPL Declares $0.73 Quarterly Dividend https://t.co/TlnVq7uABR,,AAPL
social,kaggle_tweets,2018-08-05 15:09:00,Get it free: Exclusive Gamefly + Amazon Gift Card Deal https://t.co/XcA5z5hiF6 via @StackSocial,,AMZN
social,kaggle_tweets,2018-08-05 15:09:00,"My life feels like it’s falling apart. Cut to Jill calling to tell me to look at Facebook. Y’all, now I’m blubberi… https://t.co/v3T7qem1hp",,FB
social,kaggle_tweets,2018-08-05 15:30:00,"RT @JackWDart: I ran some very big polls on Facebook a little while back and the result went the way of leave. However, I’ve been asked to…",,FB
social,kaggle_tweets,2018-08-05 16:10:00,Box Office: 'Black Panther' To Top $700 Million Today https://t.co/V3cxXQsvQz Shared from my Google feed,,GOOGL
social,kaggle_tweets,2018-08-05 16:16:00,RT @9to5Google: Google Pixel 3 launch may take place on October 4th for the third year in a row https://t.co/0dqv52rCCY by @NexusBen https:…,,GOOGL
social,kaggle_tweets,2018-08-05 16:29:00,Topiary cats 'seen by millions' on Facebook =&gt; https://t.co/0NdrHRvEsB | via BBC News #catlove https://t.co/iAObQPYxOp,,FB
social,kaggle_tweets,2018-08-05 16:39:00,I've signed the petition for the government to make Amazon pay their fair share. Will you add your name? https://t.co/DEHS7MjOWq,,AMZN
social,kaggle_tweets,2018-08-05 16:42:00,RT @BeforeFamePics: Randy Moss x Jason Williams Nike Commercial https://t.co/nxYkhuKTjg,,NKE
social,kaggle_tweets,2018-08-05 16:59:00,RT @DigitalLiberty: Frank Yiannas of Walmart says he can access information from farm to market utilizing #blockchain. In 2.2 seconds all o…,,WMT
social,kaggle_tweets,2018-08-05 17:13:00,RT @Tiff_FitzHenry: Opportunities are EVERYWHERE!!! Hollywood will fall Amazon will fall The monetary system will fall Big tech will fall…,,AMZN
social,kaggle_tweets,2018-08-05 17:41:00,I posted a new video to Facebook https://t.co/RdctgKbJqn,,FB
social,kaggle_tweets,2018-08-05 18:10:00,RT @HokupaaM: Fun things to do in HI -vape at sandys -buy a tacoma -get stuck in traffic -take 4 hours at Costco cause ur mom keeps seei…,,COST
social,kaggle_tweets,2018-08-05 18:13:00,RT @thedicksalesman: Facebook been funny this whole year 😭😭 https://t.co/BRJ4iJl1BG,,FB
social,kaggle_tweets,2018-08-05 18:37:00,"RT @BestStephen: Ontario is literally burning, exacerbated by climate change. And, what do the Ford Conservatives do? They scrap every Onta…",,F
social,kaggle_tweets,2018-08-05 18:40:00,"RT @eaglesdiehard: Facebook donated to one of the biggest traitors in our country, Devin Nunes. He's against the Russian investigation. You…",,FB
social,kaggle_tweets,2018-08-05 18:43:00,Unsure how to utilise in-market audiences for search? The updated audience insights tool in the new Google Ads inte… https://t.co/A6nn2SCjSE,,GOOGL
social,kaggle_tweets,2018-08-05 18:46:00,I thought we were passed the age of not being able to record and play music at the same time but i guess fucking not huh Apple,,AAPL
social,kaggle_tweets,2018-08-05 19:00:00,"RT @SenSanders: While Jeff Bezos spends $12 million renovating his 5th mansion, this Amazon employee is forced to live out of her car. http…",,AMZN
social,kaggle_tweets,2018-08-05 19:12:00,RT @Cointelegraph: JPMorgan CEO Jamie Dimon tells Harvard Business Review that he “probably shouldn’t say any more about cryptocurrency” ht…,,JPM
social,kaggle_tweets,2018-08-05 19:14:00,"@KAGO12 @business @bopinion The market may be a slight bubble territory, but Apple is actually way under-priced, co… https://t.co/oxiJUeH0p5",,AAPL
social,kaggle_tweets,2018-08-05 19:19:00,RT @_ROB_29: FBI: Sen. Feinstein Allowed Chinese Spy Access To Top Secret Intel. Now the question is WHEN will a large scale investigation…,,INTC
social,kaggle_tweets,2018-08-05 19:24:00,@rogerkver PayPal banned me for no reason and is holding my funds for 180 days. There goes my $20k monthly revenue… https://t.co/dM8J6DpwC0,,PYPL
social,kaggle_tweets,2018-08-05 19:42:00,RT @spectatorindex: Apple has greater market value than following companies combined: - Boeing - Toyota - McDonalds - Nike - Volkswagen -…,,AAPL
social,kaggle_tweets,2018-08-05 19:42:00,RT @spectatorindex: Apple has greater market value than following companies combined: - Boeing - Toyota - McDonalds - Nike - Volkswagen -…,,AAPL
social,kaggle_tweets,2018-08-05 19:43:00,RT @marysonmor: Saw this on Facebook and had to share. https://t.co/vP9wXkiwlF,,FB
social,kaggle_tweets,2018-08-05 19:58:00,".Dick Elam says, if you missed Galveston Island Book Festival, check us out on Facebook at: https://t.co/97CTQmriTq… https://t.co/06IurEHj1z",,FB
social,kaggle_tweets,2018-08-05 20:29:00,RT @bdbatten: Everyone remember when McDonald's was sued by a lady that burned her self on the coffee because it was hot? Now there are sig…,,MCD
social,kaggle_tweets,2018-08-06 07:01:00,"RT @ringer: Netflix will be spending an estimated $18 billion on content this year, and the subscription cost to customers still remains ch…",,NFLX
social,kaggle_tweets,2018-08-06 07:12:00,RT @KierViOfficial: LIKE SHARE AND COMMENT KIERVI videos and Facebook links; KV Youtube Playlist - https://t.co/p9mOoS5VGg Kapamilya con…,,FB
social,kaggle_tweets,2018-08-06 07:14:00,"RT @BettyBowers: Alex Jones released a lying, theatrical rant about Apple, Facebook, YouTube, Spotify, etc. removing his content, but there…",,AAPL
social,kaggle_tweets,2018-08-06 07:14:00,"RT @BettyBowers: Alex Jones released a lying, theatrical rant about Apple, Facebook, YouTube, Spotify, etc. removing his content, but there…",,AAPL
social,kaggle_tweets,2018-08-06 07:29:00,"RT @PoliticalShort: Facebook has asked large U.S. banks to share detailed financial information about their customers, including card trans…",,FB
social,kaggle_tweets,2018-08-06 07:31:00,"Facebook Launches Fizz Library for Dev Speed, Security | https://t.co/2ab597nSa4",,FB
social,kaggle_tweets,2018-08-06 07:32:00,RT @billionaire_key: It’s never too late. Sam Walton started Walmart when he was 44. Harland Sanders started Kentucky Fried Chicken when he…,,WMT
social,kaggle_tweets,2018-08-06 07:45:00,RT @claireatki: Pepsi CEO Indra Nooyi steps down after 24 years at the company https://t.co/SSfl1ULsSP via @nbcnews,,PEP
social,kaggle_tweets,2018-08-06 07:48:00,RT @KSiteTV: There is a ratings effect coming back into the Fall after people watch the CW shows on Netflix. #Riverdale saw a 147% gain pre…,,NFLX
social,kaggle_tweets,2018-08-06 07:50:00,"Top VC Deals: Cisco buys Duo Security, Peloton valuation soars and Sonos goes public (CNBC) #NewsPicks https://t.co/SVd6XQblq0",,CSCO
social,kaggle_tweets,2018-08-06 07:52:00,The Freaky Friday remake on Disney Channel is a MUSICAL so obviously I’m going to watch it,,DIS
social,kaggle_tweets,2018-08-06 08:03:00,"Need a new cylinder head? We have over 700 Brodix Heads in stock for SBC, BBC and Ford SB. All have blems that need… https://t.co/EyN6hguUrk",,F
social,kaggle_tweets,2018-08-06 08:06:00,@BrianKempGA the rotten Apple doesn't fall far from the rotten tree. Brian it doesn't surprise me that this is one… https://t.co/OfPg7yHzTC,,AAPL
social,kaggle_tweets,2018-08-06 08:11:00,"Tech stocks make up too much of the S&amp;P 500, so the index has big move planned for Google, Facebook https://t.co/x1Gw9vdGer",,GOOGL
social,kaggle_tweets,2018-08-06 08:13:00,"RT @PrisonPlanet: Now that Facebook has banned Infowars, it will be very interesting to see which conservative news outlets and commentator…",,FB
social,kaggle_tweets,2018-08-06 08:20:00,Verizon Wireless USA Prepaid $5 #Refill. Applied directly to cell phone https://t.co/a810mr5qWl #digital #market… https://t.co/wDLQDa09ia,,VZ
social,kaggle_tweets,2018-08-06 08:20:00,"RT @TabathaSouthey: Doug Ford cancelled the $100M school repair fund but he’s buying you a beer, folks. Sure terrible lighting, drafty win…",,F
social,kaggle_tweets,2018-08-06 08:26:00,"RT @mtracey: Alex Jones has been doing the same thing every day for well over a decade, but Facebook, YouTube, and Apple all decide within…",,AAPL
social,kaggle_tweets,2018-08-06 08:30:00,"RT @oppomobileindia: Show your love for #OPPOF9Pro Gradient Design by using the Facebook Custom Profile Badge on your profile photo, share…",,FB
social,kaggle_tweets,2018-08-06 08:31:00,"RT @THEHermanCain: Oh, nothing to sere here folks! Just Facebook trying to cut a deal to access all your card transactions and bank accoun…",,FB
social,kaggle_tweets,2018-08-06 08:31:00,"RT @THEHermanCain: Oh, nothing to sere here folks! Just Facebook trying to cut a deal to access all your card transactions and bank accoun…",,FB
social,kaggle_tweets,2018-08-06 08:36:00,RT @RyanAFournier: Facebook bans and suspends Conservative pro-Trump pages all of the time. They literally silence views that they do not…,,FB
social,kaggle_tweets,2018-08-06 08:36:00,RT @RyanAFournier: Facebook bans and suspends Conservative pro-Trump pages all of the time. They literally silence views that they do not…,,FB
social,kaggle_tweets,2018-08-06 08:41:00,"RT @NPDMattPowell: Top selling US sport shoes in $$ rank order (Q2, April-June 2018) Nike TANJUN, Nike AIR MAX 270, JORDAN XI LOW, Convers…",,NKE
social,kaggle_tweets,2018-08-06 08:45:00,Just saw this on Amazon: FIRM ABS Women's Perfomance Running Yoga Gym Wor... by FIRM ABS https://t.co/XOmhoMocR1 via @amazon,,AMZN
social,kaggle_tweets,2018-08-06 08:56:00,RT @sogorgeousbb: Be careful what you wish for sweetie this isn’t Facebook https://t.co/6gNNnq7Tqw,,FB
social,kaggle_tweets,2018-08-06 08:56:00,RT @sogorgeousbb: Be careful what you wish for sweetie this isn’t Facebook https://t.co/6gNNnq7Tqw,,FB
social,kaggle_tweets,2018-08-06 09:12:00,RT @Kwepong: I literally only use Facebook to log into other apps,,FB
social,kaggle_tweets,2018-08-06 09:14:00,RT @BuzzFeedNews: NEW: Apple is removing Alex Jones and Infowars' podcasts from iTunes. The move is one of the largest enforcement action…,,AAPL
social,kaggle_tweets,2018-08-06 09:22:00,"RT @Styx666Official: To all the ""muh private market"" socialist shitters: If Microsoft decided based on audio recordings from your laptop m…",,MSFT
social,kaggle_tweets,2018-08-06 09:27:00,"I'm at Starbucks in Bothell, WA https://t.co/wZgZOORPeZ",,SBUX
social,kaggle_tweets,2018-08-06 09:27:00,Guest Post: How Should Facebook and Other Companies Protect Privacy While Letting People Share Their Information Be… https://t.co/4G2q0YPrpp,,FB
social,kaggle_tweets,2018-08-06 09:29:00,RT @TheFortniteAccs: Have a few accounts left in stock let me know! Selling fast &amp; throwing deals! DM! ‼️ - Retweet for $10.00 PayPal. 1 wi…,,PYPL
social,kaggle_tweets,2018-08-06 09:30:00,"RT @BTS_Billboard: [Comeback Preparation] ARMY who do not have iTunes, Amazon, Tidal and/or Google Play accounts please create them before…",,GOOGL
social,kaggle_tweets,2018-08-06 09:41:00,"RT @tonyposnanski: I’m glad Alex Jones is banned from Facebook, YouTube, Apple, and Spotify... But I’ll be real happy when the Sandy Hook…",,AAPL
social,kaggle_tweets,2018-08-06 09:41:00,"RT @tonyposnanski: I’m glad Alex Jones is banned from Facebook, YouTube, Apple, and Spotify... But I’ll be real happy when the Sandy Hook…",,AAPL
social,kaggle_tweets,2018-08-06 09:49:00,Finally much aWaited #HonorPlay launched by @HiHonorIndia. Excited and thrilled to order one from Amazon at https://t.co/b3kSgASZlt.,,AMZN
social,kaggle_tweets,2018-08-06 09:56:00,Check out these tips for Moms Panel Monday: Back to School Shopping the Disney Way! I even share my favorite store… https://t.co/jTr0ZpWZNn,,DIS
social,kaggle_tweets,2018-08-06 10:03:00,Netflix until i fall asleep,,NFLX
social,kaggle_tweets,2018-08-06 10:08:00,@TrappyJenkins @KamalaHarris Let's do real math not that common core garbage. Walmart CEO makes 35 million and emp… https://t.co/PY0WOe1eby,,WMT
social,kaggle_tweets,2018-08-06 10:10:00,itel P32 and $500 Amazon gift card international giveaway @androidauth #giveaway https://t.co/l0h9DQnJvw,,AMZN
social,kaggle_tweets,2018-08-06 10:14:00,"@Lady_tsitsi Check Facebook live video, during trust launch he said a lot about Kgathi. He has ended his political career",,FB
social,kaggle_tweets,2018-08-06 10:25:00,"RT @normsworld: Now that I consider it, I will join this boycott. Any brewery that drops their beer to a buck is tacitly endorsing Ford. #o…",,F
social,kaggle_tweets,2018-08-06 10:31:00,@UIDAI why can't you sue @Google for its mistake? Sue it and set an example. BTW Google is not so accurate as it was before.,,GOOGL
social,kaggle_tweets,2018-08-06 10:42:00,@VuyoTheGreat But it seems like Nike isn't happy with the reseller market so they're gonna re release a lot of snea… https://t.co/pC9hHS4HzR,,NKE
social,kaggle_tweets,2018-08-06 10:43:00,"RT @NicolaScottArt: Umm, so I’m giving a key-note at the Adobe MAX Creative Conference, a big deal for me, and I just went on to the websit…",,ADBE
social,kaggle_tweets,2018-08-06 10:43:00,"RT @gilbertjasono: Ugh, Facebook and Twitter banning Infowars means the only place I can read insane right-wing conspiracy theories is in o…",,FB
social,kaggle_tweets,2018-08-06 10:44:00,"""Arista Will Pay Cisco $400 Million to Settle Litigation"" https://t.co/9rtXVPrscU",,CSCO
social,kaggle_tweets,2018-08-06 10:46:00,"RT @AniCapital: Back in 2016, Apple invested $1B in Didi ⠀⠀⠀⠀⠀⠀⠀⠀⠀ @anicapital 📸 ⠀⠀⠀⠀⠀⠀⠀⠀⠀ #entrepreneur #business #grind #hustle #mindset…",,AAPL
social,kaggle_tweets,2018-08-06 10:47:00,"Verizon: “Most Breaches Trace to Phishing, Social Engineering https://t.co/2pBrxfB64Q",,VZ
social,kaggle_tweets,2018-08-06 10:55:00,RT @JanzforCongress: Facebook is trying to buy Devin Nunes’ vote on regulating @Facebook and other social media platforms. Thousands of dol…,,FB
social,kaggle_tweets,2018-08-06 10:55:00,RT @JanzforCongress: Facebook is trying to buy Devin Nunes’ vote on regulating @Facebook and other social media platforms. Thousands of dol…,,FB
social,kaggle_tweets,2018-08-06 11:03:00,"S&amp;P gains on strong earnings, Facebook lifts Nasdaq https://t.co/qg6vpOAN2v",,FB
social,kaggle_tweets,2018-08-06 11:10:00,Let’s play a game.. send money to my PayPal link in my bio and dm me saying ‘done’ and you’ll get a Dropbox link of… https://t.co/GrdNXD8Xko,,PYPL
social,kaggle_tweets,2018-08-06 11:16:00,"RT @thepileus: Petition demanding Amazon pay their fair share of tax already has over 50,000 signatures. You can sign it here. Lets get it…",,AMZN
social,kaggle_tweets,2018-08-06 11:45:00,RT @Cernovich: Today's action by Facebook absolutely opens it up to a major lawsuit for sex trafficking. They no longer can claim they are…,,FB
social,kaggle_tweets,2018-08-06 11:45:00,RT @Cernovich: Today's action by Facebook absolutely opens it up to a major lawsuit for sex trafficking. They no longer can claim they are…,,FB
social,kaggle_tweets,2018-08-06 11:47:00,@realDonaldTrump @foxandfriends How many Depends are you crapping through daily? Bring your Grocery ID Card to Costco and stock up.,,COST
social,kaggle_tweets,2018-08-06 11:50:00,itel P32 and $500 Amazon gift card international giveaway @androidauth #giveaway https://t.co/7otabLV1hv,,AMZN
social,kaggle_tweets,2018-08-06 11:50:00,"RT @SmartChainMedia: Starbucks along with Intercontinental Exchange, Microsoft and BCG, are working to launch a new company called Bakkt th…",,MSFT
social,kaggle_tweets,2018-08-06 11:56:00,@TheHeteroGamer Google runs YouTube at a huge loss. They don't care how much it costs which is why they'll probably… https://t.co/6ohIsTHJif,,GOOGL
social,kaggle_tweets,2018-08-06 11:58:00,RT @ChiBuildings: This vacant building in Edgewater is going to become a Starbucks. It was most recently used as Amber Arneson Christmas Tr…,,SBUX
social,kaggle_tweets,2018-08-06 12:06:00,"RT @tristan4prez_: somebody needs to make these into a Netflix series, 😭😭😭 these stories had me so messed up when I was a kid https://t.co/…",,NFLX
social,kaggle_tweets,2018-08-06 12:16:00,RT @OlafStorbeck: Wow. WSJ reports that Facebook has asked large U.S. banks to share detailed financial information about customers. Hopefu…,,FB
social,kaggle_tweets,2018-08-06 12:22:00,"RT @PrisonPlanet: Spotify has now completely banned Infowars too. Apple, Facebook, Spotify all within 12 hours of each other. This isn't…",,AAPL
social,kaggle_tweets,2018-08-06 12:22:00,"""Apple drops Alex Jones podcasts from iTunes, Apple Podcasts"": https://t.co/Nf3gjyl4YC https://t.co/aD9ksy7jE4",,AAPL
social,kaggle_tweets,2018-08-06 12:22:00,"RT @PrisonPlanet: Spotify has now completely banned Infowars too. Apple, Facebook, Spotify all within 12 hours of each other. This isn't…",,AAPL
social,kaggle_tweets,2018-08-06 12:24:00,"RT @Amphigong: I like my mocha from Starbucks, not from our government",,SBUX
social,kaggle_tweets,2018-08-06 12:25:00,RT @Gabriela_Syren: Send me 100$€ today Amazon or Circlepay! U can't send 100? Then pay what u fucking can! Gabrielasyren@gmail.com #fi…,,AMZN
social,kaggle_tweets,2018-08-06 12:31:00,"Apple drops Alex Jones podcasts from iTunes, Apple Podcasts https://t.co/PNbgkBOfNs https://t.co/UrTk8iQSsJ",,AAPL
social,kaggle_tweets,2018-08-06 12:36:00,RT @dfreedavinci: Just dropped some new music 🆓🎨 “Online” - Dfree Da Vinci OUT EVERYWHERE ‼️‼️ Apple Music link below https://t.co/DyhbPu…,,AAPL
social,kaggle_tweets,2018-08-06 12:40:00,RT @goal: Arturo Vidal is currently being unveiled as a Barcelona player! 🔴🔵 Watch him on the Camp Nou pitch over on our Facebook: https:/…,,FB
social,kaggle_tweets,2018-08-06 12:44:00,"#DeleteFacebook ~JB ""Facebook has asked several large US banks to share detailed financial information about the… https://t.co/Ww1vTmtuJl",,FB
social,kaggle_tweets,2018-08-06 12:44:00,"Pepsi CEO, Indra Nooyi, steps down after 12 years https://t.co/f3jMW9MvsT",,PEP
social,kaggle_tweets,2018-08-06 12:58:00,"RT @fxmacro: JPMorgan Chase &amp; Co. Chief Executive Officer Jamie Dimon says the U.S. should be prepared to deal with higher interest rates,…",,JPM
social,kaggle_tweets,2018-08-06 13:09:00,The latest Apple Watch Daily News! https://t.co/XI8ofVsjuS Thanks to @ApplWatchNews #applewatch #apple,,AAPL
social,kaggle_tweets,2018-08-06 13:16:00,"RT @aencoin: Aenco Co-founder @DarrenLui1 was live-stream interviewed on Facebook by Joe Blackburn, the founder and CEO of @CryptoCoinTrdr…",,FB
social,kaggle_tweets,2018-08-06 13:16:00,"RT @realTamTamara: Voice of Europe will share Infowars news on their 300,000 following Facebook page to defend freedom of speech https://t.…",,FB
social,kaggle_tweets,2018-08-06 13:16:00,"RT @aencoin: Aenco Co-founder @DarrenLui1 was live-stream interviewed on Facebook by Joe Blackburn, the founder and CEO of @CryptoCoinTrdr…",,FB
social,kaggle_tweets,2018-08-06 13:17:00,"Facebook to banks: Give us your data, we’ll give you our users. #privacy #JPMorgan https://t.co/nVRqF6iT1Y",,FB
social,kaggle_tweets,2018-08-06 13:21:00,"Readers are asked to retweet, like and share it and like and comment on the Facebook site Maggie's Oldham under Fr… https://t.co/qTMTcyvyE1",,FB
social,kaggle_tweets,2018-08-06 13:35:00,RT @andreoshea_: Nike is really on some next shit https://t.co/k703GrEWTZ,,NKE
social,kaggle_tweets,2018-08-06 13:39:00,"After Apple became the first American company to hit $1 trillion in market value, CEO Tim Cook told employees to ke… https://t.co/8Fd95gWaMg",,AAPL
social,kaggle_tweets,2018-08-06 13:46:00,"""Apple drops Alex Jones podcasts from iTunes, Apple Podcasts"" https://t.co/6BZSbdIMy4 #TLS #News",,AAPL
social,kaggle_tweets,2018-08-06 13:57:00,RT @FortuneMagazine: Facebook is spending an extra $10 million a year to keep Mark Zuckerberg safe https://t.co/6GcbSZmeNb,,FB
social,kaggle_tweets,2018-08-06 13:58:00,Over on our Facebook page we spoke to former Digital Sales &amp; Marketing traineeship learner Siobhan Dempsey; she had… https://t.co/bUTTFZA58T,,FB
social,kaggle_tweets,2018-08-06 13:58:00,Amazon Wordpress Plugin Wp Bounce - Exit Pop Plugin https://t.co/kRAmOc5iWg,,AMZN
social,kaggle_tweets,2018-08-06 14:03:00,@Dave_Rayy @SopraSteria_uk We got one month to turn Netflix next SF blockbuster into reality https://t.co/IH91T1R2ns,,NFLX
social,kaggle_tweets,2018-08-06 14:21:00,"'It's Hard For The Stock To Work,' Barclays Says Of Intel In Downgrade https://t.co/fYpUQfjoqB https://t.co/Upua7gdvwv",,INTC
social,kaggle_tweets,2018-08-06 14:23:00,RT @Ocasio2018: Republicans are so scared of me that they’re faking videos and presenting them as real on Facebook because they can’t deal…,,FB
social,kaggle_tweets,2018-08-06 14:27:00,Facebook Asking Major US Banks To Share User Data https://t.co/EPGeKFzJng,,FB
social,kaggle_tweets,2018-08-06 14:32:00,"Via @Reuters: S&amp;P gains on strong earnings, Facebook lifts Nasdaq https://t.co/TMJbxPjHHE https://t.co/1wrbS9GlK2",,FB
social,kaggle_tweets,2018-08-06 14:36:00,"RT @WSJ: Facebook has asked banks to share financial information about customers, including account balances, as it seeks to boost user eng…",,FB
social,kaggle_tweets,2018-08-06 14:36:00,"RT @WSJ: Facebook has asked banks to share financial information about customers, including account balances, as it seeks to boost user eng…",,FB
social,kaggle_tweets,2018-08-06 14:36:00,"RT @WSJ: Facebook has asked banks to share financial information about customers, including account balances, as it seeks to boost user eng…",,FB
social,kaggle_tweets,2018-08-06 14:36:00,"RT @WSJ: Facebook has asked banks to share financial information about customers, including account balances, as it seeks to boost user eng…",,FB
social,kaggle_tweets,2018-08-06 14:36:00,"RT @WSJ: Facebook has asked banks to share financial information about customers, including account balances, as it seeks to boost user eng…",,FB
social,kaggle_tweets,2018-08-06 14:36:00,"RT @WSJ: Facebook has asked banks to share financial information about customers, including account balances, as it seeks to boost user eng…",,FB
social,kaggle_tweets,2018-08-06 14:36:00,"RT @WSJ: Facebook has asked banks to share financial information about customers, including account balances, as it seeks to boost user eng…",,FB
social,kaggle_tweets,2018-08-06 14:44:00,"As 20 cities pitch multi-billion incentive packages for Amazon HQ2, secrecy shrouds the suggested terms often made… https://t.co/4B5pmUjEMt",,AMZN
social,kaggle_tweets,2018-08-06 14:48:00,"Google acquires GraphicsFuzz, a service that tests Android graphics drivers https://t.co/C3VYreJZEk",,GOOGL
social,kaggle_tweets,2018-08-06 14:49:00,Just wtf was Google trying to improve for having us to download Chrome update this huge. It's 119 MB wtf https://t.co/ArhT7LpgJW,,GOOGL
social,kaggle_tweets,2018-08-06 14:59:00,"Hiring presales support perm Chicago loop $55k+. Migrating MF to Linux/Cloud. 1 year exp., knowledge of Oracle. J… https://t.co/KlmBreqK5s",,ORCL
social,kaggle_tweets,2018-08-06 15:13:00,"RT @ZeusZissou: Facebook has done to privacy what McDonald’s did to nutrition. Thank you, America.",,FB
social,kaggle_tweets,2018-08-06 15:16:00,"RT @RealAlexJones: The Real Reason Apple, Facebook, Spotify, And YouTube Banned Infowars https://t.co/8d1Kag6Qay",,AAPL
social,kaggle_tweets,2018-08-06 15:17:00,"RT @BrentBozell: Below is my official statement on Facebook, Apple and Spotify removing ""The Alex Jones Show"" and other InfoWars content fr…",,AAPL
social,kaggle_tweets,2018-08-06 15:19:00,RT @realPolitiDiva: I had men send me disgusting naked pictures on Facebook. I reported and was told that it was fine and not a violation o…,,FB
social,kaggle_tweets,2018-08-06 15:22:00,"RT @SneakerShouts: Off-White x Nike Air Presto ""White"" drops tomorrow at 10am EST. via Nike Draw BUY HERE: https://t.co/viiYsfRYvn https:…",,NKE
social,kaggle_tweets,2018-08-06 15:38:00,RT @CNN: Avoid these foods due to outbreaks and recalls: 🚫 McDonald's salads 🚫 Ritz Cracker Sandwiches 🚫 Goldfish crackers 🚫 Del Monte Fres…,,MCD
social,kaggle_tweets,2018-08-06 15:38:00,RT @CNN: Avoid these foods due to outbreaks and recalls: 🚫 McDonald's salads 🚫 Ritz Cracker Sandwiches 🚫 Goldfish crackers 🚫 Del Monte Fres…,,MCD
social,kaggle_tweets,2018-08-06 15:38:00,RT @CNN: Avoid these foods due to outbreaks and recalls: 🚫 McDonald's salads 🚫 Ritz Cracker Sandwiches 🚫 Goldfish crackers 🚫 Del Monte Fres…,,MCD
social,kaggle_tweets,2018-08-06 15:38:00,RT @CNN: Avoid these foods due to outbreaks and recalls: 🚫 McDonald's salads 🚫 Ritz Cracker Sandwiches 🚫 Goldfish crackers 🚫 Del Monte Fres…,,MCD
social,kaggle_tweets,2018-08-06 15:38:00,RT @CNN: Avoid these foods due to outbreaks and recalls: 🚫 McDonald's salads 🚫 Ritz Cracker Sandwiches 🚫 Goldfish crackers 🚫 Del Monte Fres…,,MCD
social,kaggle_tweets,2018-08-06 15:38:00,RT @CNN: Avoid these foods due to outbreaks and recalls: 🚫 McDonald's salads 🚫 Ritz Cracker Sandwiches 🚫 Goldfish crackers 🚫 Del Monte Fres…,,MCD
social,kaggle_tweets,2018-08-06 15:38:00,RT @CNN: Avoid these foods due to outbreaks and recalls: 🚫 McDonald's salads 🚫 Ritz Cracker Sandwiches 🚫 Goldfish crackers 🚫 Del Monte Fres…,,MCD
social,kaggle_tweets,2018-08-06 15:38:00,RT @CNN: Avoid these foods due to outbreaks and recalls: 🚫 McDonald's salads 🚫 Ritz Cracker Sandwiches 🚫 Goldfish crackers 🚫 Del Monte Fres…,,MCD
social,kaggle_tweets,2018-08-06 15:41:00,JPMorgan Chase CEO Jamie Dimon's Call for 5% Yields Should Terrify Bulls https://t.co/JaX050Fowt,,JPM
social,kaggle_tweets,2018-08-06 15:42:00,Excited to be at #pwclaunch18 with my awesome Team 69 here waltdisneyworld @ Epcot - Walt Disney World https://t.co/nzYMnTBa1V,,DIS
social,kaggle_tweets,2018-08-06 15:59:00,RT @AnOpenSecret: Facebook has banned Infowars #AnOpenSecret went on @infowars a week after we released our film FREE on Vimeo &amp; millions…,,FB
social,kaggle_tweets,2018-08-06 15:59:00,RT @AnOpenSecret: Facebook has banned Infowars #AnOpenSecret went on @infowars a week after we released our film FREE on Vimeo &amp; millions…,,FB
social,kaggle_tweets,2018-08-06 16:01:00,So Amazon just dropped Nazi themed items for sale because of backlash. And for those items that deliberately promot… https://t.co/HrPN1HJSTt,,AMZN
social,kaggle_tweets,2018-08-06 16:19:00,"RT @ScottMendelson: Well, in February of 2015, Sony and Disney made a deal... https://t.co/S7qOYZhGJJ",,DIS
social,kaggle_tweets,2018-08-06 16:33:00,RT @genoviasales: Check out HEX Fleet Backpack for 15-Inch Apple MacBook Pro Black/Grey Stripe HX1082 Iphone #HEX https://t.co/ogGfi2eftL v…,,AAPL
social,kaggle_tweets,2018-08-06 16:35:00,"RT @JoeBarri: Facebook, Apple and YouTube have all taken down Alex Jones. @supportTwitter are you there?",,AAPL
social,kaggle_tweets,2018-08-06 16:42:00,"Aside from Zuck, Apple CEO has more cash for security. Reddit, Twitter, and Facebook are all vulnerable to alt rig… https://t.co/2G3YJNQuhP",,AAPL
social,kaggle_tweets,2018-08-06 16:43:00,RT @V_of_Europe: Soros-Backed Media Matters Pushes Facebook to Eliminate Global Warming Deniers https://t.co/w6bBVnh7Oc,,FB
social,kaggle_tweets,2018-08-06 16:48:00,Apple Works Out a New Strategy for India to Boost Dwindling iPhone Sales https://t.co/frhgkW7TAo,,AAPL
social,kaggle_tweets,2018-08-06 16:48:00,"RT @jerome_corsi: BOOM! Rep. Darrell Issa: If Twitter, Facebook Are Going to Politic Through Algorithm, They May Start Getting Regulated by…",,FB
social,kaggle_tweets,2018-08-06 16:49:00,RT @harleypartsman7: 3 Disney Toy Story Pins https://t.co/Seei6Udh5A please retweet https://t.co/m6Ec6Ea3hl,,DIS
social,kaggle_tweets,2018-08-06 16:52:00,"RT @RealAlexJones: We've been banned completely on Facebook, Apple, &amp; Spotify. What conservative news outlet will be next? 🤔 The one pla…",,AAPL
social,kaggle_tweets,2018-08-06 16:52:00,"RT @mmpadellan: With Alex Jones booted from Apple, Facebook, Spotify, and YouTube, where oh WHERE will I go to get my daily dose of unhinge…",,AAPL
social,kaggle_tweets,2018-08-06 16:52:00,@mtc @DLthings There's LITERALLY an office building in my town that does this better than Disney did lol,,DIS
social,kaggle_tweets,2018-08-06 16:54:00,this is literally everyone with a Netflix account,,NFLX
social,kaggle_tweets,2018-08-06 17:03:00,"RT @RVAwonk: Facebook is asking large U.S. banks to share detailed financial information about customers, including card transactions &amp; ac…",,FB
social,kaggle_tweets,2018-08-06 17:03:00,"RT @RVAwonk: Facebook is asking large U.S. banks to share detailed financial information about customers, including card transactions &amp; ac…",,FB
social,kaggle_tweets,2018-08-06 17:03:00,"RT @RVAwonk: Facebook is asking large U.S. banks to share detailed financial information about customers, including card transactions &amp; ac…",,FB
social,kaggle_tweets,2018-08-06 17:13:00,RT @zerohedge: Facebook Asking Major US Banks To Share User Data https://t.co/EPGeKFzJng,,FB
social,kaggle_tweets,2018-08-06 17:17:00,I wonder how much more money Facebook and Zuckerberg will lose after banning Infowars. Hopefully billions and billi… https://t.co/RRRY18brzp,,FB
social,kaggle_tweets,2018-08-06 17:23:00,RT @BigHitEnt: j-hope - 'Hope World' Full Mixtape Download Google: https://t.co/vo1SFMqtFo MediaFire: https://t.co/hnnn9EoIJ8 Dropbox: htt…,,GOOGL
social,kaggle_tweets,2018-08-06 17:28:00,"Strategic Wealth Advisors Group LLC Purchases 80,802 Shares of Cisco Systems, Inc. $CSCO https://t.co/sBexHnF0h8",,CSCO
social,kaggle_tweets,2018-08-06 17:36:00,"RT @tictoc: JUST IN: Facebook unpublished these pages for ""repeated violations of community standards and accumulating too many strikes"" -…",,FB
social,kaggle_tweets,2018-08-06 17:36:00,"RT @tictoc: JUST IN: Facebook unpublished these pages for ""repeated violations of community standards and accumulating too many strikes"" -…",,FB
social,kaggle_tweets,2018-08-06 17:43:00,RT @stillgray: @JackPosobiec Facebook still has multiple pro-Palestine pages (numbering in millions of followers) that offer advice on conc…,,FB
social,kaggle_tweets,2018-08-06 17:50:00,RT @kroylance1955: I've signed the petition for the government to make Amazon pay their fair share. Will you add your name? https://t.co/0C…,,AMZN
social,kaggle_tweets,2018-08-06 17:52:00,Facebook Asking Major US Banks To Share User Data | Zero Hedge https://t.co/HsrsaGRG2j,,FB
social,kaggle_tweets,2018-08-06 18:02:00,Arista to pay $400 million to Cisco to resolve court fight https://t.co/kCT2mVinGq https://t.co/Fjzrlv02TW,,CSCO
social,kaggle_tweets,2018-08-06 18:13:00,RT @kyliemoy: My dad and I go to Walmart... 😂 https://t.co/y2YQQTexvw,,WMT
social,kaggle_tweets,2018-08-06 18:13:00,"Is Pepsi okay? Buddy, it’s 2018. Nothing’s okay.",,PEP
social,kaggle_tweets,2018-08-06 18:19:00,RT @Michaels_USMC: Facebook Inc. wants your financial data. They have asked large U.S. banks to share detailed financial information about…,,FB
social,kaggle_tweets,2018-08-06 18:26:00,"RT @scottsantens: “Ultimately, Apple crested the trillion-dollar mark not through technological brilliance, but stock manipulation.” If co…",,AAPL
social,kaggle_tweets,2018-08-06 18:37:00,"RT @BestStephen: Ontario is literally burning, exacerbated by climate change. And, what do the Ford Conservatives do? They scrap every Onta…",,F
social,kaggle_tweets,2018-08-06 18:38:00,"RT @abigailhope_mit: New post: Google acquires GraphicsFuzz, a service that tests Android graphics drivers – TechCrunch https://t.co/9LTias…",,GOOGL
social,kaggle_tweets,2018-08-06 18:41:00,"RT @wikileaks: The empire strikes back: Apple, Spotify, Facebook and Google/Youtube all purge Infowars/Alex Jones. Yes, Infowars has freque…",,AAPL
social,kaggle_tweets,2018-08-06 18:41:00,"RT @wikileaks: The empire strikes back: Apple, Spotify, Facebook and Google/Youtube all purge Infowars/Alex Jones. Yes, Infowars has freque…",,AAPL
social,kaggle_tweets,2018-08-06 18:41:00,"RT @amitbhawani: The Google #Pixel3, #Pixel3XL is reportedly launching on October 4. Can't wait for these considering the Amazing Camera's…",,GOOGL
social,kaggle_tweets,2018-08-06 18:41:00,"RT @wikileaks: The empire strikes back: Apple, Spotify, Facebook and Google/Youtube all purge Infowars/Alex Jones. Yes, Infowars has freque…",,AAPL
social,kaggle_tweets,2018-08-06 18:41:00,"RT @wikileaks: The empire strikes back: Apple, Spotify, Facebook and Google/Youtube all purge Infowars/Alex Jones. Yes, Infowars has freque…",,AAPL
social,kaggle_tweets,2018-08-06 18:41:00,"RT @wikileaks: The empire strikes back: Apple, Spotify, Facebook and Google/Youtube all purge Infowars/Alex Jones. Yes, Infowars has freque…",,AAPL
social,kaggle_tweets,2018-08-06 18:41:00,"RT @wikileaks: The empire strikes back: Apple, Spotify, Facebook and Google/Youtube all purge Infowars/Alex Jones. Yes, Infowars has freque…",,AAPL
social,kaggle_tweets,2018-08-06 18:41:00,"RT @wikileaks: The empire strikes back: Apple, Spotify, Facebook and Google/Youtube all purge Infowars/Alex Jones. Yes, Infowars has freque…",,AAPL
social,kaggle_tweets,2018-08-06 18:41:00,"RT @wikileaks: The empire strikes back: Apple, Spotify, Facebook and Google/Youtube all purge Infowars/Alex Jones. Yes, Infowars has freque…",,AAPL
social,kaggle_tweets,2018-08-06 18:41:00,"RT @wikileaks: The empire strikes back: Apple, Spotify, Facebook and Google/Youtube all purge Infowars/Alex Jones. Yes, Infowars has freque…",,AAPL
social,kaggle_tweets,2018-08-06 18:41:00,"RT @wikileaks: The empire strikes back: Apple, Spotify, Facebook and Google/Youtube all purge Infowars/Alex Jones. Yes, Infowars has freque…",,AAPL
social,kaggle_tweets,2018-08-06 18:41:00,"RT @wikileaks: The empire strikes back: Apple, Spotify, Facebook and Google/Youtube all purge Infowars/Alex Jones. Yes, Infowars has freque…",,AAPL
social,kaggle_tweets,2018-08-06 18:41:00,"RT @wikileaks: The empire strikes back: Apple, Spotify, Facebook and Google/Youtube all purge Infowars/Alex Jones. Yes, Infowars has freque…",,AAPL
social,kaggle_tweets,2018-08-06 18:41:00,"RT @wikileaks: The empire strikes back: Apple, Spotify, Facebook and Google/Youtube all purge Infowars/Alex Jones. Yes, Infowars has freque…",,AAPL
social,kaggle_tweets,2018-08-06 18:41:00,"RT @wikileaks: The empire strikes back: Apple, Spotify, Facebook and Google/Youtube all purge Infowars/Alex Jones. Yes, Infowars has freque…",,AAPL
social,kaggle_tweets,2018-08-06 18:41:00,"RT @wikileaks: The empire strikes back: Apple, Spotify, Facebook and Google/Youtube all purge Infowars/Alex Jones. Yes, Infowars has freque…",,AAPL
social,kaggle_tweets,2018-08-06 18:41:00,"RT @wikileaks: The empire strikes back: Apple, Spotify, Facebook and Google/Youtube all purge Infowars/Alex Jones. Yes, Infowars has freque…",,AAPL
social,kaggle_tweets,2018-08-06 18:41:00,"RT @wikileaks: The empire strikes back: Apple, Spotify, Facebook and Google/Youtube all purge Infowars/Alex Jones. Yes, Infowars has freque…",,AAPL
social,kaggle_tweets,2018-08-06 18:41:00,"RT @wikileaks: The empire strikes back: Apple, Spotify, Facebook and Google/Youtube all purge Infowars/Alex Jones. Yes, Infowars has freque…",,AAPL
social,kaggle_tweets,2018-08-06 18:54:00,"RT @thekatecox: You're missing stories from local/nonprofit newsrooms bc Facebook gets to decide what's ""political"" and block promotion. Li…",,FB
social,kaggle_tweets,2018-08-06 18:55:00,👍 on @YouTube: Copyright Free Images from Google with 10 Great Free Stock Photos Websites https://t.co/RkI5jlbUnD,,GOOGL
social,kaggle_tweets,2018-08-06 19:05:00,RT @XLNB: Dave Bautista saying he’ll be in GOTG3 only out of obligation like Disney won’t ship his ass off and paint Dwayne Johnson olive a…,,DIS
social,kaggle_tweets,2018-08-06 19:19:00,"#Waterfront #Toronto deal with Google sister company is ‘shortchanging’ city, says board member who quit… https://t.co/xHno1uID52",,GOOGL
social,kaggle_tweets,2018-08-06 19:26:00,RT @KenRoth: Bangladesh arrests photographer Shahidul Alam after he posts a video on Facebook about Dhaka student protests. Help share this…,,FB
social,kaggle_tweets,2018-08-06 19:30:00,RT @jerryjones99: Facebook people out here wilding 😂😂😂😂🤦🏾‍♂️ https://t.co/0SSpbhACKW,,FB
social,kaggle_tweets,2018-08-06 19:30:00,RT @jerryjones99: Facebook people out here wilding 😂😂😂😂🤦🏾‍♂️ https://t.co/0SSpbhACKW,,FB
social,kaggle_tweets,2018-08-06 19:31:00,"I don't know why I think I can fall asleep to Disney movies, I know I'm gonna sing along with them, I have no self control",,DIS
social,kaggle_tweets,2018-08-06 19:37:00,"This phone isn’t even four years old yet, it’s odd how Apple hasn’t been sued yet for not holding up the high standards they promise",,AAPL
social,kaggle_tweets,2018-08-06 19:42:00,RT @spectatorindex: Apple has greater market value than following companies combined: - Boeing - Toyota - McDonalds - Nike - Volkswagen -…,,AAPL
social,kaggle_tweets,2018-08-06 19:42:00,RT @spectatorindex: Apple has greater market value than following companies combined: - Boeing - Toyota - McDonalds - Nike - Volkswagen -…,,AAPL
social,kaggle_tweets,2018-08-06 19:42:00,RT @spectatorindex: Apple has greater market value than following companies combined: - Boeing - Toyota - McDonalds - Nike - Volkswagen -…,,AAPL
social,kaggle_tweets,2018-08-06 19:42:00,RT @spectatorindex: Apple has greater market value than following companies combined: - Boeing - Toyota - McDonalds - Nike - Volkswagen -…,,AAPL
social,kaggle_tweets,2018-08-06 19:44:00,"RT @mitchellvii: BOOM! Rep. Darrell Issa: If Twitter, Facebook Are Going to Politic Through Algorithm - They May Start Getting Regulated by…",,FB
social,kaggle_tweets,2018-08-06 19:51:00,"RT @cobbo3: Facebook warns it will hold back infrastructure investments worth millions of dollars it was planning in Uganda, after Museveni…",,FB
social,kaggle_tweets,2018-08-06 20:00:00,#RT @BestEarthPix: Times Google Maps Caught Criminals In the Act.. 😂 https://t.co/mm4OtU9LE6,,GOOGL
social,kaggle_tweets,2018-08-06 20:09:00,Barclays: The Market Believes AMD Is Gaining On Intel https://t.co/XqPbCQKIGU https://t.co/n9WtePmgK2,,INTC
social,kaggle_tweets,2018-08-06 20:09:00,"RT @DiamondandSilk: EXCLUSIVE ON BREITBART – @DiamondandSilk thoughts on Facebook Stock Tanking: ""This Is What Karma Looks Like"" @AaronKle…",,FB
social,kaggle_tweets,2018-08-06 20:15:00,Ex-Sainsbury’s Boss Calls For Changes To ‘Make Amazon Pay Fair Share Of Tax’ https://t.co/oB0K4B6ppV,,AMZN
social,kaggle_tweets,2018-08-06 20:25:00,RT @business: Apple is in trouble in the world's fastest-growing smartphone market https://t.co/SEprjpOqCp https://t.co/q7lpZNSRgr,,AAPL
social,kaggle_tweets,2018-08-06 20:27:00,Indra Nooyi stepping down as Pepsi CEO after 12yrs https://t.co/1ErL9cZmQr via @Class913fm,,PEP
social,kaggle_tweets,2018-08-06 20:32:00,"RT @RV_DoubleS: Cazzi Opeia’s Facebook Updates #PowerUp All-kill on the charts and 4,4 million YouTube views after only 8 hours! Another…",,FB
social,kaggle_tweets,2018-08-06 20:34:00,Huawei Withdrawing From US Market After Surpassing Apple Global Smartphone Shipments? https://t.co/Ll811OBIjC,,AAPL
social,kaggle_tweets,2018-08-06 20:35:00,OSU says Urban Meyer investigation expected to be completed within 14 days https://t.co/2BBNJkhL4S Shared from my Google feed,,GOOGL
social,kaggle_tweets,2018-08-06 20:44:00,"Trump needs a better immigration plan, for 41 billion dollars Amazon &amp; Whole Foods would do a much better job.… https://t.co/sqUCdjvYXE",,AMZN
social,kaggle_tweets,2018-08-06 20:47:00,I lovvveeeeeeee my Apple Watch 😍😍 and it’s my favorite color,,AAPL
social,kaggle_tweets,2018-08-06 20:48:00,How Google My Business can help drive more traffic to your plastic surgery website: https://t.co/H8908Dqx3u,,GOOGL
social,kaggle_tweets,2018-08-06 20:49:00,So it’s looking like I have to upgrade my Netflix to 4 screens. Oro yi ti sun mi tbh,,NFLX
social,kaggle_tweets,2018-08-06 20:53:00,Is Apple now too big to fail? The tech giant's $1 trillion valuation reminds us of the power a few companies have a… https://t.co/Y9wKXv15TS,,AAPL
social,kaggle_tweets,2018-08-07 07:04:00,RT @OutgrowCo: #eTail was here when Amazon first recorded profits &amp; when Apple released its first iPhone...&amp; now it's back with a bang! So…,,AMZN
social,kaggle_tweets,2018-08-07 07:05:00,RT @joshdcaplan: WSJ: Facebook has asked large U.S. banks to share detailed financial information about their customers as part of effort t…,,FB
social,kaggle_tweets,2018-08-07 07:10:00,@classiclib3ral Facebook and YouTube dropped his videos because they felt he was batshit crazy. So glad he set the record straight. 🙄,,FB
social,kaggle_tweets,2018-08-07 07:12:00,"RT @ABC: ""I just wanted to make her day special"": Walmart cashier steps in to paint disabled woman's nails when salon refuses. https://t.co…",,WMT
social,kaggle_tweets,2018-08-07 07:12:00,"RT @ABC: ""I just wanted to make her day special"": Walmart cashier steps in to paint disabled woman's nails when salon refuses. https://t.co…",,WMT
social,kaggle_tweets,2018-08-07 07:13:00,Key: Accelerate healthcare initiatives with Azure UK NHS blueprints | Blog | Microsoft Azure… https://t.co/tZ37LdNM0L,,MSFT
social,kaggle_tweets,2018-08-07 07:23:00,RT @AZSimutek: We acquired a pretty sweet Apple poster and it could be yours if you can guess correctly who’s on it. Come in and take a pea…,,AAPL
social,kaggle_tweets,2018-08-07 07:26:00,@PrisonPlanet Wasn't Alex talking a lot about the Chinese before they pulled him down? Google has this big deal wit… https://t.co/Dfnh9lADgH,,GOOGL
social,kaggle_tweets,2018-08-07 07:27:00,"$AAPL Apple seen hit by virus outbreak at chipmaker Taiwan Semiconductor, says Digitimes https://t.co/GpDYgzEtMN vi… https://t.co/YBIthGUcxI",,AAPL
social,kaggle_tweets,2018-08-07 07:28:00,RT @GoogleCloud_IN: Need help starting your first business project with Google Cloud Platform? Contact Sales Now. https://t.co/lQ1qbYqa2C,,GOOGL
social,kaggle_tweets,2018-08-07 07:28:00,RT @chubert: Google is mulling a new market for Nest smart home products: seniors https://t.co/HLKEZ7gDVz https://t.co/jlFk6FhzpD,,GOOGL
social,kaggle_tweets,2018-08-07 07:29:00,"RT @PoliticalShort: Facebook has asked large U.S. banks to share detailed financial information about their customers, including card trans…",,FB
social,kaggle_tweets,2018-08-07 07:29:00,"‘It came right up, and opened its mouth’: Great white shark breaches water below boat https://t.co/azQuGNBvo6 Shared from my Google feed",,GOOGL
social,kaggle_tweets,2018-08-07 07:35:00,"RT @tictoc: YouTube, Facebook, Spotify and Apple have dropped inflammatory conspiracy theorist Alex Jones from their platforms #tictocnews…",,AAPL
social,kaggle_tweets,2018-08-07 07:36:00,"RT @Millie__Weaver: Dear Libtards who think Facebook is a privately owned business, There's a thing called fact-checking. Facebook is a p…",,FB
social,kaggle_tweets,2018-08-07 07:59:00,"RT @V_of_Europe: Voice of Europe will share Infowars news on their 300,000 following Facebook page to defend freedom of speech https://t.co…",,FB
social,kaggle_tweets,2018-08-07 08:09:00,Somebody tried to hack my Facebook this morning lol!,,FB
social,kaggle_tweets,2018-08-07 08:15:00,RT @RedNationRising: 💥Darrell Issa said it was time to start regulating Twitter and Facebook for their algorithms that censor and shadow ba…,,FB
social,kaggle_tweets,2018-08-07 08:24:00,"RT @heroichollywood: Disney CEO Teases Plans For X-Men, Fantastic Four, Deadpool &amp; More https://t.co/KqM0PRy6yo https://t.co/QUez348GLe",,DIS
social,kaggle_tweets,2018-08-07 08:27:00,"RT @sunlorrie: Oh, this is only the beginning. If you want to know what's coming for Ford, recall Mike Harris in 1995. Keep calm and carry…",,F
social,kaggle_tweets,2018-08-07 08:36:00,RT @Music_Man_Mike: Kyle... Kyle... Come on... Facebook banning you for braking their terms of service is *not* censorship... Jfc https:/…,,FB
social,kaggle_tweets,2018-08-07 08:42:00,"RT @free_thinker: Alt News Exclusive: From Army to Modi to Religion to Actresses, Facebook pages of every kind with millions of followers a…",,FB
social,kaggle_tweets,2018-08-07 08:48:00,"RT @MarieSegger: Millennials are buying houseplants instead of houses. I've looked at Google trends data, sales, avocados and plants for to…",,GOOGL
social,kaggle_tweets,2018-08-07 08:51:00,"Have you read the #shortstory ""Fallen Towers"" yet? #YoungAdult #99cents on Amazon LINK: https://t.co/Q9TvRNEO7J",,AMZN
social,kaggle_tweets,2018-08-07 08:56:00,RT @sogorgeousbb: Be careful what you wish for sweetie this isn’t Facebook https://t.co/6gNNnq7Tqw,,FB
social,kaggle_tweets,2018-08-07 08:56:00,RT @sogorgeousbb: Be careful what you wish for sweetie this isn’t Facebook https://t.co/6gNNnq7Tqw,,FB
social,kaggle_tweets,2018-08-07 08:56:00,RT @sogorgeousbb: Be careful what you wish for sweetie this isn’t Facebook https://t.co/6gNNnq7Tqw,,FB
social,kaggle_tweets,2018-08-07 08:56:00,RT @sogorgeousbb: Be careful what you wish for sweetie this isn’t Facebook https://t.co/6gNNnq7Tqw,,FB
social,kaggle_tweets,2018-08-07 09:03:00,"RT @TonyBrunoShow: @Dakota_Schmidt @ChrisMurphyCT then, those affected parties can sue for liable. Facebook, Twitter and all of these lefti…",,FB
social,kaggle_tweets,2018-08-07 09:15:00,RT @philafelines: You can learn more about BUNNY on Facebook and share his story there as well: https://t.co/VG4On79Kbv 🐾 Must exit 8pm TUE…,,FB
social,kaggle_tweets,2018-08-07 09:17:00,$AAPL Strong sales of US brands including Apple give China bargaining chips in trade row - People's Daily Online https://t.co/tUj2rvkyez,,AAPL
social,kaggle_tweets,2018-08-07 09:18:00,RT @cpd_active: To celebrate our launch on 01.09.2018 we’re giving away a £50 Amazon voucher. Follow us and retweet this post to enter! #wi…,,AMZN
social,kaggle_tweets,2018-08-07 09:29:00,@LiberalsExposed @Education4Libs @Google They already have control of the internet. Facebook has over 1 billion use… https://t.co/G5NFm5JErx,,FB
social,kaggle_tweets,2018-08-07 09:31:00,Any recommendations on good scary movies on Netflix??,,NFLX
social,kaggle_tweets,2018-08-07 09:33:00,RT @PolkCoSheriff: Ladies and gentlemen - tear your eyes away from the Netflix just for a sec &amp; help us wish the lone woman in our K-9 unit…,,NFLX
social,kaggle_tweets,2018-08-07 09:45:00,"Facebook and all social media will be reeling with massive billion dollar fines very soon, this censorship has got… https://t.co/qUmAGNvjg5",,FB
social,kaggle_tweets,2018-08-07 10:03:00,I literally just got paid for the whole to do nothing but sit down and watch Netflix due to finishing all my big pr… https://t.co/ETgNYa6XRi,,NFLX
social,kaggle_tweets,2018-08-07 10:05:00,"@SwiftKey it doesn’t appear to have the same effect, no - though that would be great. Google Gboard seems to allo… https://t.co/mHSvI1Qs6y",,GOOGL
social,kaggle_tweets,2018-08-07 10:06:00,"Microsoft launches Surface Book 2 and Surface Laptop in India: Price, configurations, availability, specs and more… https://t.co/RZ1Daegbo7",,MSFT
social,kaggle_tweets,2018-08-07 10:20:00,Facebook Wanted Us to Kill This Investigative Tool https://t.co/9OXwp4lkWe,,FB
social,kaggle_tweets,2018-08-07 10:25:00,RT @ViratBomB_: Available on Emi as well #HuaweiNova3iOnSale get this from Amazon with best deal check for more details ! https://t.co/eRK…,,AMZN
social,kaggle_tweets,2018-08-07 10:28:00,"Amazon stumbled on Prime Day, but its competitors failed to pounce https://t.co/mIV1lGTJTY",,AMZN
social,kaggle_tweets,2018-08-07 10:38:00,RT @advertisefreeuk: Advertise Free and get Free £10 Amazon Gift Voucher For New Signups! Gain #Followers and Gain #Sales Free https://t.co…,,AMZN
social,kaggle_tweets,2018-08-07 10:42:00,"RT @ED92live: 🎃 On Castle Stage this Halloween Season, the Disney Villains are crashing Mickey’s Birthday Party as “It’s good to be bad wit…",,DIS
social,kaggle_tweets,2018-08-07 11:02:00,Disney Magic Kingdoms Hack - Gems Generator https://t.co/0uNY3TYxGn,,DIS
social,kaggle_tweets,2018-08-07 11:07:00,RT @nilepostnews: Facebook threatens not to invest in Uganda’s internet technologies over social media tax. @nbstv https://t.co/2hooZoyaOz…,,FB
social,kaggle_tweets,2018-08-07 11:13:00,@JenMsft trying to get My Phone app working. Install Microsoft Launcher but the app gets stuck. https://t.co/nplYOse3AA,,MSFT
social,kaggle_tweets,2018-08-07 11:14:00,Hubby surprised me this morning! He went and got me Starbucks!!! Made this rainy Tuesday morning 10 times better!!… https://t.co/aEN8H1MYpS,,SBUX
social,kaggle_tweets,2018-08-07 11:14:00,RT @LibertarianBlue: Now CNN is pressuring the smartphone duopoly (Apple &amp; Google) to remove the InfoWars app from their stores. Evil.…,,GOOGL
social,kaggle_tweets,2018-08-07 11:15:00,UniCredit cuts ties with Facebook over data breach scandal https://t.co/DHZ1CvcwdB https://t.co/HYVyi95LAa,,FB
social,kaggle_tweets,2018-08-07 11:20:00,RT @techreview: Ford is deploying exoskeletons in 15 of its factories around the world https://t.co/poNNCtiBgt,,F
social,kaggle_tweets,2018-08-07 11:25:00,"It's crazy to me how many conservatives are bemoaning the ""loss of the first amendment"" in response to Facebook (no… https://t.co/gYR1JETY8X",,FB
social,kaggle_tweets,2018-08-07 11:31:00,@mandihayes53 @wishformish @EW @andrewdabb @robertberens Try Netflix,,NFLX
social,kaggle_tweets,2018-08-07 11:39:00,⚽🏆 We're providing premium daily tips for 12MTHS for ⬇ £7 €8 $9 574 INR 2847 NGN via PayPal huntersprofits@g… https://t.co/4itxD8UOgD,,PYPL
social,kaggle_tweets,2018-08-07 11:49:00,"RT @Orangeman1992: Apple could be used as a 'bargaining chip' in the trade war, Chinese state media warns https://t.co/U79SLVWi92",,AAPL
social,kaggle_tweets,2018-08-07 11:50:00,"RT @SmartChainMedia: Starbucks along with Intercontinental Exchange, Microsoft and BCG, are working to launch a new company called Bakkt th…",,MSFT
social,kaggle_tweets,2018-08-07 11:50:00,"RT @SmartChainMedia: Starbucks along with Intercontinental Exchange, Microsoft and BCG, are working to launch a new company called Bakkt th…",,MSFT
social,kaggle_tweets,2018-08-07 11:50:00,Google AdSense Earnings Fluctuations Not Related to Algorithm Update by @MattGSouthern https://t.co/4y1ql98NSc,,GOOGL
social,kaggle_tweets,2018-08-07 11:54:00,"@rogervand Crypto #WeekInReview: NYSE and Starbucks Go Full Crypto, Market Highly Optimistic… https://t.co/cj6WeoPKk3",,SBUX
social,kaggle_tweets,2018-08-07 11:55:00,"RT @FortuneMagazine: Apple could be China’s ‘bargaining chip’ in U.S. trade war, state-run media warns https://t.co/S92i92ic5n",,AAPL
social,kaggle_tweets,2018-08-07 12:00:00,UniCredit has stopped using Facebook for advertising: CEO https://t.co/TnXL7Eem4G https://t.co/5pFNPVBsEe,,FB
social,kaggle_tweets,2018-08-07 12:00:00,How to Use Facebook Retargeting to Drive #Ecommerce Sales - @Sellbrite @wmharris101 @MichaelUgino https://t.co/d5D1jgsKYO,,FB
social,kaggle_tweets,2018-08-07 12:00:00,RT @UweBollocks: Alex Jones eating 40 jars of DNA Force Plus and transforming like Tetsuo before destroying Facebook headquarters,,FB
social,kaggle_tweets,2018-08-07 12:06:00,"RT @tristan4prez_: somebody needs to make these into a Netflix series, 😭😭😭 these stories had me so messed up when I was a kid https://t.co/…",,NFLX
social,kaggle_tweets,2018-08-07 12:06:00,"RT @tristan4prez_: somebody needs to make these into a Netflix series, 😭😭😭 these stories had me so messed up when I was a kid https://t.co/…",,NFLX
social,kaggle_tweets,2018-08-07 12:09:00,RT @TheOnion: First Amendment Experts Warn Facebook Banning InfoWars Could Set Completely Reasonable Precedent For Free Speech https://t.co…,,FB
social,kaggle_tweets,2018-08-07 12:12:00,RT @OriginalFunko: RT &amp; follow @OriginalFunko for the chance to win a Disney Store exclusive Pocahontas Pop! https://t.co/0yUf6yCbUc,,DIS
social,kaggle_tweets,2018-08-07 12:14:00,Fly Intel: Wall Street's top stories at midday $CI $ESRX $AMZN $ETSY $HTZ $TWLO $ONCE $ZG $Z $DF https://t.co/ILHXAJyvjn,,INTC
social,kaggle_tweets,2018-08-07 12:23:00,Disney Parks and Resorts income up 15% when revenue only goes up by 6%... Chapek be like https://t.co/hu4RaUVifR,,DIS
social,kaggle_tweets,2018-08-07 12:32:00,RT @Unveiled_Crooks: Facebook wants to have access to ALL of your bank acct. info(balances etc.) and all of your acct's transaction history…,,FB
social,kaggle_tweets,2018-08-07 12:34:00,RT @mikeognxl: Nike want niggas hitting licks in style https://t.co/HI4G9AtDfG,,NKE
social,kaggle_tweets,2018-08-07 12:34:00,The European Union could force Apple to switch to USB and drop Lightning https://t.co/7eaqzAvWq2 #EU #EuropeanUnion… https://t.co/mBZdawhU96,,AAPL
social,kaggle_tweets,2018-08-07 12:37:00,Pfizer CEO predicts controversial rebates 'going away'- STAT https://t.co/RuAQ3o866E,,PFE
social,kaggle_tweets,2018-08-07 12:42:00,"RT @LincolnsBible: Giving some time to take in all the info dropped today (watch that Netflix series, please). https://t.co/xyGCIotPnY",,NFLX
social,kaggle_tweets,2018-08-07 12:44:00,Facebook wants to know your financial information so it can share it with you on Messenger https://t.co/4qvpB23XXt https://t.co/fv0r5hMRXH,,FB
social,kaggle_tweets,2018-08-07 12:55:00,5 (Simple) Facebook Video Hacks - An Information Blog https://t.co/6FE8MO6cDM Youtube #blogger #bloggingtips… https://t.co/60VOslY0Ju,,FB
social,kaggle_tweets,2018-08-07 13:00:00,Me &amp; My Kids Nike Wardrobe This Fall Gone Be Sick 🤧👩‍👦‍👦💪🏾 ..,,NKE
social,kaggle_tweets,2018-08-07 13:00:00,Me &amp; My Kids Nike Wardrobe This Fall Gone Be Sick 🤧👩‍👦‍👦💪🏾 ..,,NKE
social,kaggle_tweets,2018-08-07 13:09:00,"RT @deann_native: ""Peer Inside My Soul and See Me"" and ""A King Among Prince"" by De Ann Townes on Amazon https://t.co/ZGTP2MHW9c WaAr #ASMSG…",,AMZN
social,kaggle_tweets,2018-08-07 13:16:00,"RT @aencoin: Aenco Co-founder @DarrenLui1 was live-stream interviewed on Facebook by Joe Blackburn, the founder and CEO of @CryptoCoinTrdr…",,FB
social,kaggle_tweets,2018-08-07 13:17:00,I’m mad Walmart never has my coconut cream for my hair in stock 😒,,WMT
social,kaggle_tweets,2018-08-07 13:25:00,RT @Androidheadline: Facebook Hits 10% Mobile Browser Share Mark In Some US States https://t.co/MydDtkjw7m https://t.co/94R0pfWggr,,FB
social,kaggle_tweets,2018-08-07 13:25:00,RT @highsnobiety: The white OFF-WHITE x Nike Air Presto is dropping again today: 🚨🚨🚨 https://t.co/QzUeUejiFz https://t.co/tIpoLQnEKa,,NKE
social,kaggle_tweets,2018-08-07 13:34:00,"Xiaomi Mi A2 price leaked on Amazon ahead of India launch, 64GB variant priced at Rs 17,499 https://t.co/NyMeUoiMf3 https://t.co/bmCq4a8Xiy",,AMZN
social,kaggle_tweets,2018-08-07 13:37:00,"Facebook is now a major mobile browser in U.S., with 10%+ market share in many states https://t.co/Klpw3AzEUT via @techcrunch @sarahintampa",,FB
social,kaggle_tweets,2018-08-07 13:40:00,"@LPerenic We actually don't care. If you want to buy a copy from Amazon or wherever and bring it to us, we are fine… https://t.co/q0SFsz66y6",,AMZN
social,kaggle_tweets,2018-08-07 13:42:00,RT @jasonlynch: Iger says Disney is “on track” to launch its streaming service in late 2019.,,DIS
social,kaggle_tweets,2018-08-07 13:45:00,BBC Seeks Microsoft Subpoena Over Leaked 'Doctor Who' Footage https://t.co/rHkNwBQK5D,,MSFT
social,kaggle_tweets,2018-08-07 13:47:00,RT @JuniorBuffett: I just invested in some Visa shares through @EasyEquities.,,V
social,kaggle_tweets,2018-08-07 14:01:00,"“Now that Alex Jones has been banned from YouTube, Facebook and iTunes”, the @huffpost will remind us about him eve… https://t.co/CBQ8ZLnONo",,FB
social,kaggle_tweets,2018-08-07 14:04:00,Amazon Chooses 20 Finalists for Second Headquarters via @NYTimes https://t.co/rZOFKz0DbD,,AMZN
social,kaggle_tweets,2018-08-07 14:05:00,Baidu ready to beat Google if U.S. firm returns to China: CEO https://t.co/Ji8khhqyak https://t.co/FMNoPkB7yZ,,GOOGL
social,kaggle_tweets,2018-08-07 14:05:00,RT @KhushalPakistan: This is totally wrong statement by the Ct Minister. Exxon Mobil has just joined the JV with 25% share. ENI an Italian…,,XOM
social,kaggle_tweets,2018-08-07 14:09:00,"RT @theappeal: Police allegedly left a “bait truck” filled with Nike shoes in a poor, black Chicago neighborhood by a basketball court fill…",,NKE
social,kaggle_tweets,2018-08-07 14:09:00,"RT @charliekirk11: Will YouTube, Facebook, and Apple now remove Louis Farrakhan from their platform or does censoring “hate” only apply to…",,AAPL
social,kaggle_tweets,2018-08-07 14:11:00,@DanPovenmire https://t.co/RuwVtdUjs9 I'm starting to think that Disney doesn't appreciate you. You should go on strike for the USA fans!,,DIS
social,kaggle_tweets,2018-08-07 14:13:00,"RT @Flipboard: ""Sure, I can share stories to Facebook, Twitter, and other social apps, but with the way I’m consuming news, I risk alienati…",,FB
social,kaggle_tweets,2018-08-07 14:18:00,#GTech #Technopark #IACC Guidance Session on ‘U.S. Visa Procedures’ https://t.co/Dm7TwESp7M,,V
social,kaggle_tweets,2018-08-07 14:25:00,RT @ezralevant: 8. The European Union just fined Google (YouTube's owner) $5 billion. Do you doubt that they're making regulatory threats b…,,GOOGL
social,kaggle_tweets,2018-08-07 14:36:00,"RT @WSJ: Facebook has asked banks to share financial information about customers, including account balances, as it seeks to boost user eng…",,FB
social,kaggle_tweets,2018-08-07 14:36:00,"RT @WSJ: Facebook has asked banks to share financial information about customers, including account balances, as it seeks to boost user eng…",,FB
social,kaggle_tweets,2018-08-07 14:36:00,"RT @WSJ: Facebook has asked banks to share financial information about customers, including account balances, as it seeks to boost user eng…",,FB
social,kaggle_tweets,2018-08-07 14:36:00,"RT @WSJ: Facebook has asked banks to share financial information about customers, including account balances, as it seeks to boost user eng…",,FB
social,kaggle_tweets,2018-08-07 14:38:00,RT @MubarakHD2: After The Doctors Comes In And Check Up On Me Then I Will Start Giving A Few Some PayPal Money! Make Sure You RT And Drop L…,,PYPL
social,kaggle_tweets,2018-08-07 14:46:00,RT @toddstarnes: Now that the @nytimes has hired an avowed racist will @facebook @Google @YouTube and Apple remove The Times from its platf…,,AAPL
social,kaggle_tweets,2018-08-07 14:47:00,RT @TheAndrewMeyer: @swin24 @NeilWMcCabe Don Lemon isn't worth the time of day. We're going to use antitrust law to smash Facebook and You…,,FB
social,kaggle_tweets,2018-08-07 14:55:00,"RT @pr0udwhite: Voice of #Europe will share Infowars news on their 300,000 following Facebook page to defend #freedomofspeech https://t.co/…",,FB
social,kaggle_tweets,2018-08-07 14:56:00,"Google Classroom https://t.co/7liFuysFjV It's been a few years since Google first launched Classroom, its learning manageme... #BacktoSchool",,GOOGL
social,kaggle_tweets,2018-08-07 15:03:00,Facebook Censorship Of California Conservative Candidate ⁦@ElizabethHeng⁩ Please share her campaign ad! #CA16 https://t.co/v5fJiTyiT2,,FB
social,kaggle_tweets,2018-08-07 15:04:00,"RT @Manfredi_Ricca: ""Big data is powerful, but big data plus big ideas is transformational"": Learnings from the Netflix story https://t.co/…",,NFLX
social,kaggle_tweets,2018-08-07 15:07:00,RT @MSFTAcademic: A 30M jump in publications indexed by Microsoft Academic provides better insights into innovation landscape! #MicrosoftAc…,,MSFT
social,kaggle_tweets,2018-08-07 15:12:00,"Citigroup Inc - Headquarters New York, NY 10022 - https://t.co/1HS0R4kVla https://t.co/s1HjY7JxyB",,C
social,kaggle_tweets,2018-08-07 15:13:00,"RT @ZeusZissou: Facebook has done to privacy what McDonald’s did to nutrition. Thank you, America.",,FB
social,kaggle_tweets,2018-08-07 15:13:00,RT @mdc_dsa: Zuck deleted the Facebook event for the counter-rally to the Unite the Right 2 white supremacist march. Standing up to white s…,,FB
social,kaggle_tweets,2018-08-07 15:19:00,RT @dseetharaman: Facebook has asked banks to consider features that would involve banks sharing more detailed financial data with $FB. Thi…,,FB
social,kaggle_tweets,2018-08-07 15:19:00,Intel is launching a special Coffee Lake chipset to deliver Windows 7 legacy support https://t.co/mQb7JyuU1t,,INTC
social,kaggle_tweets,2018-08-07 15:25:00,"Disney Third-Quarter Earnings Miss on Revenue, Stock Dips https://t.co/h3DNiFOKOu via @variety",,DIS
social,kaggle_tweets,2018-08-07 15:26:00,"RT @alanohnsman: A veteran of Google, Uber self-driving teams raises $40 million for 🤖 truck startup Kodiak via @forbes https://t.co/u4T9bQ…",,GOOGL
social,kaggle_tweets,2018-08-07 15:34:00,"RT @CNBC: Gas stations and travel are the 2 trillion dollar industries Amazon could disrupt next, one analyst predicts. https://t.co/oJ6H6L…",,AMZN
social,kaggle_tweets,2018-08-07 15:37:00,RT @cambriahebert: ⭐NEW RELEASE⭐ please share! .... FROSTBITE by Cambria Hebert BearPaw Resort #3 .... PURCHASE: Amazon US: https://t.co…,,AMZN
social,kaggle_tweets,2018-08-07 15:38:00,RT @CNN: Avoid these foods due to outbreaks and recalls: 🚫 McDonald's salads 🚫 Ritz Cracker Sandwiches 🚫 Goldfish crackers 🚫 Del Monte Fres…,,MCD
social,kaggle_tweets,2018-08-07 15:38:00,RT @CNN: Avoid these foods due to outbreaks and recalls: 🚫 McDonald's salads 🚫 Ritz Cracker Sandwiches 🚫 Goldfish crackers 🚫 Del Monte Fres…,,MCD
social,kaggle_tweets,2018-08-07 15:38:00,RT @CNN: Avoid these foods due to outbreaks and recalls: 🚫 McDonald's salads 🚫 Ritz Cracker Sandwiches 🚫 Goldfish crackers 🚫 Del Monte Fres…,,MCD
social,kaggle_tweets,2018-08-07 15:38:00,RT @CNN: Avoid these foods due to outbreaks and recalls: 🚫 McDonald's salads 🚫 Ritz Cracker Sandwiches 🚫 Goldfish crackers 🚫 Del Monte Fres…,,MCD
social,kaggle_tweets,2018-08-07 15:38:00,RT @CNN: Avoid these foods due to outbreaks and recalls: 🚫 McDonald's salads 🚫 Ritz Cracker Sandwiches 🚫 Goldfish crackers 🚫 Del Monte Fres…,,MCD
social,kaggle_tweets,2018-08-07 15:38:00,RT @CNN: Avoid these foods due to outbreaks and recalls: 🚫 McDonald's salads 🚫 Ritz Cracker Sandwiches 🚫 Goldfish crackers 🚫 Del Monte Fres…,,MCD
social,kaggle_tweets,2018-08-07 15:38:00,RT @CNN: Avoid these foods due to outbreaks and recalls: 🚫 McDonald's salads 🚫 Ritz Cracker Sandwiches 🚫 Goldfish crackers 🚫 Del Monte Fres…,,MCD
social,kaggle_tweets,2018-08-07 15:38:00,RT @CNN: Avoid these foods due to outbreaks and recalls: 🚫 McDonald's salads 🚫 Ritz Cracker Sandwiches 🚫 Goldfish crackers 🚫 Del Monte Fres…,,MCD
social,kaggle_tweets,2018-08-07 15:39:00,"Google acquires GraphicsFuzz, a service that tests Android graphics drivers https://t.co/yQAnzhuunr",,GOOGL
social,kaggle_tweets,2018-08-07 15:40:00,RT @Inc: Facebook enters profit taking mode with WhatsApp. https://t.co/Vtjp8f6cCq,,FB
social,kaggle_tweets,2018-08-07 15:45:00,THAT'S WHAT I'M TALKING ABOUT!!! TRRRUUUUMMMMPPPP 2020!!! Millions drop off food stamps https://t.co/lhQmYJIY4c Shared from my Google feed,,GOOGL
social,kaggle_tweets,2018-08-07 15:56:00,I posted a new video to Facebook https://t.co/shzsZAt9MM,,FB
social,kaggle_tweets,2018-08-07 15:56:00,RT @Wario64: Who Framed Roger Rabbit is $7.99 on Amazon Video https://t.co/1RqZPzgkat iTunes https://t.co/n1EAI4Y0WC https://t.co/yU8P1ENjXP,,AMZN
social,kaggle_tweets,2018-08-07 15:59:00,RT @AnOpenSecret: Facebook has banned Infowars #AnOpenSecret went on @infowars a week after we released our film FREE on Vimeo &amp; millions…,,FB
social,kaggle_tweets,2018-08-07 16:07:00,RT @AmerikanLad: Definitely don't call the advertisers of CNN and MSNBC or email your Congressmen about regulating Google and Apple and how…,,GOOGL
social,kaggle_tweets,2018-08-07 16:27:00,Comcast Corp New $CMCSA Stake Lifted by 3G Capital Partners Lp - https://t.co/99hZBX16CQ,,CMCSA
social,kaggle_tweets,2018-08-07 16:30:00,RT @landrights4all: @abc730 @GBRFoundation @leighsales C'mon Leigh #abc730 GreatBarrierReefFoundation funders are Qantas &amp; Boeing &amp; #TheRee…,,BA
social,kaggle_tweets,2018-08-07 16:34:00,RT @SyfyWire: Report: Jon Favreau’s Disney streaming Star Wars show to cost $10 million per episode #StarWars #Disney https://t.co/dMC0sXWK…,,DIS
social,kaggle_tweets,2018-08-07 16:36:00,"RT @HeatherGaultier: Facebook just asked several large banks to share info about their customers. In turn, Facebook will give them access t…",,FB
social,kaggle_tweets,2018-08-07 16:36:00,"Microsoft Surface Book 2 launched in India starting at Rs. 1,37,999 #laptops #microsoft #SurfaceBook2… https://t.co/RL4d1uf3A0",,MSFT
social,kaggle_tweets,2018-08-07 16:40:00,"#amazon #deals #sale Amazon Deal – Sun Zero Barrow Energy Efficient Rod Pocket Curtain Panel, 54″ x 95″, Brick Red https://t.co/5M3KKWKJQ6",,AMZN
social,kaggle_tweets,2018-08-07 16:42:00,"""Disney Reports Earnings, but Focus Is on Its Streaming Service"" by BROOKS BARNES via NYT The New York Times https://t.co/FCaK22bUJS",,DIS
social,kaggle_tweets,2018-08-07 16:48:00,RT @ConnerCowgirl: Great Deal @Amazon sign up today for Amazon Prime and get a hugh discount only $5.99 a month for membership if you are o…,,AMZN
social,kaggle_tweets,2018-08-07 16:52:00,"RT @RealAlexJones: We've been banned completely on Facebook, Apple, &amp; Spotify. What conservative news outlet will be next? 🤔 The one pla…",,AAPL
social,kaggle_tweets,2018-08-07 17:08:00,@joan_greeneyes @GrantJKidney @facebook Yes I have a lawsuit against the FTC and a civil suit against Facebook.,,FB
social,kaggle_tweets,2018-08-07 17:08:00,"Google finalizes Android P as Android 9 “Pie,” launching today https://t.co/UKhLN003D4",,GOOGL
social,kaggle_tweets,2018-08-07 17:10:00,@fathers4fairne1 @getongab Facebook has literally become the enemy of open and honest discourse,,FB
social,kaggle_tweets,2018-08-07 17:13:00,"RT @teganandsarafdn: Beth Ford has been named Land O'Lakes' next president and CEO. She's Fortune 500’s 25th female CEO, and she's openly g…",,F
social,kaggle_tweets,2018-08-07 17:14:00,@true_pundit False Intel is not free speech. https://t.co/iWi1xTJnSv,,INTC
social,kaggle_tweets,2018-08-07 17:24:00,Amazon offers refunds after recalling suspect solar eclipse glasses https://t.co/dK05qPpk1E https://t.co/dK05qPpk1E,,AMZN
social,kaggle_tweets,2018-08-07 17:27:00,"""we should nationalize Facebook"" is not an argument I foresaw the right making",,FB
social,kaggle_tweets,2018-08-07 17:28:00,RT @Lrihendry: Mark Zuckerberg censoring conservatives on Facebook just cost him 16.8 billion. Was it worth it?,,FB
social,kaggle_tweets,2018-08-07 17:30:00,@Google Google are just in it for profit. Even if that means helping a brutal regime. Whats next? Kim Jong-un speci… https://t.co/tzgzs7sGiv,,GOOGL
social,kaggle_tweets,2018-08-07 17:31:00,"RT @iSkinnyLegend: According to reports, Hannah Montana &amp; Miley Cyrus did not get along while filming their Disney Channel tv show. Witness…",,DIS
social,kaggle_tweets,2018-08-07 17:41:00,"RT @IOStoken: $IOST will be at Blockchain Alliance Warsaw tomorrow hosted with Oracle, Mercedes-Benz and more. Come talk crypto with team m…",,ORCL
social,kaggle_tweets,2018-08-07 17:52:00,My investing rule of buying Facebook stock every time the Internet goes crazy about Facebook is paying off very well.,,FB
social,kaggle_tweets,2018-08-07 17:54:00,"#Science - Facebook cuts off 'hundreds of thousands' of apps in privacy crackdown, The s... https://t.co/pmRh32xeP2 https://t.co/PuLSFAIPHP",,FB
social,kaggle_tweets,2018-08-07 17:56:00,Android Pie statue unveiled at Google https://t.co/cjkh4LoMEf https://t.co/zHPjpr0EwH,,GOOGL
social,kaggle_tweets,2018-08-07 17:56:00,Uhmm .. idk about this Apple stripper. That freestyle was hella whack. #LHHH,,AAPL
social,kaggle_tweets,2018-08-07 18:01:00,"RT @AltUSPressSec: Dear Millie, Facebook isn’t “public” like a utility. Shares of its private ownership are traded on a public stock excha…",,FB
social,kaggle_tweets,2018-08-07 18:02:00,RT @miichellemx: Shows on Netflix to do with drug smuggling and cartels &gt;&gt;&gt;,,NFLX
social,kaggle_tweets,2018-08-07 18:07:00,"Microsoft Surface Laptop, #SurfaceBook2 launched at a starting price of Rs 86,999 https://t.co/YCrdWIHC2w",,MSFT
social,kaggle_tweets,2018-08-07 18:10:00,Comcast New $CMCSA Holder Spears Abacus Advisors Decreased Its Holding by $13.31 Million; Acco Brands $ACCO Share P… https://t.co/l79xuTtNxc,,CMCSA
social,kaggle_tweets,2018-08-07 18:26:00,RT @CozyFits: Nike Drops More Heat With The Nike Air Max 180 READ HERE: https://t.co/0fXdb5RkXj,,NKE
social,kaggle_tweets,2018-08-07 18:38:00,"RT @tyrone345345: - August 4, 2018 Waco, Texas: Racist White Police Officer Caught On Facebook Live Calling Black Man A ""NASTY NIGGER"" Whil…",,FB
social,kaggle_tweets,2018-08-07 18:41:00,"RT @wikileaks: The empire strikes back: Apple, Spotify, Facebook and Google/Youtube all purge Infowars/Alex Jones. Yes, Infowars has freque…",,AAPL
social,kaggle_tweets,2018-08-07 18:41:00,"RT @wikileaks: The empire strikes back: Apple, Spotify, Facebook and Google/Youtube all purge Infowars/Alex Jones. Yes, Infowars has freque…",,AAPL
social,kaggle_tweets,2018-08-07 18:41:00,RT @KevinCTofel: So this raises an interesting question: Did Epic do a deal with Apple to reduce the standard 30% App Store cut since the a…,,AAPL
social,kaggle_tweets,2018-08-07 18:41:00,"RT @wikileaks: The empire strikes back: Apple, Spotify, Facebook and Google/Youtube all purge Infowars/Alex Jones. Yes, Infowars has freque…",,AAPL
social,kaggle_tweets,2018-08-07 18:41:00,"RT @wikileaks: The empire strikes back: Apple, Spotify, Facebook and Google/Youtube all purge Infowars/Alex Jones. Yes, Infowars has freque…",,AAPL
social,kaggle_tweets,2018-08-07 18:41:00,"RT @wikileaks: The empire strikes back: Apple, Spotify, Facebook and Google/Youtube all purge Infowars/Alex Jones. Yes, Infowars has freque…",,AAPL
social,kaggle_tweets,2018-08-07 18:41:00,"RT @wikileaks: The empire strikes back: Apple, Spotify, Facebook and Google/Youtube all purge Infowars/Alex Jones. Yes, Infowars has freque…",,AAPL
social,kaggle_tweets,2018-08-07 18:41:00,"RT @wikileaks: The empire strikes back: Apple, Spotify, Facebook and Google/Youtube all purge Infowars/Alex Jones. Yes, Infowars has freque…",,AAPL
social,kaggle_tweets,2018-08-07 18:43:00,RT @BAILEYDRAWS: Google Images strikes gold https://t.co/qyTMT4BiPs,,GOOGL
social,kaggle_tweets,2018-08-07 18:50:00,Apple CEO Tim Cook on Apple Music: 'We Worry About the Humanity Being Drained Out of Music',,AAPL
social,kaggle_tweets,2018-08-07 18:52:00,"RT @logic_magazine: On Tues, Aug 21 (two weeks from today!), join us at Green Apple on the Park @gabsunset to celebrate the SF launch of ou…",,AAPL
social,kaggle_tweets,2018-08-07 18:53:00,"#Facebook Loses Italy’s Biggest Bank as a Friend: UniCredit CEO will stop advertising on Facebook, alleging it hasn… https://t.co/BwO0sOd4ZB",,FB
social,kaggle_tweets,2018-08-07 18:55:00,"""Disney Reports Earnings, but Focus Is on Its Streaming Service"" by BROOKS BARNES via NYT https://t.co/YODWVmqMip",,DIS
social,kaggle_tweets,2018-08-07 19:08:00,"Buck a beer is back in Ontario, as Doug Ford unveils plan for cheaper suds #Breaking https://t.co/z9L4r4RQYE",,F
social,kaggle_tweets,2018-08-07 19:10:00,"RT @michael_stumo: Tariffs or not, Apple and other US MNCs had no future in China. #china2025 @cpa_tradereform @danrdimicco https://t.co/Tn…",,AAPL
social,kaggle_tweets,2018-08-07 19:13:00,Posting because I love bets: - Apple Event Sep 12 w/ Launch on the 21st. - Q4 ASP $785 - Lower end priced to do w… https://t.co/e3v4nbscyh,,AAPL
social,kaggle_tweets,2018-08-07 19:16:00,"RT @JonErlichman: On this day in 1997: As Apple nears bankruptcy, Steve Jobs announces Microsoft will invest $150 million in Apple https://…",,AAPL
social,kaggle_tweets,2018-08-07 19:18:00,New best story on Hacker News: Facebook has asked U.S. banks to share financial information about customers https://t.co/9tZVruqJqX,,FB
social,kaggle_tweets,2018-08-07 19:22:00,Laver Cup signs Amazon OTT deal https://t.co/PNQKagqE5S https://t.co/9CXT7IoD0v,,AMZN
social,kaggle_tweets,2018-08-07 19:42:00,He needs to step away from Facebook. I cannot believe his board is thrilled here or his investors.,,FB
social,kaggle_tweets,2018-08-07 19:42:00,RT @spectatorindex: Apple has greater market value than following companies combined: - Boeing - Toyota - McDonalds - Nike - Volkswagen -…,,AAPL
social,kaggle_tweets,2018-08-07 19:50:00,"RT @spectatorindex: Companies by revenue, 2017. ($ billion) Walmart: 486 State Grid: 315 Sinopec Group: 268 China National Petroleum: 263…",,WMT
social,kaggle_tweets,2018-08-07 19:53:00,RT @dbongino: THANK YOU. My new book just launched for preorder on Amazon and we’re already a number one best seller. Thank you for your su…,,AMZN
social,kaggle_tweets,2018-08-07 19:57:00,RT @dutch_osintguy: 4500+ Google dorks in a list. #osint https://t.co/anM4zQ9XQF,,GOOGL
social,kaggle_tweets,2018-08-07 20:02:00,RT @PackedforTravel: Say it isn’t so. @socialmedia2day reports that Facebook is testing eliminating the Share button and replacing it with…,,FB
social,kaggle_tweets,2018-08-07 20:06:00,RT @BuzzFeedNews: NEW: Facebook acquisition TBH told the company how it used a “psychological trick” to attract more teenage users. https:/…,,FB
social,kaggle_tweets,2018-08-07 20:06:00,RT @BuzzFeedNews: NEW: Facebook acquisition TBH told the company how it used a “psychological trick” to attract more teenage users. https:/…,,FB
social,kaggle_tweets,2018-08-07 20:07:00,RT @WanderlustMayo: If you can’t comprehend sarcasm and take Twitter serious you need to take your talents to Facebook,,FB
social,kaggle_tweets,2018-08-07 20:10:00,RT @waddey: New Netflix Series: Billionaires Lying About Their Manhood Size. https://t.co/jxH9lTIZWF,,NFLX
social,kaggle_tweets,2018-08-07 20:11:00,@POTUS @realDonaldTrump Google Moved Billions Of Dollars To Bermuda To Avoid Taxes... Again via @forbes https://t.co/l1P0uHdXpZ,,GOOGL
social,kaggle_tweets,2018-08-07 20:13:00,UniCredit cuts ties to Facebook after WSJ banking story https://t.co/4xi0qE3GSh INVESTINGcom,,FB
social,kaggle_tweets,2018-08-07 20:15:00,RT @Scattermae777M: Report: Feinstein Failed To Disclose Husband’s $100k Facebook Stock Before Zuckerberg Hearing https://t.co/adhyytUNlc,,FB
social,kaggle_tweets,2018-08-07 20:19:00,"Former employees reflect on the rise and fall of General Magic, which spun out of Apple in 1990 with much of the or… https://t.co/U5HCYL9xyQ",,AAPL
social,kaggle_tweets,2018-08-07 20:28:00,RT @luuuunnnaaa: so...when I was 11 I did a commercial for Disney channel and I guess it haunts me to this today bc someone sent me this...…,,DIS
social,kaggle_tweets,2018-08-07 20:31:00,Facebook launches ad products for video games https://t.co/pBNO79dTmm,,FB
social,kaggle_tweets,2018-08-07 20:35:00,Netflix and Chill turned into me falling asleep 😂,,NFLX
social,kaggle_tweets,2018-08-07 20:35:00,"Google acquires GraphicsFuzz, a service that tests Android graphics drivers https://t.co/Ug9eRfFZID",,GOOGL
social,kaggle_tweets,2018-08-07 20:36:00,RT @YouWantSkye: Tribute my perfect soles. (Amazon GC:findomskyee@gmail.com) RT if me in the pose made your dick twitch #feet #footfetish…,,AMZN
social,kaggle_tweets,2018-08-07 20:52:00,RT @House_Feminist: @MachiaBilly Hahaha oooh I should look into that do they stock it at Costco,,COST
social,kaggle_tweets,2018-08-07 20:54:00,RT @muglikar_: Dear @RahulGandhi Why did UPA favor Boeing company? Did your party or your family take any monetary benefits? Everyone want…,,BA
social,kaggle_tweets,2018-08-07 20:59:00,RT @TraditionalFam: @MarkDice Why can't we abandon these bastards. Use LINUX instead of Windows. Use Startpage instead of Google. Use https…,,GOOGL
social,kaggle_tweets,2018-08-08 07:00:00,RT @MaxLucado: Available Today! Amazon: https://t.co/KSVmsf407a Barnes &amp; Noble: https://t.co/lxRVrXd2gS Books-A-Million: https://t.co/uU9I…,,AMZN
social,kaggle_tweets,2018-08-08 07:06:00,"FB URL https://t.co/13EFyQkPEF Disney Reports Earnings, but Focus Is on Its Streaming Service… https://t.co/YGBZS1KLAl",,DIS
social,kaggle_tweets,2018-08-08 07:08:00,RT @GOPPollAnalyst: Let's call it what it is. Facebook is meddling in the 2018 and 2020 elections. Who is going to do something about it?…,,FB
social,kaggle_tweets,2018-08-08 07:12:00,"RT @ABC: ""I just wanted to make her day special"": Walmart cashier steps in to paint disabled woman's nails when salon refuses. https://t.co…",,WMT
social,kaggle_tweets,2018-08-08 07:15:00,Facebook Wanted Us to Kill This Investigative Tool https://t.co/uGtx4e5fX5 #kbn,,FB
social,kaggle_tweets,2018-08-08 07:17:00,@FoxNews @FoxFriendsFirst https://t.co/2kWjnIzFmM I Will Do Amazon Keyword Research. Provide Amazon Product Research. FBA Product Research.,,AMZN
social,kaggle_tweets,2018-08-08 07:17:00,Facebook nixes Farrakhan video opposing interracial marriage after outcry,,FB
social,kaggle_tweets,2018-08-08 07:28:00,RT @CDDWestAfrica: How do you regulate Fake News when we have over 20 million Nigerians on Facebook.. We are conscious of regulations but w…,,FB
social,kaggle_tweets,2018-08-08 07:35:00,Amazon launches grocery pickup at select Whole Foods https://t.co/bVoHE2GHwa #TechCrunch,,AMZN
social,kaggle_tweets,2018-08-08 07:36:00,"RT @Millie__Weaver: Dear Libtards who think Facebook is a privately owned business, There's a thing called fact-checking. Facebook is a p…",,FB
social,kaggle_tweets,2018-08-08 07:57:00,RT @BossVideoPlayer: Enter to Win an Apple iPad (Latest Model) compliments of Boss Video Player! https://t.co/7WGvM1Vdc4,,AAPL
social,kaggle_tweets,2018-08-08 08:01:00,RT @spectatorindex: Active users added over the past year. Instagram: 300 million Facebook: 228 million WhatsApp: 200 million Snapchat: 15…,,FB
social,kaggle_tweets,2018-08-08 08:08:00,RT @LayIsMyBae_: DROP THE HQs NOW 😭😭😭😭😭😭😭😭😭😭😭😭😭😭😭😭😭😭😭😭😭😭😭😭😭😭😭😭 I'M NOT ALIVE ANYWAY 😭😭😭😭😭😭😭😭😭 He's looking like a Disney prince 😢 #LAY…,,DIS
social,kaggle_tweets,2018-08-08 08:09:00,RT @cpd_active: To celebrate our launch on 01.09.2018 we’re giving away a £50 Amazon voucher. Follow us and like this post to enter! #insta…,,AMZN
social,kaggle_tweets,2018-08-08 08:13:00,RT @BenBajarin: A long read but a good one for the weekend. @bajarin has studied the industry and Apple for over 30 years. He shares his ta…,,AAPL
social,kaggle_tweets,2018-08-08 08:23:00,RT @philafelines: You can learn more about BLUE on Facebook and share her story there as well: https://t.co/o7HOqN1azT 🐾 Must exit 8pm TON…,,FB
social,kaggle_tweets,2018-08-08 08:40:00,Disney Reports Rare Earnings Miss https://t.co/nCFPsmDZAb https://t.co/BQu6d9um65,,DIS
social,kaggle_tweets,2018-08-08 08:45:00,"Hello Princess Diaries 2 is on Netflix now, as well as the first one... so you can guess why I am awake rn",,NFLX
social,kaggle_tweets,2018-08-08 08:45:00,RT @mewe: Do you have friends still on Facebook? Share this link with them about Facebook wanting their banking information - tell them to…,,FB
social,kaggle_tweets,2018-08-08 08:46:00,Facebook launches social AR games for Messenger https://t.co/Rj2vpjW9Bx,,FB
social,kaggle_tweets,2018-08-08 08:48:00,RT @BenSwann_: Facebook Purge of Dissenting Voices Could Lead To Its Demise? Watch full report now: https://t.co/M0dpIow56z https://t.co/1…,,FB
social,kaggle_tweets,2018-08-08 08:50:00,Oracle challenges Pentagon’s multibillion-dollar cloud computing contract before bids are even submitted #cloud… https://t.co/jmvtClX5NP,,ORCL
social,kaggle_tweets,2018-08-08 08:52:00,@FPiednoel I think Intel needs to be more open publicly with their view/plans. Hoping that they have some good stuff to share today.,,INTC
social,kaggle_tweets,2018-08-08 08:57:00,RT @wakaflockaLEN: When you go back for the same samples at Costco 😂 https://t.co/pZM7T3RGFh,,COST
social,kaggle_tweets,2018-08-08 08:58:00,"@stzionhananiah All good, we're actually watching the Facebook livestream",,FB
social,kaggle_tweets,2018-08-08 09:03:00,"RT @CBSSportsCBB: Five people charged with trafficking 385,000 pairs of counterfeit Nike Air Jordan’s in New York worth $73 million https:/…",,NKE
social,kaggle_tweets,2018-08-08 09:04:00,"RT @theweekendpages: #WIN this amazing lipstick set from MAC.. Simply RT, #FOLLOW, like us on Facebook - https://t.co/H2FpqgmdSY and subscr…",,FB
social,kaggle_tweets,2018-08-08 09:22:00,Anyone know when this Nike restock is meant to be dropping?,,NKE
social,kaggle_tweets,2018-08-08 09:39:00,RT @LouisSerge: Facebook Tests Replacing 'Share' with 'Message' Option on News Feed Posts https://t.co/xpmhW294XF #cdo #transfonum #socialm…,,FB
social,kaggle_tweets,2018-08-08 09:45:00,Apple $AAPL – Investment Analysts’ Weekly Ratings Changes https://t.co/hCJIA25IYs #stocks,,AAPL
social,kaggle_tweets,2018-08-08 09:51:00,"https://t.co/e1AgHYx97X And Apple, Facebook, YouTube and Spotify dropped 300 pounds of it this week",,AAPL
social,kaggle_tweets,2018-08-08 09:56:00,"Story From Motley Fool: Facebook CEO: This is ""the coolest thing I’ve ever seen"" https://t.co/T98GfZVkDU via @usatoday",,FB
social,kaggle_tweets,2018-08-08 09:59:00,RT @colinrhardy: #MNDFamily 👉Please Share👈 👇👇👇👇👇👇👇👇👇👇👇👇👇👇👇👇👇👇 New Facebook Page to promote #MND Events in the North East. https://t.co/wJ…,,FB
social,kaggle_tweets,2018-08-08 10:00:00,Boeing sees more narrowbody delivery delays in third quarter https://t.co/3qmHenUinM #Asia #Business,,BA
social,kaggle_tweets,2018-08-08 10:02:00,RT @MarkDice: Why wasn’t CNN banned from Facebook and YouTube after their hate speech and fake news incited the attempted murder of Steve S…,,FB
social,kaggle_tweets,2018-08-08 10:22:00,"RT @Millie__Weaver: Facebook doesn't want to confirm whether it's a: ""neutral public forum allowing everyone to speak"" falling under Secti…",,FB
social,kaggle_tweets,2018-08-08 10:36:00,RT @maealayug: Kindly share and retweet. Let's help these awesome dogs find their forever home. 🏡🐶 Saw this on Facebook https://t.co/oE3SCv…,,FB
social,kaggle_tweets,2018-08-08 10:42:00,#BreakingNews- Why Ford is launching a new China-only crossover https://t.co/KehidUylCj https://t.co/qg2p0ipoy2,,F
social,kaggle_tweets,2018-08-08 10:45:00,RT @TheAshokSingh: CAG says deliberate attempt made by UPA govt to favour Boeing even though it didn’t fulfil requirements: Reports #CORRUP…,,BA
social,kaggle_tweets,2018-08-08 10:55:00,RT @JanzforCongress: Facebook is trying to buy Devin Nunes’ vote on regulating @Facebook and other social media platforms. Thousands of dol…,,FB
social,kaggle_tweets,2018-08-08 10:59:00,@simonsinek Apple seems to be doing just fine without the old jerk at the helm...,,AAPL
social,kaggle_tweets,2018-08-08 11:12:00,"Inside Dropbox and Microsoft Office phishing attacks | Salted Hash, Ep. SC03 https://t.co/8mtpc1maD3 via @csoonline… https://t.co/bv7DeLjRd6",,MSFT
social,kaggle_tweets,2018-08-08 11:13:00,"RT @CNBCTV18Live: #CNBCTV18Exlcusive | @BillGates, Co-Founder, Microsoft &amp; Co-Chairman, Gates Foundation shares his concerns on trade tarif…",,MSFT
social,kaggle_tweets,2018-08-08 11:13:00,"RT @CNBCTV18Live: #CNBCTV18Exlcusive | @BillGates, Co-Founder, Microsoft &amp; Co-Chairman, Gates Foundation shares his concerns on trade tarif…",,MSFT
social,kaggle_tweets,2018-08-08 11:16:00,"10 millionth Ford Mustang revealed, looks like the first https://t.co/4UwrRWqNKs #FoxNews",,F
social,kaggle_tweets,2018-08-08 11:16:00,RT @subcrew196: [ENG SUB] Episode 03 Google Drive (1080p): https://t.co/Erry74H765 (720p): https://t.co/n8H4qIvT2a Mega (720p): https://…,,GOOGL
social,kaggle_tweets,2018-08-08 11:18:00,RT @NoirDia: ngl I would've fully enjoyed this 10 years ago. Why did Disney never drop this? the diversity w/ 2 of the kids are clearly Bro…,,DIS
social,kaggle_tweets,2018-08-08 11:18:00,I posted a new video to Facebook https://t.co/MKfiXLXy9p,,FB
social,kaggle_tweets,2018-08-08 11:22:00,Buy The Pullback In Facebook? $FB https://t.co/Z8pIBU6nNN,,FB
social,kaggle_tweets,2018-08-08 11:35:00,@ProgressCityUSA If there ain’t a Disney Channel Classic widget on that service....... #IBetterGetToMousercise,,DIS
social,kaggle_tweets,2018-08-08 11:38:00,I really didn’t know Total Drama Island was on Netflix,,NFLX
social,kaggle_tweets,2018-08-08 11:52:00,"Alphabet, Apple and two other stocks to buy as the S&amp;P nears records https://t.co/ApbHhkoYZi",,AAPL
social,kaggle_tweets,2018-08-08 12:00:00,Disney launches sleep hotline to help parents with fussy sleepers - Fox News https://t.co/otCvl0huzl,,DIS
social,kaggle_tweets,2018-08-08 12:06:00,"RT @tristan4prez_: somebody needs to make these into a Netflix series, 😭😭😭 these stories had me so messed up when I was a kid https://t.co/…",,NFLX
social,kaggle_tweets,2018-08-08 12:06:00,Google Contacts 3.0 brings Material Theme redesign to Android [Gallery] https://t.co/PeDp2acLsd #Android https://t.co/Sbka6XJdOQ,,GOOGL
social,kaggle_tweets,2018-08-08 12:09:00,"The woman who just cost Google $5 billion revealed her next target, and it could spell trouble for Apple - Business… https://t.co/o3kTZJOBYN",,GOOGL
social,kaggle_tweets,2018-08-08 12:17:00,RT @UnknowPettyAss: Now accepting GiftRocket and Amazon gift card PINDICK LOSERS ‼️😌 #EbonyGoddess #FinDom #EFDP #Paypigs #whiteslave #Fin…,,AMZN
social,kaggle_tweets,2018-08-08 12:20:00,RT @GoogleDesign: Can't get enough of #GoogleDesign? You're in luck → Sign up for our weekly Google Design Download to get a dose of news &amp;…,,GOOGL
social,kaggle_tweets,2018-08-08 12:29:00,RT @negus_cris: Netflix: Are you still watching? Me and someone’s daughter: https://t.co/mjsZfTNnDq,,NFLX
social,kaggle_tweets,2018-08-08 12:32:00,"Wall Street eyes more gains from Apple, its $1 trillion stock https://t.co/TIoB0YPeuq",,AAPL
social,kaggle_tweets,2018-08-08 12:34:00,RT @mikeognxl: Nike want niggas hitting licks in style https://t.co/HI4G9AtDfG,,NKE
social,kaggle_tweets,2018-08-08 13:06:00,"Amazon: Government - And Its Crony, Monopoly Straight-Jacket https://t.co/6isoNtaUDY #libertarian #libertarians #libertarianism",,AMZN
social,kaggle_tweets,2018-08-08 13:08:00,21st Century Fox results top view ahead of Disney deal https://t.co/Fqri9kONZU,,DIS
social,kaggle_tweets,2018-08-08 13:25:00,"@idailyrapfacts Yes he did. The night the album dropped, he posted the track list from Apple Music on his ig story",,AAPL
social,kaggle_tweets,2018-08-08 13:37:00,I posted a new video to Facebook https://t.co/qFjFdkPFO3,,FB
social,kaggle_tweets,2018-08-08 13:39:00,RT @arthur_affect: So if Disney has any consistency then once the Fox deal is done they're definitely canceling FAMILY GUY and THE ORVILLE…,,DIS
social,kaggle_tweets,2018-08-08 13:45:00,RT @Magic_PR: Orlando Magic unveil commemorative logo and throwback Nike Classic Edition jersey as part of its 30th anniversary celebration…,,NKE
social,kaggle_tweets,2018-08-08 13:47:00,"Paid streaming surges in the UK, driven by Netflix https://t.co/JbRefnh47O",,NFLX
social,kaggle_tweets,2018-08-08 13:59:00,RT @brownblaze: This is absolutely sickening. Chicago police parked a truck filled with Nike sneakers in front of a basketball court wher…,,NKE
social,kaggle_tweets,2018-08-08 14:01:00,"RT @SmartChainMedia: Follow @iProdoos, we are the future of consumer owned content! Netflix continues their expansion into new markets and…",,NFLX
social,kaggle_tweets,2018-08-08 14:01:00,"RT @SmartChainMedia: Follow @iProdoos, we are the future of consumer owned content! Netflix continues their expansion into new markets and…",,NFLX
social,kaggle_tweets,2018-08-08 14:01:00,"RT @SmartChainMedia: Follow @iProdoos, we are the future of consumer owned content! Netflix continues their expansion into new markets and…",,NFLX
social,kaggle_tweets,2018-08-08 14:01:00,"RT @SmartChainMedia: Follow @iProdoos, we are the future of consumer owned content! Netflix continues their expansion into new markets and…",,NFLX
social,kaggle_tweets,2018-08-08 14:01:00,"RT @SmartChainMedia: Follow @iProdoos, we are the future of consumer owned content! Netflix continues their expansion into new markets and…",,NFLX
social,kaggle_tweets,2018-08-08 14:12:00,"Disney when they buy Marvel and Lucasfilm, pay the Oscars millions of dollars to broadcast the awards show on ABC,… https://t.co/8ZRIDaHT0p",,DIS
social,kaggle_tweets,2018-08-08 14:26:00,Facebook Post – It's Here! IF YOU LIKE IT CLICK IT to AGREE! #onemillionlikes https://t.co/8Dl7F4M6ui Media https://t.co/sEo8AdxDZo,,FB
social,kaggle_tweets,2018-08-08 14:33:00,#RT please: #download #examdump: 000-780 - IBM PureFlex System Sales V1. https://t.co/NSGjdDbUl3,,IBM
social,kaggle_tweets,2018-08-08 14:36:00,"RT @WSJ: Facebook has asked banks to share financial information about customers, including account balances, as it seeks to boost user eng…",,FB
social,kaggle_tweets,2018-08-08 14:42:00,Amazon Has All the Cozy Sweater Dresses You Need For Fall - For Less Than $25 https://t.co/msjJvNseNH,,AMZN
social,kaggle_tweets,2018-08-08 14:47:00,"RT @CrewHD_VIDEOS: Top markets for #Crew96, according to Google search trends 1. Grandview Heights 2. Galena 3. Lewis Center 4. Bexley 5. G…",,GOOGL
social,kaggle_tweets,2018-08-08 14:55:00,What Can Businesses Learn from Facebook Stock Plunge: What Can Businesses Learn from… https://t.co/FHDexMDZFK,,FB
social,kaggle_tweets,2018-08-08 14:57:00,"Cisco to Acquire Duo for $2.35 Billion, Adding to Security https://t.co/luLKPv1n5E https://t.co/hosiVqKIhc",,CSCO
social,kaggle_tweets,2018-08-08 15:03:00,RT @elopezbr: Oracle Named a Leader in Digital Experience Development Platforms by Leading Industry Analyst Firm https://t.co/LugFsQVdMy ht…,,ORCL
social,kaggle_tweets,2018-08-08 15:05:00,"RT @Zola1611: MILLION DOLLAR MEME🏆 CHALLENGE By @rektredpill @RealAlexJones has been censored by Facebook, YouTube,etc. We need your hel…",,FB
social,kaggle_tweets,2018-08-08 15:05:00,"RT @Zola1611: MILLION DOLLAR MEME🏆 CHALLENGE By @rektredpill @RealAlexJones has been censored by Facebook, YouTube,etc. We need your hel…",,FB
social,kaggle_tweets,2018-08-08 15:10:00,"Evergreen #ContentMarketing &amp; Legit #SEO Traffic (#GrowthHacking 237,648 Visits from Google) via @Miles_Anthony Wai… https://t.co/4rZtsJb6tL",,GOOGL
social,kaggle_tweets,2018-08-08 15:21:00,"@MarketWatch Need to know: $70 billion is more cash 💵 than what Apple, Google and Amazon has combined. Kimbal Musk… https://t.co/N8JB1myshw",,GOOGL
social,kaggle_tweets,2018-08-08 15:23:00,RT @intifada: Israeli government app leads Facebook smear campaign against Jeremy Corbyn https://t.co/oLK6irxxPy,,FB
social,kaggle_tweets,2018-08-08 15:38:00,RT @CNN: Avoid these foods due to outbreaks and recalls: 🚫 McDonald's salads 🚫 Ritz Cracker Sandwiches 🚫 Goldfish crackers 🚫 Del Monte Fres…,,MCD
social,kaggle_tweets,2018-08-08 15:46:00,Intel sold $1 billion of artificial intelligence chips in 2017 https://t.co/DqE81ZbGRV,,INTC
social,kaggle_tweets,2018-08-08 15:50:00,"@DuckFootball @coach_cristobal Were these Nike employees at lunch, I thought it was closed to the public?",,NKE
social,kaggle_tweets,2018-08-08 16:12:00,"🔥DAILY DEAL!🔥 73% OFF!!!! Refurbished 13"" MacBook Pro for $279.99!!! Apple MacBook Pro A1278 13.3"" Laptop - MD31… https://t.co/q3ieWCc2UX",,AAPL
social,kaggle_tweets,2018-08-08 16:14:00,RT @mackey2399: Yesterday I bought coffee for the lady behind me at Starbucks.. later in the day I found this is my mailbox. Small acts can…,,SBUX
social,kaggle_tweets,2018-08-08 16:14:00,RT @mackey2399: Yesterday I bought coffee for the lady behind me at Starbucks.. later in the day I found this is my mailbox. Small acts can…,,SBUX
social,kaggle_tweets,2018-08-08 16:28:00,RT @CruzGomez_7: Facebook videos are underrated https://t.co/n5rqAnr3bW,,FB
social,kaggle_tweets,2018-08-08 16:37:00,RT @FabulousRVWomen: Who else agrees? Please share this post 😁 Facebook Group https://t.co/mJyHYRi35E Check out our website https://t.co…,,FB
social,kaggle_tweets,2018-08-08 16:41:00,Verizon Wireless USA Prepaid $5 #Refill. Applied directly to cell phone in https://t.co/wCOZl1L6ik #digital #market… https://t.co/5CtMMmj5ia,,VZ
social,kaggle_tweets,2018-08-08 16:44:00,RT @MatoboLodge: Hi folks Thanks a lot for following us. We're also on Facebook. Go to our super awesome page and like us. Share our pag…,,FB
social,kaggle_tweets,2018-08-08 16:51:00,RT @TechCrunch: Oracle launches autonomous database for online transaction processing https://t.co/9CIRIJgxTN by @ron_miller,,ORCL
social,kaggle_tweets,2018-08-08 16:53:00,@cuthbertable I got my Facebook account hacked from East Galway on June 11th last year.,,FB
social,kaggle_tweets,2018-08-08 16:58:00,Baidu's Billionaire CEO Declares He Can Beat Google Again https://t.co/h97pNc12Ym,,GOOGL
social,kaggle_tweets,2018-08-08 17:08:00,"RT @JayyPhelps: They always ask ""what's your snap?"" Never ""what's your PayPal""",,PYPL
social,kaggle_tweets,2018-08-08 17:09:00,I posted a new video to Facebook https://t.co/b7JrR5oYCG,,FB
social,kaggle_tweets,2018-08-08 17:09:00,RT @AskAnshul: Congress must explain its P8I naval aircraft deal: 1) Why Boeing planes wrongly declared cheaper than European competitor?…,,BA
social,kaggle_tweets,2018-08-08 17:10:00,RT @PrisonPlanet: Dr. Robert Epstein says Google helped shift 2 to 3 million votes in Hillary Clinton's favor with bias search algorithms.…,,GOOGL
social,kaggle_tweets,2018-08-08 17:10:00,RT @PrisonPlanet: Dr. Robert Epstein says Google helped shift 2 to 3 million votes in Hillary Clinton's favor with bias search algorithms.…,,GOOGL
social,kaggle_tweets,2018-08-08 17:10:00,RT @PrisonPlanet: Dr. Robert Epstein says Google helped shift 2 to 3 million votes in Hillary Clinton's favor with bias search algorithms.…,,GOOGL
social,kaggle_tweets,2018-08-08 17:10:00,RT @PrisonPlanet: Dr. Robert Epstein says Google helped shift 2 to 3 million votes in Hillary Clinton's favor with bias search algorithms.…,,GOOGL
social,kaggle_tweets,2018-08-08 17:13:00,"RT @StarbucksMY: Earlier today we celebrated the 2nd anniversary of the first Starbucks Signing Store in the world, at Bangsar Village II.…",,SBUX
social,kaggle_tweets,2018-08-08 17:20:00,"RT @TheHackersNews: Facebook Releases ""Fizz"" — A New Open Source #TLS 1.3 Implementation Library Designed For High Performance and Security…",,FB
social,kaggle_tweets,2018-08-08 17:27:00,$CYBR JPMorgan raises price target to $85 from $60 https://t.co/juAXgFsEdc,,JPM
social,kaggle_tweets,2018-08-08 17:37:00,"RT @jenmotr: Watch, watch and Re watch! YouTube with 3 million views: https://t.co/fXLrUKtzxY Facebook with 2.5 million views: https:/…",,FB
social,kaggle_tweets,2018-08-08 17:39:00,Boeing sees more narrowbody delivery delays in third quarter https://t.co/6qBudqtNJv,,BA
social,kaggle_tweets,2018-08-08 17:40:00,RT @ConsumerFeed: Exxon Mobil $XOM Given a $105.00 Price Target at Royal Bank of Canada https://t.co/ZY4m2JUZGQ,,XOM
social,kaggle_tweets,2018-08-08 17:42:00,RT @EINFastFood: McDonald's employees share menu items they'd never eat https://t.co/DODRUvsWLO,,MCD
social,kaggle_tweets,2018-08-08 17:53:00,"It’s 5:35am, got work at 5:45am, *long ass line at Starbucks* ohhhh I’ll be fine 🙂",,SBUX
social,kaggle_tweets,2018-08-08 18:00:00,"Must Read: Walmart to Launch New Basics Brand, When Rosh Hashanah and Fashion Clash https://t.co/dnT93ThMir https://t.co/mBW79pmMja",,WMT
social,kaggle_tweets,2018-08-08 18:01:00,"RT @AltUSPressSec: Dear Millie, Facebook isn’t “public” like a utility. Shares of its private ownership are traded on a public stock excha…",,FB
social,kaggle_tweets,2018-08-08 18:03:00,RT @Mobute: Rick Scott literally produced an attack ad against one woman who ridiculed him in a Starbucks. https://t.co/pRL6Rw8D2h,,SBUX
social,kaggle_tweets,2018-08-08 18:03:00,RT @Mobute: Rick Scott literally produced an attack ad against one woman who ridiculed him in a Starbucks. https://t.co/pRL6Rw8D2h,,SBUX
social,kaggle_tweets,2018-08-08 18:03:00,RT @Mobute: Rick Scott literally produced an attack ad against one woman who ridiculed him in a Starbucks. https://t.co/pRL6Rw8D2h,,SBUX
social,kaggle_tweets,2018-08-08 18:16:00,RT @LB_Langa: RT @lulu_luwela: How come Dr dre signed a deal with Apple if apples keep doctors away??! #AskMmusi,,AAPL
social,kaggle_tweets,2018-08-08 18:19:00,"RT @nature_org: WATCH: From New Zealand to the Brazilian Amazon, indigenous leaders from around the world share how nature plays a role in…",,AMZN
social,kaggle_tweets,2018-08-08 18:19:00,"RT @FoxBusiness: .@porter3 on $DIS earnings report: ""You have to be a little disappointed, but basically Disney is not a day trader's stock…",,DIS
social,kaggle_tweets,2018-08-08 18:19:00,Amazon launches grocery pickup at select Whole Foods https://t.co/PVlD9fWhKn,,AMZN
social,kaggle_tweets,2018-08-08 18:37:00,Fortnite for Android interview – Epic Games CEO Tim Sweeney on breaking away from Google Play https://t.co/IliYLEOk1e #Android,,GOOGL
social,kaggle_tweets,2018-08-08 18:51:00,Dropping September 14th on Amazon Prime Video. https://t.co/4sN2M5q7Px,,AMZN
social,kaggle_tweets,2018-08-08 18:57:00,@iamsnehaullal Try Google pixel 3 Xl which is about to launch soon.. excellent camera,,GOOGL
social,kaggle_tweets,2018-08-08 19:12:00,Excited to share the trailer for Wild Blue Yonder. Get it today at the Apple App Store. #WildBlueYonder @WildBlueYonder_,,AAPL
social,kaggle_tweets,2018-08-08 19:15:00,I posted a new video to Facebook https://t.co/W7ZdODliLx,,FB
social,kaggle_tweets,2018-08-08 19:16:00,"RT @JonErlichman: On this day in 1997: As Apple nears bankruptcy, Steve Jobs announces Microsoft will invest $150 million in Apple https://…",,AAPL
social,kaggle_tweets,2018-08-08 19:48:00,Trump Defends Google Against EU Fine https://t.co/A5XHTwdfyO https://t.co/NTM0lFV7uZ,,GOOGL
social,kaggle_tweets,2018-08-08 19:50:00,"In letter to Zuckerberg, Holocaust experts warn Facebook CEO not to ignore https://t.co/uN5vvEa89W #Facebook #Holocaust #Holocaustdenial",,FB
social,kaggle_tweets,2018-08-08 19:54:00,RT @HollyBolognese_: It’s come to my attention I have become one of those old people who just shares things on Facebook,,FB
social,kaggle_tweets,2018-08-08 20:02:00,I just deleted Facebook and literally feel a million times lighter.,,FB
social,kaggle_tweets,2018-08-08 20:12:00,RT @ClickHole: Noble Cause: This Inspiring Nonprofit Sends People Into The Amazon Rain Forest To Teach Indigenous Tribes Who Super Mario Is…,,AMZN
social,kaggle_tweets,2018-08-08 20:18:00,"RT @GOPPollAnalyst: Within 12 hours, Apple, Google &amp; YouTube censored a platform they didn't agree with, who historically provides election…",,GOOGL
social,kaggle_tweets,2018-08-08 20:22:00,Literally the only thing I watch Disney for but okay,,DIS
social,kaggle_tweets,2018-08-08 20:28:00,RT @luuuunnnaaa: so...when I was 11 I did a commercial for Disney channel and I guess it haunts me to this today bc someone sent me this...…,,DIS
social,kaggle_tweets,2018-08-08 20:48:00,TSX Penny Stocks - Blok Tech Launches Blockchain Network on Oracle Cloud https://t.co/CgkYD5kzFc via @BowThemes,,ORCL
social,kaggle_tweets,2018-08-08 20:50:00,@newmanx_ Oh I'm a bit shocked you are on Unsplash - I've been 'giving' my pictures to Google Maps! All so much out no $$in :-(,,GOOGL
social,kaggle_tweets,2018-08-08 20:50:00,Bose launches Amazon Alexa integration for its QuietComfort … - https://t.co/TYX1ANlQqW #tech #apple #gadgets #internet #ff #rt #follow,,AMZN
social,kaggle_tweets,2018-08-08 20:54:00,"Interested in chatting about investments in agriculture? Join our ""Investing in Agriculture"" Facebook group where m… https://t.co/X4DZLeMzBb",,FB
social,kaggle_tweets,2018-08-09 07:39:00,#WWENXT I can't wait for Montez Ford to drop Angelo Deadweight and become the clear and obvious star he is.,,F
social,kaggle_tweets,2018-08-09 07:58:00,I love when companies have online live support because I have HUGE anxiety around using phones. Microsoft used to o… https://t.co/9Lj1KtP4W5,,MSFT
social,kaggle_tweets,2018-08-09 08:14:00,A Comcast Security Flaw Exposed Millions Of Customers’ Personal Information https://t.co/C9AEakqjE0,,CMCSA
social,kaggle_tweets,2018-08-09 09:06:00,Five people charged with trafficking $73 million in fake Nike Air Jordans - https://t.co/Gr7o25e7kO… https://t.co/e8Hl7bHM8Z,,NKE
social,kaggle_tweets,2018-08-09 09:08:00,Costco Wholesale Co.’s Same-Store Sales Numbers Beat Expectations $COST https://t.co/Uk7FzpIyBp #markets,,COST
social,kaggle_tweets,2018-08-09 09:49:00,RT @Collider: Disney XD launches 'Marvel Rising: Initiation' ahead of 'Secret Warriors' with a thrilling Ghost-Spider storyline. https://t.…,,DIS
social,kaggle_tweets,2018-08-09 09:57:00,I've signed the petition for the government to make Amazon pay their fair share. Will you add your name? https://t.co/cpxVfT1Vzy,,AMZN
social,kaggle_tweets,2018-08-09 10:19:00,"RT @jsolomonReports: This could become a big deal. Keep an eye out. House Intel probing whether informants gathered data on Trump, Russia p…",,INTC
social,kaggle_tweets,2018-08-09 10:34:00,RT @JEarnhardt1: Signing a bunch of t-shirts for 10 lucky @NASCAR Fans on my Facebook! Rules are below. 👉 Share Post 👉Follow @Xtreme_Conc…,,FB
social,kaggle_tweets,2018-08-09 10:35:00,Apple AirPods in stock at Walmart https://t.co/syZx2g6D1G for $144.98 | Get The Tracker App @TheTrackerApp,,AAPL
social,kaggle_tweets,2018-08-09 11:20:00,"RT @dealsradar: Deal Alert - Amazon Echo Dot M.R.P - 4,499.00 Deal of the Day - 3,499.00 Link - https://t.co/H6JOApMuvH",,AMZN
social,kaggle_tweets,2018-08-09 11:39:00,via @MarkusPeter: Amazon launches grocery pickup at select Whole Foods: https://t.co/HqWBes7Hg0 via @TechCrunch #logistics,,AMZN
social,kaggle_tweets,2018-08-09 11:50:00,Vote for your next Mr. Inglot! Mechanics: 1. LIKE Inglot Cosmetics Philippines Facebook Page and Follow… https://t.co/QWHvMTi14k,,FB
social,kaggle_tweets,2018-08-09 12:04:00,RT @tey_teyy: Google sent my dad an email that someone tried to hack into his gmail account. I've been trying to explain to him that it's n…,,GOOGL
social,kaggle_tweets,2018-08-09 12:04:00,RT @tey_teyy: Google sent my dad an email that someone tried to hack into his gmail account. I've been trying to explain to him that it's n…,,GOOGL
social,kaggle_tweets,2018-08-09 12:29:00,Comcast security flaws exposed more than 26 million customers' data: report https://t.co/RlomQCXY3E,,CMCSA
social,kaggle_tweets,2018-08-09 12:31:00,Get a $150 Amazon Prime Gift Card! https://t.co/N0yYgOAq86 https://t.co/ZPAgYDjIq6,,AMZN
social,kaggle_tweets,2018-08-09 12:47:00,"Amazon HQ2? Mysterious ""Project Rocket"" Takes Another Step Forward Outside Atlanta https://t.co/50pPnuoMkG #Investing",,AMZN
social,kaggle_tweets,2018-08-09 13:16:00,"RT @JoshLiaSquad: The #NgayonAtKailanmanTrailer has almost 400,000 views with 6.3K Shares &amp; 15K Reactions on Facebook! Keep on sharing thi…",,FB
social,kaggle_tweets,2018-08-09 13:25:00,RT @_carrrriex: Saw this post on Facebook .. thought I’d share!!! Something I’ve never heard of before https://t.co/Txx0NWmttH,,FB
social,kaggle_tweets,2018-08-09 13:25:00,RT @_carrrriex: Saw this post on Facebook .. thought I’d share!!! Something I’ve never heard of before https://t.co/Txx0NWmttH,,FB
social,kaggle_tweets,2018-08-09 13:25:00,RT @_carrrriex: Saw this post on Facebook .. thought I’d share!!! Something I’ve never heard of before https://t.co/Txx0NWmttH,,FB
social,kaggle_tweets,2018-08-09 13:25:00,RT @_carrrriex: Saw this post on Facebook .. thought I’d share!!! Something I’ve never heard of before https://t.co/Txx0NWmttH,,FB
social,kaggle_tweets,2018-08-09 13:25:00,RT @_carrrriex: Saw this post on Facebook .. thought I’d share!!! Something I’ve never heard of before https://t.co/Txx0NWmttH,,FB
social,kaggle_tweets,2018-08-09 13:46:00,Exchanging notes with Citigroup Managing Director if Asia Pacific Economic and Market Analysis Johanna Chua and Arc… https://t.co/TjnsVfKaNZ,,C
social,kaggle_tweets,2018-08-09 14:41:00,"247WallSt: Beyond Tesla, should Ford also try to go private? $TSLA $F https://t.co/qVkJZDAYbW",,F
social,kaggle_tweets,2018-08-09 14:45:00,"RT @wikileaks: #DNCLeaks: Google head @EricSchmidt ""maxed"" out in donations to Dems NRSC &amp; DSCC https://t.co/iJLujKfnHz More: https://t.c…",,GOOGL
social,kaggle_tweets,2018-08-09 16:53:00,I've signed the petition for the government to make Amazon pay their fair share. Will you add your name? https://t.co/t95orRhsCI,,AMZN
social,kaggle_tweets,2018-08-09 18:24:00,RT @OriginalFunko: RT &amp; follow @OriginalFunko for the chance to win a Disney Store exclusive Simba Pop! #InternationalCatDay https://t.co/G…,,DIS
social,kaggle_tweets,2018-08-09 19:16:00,RT @jsolomonReports: House Intel chair urges ban on electronic voting systems because f hacking concerns https://t.co/tfYjPDbf6u,,INTC
social,kaggle_tweets,2018-08-09 19:18:00,RT @philafelines: You can learn more about LOOKITA on Facebook and share her story there as well: https://t.co/22ReFbe5AH 🐾 Must exit 8pm…,,FB
social,kaggle_tweets,2018-08-09 19:39:00,Disney Springs and Move In Day! DCP Fall 2018: https://t.co/L5hQPm7lg5 via @YouTube,,DIS
social,kaggle_tweets,2018-08-09 19:42:00,RT @matt_odell: Alarming interactive flow chart showing all of the third parties PayPal shares data with: https://t.co/a7OgXrqyrp https://t…,,PYPL
social,kaggle_tweets,2018-08-10 07:00:00,RT @CoreyRoseTV: Starbucks announced it's bringing back the #PumpkinSpiceLatte early this year on Aug 28. Think it's too soon? (BTW- Fall d…,,SBUX
social,kaggle_tweets,2018-08-10 07:04:00,RT @OutgrowCo: #eTail was here when Amazon first recorded profits &amp; when Apple released its first iPhone...&amp; now it's back with a bang! So…,,AMZN
social,kaggle_tweets,2018-08-10 07:15:00,"Database Encryption Market to Set Phenomenal Growth by 2025 | Leading Key Players: Microsoft, Oracle, Netapp… https://t.co/wwrT5U50OU",,MSFT
social,kaggle_tweets,2018-08-10 07:25:00,RT @THTFHQ: Disney unveil new details on upcoming cover album and live event #声優 #disney #声の王子様 https://t.co/aVPXrrQdbA https://t.co/J2Sf4H…,,DIS
social,kaggle_tweets,2018-08-10 08:39:00,@BillKristol Obamas of course have that Netflix deal ...is it too much...to...hope ?,,NFLX
social,kaggle_tweets,2018-08-10 09:02:00,“Let others succeed”: Google CEO Sundar Pichai’s simple but effective leadership style #management https://t.co/kA5OtZYszA,,GOOGL
social,kaggle_tweets,2018-08-10 09:24:00,Lessons for HR: A PhD on Netflix Revenue and Spending... https://t.co/6kwjJQNNWz https://t.co/IxLC0y36Qa,,NFLX
social,kaggle_tweets,2018-08-10 09:46:00,"REUTERS reports WATCH: 'Back when I bought Apple, nobody had a computer' says Donna Fenn, who bought shares of the… https://t.co/uBHg4MQ5vL",,AAPL
social,kaggle_tweets,2018-08-10 10:01:00,RT @technology: Spotify strikes a deal with Samsung to help fight off Apple Music https://t.co/NPlz8QjnFo https://t.co/v1fXGQEH8F,,AAPL
social,kaggle_tweets,2018-08-10 10:08:00,Nordea Investment Management Ab Cut By $1.06 Million Its Exxon Mobil $XOM Stake; Ruffer Llp Has Decreased By $112.1… https://t.co/P9GSI2ihNu,,XOM
social,kaggle_tweets,2018-08-10 10:21:00,RT @GailWalden6: I enjoy Costco I will die there one day,,COST
social,kaggle_tweets,2018-08-10 10:35:00,RT @CuteCIothes: Literally obsessed with Nike workout outfits https://t.co/VChVGuRJmu,,NKE
social,kaggle_tweets,2018-08-10 11:13:00,Shopping spree at Apple lol. I know how to spend. Now it’s your turn to $end. Happy early birthday 🎂 to me. 👸🏻… https://t.co/Rf4ZiIUZ0j,,AAPL
social,kaggle_tweets,2018-08-10 11:24:00,"Network Optimization Services Market to Witness Huge Growth by 2025 | Leading Key Players: Solarwinds, Cisco System… https://t.co/Ksn56d0ubp",,CSCO
social,kaggle_tweets,2018-08-10 11:43:00,"RT @Georgesketch: Being on Twitter &amp; IG can make u forget that Facebook is such a huge market. My girl set a Facebook page up for me, did a…",,FB
social,kaggle_tweets,2018-08-10 11:50:00,"RT @SmartChainMedia: Starbucks along with Intercontinental Exchange, Microsoft and BCG, are working to launch a new company called Bakkt th…",,MSFT
social,kaggle_tweets,2018-08-10 11:52:00,"RT @ReformedBroker: The Turkish stock market is worth $150 billion, roughly the size of Netflix. It makes up less than 1% of Vanguard’s E…",,NFLX
social,kaggle_tweets,2018-08-10 12:04:00,RT @tey_teyy: Google sent my dad an email that someone tried to hack into his gmail account. I've been trying to explain to him that it's n…,,GOOGL
social,kaggle_tweets,2018-08-10 12:04:00,RT @tey_teyy: Google sent my dad an email that someone tried to hack into his gmail account. I've been trying to explain to him that it's n…,,GOOGL
social,kaggle_tweets,2018-08-10 12:05:00,RT @Cointelegraph: IBM and Maersk launch global blockchain-enabled shipping platform https://t.co/fuom37va0F,,IBM
social,kaggle_tweets,2018-08-10 12:11:00,I posted a new video to Facebook https://t.co/UYmmg49W24,,FB
social,kaggle_tweets,2018-08-10 12:11:00,Amazon is moving into the prescription drug industry. Here's what you need to know: https://t.co/qHWcoebXyN,,AMZN
social,kaggle_tweets,2018-08-10 12:37:00,RT @BeTheCookie: Can you imagine how rich Adam and Eve would be right now if they would have held on to that Apple stock instead of eating…,,AAPL
social,kaggle_tweets,2018-08-10 12:54:00,RT @politvidchannel: BREAKING: Rep. Eric Swalwell called on @SpeakerRyan to strip Devin Nunes of his House Intel Committee chairmanship on…,,INTC
social,kaggle_tweets,2018-08-10 12:59:00,RT @A7MVT: Fam how did I go from watching films for free on putlocker and downloading songs as MP3 files to now paying for Netflix and payi…,,NFLX
social,kaggle_tweets,2018-08-10 13:01:00,Google My Business Insights: How Are Your Listings Performing? Summary: Google launched new insights in the Google… https://t.co/cvSLRwSEnW,,GOOGL
social,kaggle_tweets,2018-08-10 13:04:00,"RT @TIME: Law professor: ""Progressives are regulating away the benefits of Uber and Google"" https://t.co/t9HrlrK9GZ",,GOOGL
social,kaggle_tweets,2018-08-10 13:16:00,"RT @aencoin: Aenco Co-founder @DarrenLui1 was live-stream interviewed on Facebook by Joe Blackburn, the founder and CEO of @CryptoCoinTrdr…",,FB
social,kaggle_tweets,2018-08-10 13:18:00,"RT @666bitchcraft: ""I wanna die"" Facebook: that's selfish 😡😡 ""I wanna die"" Instagram: please don't think like that😖😖 you're loved 🙌😍 did…",,FB
social,kaggle_tweets,2018-08-10 13:25:00,RT @_carrrriex: Saw this post on Facebook .. thought I’d share!!! Something I’ve never heard of before https://t.co/Txx0NWmttH,,FB
social,kaggle_tweets,2018-08-10 13:25:00,RT @_carrrriex: Saw this post on Facebook .. thought I’d share!!! Something I’ve never heard of before https://t.co/Txx0NWmttH,,FB
social,kaggle_tweets,2018-08-10 13:25:00,RT @_carrrriex: Saw this post on Facebook .. thought I’d share!!! Something I’ve never heard of before https://t.co/Txx0NWmttH,,FB
social,kaggle_tweets,2018-08-10 13:25:00,RT @_carrrriex: Saw this post on Facebook .. thought I’d share!!! Something I’ve never heard of before https://t.co/Txx0NWmttH,,FB
social,kaggle_tweets,2018-08-10 13:25:00,RT @_carrrriex: Saw this post on Facebook .. thought I’d share!!! Something I’ve never heard of before https://t.co/Txx0NWmttH,,FB
social,kaggle_tweets,2018-08-10 13:25:00,RT @_carrrriex: Saw this post on Facebook .. thought I’d share!!! Something I’ve never heard of before https://t.co/Txx0NWmttH,,FB
social,kaggle_tweets,2018-08-10 13:25:00,RT @_carrrriex: Saw this post on Facebook .. thought I’d share!!! Something I’ve never heard of before https://t.co/Txx0NWmttH,,FB
social,kaggle_tweets,2018-08-10 13:25:00,RT @_carrrriex: Saw this post on Facebook .. thought I’d share!!! Something I’ve never heard of before https://t.co/Txx0NWmttH,,FB
social,kaggle_tweets,2018-08-10 13:25:00,RT @_carrrriex: Saw this post on Facebook .. thought I’d share!!! Something I’ve never heard of before https://t.co/Txx0NWmttH,,FB
social,kaggle_tweets,2018-08-10 13:25:00,RT @_carrrriex: Saw this post on Facebook .. thought I’d share!!! Something I’ve never heard of before https://t.co/Txx0NWmttH,,FB
social,kaggle_tweets,2018-08-10 13:25:00,RT @_carrrriex: Saw this post on Facebook .. thought I’d share!!! Something I’ve never heard of before https://t.co/Txx0NWmttH,,FB
social,kaggle_tweets,2018-08-10 13:25:00,RT @_carrrriex: Saw this post on Facebook .. thought I’d share!!! Something I’ve never heard of before https://t.co/Txx0NWmttH,,FB
social,kaggle_tweets,2018-08-10 13:25:00,RT @_carrrriex: Saw this post on Facebook .. thought I’d share!!! Something I’ve never heard of before https://t.co/Txx0NWmttH,,FB
social,kaggle_tweets,2018-08-10 13:25:00,RT @_carrrriex: Saw this post on Facebook .. thought I’d share!!! Something I’ve never heard of before https://t.co/Txx0NWmttH,,FB
social,kaggle_tweets,2018-08-10 13:25:00,RT @_carrrriex: Saw this post on Facebook .. thought I’d share!!! Something I’ve never heard of before https://t.co/Txx0NWmttH,,FB
social,kaggle_tweets,2018-08-10 13:25:00,RT @_carrrriex: Saw this post on Facebook .. thought I’d share!!! Something I’ve never heard of before https://t.co/Txx0NWmttH,,FB
social,kaggle_tweets,2018-08-10 13:25:00,RT @_carrrriex: Saw this post on Facebook .. thought I’d share!!! Something I’ve never heard of before https://t.co/Txx0NWmttH,,FB
social,kaggle_tweets,2018-08-10 13:25:00,RT @_carrrriex: Saw this post on Facebook .. thought I’d share!!! Something I’ve never heard of before https://t.co/Txx0NWmttH,,FB
social,kaggle_tweets,2018-08-10 13:25:00,RT @_carrrriex: Saw this post on Facebook .. thought I’d share!!! Something I’ve never heard of before https://t.co/Txx0NWmttH,,FB
social,kaggle_tweets,2018-08-10 13:25:00,RT @_carrrriex: Saw this post on Facebook .. thought I’d share!!! Something I’ve never heard of before https://t.co/Txx0NWmttH,,FB
social,kaggle_tweets,2018-08-10 13:25:00,RT @_carrrriex: Saw this post on Facebook .. thought I’d share!!! Something I’ve never heard of before https://t.co/Txx0NWmttH,,FB
social,kaggle_tweets,2018-08-10 13:29:00,RT @MRNRadio: Ford Unveils Mustang for Cup Series story-&gt; https://t.co/oBdTIuCXn7 #AskMRN I The Voice of #NASCAR https://t.co/N6audLsmNX,,F
social,kaggle_tweets,2018-08-10 13:34:00,Sci Fi Fan? Lost in Space? Casting call bottom of article! Alberta to play Alaska for Disney dog-sled film starrin… https://t.co/TcZ564JDfl,,DIS
social,kaggle_tweets,2018-08-10 14:15:00,RT @PrisonPlanet: Confirmed: Zuckerberg personally made the decision to ban Infowars on Facebook. So did Apple CEO Tim Cook. Billionaire…,,AAPL
social,kaggle_tweets,2018-08-10 14:25:00,Apple not even in the top 2 of smartphone sales for Q2 of the year lmao Smh lol that's yall favorite phone tho,,AAPL
social,kaggle_tweets,2018-08-10 14:25:00,Facebook Accused Of Hindering Murder Investigation - The Daily Caller https://t.co/QSwpt7ANt5,,FB
social,kaggle_tweets,2018-08-10 14:35:00,"If you invested $1,000 in Amazon 10 years ago, here’s how much you’d have now - https://t.co/zJv4KgC6DL",,AMZN
social,kaggle_tweets,2018-08-10 15:08:00,RT @_xzggy: Put. Mixtapes. On. Apple. Music.,,AAPL
social,kaggle_tweets,2018-08-10 15:22:00,RT @screenrant: Disney will reportedly take over the #Avatar and #XMen franchises as they downsize 20th Century Fox after the acquisition.…,,DIS
social,kaggle_tweets,2018-08-10 15:36:00,RT @SanDhirParShFC: @8paramsingh Facebook story. https://t.co/3Wl30odqwT,,FB
social,kaggle_tweets,2018-08-10 15:41:00,RT @TheBabylonBee: Google Unveils New Slogan https://t.co/g8DOwkEXNf https://t.co/L5VGpgnK87,,GOOGL
social,kaggle_tweets,2018-08-10 15:43:00,INTERESTED! Cp. No.: 09772450545 &amp; 09390634311 EMAIL: kingofbilliards2018@yahoo.com Facebook Page: King of Billiar… https://t.co/KSKHRUVi9o,,FB
social,kaggle_tweets,2018-08-10 15:49:00,RT @IAMRockwell: @AWCanada this was in a Facebook post I read today. I think you should investigate this incident for accuracy please and m…,,FB
social,kaggle_tweets,2018-08-10 15:50:00,Apple doesn’t fall far from the tree. Jr might not want to make things worse for himself right about now.… https://t.co/K01k17eI3z,,AAPL
social,kaggle_tweets,2018-08-10 15:53:00,RT @GasMonkeyGarage: It's been a good 24 hours for Ford Mustang fans! Will the Mustang dominate in NASCAR or will it fall to the wayside?…,,F
social,kaggle_tweets,2018-08-10 15:59:00,RT @HackerHalted: Hacker Halted Security Conference Free for Women through IBM Security Scholarship #HHEthicalHackersGuide https://t.co/AOq…,,IBM
social,kaggle_tweets,2018-08-10 16:06:00,RT @reurope_stock: New York: Michael Kors Holdings $NYSE:KORS Stock Has Just Had Its Neutral Rating Reiterated by Citigroup. Shares now Hav…,,C
social,kaggle_tweets,2018-08-10 16:06:00,RT @YahooFinance: Federal Reserve fines Citigroup $8.6 million for faulty mortgage document practices https://t.co/hxlEwEAQBV https://t.co/…,,C
social,kaggle_tweets,2018-08-10 16:26:00,"RT @pheebswelshh: It’s confirmed all Disney princesses are gay, literally none of them can sit on a chair correctly https://t.co/H4qnaojdKR",,DIS
social,kaggle_tweets,2018-08-10 16:28:00,RT @adamjohnsonNYC: we know capitalism works because Apple and Amazon together are worth $276 billion more than the GDP of all of sub-Sahar…,,AMZN
social,kaggle_tweets,2018-08-10 16:41:00,RT @StrrawberryAnna: when are you gonna share Epiphany on Facebook to BTS' 7 Million followers @BigHitEnt its the basics of online promotin…,,FB
social,kaggle_tweets,2018-08-10 16:43:00,WHY THE BIGGEST POTENTIAL OF VIRTUAL REALITY IS CRYSTALLISED IN B2B Following the recent acquisition by Google of… https://t.co/3WOuxRZ6OK,,GOOGL
social,kaggle_tweets,2018-08-10 16:44:00,How much money will Google earn from launching Fortnite outside of Google Play? https://t.co/4lY5z4WTpp https://t.co/GHjpj6xowB,,GOOGL
social,kaggle_tweets,2018-08-10 16:55:00,"RT @LuciferBob: With all the love and attention the Disney Princess are getting, there's definitely going to be surge in Princess cosplays.…",,DIS
social,kaggle_tweets,2018-08-10 16:55:00,"RT @LuciferBob: With all the love and attention the Disney Princess are getting, there's definitely going to be surge in Princess cosplays.…",,DIS
social,kaggle_tweets,2018-08-10 17:01:00,RT @davidsirota: Amazon has now raked in more than $1.5 billion in taxpayer subsidies https://t.co/Q6h2kgzCbJ,,AMZN
social,kaggle_tweets,2018-08-10 17:21:00,Is Apple really your privacy hero? https://t.co/jX8wZLTLAC via @BW,,AAPL
social,kaggle_tweets,2018-08-10 17:27:00,"RT @cioccolanti: In congressional hearing, Facebook CEO Mark Zuckerberg was asked can you define hate speech? He said that's a very difficu…",,FB
social,kaggle_tweets,2018-08-10 17:44:00,RT @nathanielsmith5: Once you spend your social capital in censorship and lies market capitalism will turn Facebook and Google stocks to ze…,,GOOGL
social,kaggle_tweets,2018-08-10 17:52:00,"RT @MacRumors: Apple Music Launches New Classical Music Section Curated by Deutsche Grammophon, Including Full-Length Operas https://t.co/4…",,AAPL
social,kaggle_tweets,2018-08-10 18:15:00,"RT @nwinograd: It appears that the Long Beach CA Mayor has been hiding Facebook comments critical of his handling of the pound, actions tha…",,FB
social,kaggle_tweets,2018-08-10 18:34:00,"50% off #udemy #course #coupon Facebook Social Media #Sales Success How to Use Social Sites, like #Facebook,… https://t.co/DH7VFHj4iP",,FB
social,kaggle_tweets,2018-08-10 18:44:00,RT @bretmanrock: It’s been two years and I still think about the guy that asked me for my number when I was at Walmart.... he was so cute…,,WMT
social,kaggle_tweets,2018-08-10 18:47:00,"Database Security Market Is Thriving Worldwide | IBM, Trustwave, Thales E-Security, Mcafee, Fortinet https://t.co/0lUY3206JY",,IBM
social,kaggle_tweets,2018-08-10 19:00:00,"RT @SenSanders: While Jeff Bezos spends $12 million renovating his 5th mansion, this Amazon employee is forced to live out of her car. http…",,AMZN
social,kaggle_tweets,2018-08-10 19:01:00,"RT @satoshiuncle_: Despite Spending $160 Million a Year, IBM Blockchain is Still Lacking Adoption https://t.co/Ab9p3A6OT5 #satoshiuncle #cr…",,IBM
social,kaggle_tweets,2018-08-10 19:14:00,Facebook won't let me share this link regarding #Pedogate #Government #politicalpedo #PeachesGeldof #PaulaYates dea… https://t.co/IskR393ONX,,FB
social,kaggle_tweets,2018-08-10 19:17:00,RT @kicksonfire: The Nike Air Foamposite Pro Sequoia Is Ready For Fall - https://t.co/maw1Y8U6Vt https://t.co/Ock93qyPSU,,NKE
social,kaggle_tweets,2018-08-10 19:34:00,"@crypto_bobby @fintechfrank Good for $xlm , first ibm ,now Facebook. Well done #stellar #ste, gotta load up on… https://t.co/a9pUaXyR9I",,FB
social,kaggle_tweets,2018-08-10 19:45:00,Apple drops to third place: Top 5 global smartphone makers in Q2 https://t.co/khPVnjWArD https://t.co/tBl9wa7txd,,AAPL
social,kaggle_tweets,2018-08-10 19:46:00,New Privacy Issues for Amazon - https://t.co/eOCM2SmyHx https://t.co/ZuNubqi2iq,,AMZN
social,kaggle_tweets,2018-08-10 20:04:00,RT @kennedybreann_: Biggest debate I have with anyone.. help a sister out 😅 RT for Spotify Premium Like for Apple Music,,AAPL
social,kaggle_tweets,2018-08-10 20:24:00,"Amazon Enters Primary Care Market, Opening ‘Pilot’ Clinic for Staff https://t.co/Ujx2Jlaywr",,AMZN
social,kaggle_tweets,2018-08-10 20:25:00,Adobe Lightroom’s Hidden Tips and Tricks with Fujifilm X Shooter Andrew for $29 Only (Limited Time Deal) https://t.co/2HJt9cnDnp,,ADBE
social,kaggle_tweets,2018-08-10 20:40:00,“Let others succeed”: Google CEO Sundar Pichai’s simple but effective leadership style https://t.co/j7oH6edMVZ,,GOOGL
social,kaggle_tweets,2018-08-11 07:05:00,"Waymo, formerly the Google Car project, is almost ten years old. After more than 8 million self-driving miles, Waym… https://t.co/io18NFfp9r",,GOOGL
social,kaggle_tweets,2018-08-11 07:05:00,"Facebook launches Mentorships, matching people within Groups to help them guide each other - https://t.co/Awlfdrra9C https://t.co/jh3gaZvutt",,FB
social,kaggle_tweets,2018-08-11 07:12:00,RT @Pinboard: One thing Facebook and Twitter share in common is that they have socialized the high costs of a tech bro's journey of philoso…,,FB
social,kaggle_tweets,2018-08-11 07:17:00,"Life hack of the day. Like our Facebook page, visit https://t.co/mQpgOATCeG #lifehacks https://t.co/TGuOHgWJRa",,FB
social,kaggle_tweets,2018-08-11 07:26:00,"RT @moni_queenx3: Quit being a fucking scammer, if you’re not asking for my damn PayPal, Venmo, Apple Pay, or pay circle, get the fuck out…",,AAPL
social,kaggle_tweets,2018-08-11 07:40:00,RT @FXMC1957: 11 August 1968. The Beatles launched their own record label: Apple. The first single release was Hey Jude. https://t.co/ZdrEx…,,AAPL
social,kaggle_tweets,2018-08-11 08:13:00,RT @clashosvagah: 96k in my PayPal account balance rt if you want a share for being Pretty 👸 #Sugardaddy #Findom,,PYPL
social,kaggle_tweets,2018-08-11 08:13:00,RT @clashosvagah: 96k in my PayPal account balance rt if you want a share for being Pretty 👸 #Sugardaddy #Findom,,PYPL
social,kaggle_tweets,2018-08-11 08:17:00,"RT @mandipie4u: Throughout August you can pick up the Tide Bonus Pack in Walmart stores, which gives shoppers up 25% more Tide for the same…",,WMT
social,kaggle_tweets,2018-08-11 08:25:00,"RT @SneakerNews: Nike Kyrie 4 ""Cereal Pack"" drops in 15 minutes on Foot Locker and Nike SNKRS https://t.co/khv3fYFhZt https://t.co/vIZYKIGJ…",,NKE
social,kaggle_tweets,2018-08-11 09:04:00,The Microsoft City and County Intentional Wrongdoing and Breach of Contract on Office of Management and Budget and… https://t.co/vtmmLnkmBf,,MSFT
social,kaggle_tweets,2018-08-11 09:14:00,Nike Kyrie 4 Kix Cereal Pack Size 9.5 New https://t.co/Zmz0E5HuNY,,NKE
social,kaggle_tweets,2018-08-11 09:30:00,2019 MAZDA CX-9 launched with Android Auto and Apple CarPlay support Read more ➠ https://t.co/aAh3zvzXvf #CarPlay… https://t.co/KEZhY6yYd5,,AAPL
social,kaggle_tweets,2018-08-11 09:48:00,"RT @inabster: @Acer @Google @xdadevelopers @meNabster As exhibit - Another day, another claim of antitrust bullying against Google https://…",,GOOGL
social,kaggle_tweets,2018-08-11 10:02:00,@WadeBrewer7 @cstclutch Apple technology https://t.co/VKFu9YUD1J,,AAPL
social,kaggle_tweets,2018-08-11 10:11:00,"Risk more than others think is safe. Dream more than others think is practical. - Howard Schultz, CEO of Starbucks. #quote",,SBUX
social,kaggle_tweets,2018-08-11 10:22:00,RT @0HunnyPot: The CEO w a big heart. Congratulations Meng and happy anniversary on your McDonald's! You are such an inspiration to many. Y…,,MCD
social,kaggle_tweets,2018-08-11 10:22:00,RT @0HunnyPot: The CEO w a big heart. Congratulations Meng and happy anniversary on your McDonald's! You are such an inspiration to many. Y…,,MCD
social,kaggle_tweets,2018-08-11 10:25:00,"*sittin at home, minding my own business* My brain: ""Let's go to Starbucks"" Me: ""Why, we're poor"" ""I'm thirsty""",,SBUX
social,kaggle_tweets,2018-08-11 10:32:00,RT @chuckwoolery: CENSORSHIP: Microsoft Threatens to Drop Gab Hosting Over ‘Hate Speech’ https://t.co/zo8YkJ872G https://t.co/0YAzdxzLLa,,MSFT
social,kaggle_tweets,2018-08-11 11:00:00,Boeing Co $BA Shareholder Lawson Kroeker Investment Management Lowered Stake; Awm Investment Company Has Trimmed It… https://t.co/EBhavort8v,,BA
social,kaggle_tweets,2018-08-11 11:05:00,ICYMI: Facebook stock made a 'textbook bullish reversal' https://t.co/egtIv5kPUw https://t.co/OzoPu1c5bM,,FB
social,kaggle_tweets,2018-08-11 11:34:00,Instagram ad spend growth trounces Facebook in wake of privacy concerns https://t.co/WuuAfZFm4f,,FB
social,kaggle_tweets,2018-08-11 12:09:00,"Cardi been pregnant and quiet last few months, Nicki dropped today and they got the same number of songs in Apple t… https://t.co/w9H9hIQvZ7",,AAPL
social,kaggle_tweets,2018-08-11 12:12:00,RT @c_strickl3r: Life hack: rent college textbooks on Amazon,,AMZN
social,kaggle_tweets,2018-08-11 12:23:00,"RT @trivia_imdb: In Patriot Games, Harrison Ford plays Jack Ryan a CIA analyst and professor of history at the Naval Academy. This is clear…",,F
social,kaggle_tweets,2018-08-11 12:40:00,Openbook is the latest dream of a digital life beyond Facebook https://t.co/TNQjdtJUqx https://t.co/fBtngXtXe7,,FB
social,kaggle_tweets,2018-08-11 12:42:00,RT @BmoreTrell: Is Robert Mueller Running Out Of Time In The Russia Investigation? https://t.co/IuFOD3ZfJM Shared from my Google feed,,GOOGL
social,kaggle_tweets,2018-08-11 12:46:00,Trump says he will have dinner with Apple CEO Cook on Friday https://t.co/jQFmwEVYkl #india #indiabiz,,AAPL
social,kaggle_tweets,2018-08-11 12:58:00,"RT @NorbertElekes: Market cap of Apple, last 10 years 2008: $126 billion 2010: $212 billion 2012: $520 billion 2014: $550 billion 2016: $5…",,AAPL
social,kaggle_tweets,2018-08-11 12:59:00,RT @johnmcdonnellMP: First how about Tories tackling tax avoidance. Amazon paid just €16.5m in tax on European revenues of €21.6bn (£19.5bn…,,AMZN
social,kaggle_tweets,2018-08-11 12:59:00,RT @johnmcdonnellMP: First how about Tories tackling tax avoidance. Amazon paid just €16.5m in tax on European revenues of €21.6bn (£19.5bn…,,AMZN
social,kaggle_tweets,2018-08-11 13:07:00,RT @MegCannonWMS: Finally!! An answer for inserting audio in Google Slides! Music to my ears (literally). https://t.co/ltMmXEYhXD,,GOOGL
social,kaggle_tweets,2018-08-11 13:18:00,"RT @666bitchcraft: ""I wanna die"" Facebook: that's selfish 😡😡 ""I wanna die"" Instagram: please don't think like that😖😖 you're loved 🙌😍 did…",,FB
social,kaggle_tweets,2018-08-11 13:18:00,"RT @666bitchcraft: ""I wanna die"" Facebook: that's selfish 😡😡 ""I wanna die"" Instagram: please don't think like that😖😖 you're loved 🙌😍 did…",,FB
social,kaggle_tweets,2018-08-11 13:25:00,RT @_carrrriex: Saw this post on Facebook .. thought I’d share!!! Something I’ve never heard of before https://t.co/Txx0NWmttH,,FB
social,kaggle_tweets,2018-08-11 13:25:00,RT @_carrrriex: Saw this post on Facebook .. thought I’d share!!! Something I’ve never heard of before https://t.co/Txx0NWmttH,,FB
social,kaggle_tweets,2018-08-11 13:25:00,RT @_carrrriex: Saw this post on Facebook .. thought I’d share!!! Something I’ve never heard of before https://t.co/Txx0NWmttH,,FB
social,kaggle_tweets,2018-08-11 13:25:00,RT @_carrrriex: Saw this post on Facebook .. thought I’d share!!! Something I’ve never heard of before https://t.co/Txx0NWmttH,,FB
social,kaggle_tweets,2018-08-11 13:25:00,RT @_carrrriex: Saw this post on Facebook .. thought I’d share!!! Something I’ve never heard of before https://t.co/Txx0NWmttH,,FB
social,kaggle_tweets,2018-08-11 13:25:00,RT @_carrrriex: Saw this post on Facebook .. thought I’d share!!! Something I’ve never heard of before https://t.co/Txx0NWmttH,,FB
social,kaggle_tweets,2018-08-11 13:25:00,RT @_carrrriex: Saw this post on Facebook .. thought I’d share!!! Something I’ve never heard of before https://t.co/Txx0NWmttH,,FB
social,kaggle_tweets,2018-08-11 13:25:00,RT @_carrrriex: Saw this post on Facebook .. thought I’d share!!! Something I’ve never heard of before https://t.co/Txx0NWmttH,,FB
social,kaggle_tweets,2018-08-11 13:25:00,RT @_carrrriex: Saw this post on Facebook .. thought I’d share!!! Something I’ve never heard of before https://t.co/Txx0NWmttH,,FB
social,kaggle_tweets,2018-08-11 13:25:00,RT @_carrrriex: Saw this post on Facebook .. thought I’d share!!! Something I’ve never heard of before https://t.co/Txx0NWmttH,,FB
social,kaggle_tweets,2018-08-11 13:25:00,RT @_carrrriex: Saw this post on Facebook .. thought I’d share!!! Something I’ve never heard of before https://t.co/Txx0NWmttH,,FB
social,kaggle_tweets,2018-08-11 13:25:00,RT @_carrrriex: Saw this post on Facebook .. thought I’d share!!! Something I’ve never heard of before https://t.co/Txx0NWmttH,,FB
social,kaggle_tweets,2018-08-11 13:25:00,RT @_carrrriex: Saw this post on Facebook .. thought I’d share!!! Something I’ve never heard of before https://t.co/Txx0NWmttH,,FB
social,kaggle_tweets,2018-08-11 13:25:00,RT @_carrrriex: Saw this post on Facebook .. thought I’d share!!! Something I’ve never heard of before https://t.co/Txx0NWmttH,,FB
social,kaggle_tweets,2018-08-11 13:49:00,RT @CardiBTeam: Make sure you guys go DOWNLOAD and STREAM @iamcardib album #InvasionOfPrivacy! • Apple Music: https://t.co/HImbxvNxi5 •…,,AAPL
social,kaggle_tweets,2018-08-11 13:51:00,"RT @RachelNotley: Looking forward to seeing the Amazon fulfillment centre in Balzac opening - they currently have 1,000 jobs open. Alberta…",,AMZN
social,kaggle_tweets,2018-08-11 13:54:00,I dropped my Apple Watch in a lake a month or so ago (RIP) and I still get phantom buzzes on my wrist.,,AAPL
social,kaggle_tweets,2018-08-11 14:15:00,RT @PrisonPlanet: Confirmed: Zuckerberg personally made the decision to ban Infowars on Facebook. So did Apple CEO Tim Cook. Billionaire…,,AAPL
social,kaggle_tweets,2018-08-11 14:15:00,RT @PrisonPlanet: Confirmed: Zuckerberg personally made the decision to ban Infowars on Facebook. So did Apple CEO Tim Cook. Billionaire…,,AAPL
social,kaggle_tweets,2018-08-11 14:15:00,RT @PrisonPlanet: Confirmed: Zuckerberg personally made the decision to ban Infowars on Facebook. So did Apple CEO Tim Cook. Billionaire…,,AAPL
social,kaggle_tweets,2018-08-11 14:15:00,RT @PrisonPlanet: Confirmed: Zuckerberg personally made the decision to ban Infowars on Facebook. So did Apple CEO Tim Cook. Billionaire…,,AAPL
social,kaggle_tweets,2018-08-11 14:15:00,RT @PrisonPlanet: Confirmed: Zuckerberg personally made the decision to ban Infowars on Facebook. So did Apple CEO Tim Cook. Billionaire…,,AAPL
social,kaggle_tweets,2018-08-11 14:51:00,No. 22 Ford Mustang is in another zip code. Can Cindric seal the deal? https://t.co/uS96cVtxWr #NASCAR #RockNRoll170,,F
social,kaggle_tweets,2018-08-11 15:27:00,"RT @TheTrumpLady: IF ANYBODY COULD DO THIS RIGHT...It Would Be Kim Dotcom! Drops Bombshell on Twitter, Facebook: 'Your Days Are Numbered'.…",,FB
social,kaggle_tweets,2018-08-11 15:27:00,"RT @TheTrumpLady: IF ANYBODY COULD DO THIS RIGHT...It Would Be Kim Dotcom! Drops Bombshell on Twitter, Facebook: 'Your Days Are Numbered'.…",,FB
social,kaggle_tweets,2018-08-11 15:27:00,"RT @TheTrumpLady: IF ANYBODY COULD DO THIS RIGHT...It Would Be Kim Dotcom! Drops Bombshell on Twitter, Facebook: 'Your Days Are Numbered'.…",,FB
social,kaggle_tweets,2018-08-11 15:42:00,RT @WendyWiIIiam: Febreeze is on sale at Walmart this week... https://t.co/CAo9BvfqNy,,WMT
social,kaggle_tweets,2018-08-11 15:44:00,"I'm at Starbucks in Boston, MA https://t.co/Yu05GO9CFz",,SBUX
social,kaggle_tweets,2018-08-11 15:54:00,It’s mid August and My Starbucks already has the holiday flavors in the stock room????,,SBUX
social,kaggle_tweets,2018-08-11 16:02:00,RT @joe_cressy: It was the Ford brothers that literally cancelled the 7-stop Scarborough LRT that was scheduled to open next year...in 2019…,,F
social,kaggle_tweets,2018-08-11 16:26:00,"RT @pheebswelshh: It’s confirmed all Disney princesses are gay, literally none of them can sit on a chair correctly https://t.co/H4qnaojdKR",,DIS
social,kaggle_tweets,2018-08-11 16:26:00,"RT @pheebswelshh: It’s confirmed all Disney princesses are gay, literally none of them can sit on a chair correctly https://t.co/H4qnaojdKR",,DIS
social,kaggle_tweets,2018-08-11 16:26:00,"RT @pheebswelshh: It’s confirmed all Disney princesses are gay, literally none of them can sit on a chair correctly https://t.co/H4qnaojdKR",,DIS
social,kaggle_tweets,2018-08-11 16:55:00,"RT @LuciferBob: With all the love and attention the Disney Princess are getting, there's definitely going to be surge in Princess cosplays.…",,DIS
social,kaggle_tweets,2018-08-11 16:55:00,"RT @LuciferBob: With all the love and attention the Disney Princess are getting, there's definitely going to be surge in Princess cosplays.…",,DIS
social,kaggle_tweets,2018-08-11 17:08:00,"RT @EdKrassen: The Chairman of the House Intel Committee, who is in charge of investigating Trump, just told his constituents that his job…",,INTC
social,kaggle_tweets,2018-08-11 17:08:00,"RT @EdKrassen: The Chairman of the House Intel Committee, who is in charge of investigating Trump, just told his constituents that his job…",,INTC
social,kaggle_tweets,2018-08-11 17:13:00,#THAILAND #INVESTMENT #VISA ( IM ) The Non-Outsider IM Visa (speculation visa) can be connected More Info -… https://t.co/LWHFrW0acA,,V
social,kaggle_tweets,2018-08-11 17:19:00,"I'm selling my Nike Air Jordan Retro 4 for PHP 6,000 https://t.co/swzs6sfZLJ #carousell @thecarousell",,NKE
social,kaggle_tweets,2018-08-11 17:32:00,@SaiyaKaizoku As I recall that was a Disney Movie Club combo pack wasn't it? Those are random with codes.,,DIS
social,kaggle_tweets,2018-08-11 17:38:00,"@droptopwop31 @robynayanna @uktiing What’s mean is you burning our eyes with that ugly avi. Google is your friend, MJ is innocent",,GOOGL
social,kaggle_tweets,2018-08-11 17:56:00,"RT @caralertsdaily: How GM's Silverado, Sierra will take on the Ford F-150 profit machine https://t.co/2EOndZixI3 #Ford",,F
social,kaggle_tweets,2018-08-11 18:12:00,I posted a new video to Facebook https://t.co/nn0haRz47k,,FB
social,kaggle_tweets,2018-08-11 18:17:00,"Schmidt P J Investment Management Position in Disney Walt Co Disney $DIS Has Increased by $340,500; Clarivest Asset… https://t.co/IQ39qkHNfw",,DIS
social,kaggle_tweets,2018-08-11 18:34:00,"RT @IconicNephilim: Cindy from Netflix is up to something. Let’s be hopeful, but not too much. We were invested with Distant Cousin Constan…",,NFLX
social,kaggle_tweets,2018-08-11 18:46:00,RT @IAmHaiderAsad: No Facebook Account. 💝 No Twitter Account.💝 But He have 1.7 Billion Followers.💝 Recite Durood And Rt This. 💕💞💟💓💝 #SayNo…,,FB
social,kaggle_tweets,2018-08-11 19:32:00,"RT @okdeppi: Heya! My name's Debbie, an artist based in the LA area currently working at Disney TVA as a color stylist. I love soft, warm s…",,DIS
social,kaggle_tweets,2018-08-11 20:04:00,RT @kennedybreann_: Biggest debate I have with anyone.. help a sister out 😅 RT for Spotify Premium Like for Apple Music,,AAPL
social,kaggle_tweets,2018-08-11 20:07:00,@TTTEguy1984 This image is literally just a Facebook photo screencap. Stop. Taking. Peoples. Photos. Off. Face… https://t.co/DShJxG4lvc,,FB
social,kaggle_tweets,2018-08-11 20:38:00,"RT @yzy350v2: Nike Kyrie 4 ""Cereal Pack"" releasing on SNKRS this Saturday, August 11 for $120 --&gt; https://t.co/rIwPrQ2XWr https://t.co/Jky0…",,NKE
social,kaggle_tweets,2018-08-11 20:49:00,Google Rankings Dropped? 🙀 Oh no. Discover How to Evaluate with Raters Guidelines via martinibuster.… https://t.co/zcnhmgSP3Y,,GOOGL
social,kaggle_tweets,2018-08-12 07:12:00,Join WPGC &amp; Shack ND Pack Tomorrow from 11am to 1pm for the Comcast Fall Rush Tour at 2350 Washington Place NE Su… https://t.co/al6kbB8RFB,,CMCSA
social,kaggle_tweets,2018-08-12 08:48:00,"RT @LauraLoomer: Facebook just UNPUBLISHED my page. Less than 24 hrs ago, I confronted 2 Jihadi candidates for Congress. I use my Faceboo…",,FB
social,kaggle_tweets,2018-08-12 09:07:00,"RT @ani_nomso: Wizkid has recently signed a deal with Ciroc, appeared on Nike Ad with several Football stars &amp; legends, opened a StarBoy Po…",,NKE
social,kaggle_tweets,2018-08-12 09:26:00,"""Report: UK's advertising regulator to rule that Amazon Prime's ""unlimited one-day delivery"" claims are misleading… https://t.co/BvPw2oNGej",,AMZN
social,kaggle_tweets,2018-08-12 09:35:00,#amazon #deals #sale Amazon Deal – Zinus Upholstered Scalloped Button Tufted Platform Bed with Wooden Slat Support/… https://t.co/m35kx6jBCM,,AMZN
social,kaggle_tweets,2018-08-12 09:46:00,@amitbhawani @phoneradarblog Interesting products sir mostly I like Amazon EchoSpot😅,,AMZN
social,kaggle_tweets,2018-08-12 09:48:00,"RT @MatthewNorth369: “But two industry players stood out on the schedule: Alphabet’s Google and Peter Thiel, the billionaire venture capita…",,GOOGL
social,kaggle_tweets,2018-08-12 10:26:00,"RT @bamprofits: Nike Air More Money ""Trust Fund Baby"" Uptempo Pippen Black AJ2998-002 Size 8 https://t.co/TOC4CAZVqi https://t.co/sLyDxQTyQc",,NKE
social,kaggle_tweets,2018-08-12 10:31:00,$GOOG - Google Woos Partners for Potential China Expansion https://t.co/2SYHD3zSX0,,GOOGL
social,kaggle_tweets,2018-08-12 10:33:00,RT @REGINADELAGARZ3: Quiero un Apple Watch,,AAPL
social,kaggle_tweets,2018-08-12 10:44:00,RT @Objective_Neo: When you have to give 30% of your revenues to Apple https://t.co/CJXMBu13kD,,AAPL
social,kaggle_tweets,2018-08-12 10:47:00,RT @avessel_: Netflix movie thread🎥: since all I do is watch Netflix let me put y’all on some good movies!!🤪🤪,,NFLX
social,kaggle_tweets,2018-08-12 11:03:00,"RT @TheUndefeated: This week, five people were charged in New York with trafficking $73 million worth of fake Nike Air Jordan shoes. https:…",,NKE
social,kaggle_tweets,2018-08-12 11:09:00,"RT @GeorgeSzamuely: So Facebook donates millions to the Atlantic Council, NATO's propaganda arm, which, in turn, gives Facebook its marchin…",,FB
social,kaggle_tweets,2018-08-12 11:55:00,RT @driveholic: Join https://t.co/zNJcMpY8Bl to read more - Ford builds its 10 millionth Mustang #auto #car #driveholic https://t.co/vBnox…,,F
social,kaggle_tweets,2018-08-12 11:56:00,"@PaulMartin905 @MartianOrthodox @ebohlman A Facebook without ads is a Facebook without revenue, so it's not a busin… https://t.co/97jENWb4vD",,FB
social,kaggle_tweets,2018-08-12 12:03:00,"RT @JamieJBartlett: Remember when, in 2012, Facebook let its users vote on policy changes? A pretty bold experiment that was swiftly droppe…",,FB
social,kaggle_tweets,2018-08-12 12:04:00,The Walt Disney Company: Have Disney strike Star Wars Episode VIII from the official canon. - ¡Firma la petición!… https://t.co/2YWnLHoKg7,,DIS
social,kaggle_tweets,2018-08-12 12:09:00,RT @EXOGlobal: [OFFICIAL] 180812 MM2 Entertainment Malaysia Facebook Update with Lay &lt;Greeting &amp; 'The Island' Movie Trailer&gt; https://t.co/Z…,,FB
social,kaggle_tweets,2018-08-12 12:10:00,"RT @mclynd: IBM has approximately 1,600 people working on #Blockchain and spending $160Million a year according to Digital Currency Group’s…",,IBM
social,kaggle_tweets,2018-08-12 12:11:00,RT @Cocoa_Bean10: 😈Trump had dinner W Apple CEO Cook on Friday: READ AS FOLLOWS👉🏻Yo Cook!WTF is going on with the censorship? You’re making…,,AAPL
social,kaggle_tweets,2018-08-12 12:18:00,"RT @EarthDesires: On Amazon: Billionaire Auction (The Billionaire Club B... by by Brynn Paulin, Tia Fanning. Contemporary Romance https://t…",,AMZN
social,kaggle_tweets,2018-08-12 12:30:00,Lawsuit: Nike Accused of Gender Discrimination by Ex-Female Employees #Beitbart #News #Trump #conservative https://t.co/jDhmJfDKJS,,NKE
social,kaggle_tweets,2018-08-12 12:44:00,Facebook enabling evil again..please circulate.,,FB
social,kaggle_tweets,2018-08-12 13:00:00,Mon Facebook 😭,,FB
social,kaggle_tweets,2018-08-12 13:16:00,I posted a new video to Facebook https://t.co/ss1VIOuipO,,FB
social,kaggle_tweets,2018-08-12 13:16:00,"RT @aencoin: Aenco Co-founder @DarrenLui1 was live-stream interviewed on Facebook by Joe Blackburn, the founder and CEO of @CryptoCoinTrdr…",,FB
social,kaggle_tweets,2018-08-12 13:17:00,RT @LandonOLeary: Saw this on Facebook! 😂 https://t.co/lrXkk1pBJL,,FB
social,kaggle_tweets,2018-08-12 13:25:00,RT @_carrrriex: Saw this post on Facebook .. thought I’d share!!! Something I’ve never heard of before https://t.co/Txx0NWmttH,,FB
social,kaggle_tweets,2018-08-12 13:25:00,RT @_carrrriex: Saw this post on Facebook .. thought I’d share!!! Something I’ve never heard of before https://t.co/Txx0NWmttH,,FB
social,kaggle_tweets,2018-08-12 13:25:00,RT @_carrrriex: Saw this post on Facebook .. thought I’d share!!! Something I’ve never heard of before https://t.co/Txx0NWmttH,,FB
social,kaggle_tweets,2018-08-12 13:25:00,RT @_carrrriex: Saw this post on Facebook .. thought I’d share!!! Something I’ve never heard of before https://t.co/Txx0NWmttH,,FB
social,kaggle_tweets,2018-08-12 13:25:00,RT @_carrrriex: Saw this post on Facebook .. thought I’d share!!! Something I’ve never heard of before https://t.co/Txx0NWmttH,,FB
social,kaggle_tweets,2018-08-12 13:25:00,RT @_carrrriex: Saw this post on Facebook .. thought I’d share!!! Something I’ve never heard of before https://t.co/Txx0NWmttH,,FB
social,kaggle_tweets,2018-08-12 13:25:00,RT @_carrrriex: Saw this post on Facebook .. thought I’d share!!! Something I’ve never heard of before https://t.co/Txx0NWmttH,,FB
social,kaggle_tweets,2018-08-12 13:25:00,RT @_carrrriex: Saw this post on Facebook .. thought I’d share!!! Something I’ve never heard of before https://t.co/Txx0NWmttH,,FB
social,kaggle_tweets,2018-08-12 13:25:00,RT @_carrrriex: Saw this post on Facebook .. thought I’d share!!! Something I’ve never heard of before https://t.co/Txx0NWmttH,,FB
social,kaggle_tweets,2018-08-12 13:25:00,RT @_carrrriex: Saw this post on Facebook .. thought I’d share!!! Something I’ve never heard of before https://t.co/Txx0NWmttH,,FB
social,kaggle_tweets,2018-08-12 13:25:00,RT @_carrrriex: Saw this post on Facebook .. thought I’d share!!! Something I’ve never heard of before https://t.co/Txx0NWmttH,,FB
social,kaggle_tweets,2018-08-12 13:25:00,RT @_carrrriex: Saw this post on Facebook .. thought I’d share!!! Something I’ve never heard of before https://t.co/Txx0NWmttH,,FB
social,kaggle_tweets,2018-08-12 13:25:00,RT @_carrrriex: Saw this post on Facebook .. thought I’d share!!! Something I’ve never heard of before https://t.co/Txx0NWmttH,,FB
social,kaggle_tweets,2018-08-12 13:25:00,RT @_carrrriex: Saw this post on Facebook .. thought I’d share!!! Something I’ve never heard of before https://t.co/Txx0NWmttH,,FB
social,kaggle_tweets,2018-08-12 13:25:00,RT @_carrrriex: Saw this post on Facebook .. thought I’d share!!! Something I’ve never heard of before https://t.co/Txx0NWmttH,,FB
social,kaggle_tweets,2018-08-12 13:25:00,RT @_carrrriex: Saw this post on Facebook .. thought I’d share!!! Something I’ve never heard of before https://t.co/Txx0NWmttH,,FB
social,kaggle_tweets,2018-08-12 13:25:00,RT @_carrrriex: Saw this post on Facebook .. thought I’d share!!! Something I’ve never heard of before https://t.co/Txx0NWmttH,,FB
social,kaggle_tweets,2018-08-12 13:25:00,RT @_carrrriex: Saw this post on Facebook .. thought I’d share!!! Something I’ve never heard of before https://t.co/Txx0NWmttH,,FB
social,kaggle_tweets,2018-08-12 13:25:00,RT @_carrrriex: Saw this post on Facebook .. thought I’d share!!! Something I’ve never heard of before https://t.co/Txx0NWmttH,,FB
social,kaggle_tweets,2018-08-12 13:25:00,RT @_carrrriex: Saw this post on Facebook .. thought I’d share!!! Something I’ve never heard of before https://t.co/Txx0NWmttH,,FB
social,kaggle_tweets,2018-08-12 13:25:00,RT @_carrrriex: Saw this post on Facebook .. thought I’d share!!! Something I’ve never heard of before https://t.co/Txx0NWmttH,,FB
social,kaggle_tweets,2018-08-12 13:25:00,RT @_carrrriex: Saw this post on Facebook .. thought I’d share!!! Something I’ve never heard of before https://t.co/Txx0NWmttH,,FB
social,kaggle_tweets,2018-08-12 13:25:00,RT @_carrrriex: Saw this post on Facebook .. thought I’d share!!! Something I’ve never heard of before https://t.co/Txx0NWmttH,,FB
social,kaggle_tweets,2018-08-12 13:25:00,RT @_carrrriex: Saw this post on Facebook .. thought I’d share!!! Something I’ve never heard of before https://t.co/Txx0NWmttH,,FB
social,kaggle_tweets,2018-08-12 13:25:00,RT @_carrrriex: Saw this post on Facebook .. thought I’d share!!! Something I’ve never heard of before https://t.co/Txx0NWmttH,,FB
social,kaggle_tweets,2018-08-12 13:25:00,RT @_carrrriex: Saw this post on Facebook .. thought I’d share!!! Something I’ve never heard of before https://t.co/Txx0NWmttH,,FB
social,kaggle_tweets,2018-08-12 13:34:00,Nike SB Blazer Low Releases In Fall Ready “Yellow Ochre” https://t.co/SjO5X1A1Xd https://t.co/7oDr5VJViM,,NKE
social,kaggle_tweets,2018-08-12 13:38:00,RT @FoxBusiness: Ford celebrates its 10 millionth Mustang. https://t.co/jKE2XY5bbM,,F
social,kaggle_tweets,2018-08-12 13:56:00,Ralph Nader On What He Thinks Apple Should Do With Its Excess Billions: The longtime… https://t.co/tJ0GkfyKRq,,AAPL
social,kaggle_tweets,2018-08-12 14:16:00,Why I&amp;apos;m Worried About Ford Motor Company’s 6% Dividend https://t.co/c59gn7bIDJ,,F
social,kaggle_tweets,2018-08-12 14:40:00,"RT @yabaleftonline: Meet this 14-year-old who works for Google, earns over ₦450 million annually (Photos) » https://t.co/jeEBdsABOE",,GOOGL
social,kaggle_tweets,2018-08-12 14:42:00,"@YukioX86 Netflix, tacos and another tacos",,NFLX
social,kaggle_tweets,2018-08-12 14:45:00,RT @BigotedVsBigots: You can learn more about GOLDIE on Facebook and share her story there as well: https://t.co/lGgdpxN0TQ Must exit ACCT…,,FB
social,kaggle_tweets,2018-08-12 14:46:00,An Oracle insider explains how some salespeople gamed the system to sell more cloud (ORCL) https://t.co/KbgriyFUum,,ORCL
social,kaggle_tweets,2018-08-12 14:58:00,Amazon #PrimeDay 2018 was one for the dogs – and the record books! See how advertisers fared on this fast and fur… https://t.co/abyjSXvRQQ,,AMZN
social,kaggle_tweets,2018-08-12 15:07:00,RT @business: JPMorgan says Trump may sell dollars as weapon in U.S. trade war https://t.co/RRBh29a9PJ,,JPM
social,kaggle_tweets,2018-08-12 15:13:00,Reddit: Let's talk about Google Medic Core Algorithm Update via /r/SEO Share your Views :) https://t.co/jNdetglA1V,,GOOGL
social,kaggle_tweets,2018-08-12 15:18:00,RT @SneakerNews: Would these be one of the best Off-White x Nike drops yet? https://t.co/9xkWoaBFsl https://t.co/PKb0CVLjhn,,NKE
social,kaggle_tweets,2018-08-12 15:27:00,"RT @TheTrumpLady: IF ANYBODY COULD DO THIS RIGHT...It Would Be Kim Dotcom! Drops Bombshell on Twitter, Facebook: 'Your Days Are Numbered'.…",,FB
social,kaggle_tweets,2018-08-12 15:31:00,I posted a new video to Facebook https://t.co/OzaihMG8XJ,,FB
social,kaggle_tweets,2018-08-12 16:02:00,RT @joe_cressy: It was the Ford brothers that literally cancelled the 7-stop Scarborough LRT that was scheduled to open next year...in 2019…,,F
social,kaggle_tweets,2018-08-12 16:26:00,RT @NOFSpodcast: Amazon Studios Drops Sensual New SUSPIRIA Photo https://t.co/fZ8DlnbZ6H #horror https://t.co/fpNWkuK1WT,,AMZN
social,kaggle_tweets,2018-08-12 16:33:00,RT @allisingss98: I saw this on Facebook and I think it’s especially important to share something like this because so many people don’t kn…,,FB
social,kaggle_tweets,2018-08-12 16:35:00,RT @OnePerfectShot: 2001: A SPACE ODYSSEY (1968) DP: Geoffrey Unsworth Dir: Stanley Kubrick Buy or Rent via Amazon: https://t.co/fLHCIzP…,,AMZN
social,kaggle_tweets,2018-08-12 16:46:00,Google will lose $50 million or more in 2018 from Fortnite bypassing the Play Store https://t.co/plIt677DaM,,GOOGL
social,kaggle_tweets,2018-08-12 16:48:00,Google Missing Out on $50 Million Because of Fortnite #ITRTG #News https://t.co/9JBKUtM8ga https://t.co/Qjci5sjfF9,,GOOGL
social,kaggle_tweets,2018-08-12 16:49:00,"RT @NewhallFC: We’re now advertising for new players on our new Facebook page. Please visit, like and share. https://t.co/iYeecKItct",,FB
social,kaggle_tweets,2018-08-12 16:55:00,"RT @LuciferBob: With all the love and attention the Disney Princess are getting, there's definitely going to be surge in Princess cosplays.…",,DIS
social,kaggle_tweets,2018-08-12 17:02:00,Facebook Ads Summit 2018 https://t.co/3R5L2AHK5R #ppc #seo #ppl #startup #facebookads #investment #leadgeneration via @scobelo1987,,FB
social,kaggle_tweets,2018-08-12 17:14:00,RT @CharisgimmeMore: I want a whole movie of Disney princesses dicking around https://t.co/g1IIhnLqCM,,DIS
social,kaggle_tweets,2018-08-12 17:14:00,RT @CharisgimmeMore: I want a whole movie of Disney princesses dicking around https://t.co/g1IIhnLqCM,,DIS
social,kaggle_tweets,2018-08-12 17:22:00,I liked a @YouTube video https://t.co/9jtTrdGV8L New Microsoft Surface Go Unboxing and Overview,,MSFT
social,kaggle_tweets,2018-08-12 17:29:00,RT @Unownedpiiggy: I just reloaded my PayPal account with 10K who wants to drain me on Skype?? RT and DM me Extra money for 2+ lady's #fi…,,PYPL
social,kaggle_tweets,2018-08-12 17:36:00,Crush Google and Dominate 1st Position with EASE with this New FREE Tool =&gt; https://t.co/5PrI7TQQ0d,,GOOGL
social,kaggle_tweets,2018-08-12 17:47:00,RT @LeCinephiles: BREAKING: Netflix unveils new update where every film and TV show is replaced by ‘TRANSFORMERS: AGE OF EXTINCTION.’ https…,,NFLX
social,kaggle_tweets,2018-08-12 18:08:00,"Profit from Facebook Instagram Stories Marketing Ads #tonight, #cnco, #shaelskokaa, #idealcut, #motogp #sign,… https://t.co/RA5yqdN3E8",,FB
social,kaggle_tweets,2018-08-12 18:11:00,Me : Ali ma testa3mil el internet ktir badde e7dar match Hamburg Ali : okay *5 sec later* Ali : *use Twitter Facebook and youtube*,,FB
social,kaggle_tweets,2018-08-12 18:19:00,I posted a new video to Facebook https://t.co/m4eqWUSJYi,,FB
social,kaggle_tweets,2018-08-12 18:26:00,Ford unveils new affordable SUV https://t.co/wPn6L9H90k (via Twitter https://t.co/03FSARcPAg) (via Twitter… https://t.co/xtnes3weSO,,F
social,kaggle_tweets,2018-08-12 18:34:00,@espn @SportsCenter Why Apple is a billion dollar company.,,AAPL
social,kaggle_tweets,2018-08-12 18:46:00,RT @IAmHaiderAsad: No Facebook Account. 💝 No Twitter Account.💝 But He have 1.7 Billion Followers.💝 Recite Durood And Rt This. 💕💞💟💓💝 #SayNo…,,FB
social,kaggle_tweets,2018-08-12 18:56:00,My family was having issues with their profile on my brothers Netflix account. I said mine was working fine and the… https://t.co/WGeMyBH0m2,,NFLX
social,kaggle_tweets,2018-08-12 19:33:00,RT @evankirstel: Apple Pay. Privacy. iPhone Ads. It’s All About the Money https://t.co/bVMNRSPxcX,,AAPL
social,kaggle_tweets,2018-08-12 19:46:00,"RT @OphirGottlieb: $ROKU Wall Street Doesn't Get it -- Roku Aims to be the Facebook of TV, and It's Working https://t.co/lHlboMSvwn",,FB
social,kaggle_tweets,2018-08-12 19:52:00,RT @ithinkwellHugh: Tell your non-twitter friends they can get these tweets on Facebook. ithinkwellhugh. Share https://t.co/A7S2vorfzs #E…,,FB
social,kaggle_tweets,2018-08-12 20:04:00,RT @kennedybreann_: Biggest debate I have with anyone.. help a sister out 😅 RT for Spotify Premium Like for Apple Music,,AAPL
social,kaggle_tweets,2018-08-12 20:24:00,"""Acclaimed Venezuelan News Site Latest Victim in Facebook Censorship Spree | Global Research""… https://t.co/BlGnIaBR3q",,FB
social,kaggle_tweets,2018-08-12 20:36:00,Hackers Found a Way to Make the Amazon Echo a Spy Bug via /r/tech https://t.co/qmS6y8RBvQ,,AMZN
social,kaggle_tweets,2018-08-12 20:50:00,"DO NOT MISS THIS OFFER (Xiaomi Laptop Notebook Gaming 15.6"" Intel i7 8GB DDR4 128G SSD GTX1060 6GB Win10) ATAK DEAL… https://t.co/rmThWlhcPm",,INTC
social,kaggle_tweets,2018-08-13 07:09:00,Apple on eBay (spotted between $300-$500): Apple iPhone 7 Plus (MN562LL/A)- 128GB - Rose Gold (AT&amp;T) Smartphone -Ba… https://t.co/kISjkfOoZm,,AAPL
social,kaggle_tweets,2018-08-13 07:21:00,Google Hacker Asks Tim Cook to Donate $2.45 Million In Unpaid iPhone Bug Bounties https://t.co/XmkybBxuOj,,GOOGL
social,kaggle_tweets,2018-08-13 07:37:00,RT @ninjakiwigames: Oh my glob! Bloons Adventure Time TD is getting closer to global launch! Like our new Facebook page for all of the late…,,FB
social,kaggle_tweets,2018-08-13 07:54:00,RT @BernardKeane: Hey @AngusTaylorMP do you honestly think trying to force Apple to insert some shitty malware bought from Hacking Team by…,,AAPL
social,kaggle_tweets,2018-08-13 07:54:00,The Sims 4 (PS4) PRICE DROPPED from 26.85 to 14.99 on Amazon UK https://t.co/45m71eOsSd,,AMZN
social,kaggle_tweets,2018-08-13 08:15:00,Hacked Emails Take Us Into Billionaires’ Club Around Putin https://t.co/AGKxZPTyOq Shared from my Google feed,,GOOGL
social,kaggle_tweets,2018-08-13 08:26:00,"RT @justinsuntron: #TRON #TRX $TRX Thanks everyone for joining me on Facebook! Only in 1 month, we have reached 300,000 followers. https://…",,FB
social,kaggle_tweets,2018-08-13 08:33:00,RT @FLOTUS: @potus &amp; I enjoyed dinner with @tim_cook last night in Bedminster. Proud of the job he is doing at Apple - big innovations &amp; in…,,AAPL
social,kaggle_tweets,2018-08-13 08:48:00,#NNU_Income - Lagos Woman Visited Her Facebook Male Friend And This Shocking Thing Happened - Read Here &gt;&gt;&gt;… https://t.co/7P47Zj0HQR,,FB
social,kaggle_tweets,2018-08-13 08:52:00,"RT @THR: Disney has unveiled its first look at star Liu Yifei as #Mulan. Casting directors saw nearly 1,000 candidates for the role across…",,DIS
social,kaggle_tweets,2018-08-13 09:01:00,Apple Crisps Healthy Snack | Follow 👉 @raxartist Drop Your Comment 💬 . #businesswoman #entrepreneurship… https://t.co/MtDrhpP85E,,AAPL
social,kaggle_tweets,2018-08-13 09:08:00,RT @SGTreport: New post Microsoft CEO Just SOLD 30% of His Shares! Insider SELLING Rampant in 2018! has been published on SGT ... - https:/…,,MSFT
social,kaggle_tweets,2018-08-13 09:18:00,Apple AirPods is in stock at Amazon https://t.co/G83mnSmIyS for $144.99 | Get The Tracker App @TheTrackerApp,,AMZN
social,kaggle_tweets,2018-08-13 09:28:00,RT @sejournal: Google launches a new app for celebrities and public figures that allows them to record video responses to questions that ar…,,GOOGL
social,kaggle_tweets,2018-08-13 09:46:00,RT @MSFTChicago: We're excited to see #Airband take another step forward as Microsoft invests in 8 #startups delivering internet-connected…,,MSFT
social,kaggle_tweets,2018-08-13 09:52:00,"From 'Fortnite' To 'Fallout 76,' Publishers Are Sick Of Google, Apple And Steam's Store Cuts… https://t.co/unzQoBhLJa",,GOOGL
social,kaggle_tweets,2018-08-13 10:03:00,"RT @APBusiness: An @AP investigation finds that Google often stores your precise location even if you have ""Location History"" off in your a…",,GOOGL
social,kaggle_tweets,2018-08-13 10:05:00,"RT @renegadestyle: Intel is gold and if you have not yet read @MarkYusko's brilliant, yet ominous, Q4 report for his Morgan Creek Capital M…",,INTC
social,kaggle_tweets,2018-08-13 10:08:00,Amazon UK Hot News: #1: 100 (100 Original Tracks Remastered) | https://t.co/h8N7gecpRa,,AMZN
social,kaggle_tweets,2018-08-13 10:15:00,"@Sam_aqualung According to Google, the Fitbit Surge is THIRTY-FOUR millimetres wide! HUUUUUUUUUUUUGE! That's 8.5 ti… https://t.co/J5aYFclMfI",,GOOGL
social,kaggle_tweets,2018-08-13 10:19:00,"RT @jsolomonReports: This could become a big deal. Keep an eye out. House Intel probing whether informants gathered data on Trump, Russia p…",,INTC
social,kaggle_tweets,2018-08-13 10:21:00,Security researchers found a way to hack into the Amazon Echo https://t.co/jbIXeotXqD,,AMZN
social,kaggle_tweets,2018-08-13 10:33:00,RT @APBusiness: An @AP investigation finds that some Google services keep a record of your movements even when you've used privacy settings…,,GOOGL
social,kaggle_tweets,2018-08-13 10:37:00,CEO Tim Cook is discussing the growth of Apple and how shareholders will need to deal with this shift.,,AAPL
social,kaggle_tweets,2018-08-13 10:38:00,RT @MAINEnatics_OFC: You can also vote via Facebook. Just LIKE and SHARE #MaineMendoza's photo 👉🏼 https://t.co/U4pkhQiXZO • 1 like = 1 vot…,,FB
social,kaggle_tweets,2018-08-13 10:38:00,RT @MAINEnatics_OFC: You can also vote via Facebook. Just LIKE and SHARE #MaineMendoza's photo 👉🏼 https://t.co/U4pkhQiXZO • 1 like = 1 vot…,,FB
social,kaggle_tweets,2018-08-13 10:39:00,Clairol hair color under $2 at Walmart! - https://t.co/Po4OSA4EJ2 #deals #coupons #couponing #extremecouponing… https://t.co/uTiANS0jgk,,WMT
social,kaggle_tweets,2018-08-13 10:40:00,"RT @shoeengine: DRAW LIVE: Nike LeBron 15 ""Red Diamond Turf"" https://t.co/LEUfRfPpGC https://t.co/nTTnH4pXvW",,NKE
social,kaggle_tweets,2018-08-13 10:53:00,@bigleaguepol @LauraLoomer Guess shares of Facebook which started to recover will have to go lower $FB,,FB
social,kaggle_tweets,2018-08-13 10:54:00,"RT @TheHackersNews: Google is tracking of billions of #Android, #iPhone users’ minute-by-minute locations without permissions—even with 'Lo…",,GOOGL
social,kaggle_tweets,2018-08-13 10:54:00,"RT @TheHackersNews: Google is tracking of billions of #Android, #iPhone users’ minute-by-minute locations without permissions—even with 'Lo…",,GOOGL
social,kaggle_tweets,2018-08-13 11:09:00,"RT @Variety: Disney unveils first look at live-action ""Mulan"" https://t.co/bh6kKWxMFr",,DIS
social,kaggle_tweets,2018-08-13 11:09:00,"RT @Variety: Disney unveils first look at live-action ""Mulan"" https://t.co/bh6kKWxMFr",,DIS
social,kaggle_tweets,2018-08-13 11:11:00,RT @emoblackthot: It’s one month until Apple announces the new iPhones so if your phone randomly starts acting up you know why,,AAPL
social,kaggle_tweets,2018-08-13 11:29:00,To the stranger in the Walmart parking lot: I think I'm falling in love with you. Literally. I wish I had introduce… https://t.co/qmktZewpok,,WMT
social,kaggle_tweets,2018-08-13 11:41:00,10 keys to fundraising for nonprofits on Facebook - Futurity https://t.co/RBeSR3nvbz,,FB
social,kaggle_tweets,2018-08-13 11:52:00,RT @60sBabyView: @AWorldOutOfMind @jack Jack is worth (according to Google) 5.1 billion (with a B) dollars. He doesn't need any money. Mayb…,,GOOGL
social,kaggle_tweets,2018-08-13 11:52:00,"RT @1Romans58: It must really suck to have Hollywood, Main Stream Media, Facebook, Twitter, Google (youtube), and billionaire globalists ar…",,GOOGL
social,kaggle_tweets,2018-08-13 11:54:00,Amazon Expands Grocery Pickup At Whole Foods Market https://t.co/sXEmUdSqvn #Amazon https://t.co/lu47qj0E7i,,AMZN
social,kaggle_tweets,2018-08-13 12:02:00,Grab your copy of #becomingmrssmith at Amazon Worldwide. #historicalfiction #loveletters https://t.co/uYpGNCBicH,,AMZN
social,kaggle_tweets,2018-08-13 12:29:00,"AP report: Google stores user location data without permission https://t.co/5tQSOxkfti $GOOG, $GOOGL",,GOOGL
social,kaggle_tweets,2018-08-13 12:37:00,People at Costco do not know how to fucking walk 🤦‍♂️,,COST
social,kaggle_tweets,2018-08-13 12:45:00,RT @AP: Google says you can turn off its location tracking services on your phone at any time. An AP investigation has found that isn't tru…,,GOOGL
social,kaggle_tweets,2018-08-13 12:45:00,RT @AP: Google says you can turn off its location tracking services on your phone at any time. An AP investigation has found that isn't tru…,,GOOGL
social,kaggle_tweets,2018-08-13 12:45:00,RT @AP: Google says you can turn off its location tracking services on your phone at any time. An AP investigation has found that isn't tru…,,GOOGL
social,kaggle_tweets,2018-08-13 12:45:00,RT @AP: Google says you can turn off its location tracking services on your phone at any time. An AP investigation has found that isn't tru…,,GOOGL
social,kaggle_tweets,2018-08-13 12:45:00,RT @AP: Google says you can turn off its location tracking services on your phone at any time. An AP investigation has found that isn't tru…,,GOOGL
social,kaggle_tweets,2018-08-13 12:45:00,RT @AP: Google says you can turn off its location tracking services on your phone at any time. An AP investigation has found that isn't tru…,,GOOGL
social,kaggle_tweets,2018-08-13 12:45:00,RT @AP: Google says you can turn off its location tracking services on your phone at any time. An AP investigation has found that isn't tru…,,GOOGL
social,kaggle_tweets,2018-08-13 12:45:00,RT @AP: Google says you can turn off its location tracking services on your phone at any time. An AP investigation has found that isn't tru…,,GOOGL
social,kaggle_tweets,2018-08-13 12:45:00,RT @AP: Google says you can turn off its location tracking services on your phone at any time. An AP investigation has found that isn't tru…,,GOOGL
social,kaggle_tweets,2018-08-13 12:45:00,RT @AP: Google says you can turn off its location tracking services on your phone at any time. An AP investigation has found that isn't tru…,,GOOGL
social,kaggle_tweets,2018-08-13 12:54:00,RT @Jaylynn_0718: Eyelashes: curled Deodorant: on Long: shirt Nike: shorts Rocking: crocs,,NKE
social,kaggle_tweets,2018-08-13 13:06:00,"So I decided to watch The Other Woman on Netflix because I was told it was a funny movie..I’ve literally sobbed 3x,… https://t.co/yEg03t6XGW",,NFLX
social,kaggle_tweets,2018-08-13 13:16:00,"RT @aencoin: Aenco Co-founder @DarrenLui1 was live-stream interviewed on Facebook by Joe Blackburn, the founder and CEO of @CryptoCoinTrdr…",,FB
social,kaggle_tweets,2018-08-13 13:23:00,"Intel to Launch 9th Generation Core i9, Core i7, Core i5 Processors in October: Report https://t.co/lk5nwoY2MG",,INTC
social,kaggle_tweets,2018-08-13 13:25:00,RT @_carrrriex: Saw this post on Facebook .. thought I’d share!!! Something I’ve never heard of before https://t.co/Txx0NWmttH,,FB
social,kaggle_tweets,2018-08-13 13:25:00,RT @_carrrriex: Saw this post on Facebook .. thought I’d share!!! Something I’ve never heard of before https://t.co/Txx0NWmttH,,FB
social,kaggle_tweets,2018-08-13 13:25:00,RT @_carrrriex: Saw this post on Facebook .. thought I’d share!!! Something I’ve never heard of before https://t.co/Txx0NWmttH,,FB
social,kaggle_tweets,2018-08-13 13:25:00,RT @_carrrriex: Saw this post on Facebook .. thought I’d share!!! Something I’ve never heard of before https://t.co/Txx0NWmttH,,FB
social,kaggle_tweets,2018-08-13 13:25:00,RT @_carrrriex: Saw this post on Facebook .. thought I’d share!!! Something I’ve never heard of before https://t.co/Txx0NWmttH,,FB
social,kaggle_tweets,2018-08-13 13:25:00,RT @_carrrriex: Saw this post on Facebook .. thought I’d share!!! Something I’ve never heard of before https://t.co/Txx0NWmttH,,FB
social,kaggle_tweets,2018-08-13 13:25:00,RT @_carrrriex: Saw this post on Facebook .. thought I’d share!!! Something I’ve never heard of before https://t.co/Txx0NWmttH,,FB
social,kaggle_tweets,2018-08-13 13:25:00,RT @_carrrriex: Saw this post on Facebook .. thought I’d share!!! Something I’ve never heard of before https://t.co/Txx0NWmttH,,FB
social,kaggle_tweets,2018-08-13 13:25:00,RT @_carrrriex: Saw this post on Facebook .. thought I’d share!!! Something I’ve never heard of before https://t.co/Txx0NWmttH,,FB
social,kaggle_tweets,2018-08-13 13:25:00,RT @_carrrriex: Saw this post on Facebook .. thought I’d share!!! Something I’ve never heard of before https://t.co/Txx0NWmttH,,FB
social,kaggle_tweets,2018-08-13 13:25:00,RT @_carrrriex: Saw this post on Facebook .. thought I’d share!!! Something I’ve never heard of before https://t.co/Txx0NWmttH,,FB
social,kaggle_tweets,2018-08-13 13:25:00,RT @_carrrriex: Saw this post on Facebook .. thought I’d share!!! Something I’ve never heard of before https://t.co/Txx0NWmttH,,FB
social,kaggle_tweets,2018-08-13 13:48:00,@TheAdaptedMind Why would Apple WANT Tesla? That's like buying a pregnant skunk. $tsla,,AAPL
social,kaggle_tweets,2018-08-13 14:08:00,https://t.co/v59jQinGcV $Ohio mother's 'grateful' note to 19-year-old who bought her Starbucks coffee goes viral.… https://t.co/iQI2mtbcxb,,SBUX
social,kaggle_tweets,2018-08-13 14:15:00,RT @PrisonPlanet: Confirmed: Zuckerberg personally made the decision to ban Infowars on Facebook. So did Apple CEO Tim Cook. Billionaire…,,AAPL
social,kaggle_tweets,2018-08-13 14:31:00,I have been blocked from selling anything on Facebook through the market place. I can't post anything any more. I h… https://t.co/5PYCTmIjDX,,FB
social,kaggle_tweets,2018-08-13 14:33:00,"‘More data, more profit’: Google tracks your location even when you ask it not to, says report — RT US News https://t.co/310pjQUAKJ",,GOOGL
social,kaggle_tweets,2018-08-13 14:36:00,Netflix has bid-budget plans for world TV domination. We went inside the company's California headquarters to find… https://t.co/RIgP7UL66v,,NFLX
social,kaggle_tweets,2018-08-13 14:50:00,Amazon documentary about city drops on Friday. I have all day off on Friday. If you need me I’ll be watching it,,AMZN
social,kaggle_tweets,2018-08-13 14:53:00,@nyan_satan My daily driver desktop computer isn't Apple branded and I don't feel hackintosh a good idea for security concerns.,,AAPL
social,kaggle_tweets,2018-08-13 14:57:00,"RT @h3h3productions: No Amazon, I do not want a 5 year protection plan on a usb cable.",,AMZN
social,kaggle_tweets,2018-08-13 15:08:00,"RT @islandteer: Google tracks your movements, like it or not - Google services on smartphones store location data even if you use privacy s…",,GOOGL
social,kaggle_tweets,2018-08-13 15:16:00,"RT @rosesmcu: In the 2004 Disney film, The Princess Diaries 2: The Royal Engagement, Stan Lee made a cameo which indicates that The Princes…",,DIS
social,kaggle_tweets,2018-08-13 15:16:00,"RT @rosesmcu: In the 2004 Disney film, The Princess Diaries 2: The Royal Engagement, Stan Lee made a cameo which indicates that The Princes…",,DIS
social,kaggle_tweets,2018-08-13 15:18:00,Equinix $EQIX PT Raised to $506.00 at Citigroup https://t.co/O1a2Sz72zz,,C
social,kaggle_tweets,2018-08-13 15:27:00,Electrameccanica Vehs $ECCTF &amp; Ford Motor $F Head-To-Head Analysis https://t.co/trKcbk7Yae,,F
social,kaggle_tweets,2018-08-13 15:35:00,RT @bySamRo: Amazon advertising profits likely to exceed AWS by 2021 - Piper Jaffray https://t.co/TIaN73tRlv,,AMZN
social,kaggle_tweets,2018-08-13 16:08:00,"RT @PrisonPlanet: Alex Jones blasts Apple CEO Tim Cook's hypocrisy and warns; ""Everything they do in China will eventually come to America.…",,AAPL
social,kaggle_tweets,2018-08-13 16:17:00,"RT @dekdarion: Disney employee, huh? #QAnon https://t.co/H8bUwmet3F",,DIS
social,kaggle_tweets,2018-08-13 16:26:00,RT @nikunj_mittal: RIL well on it's way to become the AT&amp;T/Verizon + Netflix + Amazon + Walmart of India! Broadband launch on #Independenc…,,AMZN
social,kaggle_tweets,2018-08-13 16:55:00,"RT @LuciferBob: With all the love and attention the Disney Princess are getting, there's definitely going to be surge in Princess cosplays.…",,DIS
social,kaggle_tweets,2018-08-13 16:58:00,Amazon Deal - Buy Derwent Academy Acrylic Paints Burnt Umber Large 100ml at Rs 102 https://t.co/gerJjtSjZg https://t.co/XDy7AUrh6S,,AMZN
social,kaggle_tweets,2018-08-13 17:08:00,RT @torproject: Many Google services on Android devices and iPhones store your location data even if you’ve used a privacy setting that say…,,GOOGL
social,kaggle_tweets,2018-08-13 17:08:00,RT @torproject: Many Google services on Android devices and iPhones store your location data even if you’ve used a privacy setting that say…,,GOOGL
social,kaggle_tweets,2018-08-13 17:09:00,RT @LouiseMensch: The Hill reminds us: “The Wall Street Journal in October reported that Facebook groups with ties to Russia posted racia…,,FB
social,kaggle_tweets,2018-08-13 17:10:00,Cisco Systems (CSCO) Set to Announce Earnings on Wednesday https://t.co/PynjZT0q3t,,CSCO
social,kaggle_tweets,2018-08-13 17:13:00,"Visit TellMama on Facebook - https://t.co/JjSHM6gQrU SUEG46 Hi Sue, thank you for making us aware of this, we will… https://t.co/f6ilWEYMJv",,FB
social,kaggle_tweets,2018-08-13 17:13:00,"First Republic Investment Management Has Trimmed Stake in Netflix $NFLX by $374,945; As Mondelez Intl $MDLZ Stock P… https://t.co/ucKCUrHw4O",,NFLX
social,kaggle_tweets,2018-08-13 17:14:00,RT @CharisgimmeMore: I want a whole movie of Disney princesses dicking around https://t.co/g1IIhnLqCM,,DIS
social,kaggle_tweets,2018-08-13 17:25:00,"Organic reach for Facebook influencer content drops 23%, analysis finds // @marketingdive https://t.co/j4igQ8tZv3 https://t.co/SyICLTZWVw",,FB
social,kaggle_tweets,2018-08-13 17:40:00,Apple Inc. $AAPL is Picton Mahoney Asset Management’s 4th Largest Position https://t.co/qHoWGyH2Fz,,AAPL
social,kaggle_tweets,2018-08-13 17:42:00,RT @TheTechPM: Investment in the hybrid cloud is paying off for Microsoft. #Azure https://t.co/MSFx97uSDL,,MSFT
social,kaggle_tweets,2018-08-13 17:46:00,I tried to give that new Netflix show a chance but literally some of the biggest themes are fake sexual assault for… https://t.co/tNtRthg5m2,,NFLX
social,kaggle_tweets,2018-08-13 18:04:00,"Sound Financial Bancorp, Inc. $SFBC Is At $41.00 Formed Wedge; Marshfield Associates Cut Visa Cl A $V Holding https://t.co/wL9OuQdaJ8",,V
social,kaggle_tweets,2018-08-13 18:16:00,Apple Hospitality REIT $APLE vs. DIGITAL RLTY TR/SH $DLR Head to Head Review https://t.co/w6XInGbNZt,,AAPL
social,kaggle_tweets,2018-08-13 18:18:00,"RT @crypt0snews: Facebook permanently disabled my personal account and won't share why, as you can see in this email. All of my personal pi…",,FB
social,kaggle_tweets,2018-08-13 18:24:00,RT @LpSteele4real: Investigative Journalist @LauraLoomer Gets Removed From Facebook For Questioning Minnesota Muslim Congressional Candidat…,,FB
social,kaggle_tweets,2018-08-13 18:36:00,"@leighsales Thanks for the heads up, Leigh. One Netflix evening coming up.",,NFLX
social,kaggle_tweets,2018-08-13 19:07:00,RT @rishibagree: Some Major Disruptions Uber’s killing Yellow taxis Netflix killing Cable Channels Twitter Killing News-portals Amazon Kil…,,AMZN
social,kaggle_tweets,2018-08-13 19:09:00,"RT @SneakerAlertHD: Nike Unveils the Virgil Abloh x Serena Williams ""Queen"" Collection =&gt; https://t.co/pvM9is4tpL https://t.co/6fTq8fAjwI",,NKE
social,kaggle_tweets,2018-08-13 19:14:00,(Ford teases 'new performance vehicle' for Gamescom reveal) has been published on ads r7ty - https://t.co/ljQDf3yscP,,F
social,kaggle_tweets,2018-08-13 19:16:00,Got a refund through PayPal for @MannyMua733 Life's a drag pallet and was gonna send back the money but he a racist… https://t.co/K7uJObZ6Y9,,PYPL
social,kaggle_tweets,2018-08-13 19:23:00,Are Planet Fitness $PLNT Shares Worth Your Time and Dime Following Recent JPMorgan Downgrade? https://t.co/X9ukbb1CRp,,JPM
social,kaggle_tweets,2018-08-13 19:38:00,"We're #hiring! Click to apply: Verizon Sales Representative - https://t.co/ZNI28ZHrtN #Sales #Lafayette, IN #Job #Jobs #CareerArc",,VZ
social,kaggle_tweets,2018-08-13 19:56:00,RT @IcenterCo: New post (Microsoft Looks to Trusted Computing for Boosting Blockchain Security) has been published on https://t.co/YCVNGsVn…,,MSFT
social,kaggle_tweets,2018-08-13 20:01:00,[Deal Alert] Grab a pair of Pixel Buds for $109 ($50 off) from the Google Store https://t.co/vKkVQzb5mB @slideme https://t.co/sUaaBPlZ6m,,GOOGL
social,kaggle_tweets,2018-08-13 20:03:00,@jimcramer @JoeSquawk how do you feel about $AAPL price level? Too high? Or is Apple a buy at any level?,,AAPL
social,kaggle_tweets,2018-08-13 20:06:00,"We're super excited to share that our CTO, Robert John is now a Machine Learning Google Developer Expert (GDE). The… https://t.co/17Ykt41ZCN",,GOOGL
social,kaggle_tweets,2018-08-13 20:20:00,"@MEGAprivacy @Dropbox Question. Do you know if MEGA is compatible w/ Calibre? Apparently, Google Drive isn't. If ME… https://t.co/ZJWNgFziju",,GOOGL
social,kaggle_tweets,2018-08-13 20:26:00,@harangus @HotlineJosh I’m literally watching “If you give a mouse a cookie” on Amazon with my 2 yr old son as I read this. 😂,,AMZN
social,kaggle_tweets,2018-08-13 20:34:00,RT @Catherineslabib: They should add henedy to the Facebook reaction bar literally. https://t.co/Lsy1jk82wu,,FB
social,kaggle_tweets,2018-08-13 20:46:00,3 Examples of High Performing Facebook Ads That Drive Leads and Sales https://t.co/xRdzYizS6l https://t.co/3QgjEUn0iz,,FB
social,kaggle_tweets,2018-08-13 20:52:00,"After being acquired by Cisco Systems Inc., much potential lies on the horizon for Ann Arbor's Duo Security, Inc:… https://t.co/LpFFaumpRM",,CSCO
social,kaggle_tweets,2018-08-13 20:58:00,Soccer: La Liga announces landmark free-to-air deal with Facebook in India https://t.co/6OXND5tzYE,,FB
social,kaggle_tweets,2018-08-14 07:03:00,Microsoft Loses $6.2 Billion in 4th Quarter https://t.co/T4uJ74CYNg via @thedailybeast,,MSFT
social,kaggle_tweets,2018-08-14 07:16:00,"RT @SportsPro: La Liga has confirmed a landmark rights deal in India with social media giant Facebook, which will show every game from Span…",,FB
social,kaggle_tweets,2018-08-14 07:20:00,RT @mariannefavro: This Starbucks in Los Gatos is back open nearly 3 months after a Tesla crashed thru the front in May. https://t.co/XEbDD…,,SBUX
social,kaggle_tweets,2018-08-14 07:30:00,RT @poconomtn: So Hillary took 400 million in illegal tax free campaign contributions from RUSSIA. I guess paying off our top Intel Agents…,,INTC
social,kaggle_tweets,2018-08-14 07:30:00,RT @poconomtn: So Hillary took 400 million in illegal tax free campaign contributions from RUSSIA. I guess paying off our top Intel Agents…,,INTC
social,kaggle_tweets,2018-08-14 07:30:00,RT @poconomtn: So Hillary took 400 million in illegal tax free campaign contributions from RUSSIA. I guess paying off our top Intel Agents…,,INTC
social,kaggle_tweets,2018-08-14 07:30:00,RT @poconomtn: So Hillary took 400 million in illegal tax free campaign contributions from RUSSIA. I guess paying off our top Intel Agents…,,INTC
social,kaggle_tweets,2018-08-14 07:32:00,RT @billionaire_key: It’s never too late. Sam Walton started Walmart when he was 44. Harland Sanders started Kentucky Fried Chicken when he…,,WMT
social,kaggle_tweets,2018-08-14 07:32:00,RT @billionaire_key: It’s never too late. Sam Walton started Walmart when he was 44. Harland Sanders started Kentucky Fried Chicken when he…,,WMT
social,kaggle_tweets,2018-08-14 07:43:00,"Every dog has a story and we want to hear about yours! Share an image of your dog on Instagram, Facebook or Twitte… https://t.co/cQxJ9VSOEj",,FB
social,kaggle_tweets,2018-08-14 07:53:00,RT @PLATINUMINAJJ: Barbie Dreams has fallen 1 spot to #3 on Apple Music. FEFE is back at number 2 tho. FEFE seems to be racing back to #1,,AAPL
social,kaggle_tweets,2018-08-14 08:00:00,RT @Ihatevld: Y’all if Netflix actually pulls through with a pjo animated series watch me drop Voltron sO HARD,,NFLX
social,kaggle_tweets,2018-08-14 08:02:00,RT @AustinYugo: Spain's top flight soccer division La Liga announced a landmark deal with Facebook which will allow viewers in the Indian s…,,FB
social,kaggle_tweets,2018-08-14 08:09:00,The latest Mac USB Gear And Apple Gadgets! https://t.co/1F6P2JBxRy #feedly #tecnología,,AAPL
social,kaggle_tweets,2018-08-14 08:26:00,"RT @DaddyFRZ: Today’s teaching is on the @coolfmnigeria Facebook page please visit, watch and share! https://t.co/Ml3GbHcXb9 https://t.co/…",,FB
social,kaggle_tweets,2018-08-14 08:44:00,Want a $250 Amazon #GiftCard? #Win one in our spectacular #Sweepstakes #Giveaway via @sffbookbonanza: https://t.co/1xhkjrA2V7,,AMZN
social,kaggle_tweets,2018-08-14 08:46:00,"I've just posted a new blog: Xiaomi Mi A2 in India, Galaxy Note 9 Launched, Amazon and Flipkart Sales, Fortnite on… https://t.co/JGwtgxBw9k",,AMZN
social,kaggle_tweets,2018-08-14 08:48:00,RT @InfoSecHotSpot: Apple Mac “zero day” hack lets you sneakily click [OK] https://t.co/mTwhUtj3S6 via @InfoSecHotSpot https://t.co/6Yvm9A3…,,AAPL
social,kaggle_tweets,2018-08-14 09:08:00,Interxion Announces Direct Connectivity to Google Cloud Platform across Its European Footprint https://t.co/sRFsoZzh5l #mobielonly,,GOOGL
social,kaggle_tweets,2018-08-14 09:13:00,RT @USMustangSales: eBay: Ford Mustang Roush Jackhammer GT Premium Auto RS3 2018 Ford Mustang Roush Stage 3 Jackhammer 710Hp Supercharged 5…,,F
social,kaggle_tweets,2018-08-14 09:17:00,RT @thePositiveMOM_: ELENA OF AVALOR: REALM OF THE JAQUINS - Review and Disney DVD #Giveaway https://t.co/ZZEAdYwd8W ENTER TO WIN! @DisneyJ…,,DIS
social,kaggle_tweets,2018-08-14 09:18:00,RT @cpd_active: To celebrate our launch on 01.09.2018 we’re giving away a £50 Amazon voucher. Follow us and retweet this post to enter! #wi…,,AMZN
social,kaggle_tweets,2018-08-14 09:33:00,"RT @MarketWatch: Google services used by Android devices and iPhones store location data, even when location privacy settings are enabled,…",,GOOGL
social,kaggle_tweets,2018-08-14 09:34:00,Nike Drops Matching Classic Cortez Nylon “Qixi Festival” Editions https://t.co/JOpXyiZsTZ https://t.co/ytdCsI0WRv,,NKE
social,kaggle_tweets,2018-08-14 09:38:00,Google search has been so shit lately...will literally give me halfassed info,,GOOGL
social,kaggle_tweets,2018-08-14 09:55:00,RT @PriscillasView: Aerial footage of silver Ford Fiesta crashing into barriers outside London’s House of Parliament injuring several peopl…,,F
social,kaggle_tweets,2018-08-14 09:55:00,RT @PriscillasView: Aerial footage of silver Ford Fiesta crashing into barriers outside London’s House of Parliament injuring several peopl…,,F
social,kaggle_tweets,2018-08-14 09:55:00,RT @PriscillasView: Aerial footage of silver Ford Fiesta crashing into barriers outside London’s House of Parliament injuring several peopl…,,F
social,kaggle_tweets,2018-08-14 10:15:00,Real Madrid and Barca sign deal which sees 380 La Liga games free on Facebook https://t.co/1dIeVWBxrF,,FB
social,kaggle_tweets,2018-08-14 10:15:00,RT @TheCWThe100: #The100 Season 5 Drops on Netflix (U.S) TOMORROW! You’ll be able to Stream Season 1-5 on Netflix! Season 6 Is Coming In 20…,,NFLX
social,kaggle_tweets,2018-08-14 10:20:00,SunTrust Banks Raises Pfizer (PFE) Price Target to $41.00 https://t.co/19aIcFBU35,,PFE
social,kaggle_tweets,2018-08-14 10:27:00,"@MindBlownNerd This is literally the plot of altered carbon on Netflix, along with the dude in the video.....",,NFLX
social,kaggle_tweets,2018-08-14 10:30:00,"RT @BluegrassCap: ""Spain’s top flight soccer division La Liga announced on Tuesday a landmark deal with Facebook which will allow viewers i…",,FB
social,kaggle_tweets,2018-08-14 10:49:00,I posted a new video to Facebook https://t.co/6NfbAQ1ypZ,,FB
social,kaggle_tweets,2018-08-14 10:50:00,Have you noticed how moms are LITERALLY the worst people on Facebook? https://t.co/UmGe4E10A0,,FB
social,kaggle_tweets,2018-08-14 10:59:00,"Here is a look at our radar and satellite across Kentuckiana. For more weather, check out my Facebook page at… https://t.co/zJYRM5v2NV",,FB
social,kaggle_tweets,2018-08-14 10:59:00,RT @BarcaWorldwide: Facebook buys the broadcasting rights of the Spanish league (Laliga) in Aisa region for 90 million. This means that Fac…,,FB
social,kaggle_tweets,2018-08-14 11:04:00,How About this Facebook share…. https://t.co/5DYwW3Tfct,,FB
social,kaggle_tweets,2018-08-14 11:17:00,"RT @SushantSin: Another big sports deal for Facebook. People in the Indian subcontinent will, from Friday, have only one way to watch top f…",,FB
social,kaggle_tweets,2018-08-14 11:35:00,"The Apple iPhone Just Got Lapped By Whom? Time To Rethink What Apple Is, And Isn't $AAPL https://t.co/hRPaCYKAn6",,AAPL
social,kaggle_tweets,2018-08-14 11:48:00,RT @PassionFlix: We are excited to share that we are now available as an app on Apple TV! You have to be able to access the App Store on yo…,,AAPL
social,kaggle_tweets,2018-08-14 12:01:00,WE URGE YOU DON’T UPLOAD SCANNED PICTURES TO FACEBOOK! • The hidden costs of a “free” Facebook • Are they hacking… https://t.co/LI2aiuIGf5,,FB
social,kaggle_tweets,2018-08-14 12:07:00,RT @telesurenglish: #Breaking | Facebook has delete our Facebook page for the second time this year without any explanation. Please spread…,,FB
social,kaggle_tweets,2018-08-14 12:07:00,RT @telesurenglish: #Breaking | Facebook has delete our Facebook page for the second time this year without any explanation. Please spread…,,FB
social,kaggle_tweets,2018-08-14 12:20:00,RT @ValaAfshar: Google was the 21st search engine to enter the market in 1998. Here's @google's worldwide headquarters and data centers 20…,,GOOGL
social,kaggle_tweets,2018-08-14 12:21:00,RT @avfolk: 'Foreshadow' Intel processor attack bypasses protections for secure data held on chip. #wtf #security #privacy #epicfail https:…,,INTC
social,kaggle_tweets,2018-08-14 12:23:00,"RT @LeeCamp: As the US-led economic war on Venezuela continues, Facebook removes a Venezuelan-headquartered news network’s Facebook page, T…",,FB
social,kaggle_tweets,2018-08-14 12:23:00,"RT @LeeCamp: As the US-led economic war on Venezuela continues, Facebook removes a Venezuelan-headquartered news network’s Facebook page, T…",,FB
social,kaggle_tweets,2018-08-14 12:23:00,"RT @LeeCamp: As the US-led economic war on Venezuela continues, Facebook removes a Venezuelan-headquartered news network’s Facebook page, T…",,FB
social,kaggle_tweets,2018-08-14 12:23:00,"RT @LeeCamp: As the US-led economic war on Venezuela continues, Facebook removes a Venezuelan-headquartered news network’s Facebook page, T…",,FB
social,kaggle_tweets,2018-08-14 12:23:00,"RT @LeeCamp: As the US-led economic war on Venezuela continues, Facebook removes a Venezuelan-headquartered news network’s Facebook page, T…",,FB
social,kaggle_tweets,2018-08-14 12:23:00,"RT @LeeCamp: As the US-led economic war on Venezuela continues, Facebook removes a Venezuelan-headquartered news network’s Facebook page, T…",,FB
social,kaggle_tweets,2018-08-14 12:23:00,"RT @LeeCamp: As the US-led economic war on Venezuela continues, Facebook removes a Venezuelan-headquartered news network’s Facebook page, T…",,FB
social,kaggle_tweets,2018-08-14 12:38:00,Here's how you design a notebook cover for Amazon on CreateSpace for FREE using Canva. https://t.co/kxWi9wzFW4 whic… https://t.co/RxSmMkkZqu,,AMZN
social,kaggle_tweets,2018-08-14 12:39:00,RT @pdmoran_aws: Amazon Aurora Serverless Brings Serverless Computing to Relational Databases #AWS #AuroraMYSQL #Aurora #MySQL #Serverless …,,AMZN
social,kaggle_tweets,2018-08-14 12:39:00,Google ‘Accidentally’ Reveals Massive Pixel 3 Upgrade Problem https://t.co/4JzIEPRdiU,,GOOGL
social,kaggle_tweets,2018-08-14 12:45:00,RT @AP: Google says you can turn off its location tracking services on your phone at any time. An AP investigation has found that isn't tru…,,GOOGL
social,kaggle_tweets,2018-08-14 12:45:00,RT @AP: Google says you can turn off its location tracking services on your phone at any time. An AP investigation has found that isn't tru…,,GOOGL
social,kaggle_tweets,2018-08-14 12:45:00,RT @AP: Google says you can turn off its location tracking services on your phone at any time. An AP investigation has found that isn't tru…,,GOOGL
social,kaggle_tweets,2018-08-14 12:57:00,10 common Google Pixel problems and how to deal with them https://t.co/Q5m4yiOVlv,,GOOGL
social,kaggle_tweets,2018-08-14 13:02:00,"Next top iPhone will support Apple Pencil, 512GB says analyst - CNET | O Note da Apple. https://t.co/l9bl5onGTF",,AAPL
social,kaggle_tweets,2018-08-14 13:05:00,"RT @Mike_Press19: Facebook suffered its worst day so far, Mark lost $ 119 billion https://t.co/iJ3Q4t2lqM",,FB
social,kaggle_tweets,2018-08-14 13:18:00,Abusing Microsoft Windows Utilities to Deliver Malware for Fun and Profit https://t.co/Dl8MdPFZJU #information #security,,MSFT
social,kaggle_tweets,2018-08-14 13:25:00,RT @_carrrriex: Saw this post on Facebook .. thought I’d share!!! Something I’ve never heard of before https://t.co/Txx0NWmttH,,FB
social,kaggle_tweets,2018-08-14 13:25:00,https://t.co/fucO687XAb : Your Amazon Echo Can be Hacked to Spy On You Not Easily it Seems https://t.co/5aFCqFsM7t,,AMZN
social,kaggle_tweets,2018-08-14 13:28:00,RT @business: Apple is in trouble in the world's fastest-growing smartphone market https://t.co/mgUiOmmqtl,,AAPL
social,kaggle_tweets,2018-08-14 13:34:00,"FALL GUYS by @ianandrewauthor - ""They all just keep you gripped to the end"" (5★ Amazon Review)… https://t.co/bY9YKUR3rH",,AMZN
social,kaggle_tweets,2018-08-14 13:40:00,"RT @Tronfoundation: You can now buy items at 200,000 different stores including Amazon and Starbucks with $TRX at Bitcoin SuperStore! 😎 htt…",,AMZN
social,kaggle_tweets,2018-08-14 13:48:00,@SkywardKing The writer turned down millions from Netflix because an Asian movie like this has never been seen in theatres.,,NFLX
social,kaggle_tweets,2018-08-14 13:58:00,Amazon UK Hot News: #2: DUALSHOCK4 Wireless Controller 500 Million Limited Edition (... https://t.co/pER4hw6HTj,,AMZN
social,kaggle_tweets,2018-08-14 14:23:00,"RT @sneakersteal: PRICE DROP💥 Nike Epic React Flyknit ""Lime Blast"" $120.00 Free Shipping https://t.co/mLym6d37vl u… https://t.co/1Qjk4RAMRk",,NKE
social,kaggle_tweets,2018-08-14 14:43:00,Facebook acquires the seven-person team and tech from startup Vidpresso to make its video more interactive (Josh Co… https://t.co/AtWd6z5MbL,,FB
social,kaggle_tweets,2018-08-14 14:57:00,RT @PalestineVideo: Facebook = Zionist tool of imperialist and zionist oppression https://t.co/QVqZCL3a7A,,FB
social,kaggle_tweets,2018-08-14 14:59:00,RT @TheCarExpertUK: The Volvo XC40 and Ford Focus have both earned five-star crash-test ratings from safety body Euro NCAP. https://t.co/Tt…,,F
social,kaggle_tweets,2018-08-14 15:09:00,"RT @WSJ: Just as Ford needs a turnaround, its CEO is mystifying some employees and confusing analysts and investors https://t.co/GsJuEwwmYR",,F
social,kaggle_tweets,2018-08-14 15:13:00,RT @LuxuryLooks_: Nike Air Jordan Retro 5 Black Metallic&amp; Sliver is available to purchase with Fast Shipping BUY HERE: https://t.co/pzdHLib…,,NKE
social,kaggle_tweets,2018-08-14 15:41:00,"Ford recalls 3,968 cars over clutch pressure plate issue: regulator https://t.co/iuEaLTtw9Y",,F
social,kaggle_tweets,2018-08-14 15:42:00,Senate Intel has spent more than a year trying to follow the money in their Russia investigation. The US Treasury D… https://t.co/Z0Npg4jxS9,,INTC
social,kaggle_tweets,2018-08-14 15:46:00,"RT @TheHackersNews: Adobe releases August 2018 #security updates to patch a total of 11 vulnerabilities in its #FlashPlayer, Creative Cloud…",,ADBE
social,kaggle_tweets,2018-08-14 16:08:00,"RT @PrisonPlanet: Alex Jones blasts Apple CEO Tim Cook's hypocrisy and warns; ""Everything they do in China will eventually come to America.…",,AAPL
social,kaggle_tweets,2018-08-14 16:15:00,RT @mic_key89: Facebook people: come join us n make make new friends Me: I have signed a forever deal with twitter.🚶 https://t.co/kfjb3Hab…,,FB
social,kaggle_tweets,2018-08-14 16:15:00,RT @JOCKGOTH: Disney Princess grunge edits are OUT Naurto Girls grunge edits are IN https://t.co/ZZsxSn9PTt,,DIS
social,kaggle_tweets,2018-08-14 16:15:00,RT @mic_key89: Facebook people: come join us n make make new friends Me: I have signed a forever deal with twitter.🚶 https://t.co/kfjb3Hab…,,FB
social,kaggle_tweets,2018-08-14 16:20:00,RT @TheRickWilson: The good people at Amazon inform us that Everything Trump Touches Dies is back in stock! https://t.co/SCl08Canse (Bur…,,AMZN
social,kaggle_tweets,2018-08-14 16:20:00,Me and mom have been having a Netflix war the past 2 days and I’m currently losing https://t.co/HOkULRyuen,,NFLX
social,kaggle_tweets,2018-08-14 16:35:00,"https://t.co/lK1rrTmea7 Einhorn’s Greenlight cuts back many top holdings, slices Apple BOSTON (Reuters) – Billion… https://t.co/sZ17cnXTVC",,AAPL
social,kaggle_tweets,2018-08-14 16:45:00,Citigroup Fined $8.6 Million For Improperly Handling Mortgage Documents - MortgageOrb https://t.co/YFjImBX2KC via @MortgageOrb,,C
social,kaggle_tweets,2018-08-14 16:49:00,trifacemedia: 77.8% of US search ad revenues for 2017 is expected to be earned by Google. #seo… https://t.co/uYOUmuD8sn,,GOOGL
social,kaggle_tweets,2018-08-14 17:21:00,OVER 30% OFF 💥 Grab the Nike Air Force 270 ‘Safari’ for $109.95 (Retail $160) Use code BTS2018 at checkout -&gt;… https://t.co/e8vTOmYCHl,,NKE
social,kaggle_tweets,2018-08-14 17:24:00,RT @SatisfyingTaste: Caramel Apple Pie Skillet 🍏🥧 (ig: tiphero) https://t.co/99eifmKHfn,,AAPL
social,kaggle_tweets,2018-08-14 17:35:00,2018 iPhones may get Apple Pencil support https://t.co/hrA4FGdTC2 $AAPL https://t.co/4JMwvbZ8l0,,AAPL
social,kaggle_tweets,2018-08-14 17:47:00,So.... I've been selling off my old stock and advertised the last of my tees on my Facebook. The person who was ori… https://t.co/TLYEIH8xb9,,FB
social,kaggle_tweets,2018-08-14 17:49:00,"How K-12 Technology Spend Market is gaining growth prospects, In the World? Players evolve: Echo360, IBM, Jenzabar https://t.co/9JUqP0pUj4",,IBM
social,kaggle_tweets,2018-08-14 17:49:00,Only 1 left in stock! Thanks for the book love for RICE FROM HEAVEN! #1 in Children's Asia books in Amazon! #kidlit… https://t.co/kjyxAvSK1N,,AMZN
social,kaggle_tweets,2018-08-14 17:51:00,"Facebook and Google made billions mining personal data, and fought off anyone who threatened to stop them. Then cam… https://t.co/vv451YXbfn",,GOOGL
social,kaggle_tweets,2018-08-14 17:57:00,Caught Up in the Facebook Frenzy? 5 Hotter Tech Stocks https://t.co/RHpREUOQzj https://t.co/hICiXX1SxN,,FB
social,kaggle_tweets,2018-08-14 17:58:00,RT @_gaylex: I kissed my girlfriend on the cheek while waiting to cash out at Walmart and this little girl stared at us in amazement and sa…,,WMT
social,kaggle_tweets,2018-08-14 18:18:00,"RT @crypt0snews: Facebook permanently disabled my personal account and won't share why, as you can see in this email. All of my personal pi…",,FB
social,kaggle_tweets,2018-08-14 18:19:00,RT @crunchwrapsuprm: This is literally just a photoshopped picture of a snake with a metaphor that probably came from Facebook and y’all th…,,FB
social,kaggle_tweets,2018-08-14 18:21:00,Report: Facebook CEO Mark Zuckerberg Personally Made Decision to Ban Alex Jones https://t.co/oSo22kON03 via @BreitbartNews,,FB
social,kaggle_tweets,2018-08-14 18:39:00,@fallenangel2100 @MegaMilkshakes I can see shitty breakdowns on how people hate the Disney princesses online for fu… https://t.co/bon48Eysjt,,DIS
social,kaggle_tweets,2018-08-14 18:56:00,Decatur Capital Management Trimmed Its Nvidia Corp. $NVDA Holding as Market Value Rose; As Starbucks $SBUX Stock Va… https://t.co/LcxUOgqoJy,,SBUX
social,kaggle_tweets,2018-08-14 18:56:00,RT @btschartdata: Amazon Canada Best Seller of 2018 CDs &amp; Vinyls: #4 Love Yourself: Tear #6 Love Yourself: Answer #64 Love Yourself: Her…,,AMZN
social,kaggle_tweets,2018-08-14 18:58:00,Comcast Xfinity exposed 26.5 million customer SSNs and partial home addresses https://t.co/eNuWTHBQun via @scmagazine,,CMCSA
social,kaggle_tweets,2018-08-14 19:01:00,RT @WilhelmDavis: This via @garyschiff on Facebook. Please share and call our @MinnesotaDFL office if you see any voter suppression by the…,,FB
social,kaggle_tweets,2018-08-14 19:20:00,"Children deserve freedom, not cages. Stop Microsoft from profiting off Trump’s policy of family separation and inde… https://t.co/EHZO4spZPv",,MSFT
social,kaggle_tweets,2018-08-14 19:29:00,Google inadvertently profits from fake YouTube views even as it fights them: report https://t.co/Ayn7jHNtKc,,GOOGL
social,kaggle_tweets,2018-08-14 19:44:00,"RT @JonErlichman: Apple IPO valuation (Dec 12, 1980): $1.2 billion Apple valuation today: $1 trillion Stock return since IP…",,AAPL
social,kaggle_tweets,2018-08-14 20:26:00,ChemoCentryx $CCXI Stock Rating Lowered by JPMorgan Chase &amp; Co. https://t.co/wAP3yNaX48 #markets,,JPM
social,kaggle_tweets,2018-08-14 20:52:00,RT @nigelwalsh: Apple Pay growth set to fuel smartphone sales https://t.co/Eqipd02UoE via @Finextra,,AAPL
social,kaggle_tweets,2018-08-14 20:56:00,ARcade Plane – Have an AR enabled Apple Device? #gamedev #indiedev #indiegame https://t.co/ld9JouAkbP,,AAPL
social,kaggle_tweets,2018-08-14 20:59:00,RT @btsanalytics: Stream the RIAA Gold certified single 'FAKE LOVE' by @BTS_twt here! • Tidal: https://t.co/gpjONRGl84 • Google: https://t…,,GOOGL
social,kaggle_tweets,2018-08-15 07:03:00,AUNZ-DESK — Facebook investigating online abuse of Samoan author who advocates LGBT rights https://t.co/MTPtaRYMu7,,FB
social,kaggle_tweets,2018-08-15 07:06:00,"RT @gabriel_hussy: Best Amazon, #Walmart, and #Target sales for Wednesday: Save on #FitBit , KitchenAid mixers, and AncestryDNA test kits h…",,AMZN
social,kaggle_tweets,2018-08-15 07:16:00,RT @verge: Verizon’s 5G home internet launch will come with free YouTube TV or Apple TV 4K https://t.co/ubNaTAvAfk https://t.co/QaATpo30W7,,AAPL
social,kaggle_tweets,2018-08-15 07:18:00,ICYMI: Walmart teams up with Ellen DeGeneres for new denim-focused clothing line https://t.co/kchhJvnN7A $wmt,,WMT
social,kaggle_tweets,2018-08-15 07:32:00,RT @billionaire_key: It’s never too late. Sam Walton started Walmart when he was 44. Harland Sanders started Kentucky Fried Chicken when he…,,WMT
social,kaggle_tweets,2018-08-15 07:32:00,RT @billionaire_key: It’s never too late. Sam Walton started Walmart when he was 44. Harland Sanders started Kentucky Fried Chicken when he…,,WMT
social,kaggle_tweets,2018-08-15 07:39:00,"RT @FoxNews: At least 3 shot inside Philadelphia-area Walmart, suspect in custody, investigators say. https://t.co/06wZcWjsda",,WMT
social,kaggle_tweets,2018-08-15 07:42:00,RT @iPhone_News: Apple launches eighth developer beta of iOS 12 two days after pulling seventh beta https://t.co/x93y9iksrF https://t.co/nI…,,AAPL
social,kaggle_tweets,2018-08-15 08:08:00,Me patiently trying to explain why Disney Star Wars is inferior to Classic Star Wars to normies,,DIS
social,kaggle_tweets,2018-08-15 08:09:00,"RT @PetvinF: Apple could launch glasses in 2020, Apple Car in 2023, predicts analyst with strong track record https://t.co/ojefiO2j78 htt…",,AAPL
social,kaggle_tweets,2018-08-15 08:51:00,Nintendo Switch with Gray Joy-Con in stock at Walmart https://t.co/Mw8tDIJZ5E for $299 | Get The Tracker App @TheTrackerApp,,WMT
social,kaggle_tweets,2018-08-15 09:07:00,RT @sheslulu: WHY TF do we need a hacker convention?!!?!?! Like!?!?!!?? Headlines everywhere talknbout “Lil Jimmy hacked 47 Facebook accoun…,,FB
social,kaggle_tweets,2018-08-15 09:18:00,I posted a new video to Facebook https://t.co/MfACahO0GJ,,FB
social,kaggle_tweets,2018-08-15 09:47:00,"Best Amazon, Walmart, and Target sales for Wednesday: Save on FitBit , KitchenAid mixers, and AncestryDNA test kits… https://t.co/FcnkgDcrxt",,AMZN
social,kaggle_tweets,2018-08-15 09:48:00,Report: Google continues to gain global smart speaker share https://t.co/zk0ogXxIjg https://t.co/3S3exxvt0N,,GOOGL
social,kaggle_tweets,2018-08-15 09:55:00,RT @cxmarshalI: Saw this on Facebook about the Rigevidon pill and it’s so bad how nurses don’t even tell you the side effects and risks you…,,FB
social,kaggle_tweets,2018-08-15 10:02:00,RT @TheRealHublife: 🚨BREAKING NEWS🚨 * Facebook will be getting sued in Federal court tomorrow. * 3 Law Firms are backing the plaintiff.…,,FB
social,kaggle_tweets,2018-08-15 10:02:00,RT @TheRealHublife: 🚨BREAKING NEWS🚨 * Facebook will be getting sued in Federal court tomorrow. * 3 Law Firms are backing the plaintiff.…,,FB
social,kaggle_tweets,2018-08-15 10:02:00,RT @TheRealHublife: 🚨BREAKING NEWS🚨 * Facebook will be getting sued in Federal court tomorrow. * 3 Law Firms are backing the plaintiff.…,,FB
social,kaggle_tweets,2018-08-15 10:02:00,RT @TheRealHublife: 🚨BREAKING NEWS🚨 * Facebook will be getting sued in Federal court tomorrow. * 3 Law Firms are backing the plaintiff.…,,FB
social,kaggle_tweets,2018-08-15 10:07:00,RT @dogluvr37: i saw this video on Facebook and i feel like i should share because it made me laugh rly fuckin hard https://t.co/qcsvudIVET,,FB
social,kaggle_tweets,2018-08-15 10:17:00,RT @CNBCFastMoney: #Bitcoin bulls beware. Former PayPal CEO Bill Harris calls the #crypto a cult and says it is headed straight to zero. ht…,,PYPL
social,kaggle_tweets,2018-08-15 10:17:00,RT @CNBCFastMoney: #Bitcoin bulls beware. Former PayPal CEO Bill Harris calls the #crypto a cult and says it is headed straight to zero. ht…,,PYPL
social,kaggle_tweets,2018-08-15 10:19:00,Six-year-old girl orders $350 worth of toys on mom's Amazon account https://t.co/0pAQdzCtGM,,AMZN
social,kaggle_tweets,2018-08-15 10:27:00,Ralph Lauren $RL Rating Reiterated by JPMorgan Chase &amp; Co. https://t.co/v4NpOdBzOf #stocks,,JPM
social,kaggle_tweets,2018-08-15 10:48:00,News: Kuo predicts Apple Car to launch by 2025 https://t.co/84vuI5rszS,,AAPL
social,kaggle_tweets,2018-08-15 11:42:00,Nicollet Investment Management Inc. Increases Holdings in JPMorgan Chase &amp; Co. $JPM https://t.co/iAb7b5ddlp,,JPM
social,kaggle_tweets,2018-08-15 11:45:00,Email Phishers Using New Way to Bypass Microsoft Office 365 Protections https://t.co/gIkMkjSLAH via @TheHackersNews,,MSFT
social,kaggle_tweets,2018-08-15 11:59:00,RT @ILoveBeinBlack: Lmaoo they really had a fashion in Walmart 😂😂💀😂 https://t.co/Ob3In4o9hK,,WMT
social,kaggle_tweets,2018-08-15 12:10:00,I posted a new video to Facebook https://t.co/Aw53k6CMkA,,FB
social,kaggle_tweets,2018-08-15 12:11:00,"@PedestrianPoet Facebook does that for ads about non-profits, as far as I am aware.",,FB
social,kaggle_tweets,2018-08-15 12:17:00,RT @Ben_Crowder1: I’ve never snorted Pepsi so I can’t really weigh in here https://t.co/A76RA1UTCg,,PEP
social,kaggle_tweets,2018-08-15 12:25:00,RT @lowkeyclutch: when you find a good Netflix series with 4 seasons and 15 episodes per season https://t.co/T7yp1DLWbT,,NFLX
social,kaggle_tweets,2018-08-15 12:35:00,Upgrade to Google One to get more out of Google https://t.co/Cj9fsXOUEE #Google,,GOOGL
social,kaggle_tweets,2018-08-15 12:37:00,"Hmm... Siri is listening to you, but she’s NOT spying, says Apple https://t.co/XxHLZsvAw7 #Siri #Apple #privacy",,AAPL
social,kaggle_tweets,2018-08-15 12:45:00,RT @ptxmisha: @Netflix X @QueerEye I gave my family’s Netflix an upgrade https://t.co/GO3jSN886P,,NFLX
social,kaggle_tweets,2018-08-15 13:21:00,Is now the time for hotels to invest more into Google metasearch? https://t.co/JECjc4ku1F,,GOOGL
social,kaggle_tweets,2018-08-15 13:25:00,RT @_carrrriex: Saw this post on Facebook .. thought I’d share!!! Something I’ve never heard of before https://t.co/Txx0NWmttH,,FB
social,kaggle_tweets,2018-08-15 13:26:00,"Best Amazon, Walmart, and Target sales for Wednesday: Save on FitBit , KitchenAid mixers, and AncestryDNA test kits https://t.co/eiHvc6WL07",,AMZN
social,kaggle_tweets,2018-08-15 13:45:00,RT @Jin_Butterfly2: Walmart Sales (Updated June 2018) - $500.34 BILLION Chanel Sales (Updated May 2018) - $5.6 billion You should've just…,,WMT
social,kaggle_tweets,2018-08-15 14:09:00,"@NaomiAKlein What is terrifying is that the Canadian cannabis community is rallying behind Doug Ford, due to his ‘l… https://t.co/oInci6zlu6",,F
social,kaggle_tweets,2018-08-15 14:14:00,RT @lillie_downing: Literally jus been searching for my dad for ages on Facebook and couldn’t find him... me being the fucking mong I am wa…,,FB
social,kaggle_tweets,2018-08-15 14:50:00,RT @elizabethdgooch: Governor Baker decided to get chauffeured (by the black Ford in the back) to the unveiling of the new red lines cars i…,,F
social,kaggle_tweets,2018-08-15 14:55:00,@WizzBizzz @TheSWU You mean to tell me that a HUGE multi-billion dollar corporation like Disney would buy a film st… https://t.co/NHO3aAuBNR,,DIS
social,kaggle_tweets,2018-08-15 14:57:00,Google still tracks you through the web if you turn off Location History https://t.co/B9YkVxWogu via @verge &lt;- Yikes!,,GOOGL
social,kaggle_tweets,2018-08-15 15:00:00,RT @animag: Disney Imagineering CTO Scott Watson Dies in Plane Crash | Animation Magazine https://t.co/b32nZanQV2 https://t.co/b32nZanQV2,,DIS
social,kaggle_tweets,2018-08-15 15:11:00,Bloomberg: Boeing 737 deliveries fall to lowest since 2012 https://t.co/9cezPWu1TR $BA $AL,,BA
social,kaggle_tweets,2018-08-15 15:29:00,"RT @NBCPhiladelphia: WATCH NBC10 NEWS LIVE NOW: Brother and sister in custody after a shooting inside a Cheltenham Township Walmart, crash…",,WMT
social,kaggle_tweets,2018-08-15 15:37:00,@GauravPandhi @facebook Selective account Silencing by Twitter and Facebook on request or deal from Govt or Ambanis,,FB
social,kaggle_tweets,2018-08-15 15:43:00,Verizon Wireless Prepaid PIN $10 DATA PLAN Refill for MiFi Jetpack &amp; Hotspots #digital #market #deals #sales #today… https://t.co/lsFVUpPDWR,,VZ
social,kaggle_tweets,2018-08-15 15:55:00,"RT @HackRead: New Intel chip flaw ""Foreshadow"" attacks SGX technology to extract sensitive data #Security #Intel #Foreshadow #Vulnerabilit…",,INTC
social,kaggle_tweets,2018-08-15 16:11:00,Google searches for Cornish holidays soar https://t.co/Aovj4WKpg7,,GOOGL
social,kaggle_tweets,2018-08-15 16:15:00,RT @mic_key89: Facebook people: come join us n make make new friends Me: I have signed a forever deal with twitter.🚶 https://t.co/kfjb3Hab…,,FB
social,kaggle_tweets,2018-08-15 16:24:00,RT @GlamourGoaIs: Disney inspired lip art ✨ https://t.co/uQOfbI7e8T,,DIS
social,kaggle_tweets,2018-08-15 16:34:00,RT @SOMEXlCAN: how is Facebook still free 😂😂💀 https://t.co/vH2sc6I9Mk,,FB
social,kaggle_tweets,2018-08-15 16:48:00,Us Says It Is Expanding Visa Bans Over Flawed Cambodia Poll https://t.co/X8HADxt9gG,,V
social,kaggle_tweets,2018-08-15 16:50:00,The most creative $3 Starbucks drinks https://t.co/3Uzc7MyTeB via @POPSUGARSmart,,SBUX
social,kaggle_tweets,2018-08-15 16:51:00,PBF Energy $PBF Given a $50.00 Price Target at Citigroup https://t.co/4nqCVwyCSG #markets,,C
social,kaggle_tweets,2018-08-15 17:00:00,RT @chipfoxx: Community owned utilities can often be way better than for-profit corporations. Comcast tried to sue this one out of existenc…,,CMCSA
social,kaggle_tweets,2018-08-15 17:20:00,"This is the secret to surviving in an Amazon era, according to the CEO of Thinx underwear. https://t.co/5lDRjyTt0g",,AMZN
social,kaggle_tweets,2018-08-15 17:20:00,"RT @thesolesupplier: Off-White officially confirms the Nike Blazer ""ALL HALLOWS EVE"" and ""GRIM REAPERS"" 🎃 https://t.co/JvwzaqWu04 https://…",,NKE
social,kaggle_tweets,2018-08-15 17:25:00,We are proud to announce the launch of our new bidding engine for Google Ads on Diginius Insight! Get in touch for… https://t.co/WXYnXARPn4,,GOOGL
social,kaggle_tweets,2018-08-15 17:28:00,Review: Elements NYC Is the Ideal Boutique Festival For The Big Apple https://t.co/obsnbU8VAO https://t.co/8pxy9gm9me,,AAPL
social,kaggle_tweets,2018-08-15 17:30:00,"RT @billionaire_key: I didn't see it then, but it turned out getting fired from Apple was the best thing that could have ever happened to m…",,AAPL
social,kaggle_tweets,2018-08-15 17:51:00,"Apple Falls to 6th in Global Notebook Shipments, New MacBook Air Expected in September [Chart] https://t.co/35iuej6Aq9",,AAPL
social,kaggle_tweets,2018-08-15 17:55:00,RT @RealJamesWoods: Just cleared all my #Google activity histories after reading tutorials on the process. Naturally Google makes it diffic…,,GOOGL
social,kaggle_tweets,2018-08-15 17:55:00,RT @RealJamesWoods: Just cleared all my #Google activity histories after reading tutorials on the process. Naturally Google makes it diffic…,,GOOGL
social,kaggle_tweets,2018-08-15 17:55:00,RT @RealJamesWoods: Just cleared all my #Google activity histories after reading tutorials on the process. Naturally Google makes it diffic…,,GOOGL
social,kaggle_tweets,2018-08-15 17:55:00,RT @RealJamesWoods: Just cleared all my #Google activity histories after reading tutorials on the process. Naturally Google makes it diffic…,,GOOGL
social,kaggle_tweets,2018-08-15 17:55:00,RT @RealJamesWoods: Just cleared all my #Google activity histories after reading tutorials on the process. Naturally Google makes it diffic…,,GOOGL
social,kaggle_tweets,2018-08-15 17:55:00,RT @RealJamesWoods: Just cleared all my #Google activity histories after reading tutorials on the process. Naturally Google makes it diffic…,,GOOGL
social,kaggle_tweets,2018-08-15 17:55:00,RT @RealJamesWoods: Just cleared all my #Google activity histories after reading tutorials on the process. Naturally Google makes it diffic…,,GOOGL
social,kaggle_tweets,2018-08-15 17:55:00,RT @RealJamesWoods: Just cleared all my #Google activity histories after reading tutorials on the process. Naturally Google makes it diffic…,,GOOGL
social,kaggle_tweets,2018-08-15 17:55:00,RT @RealJamesWoods: Just cleared all my #Google activity histories after reading tutorials on the process. Naturally Google makes it diffic…,,GOOGL
social,kaggle_tweets,2018-08-15 17:55:00,RT @RealJamesWoods: Just cleared all my #Google activity histories after reading tutorials on the process. Naturally Google makes it diffic…,,GOOGL
social,kaggle_tweets,2018-08-15 17:56:00,RT @officerdaddo: Awesome update to this viral incident that I happened across on Facebook 🤟🏻 https://t.co/GU6NtazLqW,,FB
social,kaggle_tweets,2018-08-15 17:56:00,RT @hqtrivia: Today we launched our Apple TV app where you can play HQ right on your 📺 Download it from the App Store today! https://t.co…,,AAPL
social,kaggle_tweets,2018-08-15 17:57:00,"RT @fleurdeliqueur: Netflix should add the category ""Sorry There Are No More Episodes of Bake-Off and Queer Eye, You're Clearly Going Throu…",,NFLX
social,kaggle_tweets,2018-08-15 18:26:00,Nike Foles of Philadelphia Eagles -- Tom Brady handshake snub 'not a big deal' https://t.co/igV2Ooinkw,,NKE
social,kaggle_tweets,2018-08-15 18:31:00,RT @Shinymama: @Ian56789 Fantastic article by @gheliason on DNC hack/leak and Ukraine Intel connections: https://t.co/WhJHvKP1H6,,INTC
social,kaggle_tweets,2018-08-15 18:33:00,Google still tracks you through the web if you turn off Location History - https://t.co/AEWz9MMR8R #privacy #security,,GOOGL
social,kaggle_tweets,2018-08-15 18:34:00,RT ValaAfshar: How did the following companies achieve growth: Starbucks Salesforce Sephora UnderArmour Walmart… https://t.co/HbvQKM974y,,SBUX
social,kaggle_tweets,2018-08-15 19:04:00,"@Sara59703838, @Teresa159Harris, Aziz said, Warren Davis/Dus dropped by 37 years later. He wants you to befriend him on Facebook.",,FB
social,kaggle_tweets,2018-08-15 19:28:00,RT @ChristopherHull: Counterterrorism is a good case study. Raw data: Intel community spends $6 billion on counterterrorism. That's a third…,,INTC
social,kaggle_tweets,2018-08-15 19:45:00,🇧🇷 Brazil may probe Google over its cell phone system: report https://t.co/wqW5oPlyY0 INVESTINGcom,,GOOGL
social,kaggle_tweets,2018-08-15 19:53:00,RT @dbongino: THANK YOU. My new book just launched for preorder on Amazon and we’re already a number one best seller. Thank you for your su…,,AMZN
social,kaggle_tweets,2018-08-15 19:53:00,RT @dbongino: THANK YOU. My new book just launched for preorder on Amazon and we’re already a number one best seller. Thank you for your su…,,AMZN
social,kaggle_tweets,2018-08-15 19:54:00,"RT @The100S6: All episodes of #The100 S5 come to Netflix (US) TODAY! Be sure to watch, rewatch, and share with friends! https://t.co/hqP6cA…",,NFLX
social,kaggle_tweets,2018-08-15 20:00:00,@forditalia Ford edge,,F
social,kaggle_tweets,2018-08-15 20:14:00,Exxon lied about an existential threat to humanity for half a century. Why? Call for an investigation: https://t.co/kKISce3y7F #ExxonKnew,,XOM
social,kaggle_tweets,2018-08-15 20:19:00,Decision narrows definition of Facebook privacy - The Lawyer's Daily https://t.co/yQT0aGxopb,,FB
social,kaggle_tweets,2018-08-15 20:36:00,RT @exoticgamora: . #BREAKING Security clearance for 9 top Intel officials is under evaluation by the white house Trump is silencing all…,,INTC
social,kaggle_tweets,2018-08-15 20:54:00,Google acquisition of 9/24 launch deals,,GOOGL
social,kaggle_tweets,2018-08-16 07:02:00,"RT @tattedpoc: Tear was at number three on best selling albums on Amazon 3 days before the album dropped. Answer is already at number 5, wi…",,AMZN
social,kaggle_tweets,2018-08-16 07:17:00,RT @TeamNightMarenM: https://t.co/7JnsMim9Cr Did you know we also are on Facebook? Give our page a follow and share with your friends! http…,,FB
social,kaggle_tweets,2018-08-16 07:21:00,"Nike Wmns Af1 Jester Xx - White/Game Royal launches today Thursday, 16th August 9AM CET h e r e ➡️… https://t.co/X3uUokP689",,NKE
social,kaggle_tweets,2018-08-16 07:23:00,"RT @tittoantony: #KeralaFloods #KeralaFloodRelief Google has launched in partnership with the government to locate those who need rescue,…",,GOOGL
social,kaggle_tweets,2018-08-16 07:36:00,#Femail - Milton Keynes McDonald's worker drops almost half her body... https://t.co/rFHoSMYuMH via @planetnewspace https://t.co/K6qLo6PVVK,,MCD
social,kaggle_tweets,2018-08-16 07:38:00,"HEADLINES: Walmart sees sales rise at stores and online, raises outlook https://t.co/4J9fQtv9Om",,WMT
social,kaggle_tweets,2018-08-16 07:48:00,RT @crashtesterX: Those who know me know I am a HUGE!!!!! Disney fan &amp; as far back as I can remember I wanted to work with Disney and Disne…,,DIS
social,kaggle_tweets,2018-08-16 07:52:00,RT @C4RT3S1AN: Parents Demand Netflix Drop Movie Depicting “Child Porn” https://t.co/8mKsijuf4O,,NFLX
social,kaggle_tweets,2018-08-16 07:56:00,Citigroup settles U.S. charges of bad controls that led it to lose millions: SEC https://t.co/om5e1CzLwb,,C
social,kaggle_tweets,2018-08-16 08:02:00,"I'm at Starbucks Coffee in Salamanca, GTO https://t.co/Jp9Lgc5h8G",,SBUX
social,kaggle_tweets,2018-08-16 08:02:00,eBay: Apple iPhone 5c - 16GB - Yellow (Sprint) A1456 (CDMA + GSM)Broken Was Drop PARTS https://t.co/FQsnNBUJ0f https://t.co/EjoFuxJT4W,,AAPL
social,kaggle_tweets,2018-08-16 08:12:00,RT @KicksDeals: NEW 'Sequoia' Nike Air Foamposite Pro is now LIVE at @FinishLine + FREE shipping: https://t.co/mnSVVKrbiC https://t.co/mnS…,,NKE
social,kaggle_tweets,2018-08-16 08:23:00,RT @businessinsider: 'Black-ish' creator Kenya Barris signs $100 million deal with Netflix https://t.co/CUuLvPK3IR,,NFLX
social,kaggle_tweets,2018-08-16 08:34:00,I posted a new video to Facebook https://t.co/6TE6ttegxT,,FB
social,kaggle_tweets,2018-08-16 08:47:00,775 hp Steve McQueen Edition Ford Mustang Bullitt unveiled by Steeda https://t.co/ffHSO5kQQS,,F
social,kaggle_tweets,2018-08-16 08:54:00,"RT @Cernovich: Dear @RepMattGaetz: This is literally cyber stalking. Is Google tracking minors, too? What are they doing with this data?…",,GOOGL
social,kaggle_tweets,2018-08-16 08:54:00,"RT @Cernovich: Dear @RepMattGaetz: This is literally cyber stalking. Is Google tracking minors, too? What are they doing with this data?…",,GOOGL
social,kaggle_tweets,2018-08-16 09:07:00,Uber's Earnings and an Unexpected Apple Pop Up Shop: 3 Things to Know Today https://t.co/d6d7CIYIfF #entrepreneur #Leadership,,AAPL
social,kaggle_tweets,2018-08-16 09:12:00,RT @kicksonfire: Fall Vibes Cover This Nike Air VaporMax 2 - https://t.co/0iZNIrOYFI https://t.co/andJcUZwtW,,NKE
social,kaggle_tweets,2018-08-16 09:13:00,#Zuckerberg #Facebook @Facebook #Trolls Why Facebook Enlisted This Research Lab to Track Its Trolls | WIRED https://t.co/YpaTaVJrTz,,FB
social,kaggle_tweets,2018-08-16 09:14:00,RT @MyPassionsPen: Official: 'Black-Ish' Creator Kenya Barris Signs 8-Figure Deal At Netflix To Develop New Projects https://t.co/RQy7PfHWY…,,NFLX
social,kaggle_tweets,2018-08-16 09:38:00,@hadeelOueiss The market cap for Netflix is 150B$. The Turkish stock market cap is 177B$. How come the Turkish mark… https://t.co/GvPzTVDWEy,,NFLX
social,kaggle_tweets,2018-08-16 10:13:00,RT @Shehla_Rashid: Google Person Finder: to locate those who need rescue; please share this link or fill it for someone you know needs resc…,,GOOGL
social,kaggle_tweets,2018-08-16 10:15:00,RT @michaeldamianw: The man who died after falling into a tub full of grease &amp; oil at Disney this morning was an employee at Harvest Power.…,,DIS
social,kaggle_tweets,2018-08-16 10:30:00,RT @TheHackersNews: Google Patches A Chrome Browser Bug (CVE-2018-6177) That Could Have Allowed Remote Hackers to Find Out Everything #Face…,,GOOGL
social,kaggle_tweets,2018-08-16 10:30:00,RT @TheHackersNews: Google Patches A Chrome Browser Bug (CVE-2018-6177) That Could Have Allowed Remote Hackers to Find Out Everything #Face…,,GOOGL
social,kaggle_tweets,2018-08-16 10:31:00,Google launches new expandable featured snippets with more information https://t.co/Liqrs0U2Ys,,GOOGL
social,kaggle_tweets,2018-08-16 10:41:00,RT @JoshVarlin: Former #CIA Dir. Brennan hacked into Senate Intel. Comm. computers and blocked the release of 2014 #torture report as long…,,INTC
social,kaggle_tweets,2018-08-16 10:41:00,RT @JoshVarlin: Former #CIA Dir. Brennan hacked into Senate Intel. Comm. computers and blocked the release of 2014 #torture report as long…,,INTC
social,kaggle_tweets,2018-08-16 10:51:00,RT @IDeepSearch: #OSINT Oldies but goldies Unveiling Hidden Connections with Google Analytics IDs via @bellingcat https://t.co/ntkrnzSztF,,GOOGL
social,kaggle_tweets,2018-08-16 10:53:00,@marklevinshow Walmart reported its best sales growth in &gt;10yrs! Who shops at WMT? Non-elite America. Those crumbs… https://t.co/M4BpJTTbKE,,WMT
social,kaggle_tweets,2018-08-16 10:55:00,[OFFICIAL] 180816 oksusu - 옥수수 Facebook Update with Sehun: 'Dokgo Rewind Quiz Event' https://t.co/pHB5XKCZko옥수수/당첨자… https://t.co/RwxiumE7Mk,,FB
social,kaggle_tweets,2018-08-16 11:03:00,Procter &amp; Gamble’s $PG “Neutral” Rating Reiterated at JPMorgan Chase &amp; Co. https://t.co/ndHt7zOgRl,,JPM
social,kaggle_tweets,2018-08-16 11:11:00,RT @jadepraerie: Disney Lucasfilm 'Star Wars' Profit &amp; Loss Waterfall Chart #Disney #Lucasfilm #StarWars #BoxOfficeGross #ProfitLoss #Water…,,DIS
social,kaggle_tweets,2018-08-16 11:13:00,RT @FordPerformance: #WRC | SS1 is underway at #RallyeDeutschland. RT to wish the @MSportLtd Ford World Rally Team good luck! #FordFiesta…,,F
social,kaggle_tweets,2018-08-16 11:17:00,Another name for a Microsoft Windows tutorial is 'Crash Course'! #Teamfollowback,,MSFT
social,kaggle_tweets,2018-08-16 11:22:00,RT @321CodyLopez: Google Reportedly Launching AI Fitness Coach for Smartwatches. https://t.co/vgea7Sn9mr #Google #AndroidWear #WearOS #Sm…,,GOOGL
social,kaggle_tweets,2018-08-16 11:27:00,@Patreon @LauraLoomer @jihadwatchRS @realDonaldTrump Who in Mastercard requested this? Transparency please. Otherwi… https://t.co/CMGQAg6L7t,,MA
social,kaggle_tweets,2018-08-16 11:28:00,RT @JuliaDavisNews: A senior Microsoft executive said that Microsoft had identified and helped block hacking attempts aimed at three congre…,,MSFT
social,kaggle_tweets,2018-08-16 11:31:00,RT @K9memorialUk: Just read this on Facebook and had to share 🐾🐾 https://t.co/aGyXg6rIxK,,FB
social,kaggle_tweets,2018-08-16 11:42:00,Intel unveils upgraded NUC mini PCs powerful enough to play League of Legends and Counterstike: Go https://t.co/3vqaQgSjqF,,INTC
social,kaggle_tweets,2018-08-16 11:45:00,"Reliance Trust Decreased Exxon Mobil $XOM Stake By $580,752; Last Week Caleres, Inc. $CAL Analysts https://t.co/lHmcIYVrEs",,XOM
social,kaggle_tweets,2018-08-16 11:52:00,"Earlier today, Google: Taking Old Content &amp; Relabeling It As New Is A Bad SEO Hack https://t.co/uI3ogi31dY",,GOOGL
social,kaggle_tweets,2018-08-16 11:53:00,"RT @AndyGilder: Thanks to the UK's strict gun control laws, the most lethal weapon he could get his hands on was a clapped out Ford Fiesta.…",,F
social,kaggle_tweets,2018-08-16 12:01:00,"RT @UTCReading: Congratulations to Noah Abd-Elghany who achieved D, D, D and will be taking up an apprenticeship with Microsoft! Well done…",,MSFT
social,kaggle_tweets,2018-08-16 12:01:00,"RT @RXMANSPHOENIX: everyone seems to forget the fact that Ariel is the only Disney princess who became a mother, raising her twelve-year-ol…",,DIS
social,kaggle_tweets,2018-08-16 12:01:00,"RT @RXMANSPHOENIX: everyone seems to forget the fact that Ariel is the only Disney princess who became a mother, raising her twelve-year-ol…",,DIS
social,kaggle_tweets,2018-08-16 12:01:00,"RT @RXMANSPHOENIX: everyone seems to forget the fact that Ariel is the only Disney princess who became a mother, raising her twelve-year-ol…",,DIS
social,kaggle_tweets,2018-08-16 12:16:00,Augustine Asset Management Cut Its Microsoft $Msft $MSFT Position; Element Capital Management Decreased By $26.08 M… https://t.co/pJLGCs3VHl,,MSFT
social,kaggle_tweets,2018-08-16 12:19:00,"Google has launched in partnership with the government to locate those who need rescue , please share this link or… https://t.co/lUylIJmpRd",,GOOGL
social,kaggle_tweets,2018-08-16 12:40:00,UK regulator sticks to 14 pounds a share floor for Sky from Disney https://t.co/1CavGidoWM #UK #UKBiz #England #Britain #UnitedKingdom,,DIS
social,kaggle_tweets,2018-08-16 12:46:00,RT @real_IPOBEUROPE: Intel community role is to protect humanity; It is time to take its seriously and demand Nigerian Govt to provide #IPO…,,INTC
social,kaggle_tweets,2018-08-16 12:51:00,RT @mattfwood: .@SenatorCantwell asks about bombshell that Google tracks user location even without user consent. @JRosenworcel ties it ba…,,GOOGL
social,kaggle_tweets,2018-08-16 12:55:00,"#Apple Car Is Coming, #Read This=&gt; Apple Is Launching A Car Between 2023 And 2025 https://t.co/g2HtnllK9K… https://t.co/U20YsM8x5p",,AAPL
social,kaggle_tweets,2018-08-16 13:06:00,"@pqpolitics @Blaiserboy @InsiteVan Unfortunately Ford will point to the quack ""research"" and ""facts"" Sue-Ann Levy h… https://t.co/MzbZltSs3q",,F
social,kaggle_tweets,2018-08-16 13:12:00,"Netflix and Kenya Barris, Creator of ‘Black-ish,’ Reach a Deal https://t.co/FMEGGEKrkL",,NFLX
social,kaggle_tweets,2018-08-16 13:14:00,"@laurahhorsfall Disney, the MCU is literally my dream come true. But if u go ahead with pirates six I’m afraid I’m… https://t.co/d4NbfKuvHC",,DIS
social,kaggle_tweets,2018-08-16 13:26:00,"RT @mspoweruser: Arm unveils its PC CPU roadmap, claims it will beat Intel chips in performance - https://t.co/xUa4cGEKB3 https://t.co/w3nz…",,INTC
social,kaggle_tweets,2018-08-16 13:28:00,RT @MailOnline: Apple could launch a self driving car between 2023 and 2025 https://t.co/Ow3xEFuTCd,,AAPL
social,kaggle_tweets,2018-08-16 13:42:00,"RT @makudidasan: Google has launched in partnership with the government to locate those who need rescue , please share this link or fill i…",,GOOGL
social,kaggle_tweets,2018-08-16 13:46:00,"RT @the_moviebob: ...which, fine, good for him. But it's INCREDIBLY shitty for Disney to even pretend that the kind of ignorant worthless g…",,DIS
social,kaggle_tweets,2018-08-16 14:05:00,"RT @MLive: Ford to invest $740M in Detroit's Corktown, add 2,800 parking spots https://t.co/7ilRZPtCXZ",,F
social,kaggle_tweets,2018-08-16 14:06:00,RT @CNNMoney: Walmart sales growth was the best in a decade https://t.co/vP5bazFPsh https://t.co/AT7CaYvJVj,,WMT
social,kaggle_tweets,2018-08-16 14:27:00,RT @WDWNT: RUMOR: Cinemagique Will Return to Walt Disney Studios Paris This Fall https://t.co/Lx22stDOco https://t.co/9nEOBNClEX,,DIS
social,kaggle_tweets,2018-08-16 14:34:00,RT @Variety: Kenya Barris Signs $100 Million Netflix Deal https://t.co/XoBls98Gqs,,NFLX
social,kaggle_tweets,2018-08-16 14:36:00,"RT @WSJ: Facebook has asked banks to share financial information about customers, including account balances, as it seeks to boost user eng…",,FB
social,kaggle_tweets,2018-08-16 14:51:00,"@RevHaz_matt This is certainly true, but the company you're worried about there is Visa. They do both and they do i… https://t.co/Dvz493wQKm",,V
social,kaggle_tweets,2018-08-16 15:18:00,"RT @MarketWatch: Cryptocurrencies are heading ‘closer to zero,’ says former PayPal CEO https://t.co/2zWO6sUwWa",,PYPL
social,kaggle_tweets,2018-08-16 15:19:00,Amazon Quicksight Launches Support for Email Reports and Data Labels https://t.co/OnxTsKGv7i,,AMZN
social,kaggle_tweets,2018-08-16 15:42:00,RT @AWAKEALERT: It is now coming to light - the accusers were themselves the perpetrators! The very Intel agencies that investigated the 9/…,,INTC
social,kaggle_tweets,2018-08-16 15:46:00,Citigroup to pay more than $10 Million for Books and Records Violations and Inadequate Controls https://t.co/tOD53AGsAN,,C
social,kaggle_tweets,2018-08-16 15:48:00,RT @Toast_48: Facebook: we're banning Alex Jones YouTube: we're banning Alex Jones Twitter: we're banning literally everyone EXCEPT Alex Jo…,,FB
social,kaggle_tweets,2018-08-16 15:55:00,"RT @charliebilello: Returns since the Sears Holdings IPO in May 2003... Sears: -83% Amazon: +6,090% $SHLD $AMZN https://t.co/PCaB6ICy7P",,AMZN
social,kaggle_tweets,2018-08-16 15:58:00,"RT @FlyLifestyleHQ: Nike Air VaporMax Flyknit 2 ""Black"" is now available with Free Shipping! BUY HERE: https://t.co/vWPXXvX80k",,NKE
social,kaggle_tweets,2018-08-16 16:03:00,"RT @Lizzy_Weiss: My new show SORRY FOR YOUR LOSS premieres September 18 on Facebook Watch (yes, they make shows! we'll teach you how to wat…",,FB
social,kaggle_tweets,2018-08-16 16:04:00,"🤔 Walmart shares soar as earnings top expectations, boosted by 40% US e-commerce sales growth https://t.co/r9tthChDat",,WMT
social,kaggle_tweets,2018-08-16 16:07:00,Google Generation's push for more technology transforming health care: survey newly empowered patients… https://t.co/1b8SWzI2Ex,,GOOGL
social,kaggle_tweets,2018-08-16 16:08:00,"RT @PrisonPlanet: Alex Jones blasts Apple CEO Tim Cook's hypocrisy and warns; ""Everything they do in China will eventually come to America.…",,AAPL
social,kaggle_tweets,2018-08-16 16:09:00,Intel CPUs Undermined By Fresh Speculative Execution Flaws #kaspersky #itnews #cybersecurity #privacy #online #it… https://t.co/MzOXcutire,,INTC
social,kaggle_tweets,2018-08-16 16:09:00,RT @treymangum: BREAKING: #blackish creator Kenya Barris has officially signed an 8-FIGURE deal with Netflix to develop new projects there.…,,NFLX
social,kaggle_tweets,2018-08-16 16:09:00,RT @treymangum: BREAKING: #blackish creator Kenya Barris has officially signed an 8-FIGURE deal with Netflix to develop new projects there.…,,NFLX
social,kaggle_tweets,2018-08-16 16:36:00,RT @NickiPromotions: Barbz don’t worry about the songs falling on Apple Music. It’s because we have 2 different explicit version so the oth…,,AAPL
social,kaggle_tweets,2018-08-16 16:46:00,Justin Bieber wants Amazon to hand over a Dragon to pay for $3 million settlement,,AMZN
social,kaggle_tweets,2018-08-16 17:09:00,"Veritable LP Decreased Exxon Mobil $XOM Stake By $393,236; Stein Mart $SMRT Has 0.45 Sentiment https://t.co/4POrxtw8NT",,XOM
social,kaggle_tweets,2018-08-16 17:14:00,RT @DRE2SHIFTY: Slime season was supposed to drop at 12 and it’s not on Apple Music 🙄,,AAPL
social,kaggle_tweets,2018-08-16 17:39:00,RT @aleyda: Google launches new expandable featured snippets with more information https://t.co/VK5iuiVrfX https://t.co/VejKpOLAbh,,GOOGL
social,kaggle_tweets,2018-08-16 17:39:00,Apple says buildings at its new billion-dollar headquarters worth just $200 — RT Business News https://t.co/csLS8pJFhS,,AAPL
social,kaggle_tweets,2018-08-16 17:41:00,"IBM Leader in The Forrester Wave Industrial IoT Software Platforms, Q3 2018 https://t.co/A8KuiRDbRI",,IBM
social,kaggle_tweets,2018-08-16 17:52:00,"RT @IndieWire: Fall TV Premiere Dates: Shows from Netflix, HBO, FX, and More https://t.co/WcwzYAtT9E https://t.co/H53bJqg2xI",,NFLX
social,kaggle_tweets,2018-08-16 18:02:00,Markets Right Now: Walmart leads gains for US stock indexes https://t.co/4sq8NYr9fu,,WMT
social,kaggle_tweets,2018-08-16 18:19:00,"RT @KeeganAllen: Every night, as I fall asleep I hear a phantom “...and you’re watching Disney channel...” This is my own personal curse…",,DIS
social,kaggle_tweets,2018-08-16 18:26:00,$PGR Citigroup raises PT to $65 from $63 https://t.co/WVZ0MqBwZa,,C
social,kaggle_tweets,2018-08-16 18:40:00,A 16-year-old hacked Apple and stole 90GB of secure files https://t.co/rJg2C8cWo6 https://t.co/uWEbCcdbLu,,AAPL
social,kaggle_tweets,2018-08-16 18:41:00,Markets Right Now: Walmart leads gains for US stock indexes https://t.co/CsWfcSlYKM,,WMT
social,kaggle_tweets,2018-08-16 18:52:00,RT @itsgenbby_: Saw this on Facebook thought I’d share it 😂😂 https://t.co/YuRzpSPCFi,,FB
social,kaggle_tweets,2018-08-16 18:58:00,Apple Hacked by Biggest Teen Fan: Report https://t.co/6C2CPRJNSm -via Flynx,,AAPL
social,kaggle_tweets,2018-08-16 19:01:00,Citigroup Trims AgroFresh Solutions $AGFS Target Price to $7.00 https://t.co/ja90rEhJNJ #stocks,,C
social,kaggle_tweets,2018-08-16 19:10:00,"RT @MSStudiosBlog: Following today's great Microsoft Studios Live show, we've got these awesome water bottles to give away, courtesy of @Ra…",,MSFT
social,kaggle_tweets,2018-08-16 19:41:00,How To Increase Engagement and Sales Using Facebook https://t.co/SWiJT3Q4NY,,FB
social,kaggle_tweets,2018-08-16 19:45:00,"Walmart Soars 8% On Strongest Sales In 10 Years, Outlook Boost; Dow Rises https://t.co/pXMge4uUmL",,WMT
social,kaggle_tweets,2018-08-16 19:45:00,re: David Hillel Gerlernter's Mirror World $625m piracy lawsuit against Apple @glennbeck? Seems the Supreme Court… https://t.co/b9LHs3hdpm,,AAPL
social,kaggle_tweets,2018-08-16 19:53:00,RT @dbongino: THANK YOU. My new book just launched for preorder on Amazon and we’re already a number one best seller. Thank you for your su…,,AMZN
social,kaggle_tweets,2018-08-16 19:58:00,Facebook birthday fundraisers rake in $300 million in first year... https://t.co/1WV3wYO4Za,,FB
social,kaggle_tweets,2018-08-16 20:00:00,Microsoft Corp $MSFT Stock Rose While Prudential Financial INC Has Cut Its Stake https://t.co/LluVKGwPtb,,MSFT
social,kaggle_tweets,2018-08-16 20:05:00,"RT @vivekpoduval: Google has launched in partnership with the government to locate those who need rescue , please share this link or fill…",,GOOGL
social,kaggle_tweets,2018-08-16 20:28:00,Check out this Amazon deal: Mippo Women's Sexy Sleeveless Yoga Tank Tops ... by Mippo https://t.co/OxXXEeQRhP via @amazon,,AMZN
social,kaggle_tweets,2018-08-16 20:33:00,RT @business: Stocks continue to rise on strong Walmart earnings and thawing trade relations between the U.S. and China https://t.co/Yc2fZx…,,WMT
social,kaggle_tweets,2018-08-16 20:36:00,RT @exoticgamora: . #BREAKING Security clearance for 9 top Intel officials is under evaluation by the white house Trump is silencing all…,,INTC
social,kaggle_tweets,2018-08-16 20:36:00,RT @exoticgamora: . #BREAKING Security clearance for 9 top Intel officials is under evaluation by the white house Trump is silencing all…,,INTC
social,kaggle_tweets,2018-08-16 20:36:00,RT @exoticgamora: . #BREAKING Security clearance for 9 top Intel officials is under evaluation by the white house Trump is silencing all…,,INTC
social,kaggle_tweets,2018-08-16 20:44:00,"RT @DefendDemocracy: 'Reportedly able to: * access Telegram, Skype &amp; Viber message history; * acquire Facebook &amp; Twitter data; * break i…",,FB
social,kaggle_tweets,2018-08-16 20:44:00,"RT @DefendDemocracy: 'Reportedly able to: * access Telegram, Skype &amp; Viber message history; * acquire Facebook &amp; Twitter data; * break i…",,FB
social,kaggle_tweets,2018-08-16 20:48:00,The Google expanded text ad CTR lift that never was https://t.co/sm3s35gDu5,,GOOGL
social,kaggle_tweets,2018-08-16 20:58:00,Verizon Wireless USA Prepaid PIN $5 DATA PLAN #Refill for MiFi Jetpack https://t.co/cXc5kSQS9l #digital #market… https://t.co/UfZVQdKL2S,,VZ
social,kaggle_tweets,2018-08-17 07:23:00,RT @digitalcloudgal: Google Launches 🚀 the First of it’s Prepackaged #AI services #Cloud https://t.co/FJ5EMkI01c via @SiliconANGLE #CIO #C…,,GOOGL
social,kaggle_tweets,2018-08-17 07:28:00,"Construction Estimating Software Market Is Booming Worldwide | Leading Key Players- Bluebeam, RedTeam, Microsoft, J… https://t.co/50EeWgha1s",,MSFT
social,kaggle_tweets,2018-08-17 07:31:00,"If you’re ready to serve me, the first thing you can do to prove you’re worthy is drop some cash in my PayPal or ca… https://t.co/L7zvl8VC1u",,PYPL
social,kaggle_tweets,2018-08-17 07:33:00,@RampCapitalLLC Apple is the largest growth stock since the Great Depression,,AAPL
social,kaggle_tweets,2018-08-17 07:50:00,Attn: Utah Digital Marketers! Come learn the 10 Facebook Messenger &amp; Chatbot Marketing Hacks of All Time from… https://t.co/ZE61Dw2ZAd,,FB
social,kaggle_tweets,2018-08-17 07:59:00,"RT @Deplorable80210: #ThePurge TECH GIANTS LAUNCH MASSIVE PURGE of Top Conservative Sites on Facebook, YouTube -- WHERE THE HELL IS THE GOP…",,FB
social,kaggle_tweets,2018-08-17 08:08:00,"RT @SOLELINKS: PRICE DROP: Nike W Air VaporMax Flyknit 2 'Thunder Grey' on sale for $155 + shipping, use code BTS2018 =&gt; https://t.co/KWH2v…",,NKE
social,kaggle_tweets,2018-08-17 08:13:00,UBS upgrades Boeing to 'buy' with 50-percent upside https://t.co/69GZAMrGsx,,BA
social,kaggle_tweets,2018-08-17 08:27:00,RT @Evbusharon: Apple Music never actually shuffles all my music. It just shuffles the same 30 songs and thinks I won’t notice.,,AAPL
social,kaggle_tweets,2018-08-17 08:27:00,"RT @NeilRetail: 🇺🇸 Walmart shares soar as earnings top expectations, boosted by 40% US e-commerce sales growth. https://t.co/tesNNEHnNS",,WMT
social,kaggle_tweets,2018-08-17 08:29:00,"Facebook launches Mentorships, matching people within Groups to help them guide each other - https://t.co/Wu2Cx6xAeP https://t.co/sVhHZtzEH8",,FB
social,kaggle_tweets,2018-08-17 08:47:00,Do a Facebook live news broadcast during fire evacuation @kfbk. We did it before.,,FB
social,kaggle_tweets,2018-08-17 08:57:00,"@nikkijumpfly good to know. Also, I don’t throw around hack lightly, but since Google didn’t technically create the… https://t.co/zW8e7jvMUI",,GOOGL
social,kaggle_tweets,2018-08-17 09:00:00,RT @TommyThornton: No company is buying $TSLA anytime soon. Please stop with the Apple should buy them fantasy talk.,,AAPL
social,kaggle_tweets,2018-08-17 09:08:00,Hate when people share your post on Facebook but don’t even bother liking it first😩,,FB
social,kaggle_tweets,2018-08-17 09:15:00,"RT @GregRubini: @prageru @facebook @conservmillen Trump has to do something about this! Antitrust laws and shattering Facebook, Twitter, Go…",,FB
social,kaggle_tweets,2018-08-17 09:16:00,It's definitely a weekend for Netflix. And meeting someone. - https://t.co/tO7MADTb1k,,NFLX
social,kaggle_tweets,2018-08-17 09:25:00,@Mike_AMachine @LOLJKpodcast Seems Like that would make millions of dollars on Netflix,,NFLX
social,kaggle_tweets,2018-08-17 09:30:00,RT @financialpost: The Amazon era is making Vancouver the world’s hottest industrial real estate market https://t.co/DvLAbmP9Ey https://t.c…,,AMZN
social,kaggle_tweets,2018-08-17 09:42:00,"Only 9 weekends away! Save the date and visit our event page on Facebook to RSVP, invite and share. https://t.co/FlGNqRnUSR",,FB
social,kaggle_tweets,2018-08-17 09:57:00,The $14 Billion Man: Why Nike Lost NBA Superstar Stephen Curry to Under Armour https://t.co/kknNX05ACt via @hypersocial_uk #marketing,,NKE
social,kaggle_tweets,2018-08-17 10:13:00,RT @Shehla_Rashid: Google Person Finder: to locate those who need rescue; please share this link or fill it for someone you know needs resc…,,GOOGL
social,kaggle_tweets,2018-08-17 10:25:00,"RT @prardise: I feel so stupid like literally how Kendall Jenner felt after that Pepsi commercial, I do it to myself and then I’m drowning…",,PEP
social,kaggle_tweets,2018-08-17 10:26:00,"Daily Briefing: Musk's ""excruciating"" year, teen hacks into Apple and Amazon goes to the movies… https://t.co/Zbh02hFduh",,AMZN
social,kaggle_tweets,2018-08-17 10:31:00,"RT @Kevinmadkins3: See on Doug Taylor's Facebook, he's got Trump's photo endorsing his campaign,makes sense with upcoming federal investiga…",,FB
social,kaggle_tweets,2018-08-17 10:40:00,"Trade war should ‘really concern’ Apple investors, hedge fund manager Dan Niles warns Hedge fund manager Daniel Ni… https://t.co/Amh8zqfsMp",,AAPL
social,kaggle_tweets,2018-08-17 10:41:00,RT @dmills3710: #WeThePeople Approve Of An Investigation Into This 🦅 Who in Intel Gave Away Top Secret Info Revealing Details of Our #Speci…,,INTC
social,kaggle_tweets,2018-08-17 10:41:00,RT @JoshVarlin: Former #CIA Dir. Brennan hacked into Senate Intel. Comm. computers and blocked the release of 2014 #torture report as long…,,INTC
social,kaggle_tweets,2018-08-17 10:43:00,FDA: Investigation continues into McDonald's salads that sickened hundreds including people in WI and MN. https://t.co/jP4ZfQWrWy,,MCD
social,kaggle_tweets,2018-08-17 10:51:00,RT @ummmno21: Currently giving a puppy away in Walmart parking lot. I assume I feel like drug dealers feel when they are making a deal. Goo…,,WMT
social,kaggle_tweets,2018-08-17 10:55:00,RT @them: 7 Queer Films &amp; TV Shows to Watch This Month on Netflix https://t.co/6wnu0Li7nf https://t.co/wRVS9BiSMp,,NFLX
social,kaggle_tweets,2018-08-17 11:11:00,FBI Includes Google Location Data In Quest to investigate Series of Robberies https://t.co/F4ScDAoYum https://t.co/RWmUKMXlQZ,,GOOGL
social,kaggle_tweets,2018-08-17 11:11:00,RT @chuck_rick: I can not wait for Bird Grissler’s new Netflix special on August 24th. @bertkreischer @tomsegura @ChristinaP @YMHBlueBan @a…,,NFLX
social,kaggle_tweets,2018-08-17 11:25:00,"A reading of less than 90 minutes. My book ""A Seller? Me?"" for only $ 9,95 at Amazon - #sales #entrepreneurs https://t.co/VifUBCnYbO",,AMZN
social,kaggle_tweets,2018-08-17 11:31:00,RT @K9memorialUk: Just read this on Facebook and had to share 🐾🐾 https://t.co/aGyXg6rIxK,,FB
social,kaggle_tweets,2018-08-17 11:39:00,"Virtual Artifacts launches their AI social network, Hibe, using the Oracle Cloud and built with keeping user's priv… https://t.co/s95gBv6874",,ORCL
social,kaggle_tweets,2018-08-17 11:58:00,"RT @dangchg: @BgogoExchange CEO, Maximilian Wang Former software engineer at Facebook ,the former founder of Facebook’s crypto syndicate al…",,FB
social,kaggle_tweets,2018-08-17 11:58:00,"RT @ZaneZodrow: Japan, US Authorities Investigate Apple Under Anti-Monopoly Act | Zero Hedge https://t.co/F2KvTWqExX",,AAPL
social,kaggle_tweets,2018-08-17 12:05:00,RT @sbanjo: Google CEO finally addresses China calls them ‘Exploratory’ After employee Backlash https://t.co/WO1MRrefwB,,GOOGL
social,kaggle_tweets,2018-08-17 12:05:00,"RT @BalakrishnanR: [8/17, 08:33] STC Minnie Jacob: https://t.co/VnjgmXxEyt [8/17, 08:33] STC Minnie Jacob: Google has launched in partnersh…",,GOOGL
social,kaggle_tweets,2018-08-17 12:08:00,"RT @IBMWatson: Did you know? IBM Watson has a YouTube channel, covering everything from building with Watson to real-world #AI applications…",,IBM
social,kaggle_tweets,2018-08-17 12:11:00,"RT @TweetWorcester: City of Worcester to Make Major Announcement today, August 17 at 2:00 p.m. Tune in to Facebook to watch it live at http…",,FB
social,kaggle_tweets,2018-08-17 12:11:00,RT @CNNnews18: Google has launched its 'Person Finder' application in India to help offer information on missing people in the flood-affect…,,GOOGL
social,kaggle_tweets,2018-08-17 12:40:00,Google CEO Tells Employees Company Isn't Close to Launching Search Engine in China https://t.co/IMxgnUcSyx,,GOOGL
social,kaggle_tweets,2018-08-17 12:53:00,"Future of Education ERP Market including key players Blackbaud ,Oracle Corporation, Dell ,Epicor Software https://t.co/OMxMiKP07m",,ORCL
social,kaggle_tweets,2018-08-17 12:57:00,Google risks mega-fine in EU over location 'stalking' - Privacy campaigners say Google's obsessive collection of lo… https://t.co/Otmke6wL8u,,GOOGL
social,kaggle_tweets,2018-08-17 13:25:00,"RT @idap_io: Join our Facebook Live session with CEO, Awanish Rajan @awanishr and be part of his #AMA! Have a doubt, query or suggestion? W…",,FB
social,kaggle_tweets,2018-08-17 13:25:00,"RT @idap_io: Join our Facebook Live session with CEO, Awanish Rajan @awanishr and be part of his #AMA! Have a doubt, query or suggestion? W…",,FB
social,kaggle_tweets,2018-08-17 13:34:00,Me running to Netflix headquarters and kidnapping the Netflix executives and hiding them in my basement forcing the… https://t.co/gc9ooyEoGg,,NFLX
social,kaggle_tweets,2018-08-17 13:39:00,RT @CNBC: Google CEO: We're 'not close' to launching search in China https://t.co/MvYCr0sx2G,,GOOGL
social,kaggle_tweets,2018-08-17 13:52:00,"Booming Walmart, Cisco results show US economy’s strength is real and broad-based Major U.S. companies are confirmi… https://t.co/DvzBg1Nnbw",,CSCO
social,kaggle_tweets,2018-08-17 13:54:00,steph93065 drawandstrike jaketapper Don't forget the Grandma that had a group on Facebook that supported Trump and… https://t.co/aIsstkbaHH,,FB
social,kaggle_tweets,2018-08-17 14:04:00,"RT @SneakerTweetsHQ: Nike EXP-X14 SE ""White/Total Orange"" is now available with Free Shipping! BUY HERE: https://t.co/KOPLxvDtSe",,NKE
social,kaggle_tweets,2018-08-17 14:34:00,RT @Variety: Kenya Barris Signs $100 Million Netflix Deal https://t.co/XoBls98Gqs,,NFLX
social,kaggle_tweets,2018-08-17 14:41:00,RT @SneakerSearchHQ: Nike Air Force 1 High JDI “White/Black” is now available with Free Shipping! BUY HERE: https://t.co/gj6HEBD3kV,,NKE
social,kaggle_tweets,2018-08-17 14:41:00,RT @BrookeeCC: Saw this on Facebook &amp; thought it should be shared 😂 https://t.co/QWhZY11O85,,FB
social,kaggle_tweets,2018-08-17 14:43:00,Is August too early for fall and Halloween decorations at Disney?,,DIS
social,kaggle_tweets,2018-08-17 14:43:00,RT @matociquala: Buy my spouse's book! It's the first time anybody in this household has been an Amazon deal of the day! https://t.co/Ooi…,,AMZN
social,kaggle_tweets,2018-08-17 14:56:00,Walmart $WMT PT Raised to $113.00 https://t.co/gC5LbpCgKx #markets,,WMT
social,kaggle_tweets,2018-08-17 15:06:00,"Follow Stop Falling For The Okeydoke on Facebook, Twitter and Instagram @StopFalling4It https://t.co/Z8EabW8FGN",,FB
social,kaggle_tweets,2018-08-17 15:15:00,Facebook signs music licensing deal for Australia and New Zealand with APRA AMCOS https://t.co/d0NufbsR2Y,,FB
social,kaggle_tweets,2018-08-17 15:35:00,I’m about to go be fat and watch something on Netflix until I fall asleep,,NFLX
social,kaggle_tweets,2018-08-17 15:37:00,RT @balleralert: “Black-Ish” Creator Kenya Barris Signs $100 Million Overall Production Deal With Netflix https://t.co/wIGDxyk1eT https://t…,,NFLX
social,kaggle_tweets,2018-08-17 15:38:00,RT @picklenatalie: Saw this on Facebook and I just had to share it on here. Y’all please stay safe out there and always watch your surround…,,FB
social,kaggle_tweets,2018-08-17 15:42:00,"Sources: Google prepares to launch its own smart speaker with display for the holiday season, 3M units planned for… https://t.co/d6M0xTPhEJ",,GOOGL
social,kaggle_tweets,2018-08-17 15:48:00,RT @Toast_48: Facebook: we're banning Alex Jones YouTube: we're banning Alex Jones Twitter: we're banning literally everyone EXCEPT Alex Jo…,,FB
social,kaggle_tweets,2018-08-17 15:48:00,"RT @davidaxelrod: I wonder how morale is today within the Intel Community, now that some of their most decorated and respected leaders have…",,INTC
social,kaggle_tweets,2018-08-17 15:55:00,"RT @4th_WaveNow: Followers, please share this thread (and the Facebook post &amp; archive) with any journalists you know. The public deserves t…",,FB
social,kaggle_tweets,2018-08-17 16:04:00,"Join Robinhood and we'll both get a stock like Apple, Ford, or Sprint for free. Make sure you use my link. https://t.co/7jzABrQLgU",,AAPL
social,kaggle_tweets,2018-08-17 16:09:00,RT @treymangum: BREAKING: #blackish creator Kenya Barris has officially signed an 8-FIGURE deal with Netflix to develop new projects there.…,,NFLX
social,kaggle_tweets,2018-08-17 16:12:00,RT @evankirstel: Google is tracking your location and search history — and stopping it is complicated #search #privacy #ads #Advertising #s…,,GOOGL
social,kaggle_tweets,2018-08-17 16:27:00,"""Too Big To Fail"": Russia-Gate, One Year After Intel Vets Showed A Leak, Not A Hack | Zero Hedge https://t.co/Mbh8Xjidf9",,INTC
social,kaggle_tweets,2018-08-17 16:34:00,New post (Insten 3D Virtual Reality VR Headset For Google Cardboard Samsung iPhone LG) has been published on i-DEAL… https://t.co/hoUULrDySJ,,GOOGL
social,kaggle_tweets,2018-08-17 16:44:00,Mastodon is going to fall victim to the same network externalities that killed Google Plus and nothing you do can prevent it,,GOOGL
social,kaggle_tweets,2018-08-17 16:58:00,RT @PHEELSAM: Facebook behavior https://t.co/2u07KKezVM,,FB
social,kaggle_tweets,2018-08-17 17:20:00,RT @NYStartupLab: Analyst warns Facebook investors: “systemic mismanagement” poses big risks https://t.co/7BLIRxJb88 #startup https://t.co/…,,FB
social,kaggle_tweets,2018-08-17 17:25:00,Who was it that hacked Apple? https://t.co/yEnLlnkjlv,,AAPL
social,kaggle_tweets,2018-08-17 17:32:00,RT @FS1: SOUND UP! @MichaelRapaport is taking your questions RIGHT NOW on Facebook Watch during @thebig3 Game 1! #BIG3Playoffs Head to B…,,FB
social,kaggle_tweets,2018-08-17 17:54:00,Japan's FTC investigating Apple over anti-competition allegations https://t.co/ESgSG2R86Y,,AAPL
social,kaggle_tweets,2018-08-17 18:05:00,Australian teen sparks FBI action after hacking Apple -media https://t.co/eVqxAVf46s via @ABSCBNNews,,AAPL
social,kaggle_tweets,2018-08-17 18:07:00,I liked a @YouTube video https://t.co/BSAciqhC8U How Microsoft Saved Apple (And Why They Did It),,AAPL
social,kaggle_tweets,2018-08-17 18:19:00,"RT @KeeganAllen: Every night, as I fall asleep I hear a phantom “...and you’re watching Disney channel...” This is my own personal curse…",,DIS
social,kaggle_tweets,2018-08-17 18:21:00,Wild Friends Foods Almond Butter Deal On Amazon! https://t.co/KE7W4N6Odx https://t.co/8QqtxxmZ5H,,AMZN
social,kaggle_tweets,2018-08-17 18:23:00,Friday briefing: Google workers demand transparency over censored search engine for #China https://t.co/qJS8SB2bU1,,GOOGL
social,kaggle_tweets,2018-08-17 18:27:00,RT @nowthisnews: Ellen is launching an affordable fashion line at Walmart https://t.co/vIYiEburPi,,WMT
social,kaggle_tweets,2018-08-17 18:30:00,"Thanks, J Bart, for your excellent review on Google @Birdeye_ https://t.co/jXnn2wmPIY",,GOOGL
social,kaggle_tweets,2018-08-17 18:42:00,Closed two lines from Verizon through our 1st web appointment!!! @_nmontalban @navdeepdosanjh @DerrickSeay1,,VZ
social,kaggle_tweets,2018-08-17 18:49:00,Smart Ads Builder review- Create Profitable Facebook AdSet In 5 Minutes https://t.co/NiyWMyBKlN,,FB
social,kaggle_tweets,2018-08-17 18:49:00,UPDATE ON MURDER PLACE: we looked up the place we are staying in on Google and the owner literally gave herself 1/5 stars ROFL,,GOOGL
social,kaggle_tweets,2018-08-17 18:57:00,FBI Investigates Threats Against Boston Globe After Coordinated Editorials https://t.co/cPVRnbKHGN Shared from my Google feed,,GOOGL
social,kaggle_tweets,2018-08-17 19:12:00,Apple reassures customers after teen is busted for hacking its secure network - CNET https://t.co/sewHCiSkWC,,AAPL
social,kaggle_tweets,2018-08-17 19:16:00,"16-Year-Old Teen Hacked Apple Servers, Stole 90GB of Secure Files https://t.co/SupXX0dry4",,AAPL
social,kaggle_tweets,2018-08-17 19:26:00,"RT @SnkrConnectHQ: Nike PG 2.5 ""Amarillo/Chrome"" is now available with Free Shipping! BUY HERE: https://t.co/jWg2HT8ldf",,NKE
social,kaggle_tweets,2018-08-17 19:35:00,"#amazon #deals #sale Amazon Deal – Stratton Home Decor Set of 3 Rustic Flower Wall Decor, Multicolor https://t.co/UXqdrsE886",,AMZN
social,kaggle_tweets,2018-08-17 19:36:00,"RT @MarkYoungTruth: hey socialist, real question, if the Tax cuts only go to the rich, why is Walmart sales through the roof? All the milli…",,WMT
social,kaggle_tweets,2018-08-17 19:52:00,"Several months ago, IBM upgraded the original quantum computer to 16 qubits, which increased the number of experime… https://t.co/x5YKOQLHqL",,IBM
social,kaggle_tweets,2018-08-17 19:53:00,RT @dbongino: THANK YOU. My new book just launched for preorder on Amazon and we’re already a number one best seller. Thank you for your su…,,AMZN
social,kaggle_tweets,2018-08-17 20:10:00,"Mobile Advertising Market Global Research 2018- Microsoft, Apple - https://t.co/F2YOrm6Hbi https://t.co/gXrNRHxmcq https://t.co/eXgqLWSlAu",,AAPL
social,kaggle_tweets,2018-08-17 20:24:00,RT @RealMattCouch: NEW Intel Drop in the Seth Rich Murder Investigation https://t.co/MgId9UaFQB,,INTC
social,kaggle_tweets,2018-08-17 20:28:00,Google just gave control over data center cooling to an AI https://t.co/6dNqf8JEXB https://t.co/qhL3C8HVUZ,,GOOGL
social,kaggle_tweets,2018-08-17 20:38:00,When Apple came up with the performance of Microsoft stock!,,AAPL
social,kaggle_tweets,2018-08-17 20:41:00,RT @_mattyice_11: This nigga put a Ford F-150 tire mark on his head. https://t.co/XfKoTqYDPP,,F
social,kaggle_tweets,2018-08-17 20:47:00,RT @IDEAMotorCars: One in ten million. Pretty car. Amazing Ford has built that many Mustangs https://t.co/NWzC7XRRqD,,F
social,kaggle_tweets,2018-08-17 20:56:00,"Here we go with Walmart again, don’t these idiots know they invest more in their securitythsn they do in their employees #dumbasses #LivePD",,WMT
social,kaggle_tweets,2018-08-18 07:08:00,"First FDA-Approved CBD Costs $32K/year! United Nations Recommends CBD, Facebook Targets Cannabis Media, Regulators,… https://t.co/NNRy6NCACA",,FB
social,kaggle_tweets,2018-08-18 07:29:00,"RT @breanna_pena: Saw this video on Facebook &amp; it left me in tears. This family band created a song in their mother’s perspective, who pass…",,FB
social,kaggle_tweets,2018-08-18 07:32:00,"Now with over 2.8 million apps in Google Play Market and 2.2 million apps available in Apple's App Store, here is a… https://t.co/Yw8J6LrFQE",,GOOGL
social,kaggle_tweets,2018-08-18 07:44:00,RT @DigiMarketingZA: How Google Ads Display Advertising Works #Digital #Marketing #Advertising #SocialMedia #Entrepreneur #SEO #GrowthHack…,,GOOGL
social,kaggle_tweets,2018-08-18 08:26:00,RT @EXOXOXOID: 180817 Nature Republic Thailand on Facebook Update. Baekhyun - 🌟Shopping Time🌟 https://t.co/BkqMCUGVjR https://t.co/MlsTU2P…,,FB
social,kaggle_tweets,2018-08-18 08:27:00,RT @Evbusharon: Apple Music never actually shuffles all my music. It just shuffles the same 30 songs and thinks I won’t notice.,,AAPL
social,kaggle_tweets,2018-08-18 08:30:00,RT @trevortimm: Huge privacy and security show down brewing: the Trump admin is secretly demanding Facebook break the end to end encryption…,,FB
social,kaggle_tweets,2018-08-18 08:31:00,RT @krassenstein: BREAKING: The White House has drafted security clearance revocations for numerous other Intel officials. WH officials a…,,INTC
social,kaggle_tweets,2018-08-18 08:40:00,"RT @nytimes: Facebook and Google made billions mining your personal data, and fought off anyone who threatened to stop them. Then came an u…",,GOOGL
social,kaggle_tweets,2018-08-18 08:59:00,Drunk at Disney,,DIS
social,kaggle_tweets,2018-08-18 09:45:00,It looks like Fallout 76 is available for pre-order in the Microsoft Store https://t.co/PDJK2X9762,,MSFT
social,kaggle_tweets,2018-08-18 09:55:00,Amazon UK Hot News: #9: The Fall of Gondolin | https://t.co/NHnkxARpQl,,AMZN
social,kaggle_tweets,2018-08-18 10:28:00,"RT @Inteliot: Inventory is a $1.1 trillion a year problem for the retail industry, which explains why Walmart is investing in #IoT robotics…",,WMT
social,kaggle_tweets,2018-08-18 10:37:00,I posted a new video to Facebook https://t.co/L7kHFQ9aCJ,,FB
social,kaggle_tweets,2018-08-18 10:48:00,RT @ifntfashion: [ WOOHYUN ] ☆ NSF Clothing Fall 2016 Catalina Shirt - not available ☆ Nike x Tom Sachs Mars Yard 2.0 - $2800 ☆ Vetement…,,NKE
social,kaggle_tweets,2018-08-18 11:05:00,Australian teen pleads guilty to hacking Apple https://t.co/wADKM0xaDR,,AAPL
social,kaggle_tweets,2018-08-18 11:15:00,RT @radiodisney: #SoWhat by #BTS is the #1 song of the week! This is their 5th #1 song on Radio Disney! @BTS_twt @bts_bighit https://t.co/l…,,DIS
social,kaggle_tweets,2018-08-18 11:29:00,RT @LDoren: @oliverdarcy CNN literally showed up at a random old lady's home for joining a Facebook group.,,FB
social,kaggle_tweets,2018-08-18 12:06:00,"RT @Perfect_styIe: Off-White &amp; Nike ""QUEEN"" collab for Serena Williams 🎾 https://t.co/nP0EtcCACP",,NKE
social,kaggle_tweets,2018-08-18 12:08:00,The Amazon era is making Vancouver the world's hottest industrial real estate market https://t.co/loRhWOplm0,,AMZN
social,kaggle_tweets,2018-08-18 12:09:00,"RT @petefrt: Facebook Targets PragerU: Posts Reached ZERO of 3 Million Followers, Videos DELETED @LamarSmithTX21 @SenMikeLee @ChuckGrassl…",,FB
social,kaggle_tweets,2018-08-18 12:25:00,"Direct Contract - Microsoft Dynamics Developer at M4 Managed Services, Essex, 4 Months, £Market Rate… https://t.co/vGWdltd9nQ",,MSFT
social,kaggle_tweets,2018-08-18 12:27:00,RT @thebradfordfile: Dear Netflix: Too late! You can dump press sec hater and abortion fanatic Michelle Wolf. But you're still in bed with…,,NFLX
social,kaggle_tweets,2018-08-18 12:46:00,Walmart $WMT Stock Rating Upgraded by ValuEngine https://t.co/JnTr2j9rdu,,WMT
social,kaggle_tweets,2018-08-18 12:46:00,5 Reasons I Bought Facebook Stock (Again) https://t.co/kntgIXXHUt,,FB
social,kaggle_tweets,2018-08-18 12:58:00,@LarryBunz @ChrisWorth1971 @nytopinion @nytimes Again just go to Google scholar and find and compare studies if you… https://t.co/YKoerGa6sr,,GOOGL
social,kaggle_tweets,2018-08-18 13:16:00,Kimberly Clark $KMB Upgraded to Neutral by JPMorgan Chase &amp; Co. https://t.co/mNJh0BYCOT,,JPM
social,kaggle_tweets,2018-08-18 13:20:00,"This week’s top stories: Teenager hacks into Apple’s servers, low-cost 13-inch MacBook news, Apple Pencil support f… https://t.co/jSw3wKHPn0",,AAPL
social,kaggle_tweets,2018-08-18 13:24:00,RT @TheRealHublife: So based on what we know today about the lawsuit filed by HUD against Facebook for discriminatory practices in advertis…,,FB
social,kaggle_tweets,2018-08-18 13:25:00,"RT @idap_io: Join our Facebook Live session with CEO, Awanish Rajan @awanishr and be part of his #AMA! Have a doubt, query or suggestion? W…",,FB
social,kaggle_tweets,2018-08-18 13:28:00,Cisco Systems (CSCO) Given a $59.00 Price Target by JPMorgan Chase &amp; Co. Analysts https://t.co/BRuxBLUCS6,,JPM
social,kaggle_tweets,2018-08-18 13:32:00,General Electric $GE Given “Underweight” Rating at JPMorgan Chase &amp; Co. https://t.co/8tbszaEwzL,,JPM
social,kaggle_tweets,2018-08-18 13:41:00,Amazon deals 38.81% off! original price: 220.61$ deal price: 135.00$ (you save 85.61$) Link:… https://t.co/0Xo16PAyFA,,AMZN
social,kaggle_tweets,2018-08-18 13:50:00,RT @BLFsea: Shout out to @SeattleGDC for setting up a running intel thread on Facebook for this weekend as Seattle braces for yet another f…,,FB
social,kaggle_tweets,2018-08-18 14:07:00,I forgive them for trying to show people that there are shows on Netflix other than the office,,NFLX
social,kaggle_tweets,2018-08-18 14:16:00,RT @KarenOrtley: An amazing opportunity to join the number one retailer- Walmart! We currently have opportunities in New Jersey and Pennsy…,,WMT
social,kaggle_tweets,2018-08-18 14:23:00,Amazon deals 38.81% off! original price: 220.61$ deal price: 135.00$ (you save 85.61$) Link:… https://t.co/ffBl60nDVk,,AMZN
social,kaggle_tweets,2018-08-18 14:56:00,Pre-Order Yours NOW! NBA 2k19 ONLY $47.99 (20% Off) Play on release day of September 11! *Amazon Prime Require… https://t.co/rOryjFnudW,,AMZN
social,kaggle_tweets,2018-08-18 15:21:00,"RT @RealJack: HAHAHAHAHA Anti-Trump ""Comedian"" Michelle Wolf Gets Netflix Show Cancelled In Record-Breaking Time https://t.co/5mqfQ4zfFi",,NFLX
social,kaggle_tweets,2018-08-18 15:23:00,RT @UlsterRally: Congratulations to Matt Edwards and Darren Garron in their @SwiftRallyTeam Ford Fiesta R5 on winning this years @Mulhollan…,,F
social,kaggle_tweets,2018-08-18 15:28:00,I posted a new video to Facebook https://t.co/j5RbPTv15G,,FB
social,kaggle_tweets,2018-08-18 16:02:00,What to Expect When Verizon Launches Its 5G Network https://t.co/dd2aPDdxId https://t.co/hQ5PFHS8tp,,VZ
social,kaggle_tweets,2018-08-18 16:07:00,➜MASAKI YODA Release on Google play music -High- https://t.co/YDrwjFZb6s #เพลง #ประเทศญี่ปุ่น #ข้อมูล,,GOOGL
social,kaggle_tweets,2018-08-18 16:07:00,The Facebook Ad Algorithm: What Marketers Need to Know https://t.co/ZSvAbMuXMI,,FB
social,kaggle_tweets,2018-08-18 16:28:00,RT @DailyCaller: That Was Quick: Netflix Drops The Axe On Michelle Wolf’s Show https://t.co/qsiQ1dpGUB https://t.co/utlDSVgmVu,,NFLX
social,kaggle_tweets,2018-08-18 16:28:00,RT @DailyCaller: That Was Quick: Netflix Drops The Axe On Michelle Wolf’s Show https://t.co/qsiQ1dpGUB https://t.co/utlDSVgmVu,,NFLX
social,kaggle_tweets,2018-08-18 16:28:00,RT @DailyCaller: That Was Quick: Netflix Drops The Axe On Michelle Wolf’s Show https://t.co/qsiQ1dpGUB https://t.co/utlDSVgmVu,,NFLX
social,kaggle_tweets,2018-08-18 16:53:00,"@Fegan I just wish they ran stock Android, all our media is from Google play",,GOOGL
social,kaggle_tweets,2018-08-18 16:55:00,"RT @GoogleIndia: Plus codes on Google Maps can help people share their accurate location, even if they are offline. #KeralaFloods https://t…",,GOOGL
social,kaggle_tweets,2018-08-18 16:55:00,"RT @GoogleIndia: Plus codes on Google Maps can help people share their accurate location, even if they are offline. #KeralaFloods https://t…",,GOOGL
social,kaggle_tweets,2018-08-18 16:59:00,RT @ICPFJ: @ICPFJ A @Reuters investigation gets inside the secretive monitoring operation set up by Facebook to combat hate speech in Myanm…,,FB
social,kaggle_tweets,2018-08-18 16:59:00,RT @SteTudor123: The kick-offs on here when Amazon accidentally charges everybody for a second month due to an 'admin error'.,,AMZN
social,kaggle_tweets,2018-08-18 17:09:00,"Video Conferencing Market 2018 Global Analysis By Key Players – Adobe Systems, Arkadin Cloud Communications, Cisco… https://t.co/3fZ96UxDYX",,ADBE
social,kaggle_tweets,2018-08-18 17:13:00,Disc Brake Pad Set-Standard Premium Disc Brake Pad Front fits 08-11 Ford Focus https://t.co/CQfuC0H9bQ,,F
social,kaggle_tweets,2018-08-18 17:23:00,RT @BigHitEnt: j-hope - 'Hope World' Full Mixtape Download Google: https://t.co/vo1SFMqtFo MediaFire: https://t.co/hnnn9EoIJ8 Dropbox: htt…,,GOOGL
social,kaggle_tweets,2018-08-18 18:04:00,When you eat McDonald's just because you are not in the mood to pay for food 🤦,,MCD
social,kaggle_tweets,2018-08-18 18:10:00,RT @saanysano12: Come on guys all #SanayaIrani fans voting for her in the final via Facebook like &amp; share more than once here 👇🏻👇🏻 https://…,,FB
social,kaggle_tweets,2018-08-18 18:12:00,"RT @Bellagiotime: 'Little Red' 1967 Ford Mustang Shelby GT500 found after 50 years, could be worth millions https://t.co/vKfVjgEbze #FoxNews",,F
social,kaggle_tweets,2018-08-18 18:23:00,"RT @david_j_roth: Netflix is generally cheesier and worse than any existing television channel and loses more money, more quickly than any…",,NFLX
social,kaggle_tweets,2018-08-18 18:42:00,@jeffblankenburg @LindsayPB I hope she ends up as CEO of both Apple AND Microsoft one day and recalls that. Wishin… https://t.co/mWT2x7anub,,AAPL
social,kaggle_tweets,2018-08-18 19:07:00,King of dark fantasy. Summon today. App Store: https://t.co/94PvFwaQOe Google Play: https://t.co/9gJGNH8u1V #DarkSummoner,,GOOGL
social,kaggle_tweets,2018-08-18 19:27:00,H-1B Visa Use Soared Last Year At Major Tech Firms: https://t.co/L4MhRNbNN8,,V
social,kaggle_tweets,2018-08-18 19:41:00,"RT @StevenLHall1: This is a big deal. Why? Intel officers are trained to be discreet, clandestine, and to avoid public comment. That this…",,INTC
social,kaggle_tweets,2018-08-18 20:34:00,Ford Recalls 1.1M Trucks Over Doors That Don't Stay Shut https://t.co/zXPrMGRCAF,,F
social,kaggle_tweets,2018-08-18 20:35:00,Walmart $WMT Sees Large Volume Increase After Earnings Beat https://t.co/ta8wx9MJ2G #markets,,WMT
social,kaggle_tweets,2018-08-18 20:38:00,RT @Hopeofsuffering: Give Where It's Most Needed! Share the love of Jesus Christ with children today through PayPal hopeofsufferinghumanity…,,PYPL
social,kaggle_tweets,2018-08-18 20:43:00,"RT @SteveRattner: If the market was overly focused on quarterly earnings, Amazon would not be valued at $900+ billion https://t.co/pHOEuUjp…",,AMZN
social,kaggle_tweets,2018-08-19 07:08:00,#NowPlaying Chris Brown - Privacy (DJ K Dee Hype Mix Dirty) on #Tr3Radio. DOWNLOAD TODAY!!! Apple Apps:… https://t.co/GbDzAmzmgl,,AAPL
social,kaggle_tweets,2018-08-19 07:18:00,I posted a new video to Facebook https://t.co/QcsjMkgJfS,,FB
social,kaggle_tweets,2018-08-19 07:37:00,@JuiceWrId when are you going to put those 25 songs you have on YouTube on Apple Music? Drop that new album🔥🤙🏾,,AAPL
social,kaggle_tweets,2018-08-19 07:38:00,RT @TWICE_Charts: 🇯🇵 Apple Music Japan: #21. TWICE - BDZ [+58] *new peak* https://t.co/yog6Ec9Piv,,AAPL
social,kaggle_tweets,2018-08-19 08:04:00,@rapidchargescot @InstaVoltUK @Apple @TritiumAus Apple Watch 38mm Slim Strap Watch Adapter Included… https://t.co/2XbCLc1Pso,,AAPL
social,kaggle_tweets,2018-08-19 08:09:00,RT @cpd_active: To celebrate our launch on 01.09.2018 we’re giving away a £50 Amazon voucher. Follow us and like this post to enter! #insta…,,AMZN
social,kaggle_tweets,2018-08-19 08:14:00,Facebook Birthday Fundraisers Raise $300 Million in First Year https://t.co/GkVg1RVIFs,,FB
social,kaggle_tweets,2018-08-19 08:30:00,Amazon deals 9.91% off! original price: 293.05$ deal price: 264.02$ (you save 29.03$) Link: https://t.co/gLPmI4dguO… https://t.co/OMR7IVpnD4,,AMZN
social,kaggle_tweets,2018-08-19 08:35:00,Walmart Completes 77% Stake Buy In Flipkart https://t.co/dgTcjeYxRD,,WMT
social,kaggle_tweets,2018-08-19 08:56:00,Google Drive vs OneDrive vs Dropbox: Which cloud service deserves your data? https://t.co/5ZzBdaIxVJ,,GOOGL
social,kaggle_tweets,2018-08-19 09:20:00,Facebook In DEEP Legal Trouble – Ben Carson Launches Investigation Over SERIOUS ALLEGATIONS! https://t.co/a5vO3x1joh via @en_volve,,FB
social,kaggle_tweets,2018-08-19 09:21:00,"Sign up for Robinhood to invest in Bitcoin and stocks, and we’ll both get a free stock like Apple, Ford, or Sprint! https://t.co/jksG2dq1D2",,AAPL
social,kaggle_tweets,2018-08-19 09:30:00,Shadow Ban: PragerU Reveals Immediate 99.9999% Drop in Facebook Reach https://t.co/apLuEa3Wwh via @BreitbartNews,,FB
social,kaggle_tweets,2018-08-19 09:35:00,RT @Stonekettle: Amway is running your schools. Exxon is managing foreign relations. Wall Street has control of the economy. Big Jesu…,,XOM
social,kaggle_tweets,2018-08-19 09:35:00,RT @Stonekettle: Amway is running your schools. Exxon is managing foreign relations. Wall Street has control of the economy. Big Jesu…,,XOM
social,kaggle_tweets,2018-08-19 09:56:00,Walmart completes deal to buy Flipkart for $16 billion https://t.co/a7l8okgDPo,,WMT
social,kaggle_tweets,2018-08-19 10:10:00,The FTC has the power to hold Facebook accountable for the use and abuse of its platform. Act now https://t.co/pHkiYSDF8X,,FB
social,kaggle_tweets,2018-08-19 10:22:00,"RT @BryanDeanWright: This is a pattern. Intel officials start a political brush fire by alleging Trump treason, then sprinkle drops of “ju…",,INTC
social,kaggle_tweets,2018-08-19 10:25:00,"Apple gets hacked from Australia, and catches flak in Japan and Turkey https://t.co/hMqivwmtwu",,AAPL
social,kaggle_tweets,2018-08-19 10:26:00,@ccollinsjr @edgarwright Being asked “how could it possibly be profitable?” and then see Netflix make something sim… https://t.co/MAWqlccaHJ,,NFLX
social,kaggle_tweets,2018-08-19 10:37:00,"RT @vacareers: VA recruiters will answer your Spinal Cord Injury careers questions live on Facebook. Join us Wednesday, 8/22, 2:00–3:00 PM…",,FB
social,kaggle_tweets,2018-08-19 10:52:00,RT @TheRealHublife: 🚨UPDATE: BUT WAIT THERE'S MORE EDITION🚨 Sources tell me that this is NOT the only mega lawsuit against Facebook that I…,,FB
social,kaggle_tweets,2018-08-19 10:55:00,RT @British_Exit: #Brexit: Ford warns it will take 'whatever action' to protect profits https://t.co/whoxXvZppK,,F
social,kaggle_tweets,2018-08-19 10:56:00,"RT @idap_io: Ask https://t.co/CQNF66LAPO CEO, Awanish Rajan @awanishr all your questions about #IDAP on Saturday, 18 August on Facebook Liv…",,FB
social,kaggle_tweets,2018-08-19 11:05:00,Is Watson enough to carry IBM? #CV #computervision https://t.co/op3m7NWtJB,,IBM
social,kaggle_tweets,2018-08-19 11:34:00,"""Microsoft shares ways for software vendors to minimize false positives"" https://t.co/YaVNKSzS8W",,MSFT
social,kaggle_tweets,2018-08-19 11:34:00,RT @VettingBernie: @jetsnut99 @realDonaldTrump Senate Intel bipartisan report backs up Mueller: Russian hackers had ability to alter voter…,,INTC
social,kaggle_tweets,2018-08-19 11:37:00,"RT @piewhackett: Disney In WWII ~ Thumper was painted on this B-29 assigned to the 73rd Bombardment Wing, 497th Bomb Group. https://t.co/TY…",,DIS
social,kaggle_tweets,2018-08-19 12:00:00,RT @Thomas1774Paine: Silicon Valley Strikes Back: Facebook Censors PragerU After Google Lawsuit https://t.co/2QljoGwQyf,,GOOGL
social,kaggle_tweets,2018-08-19 12:06:00,@Glyn_C @akirathedon @myspacetom Facebook didn't feature a lot of spam bots and hackers back then.,,FB
social,kaggle_tweets,2018-08-19 12:10:00,RT @Jason: Walmart ($291.98B market cap) acquires Indian e-commerce firm Flipkart for $16B; F... via @launchticker https://t.co/ajdAXRfwiv,,WMT
social,kaggle_tweets,2018-08-19 12:17:00,"Week In Wearables: Apple Watch Health Upgrade, Future Of Fitness Trackers, Google Pixel Watch https://t.co/SMv0X3dDhy",,GOOGL
social,kaggle_tweets,2018-08-19 12:27:00,RT @Ermowhat: Pls sign! Facebook censors Palestinian activists seeking to call attention to the military occupation. The FTC has the power…,,FB
social,kaggle_tweets,2018-08-19 12:30:00,RT @OdysseyOCN: OCPay by Odyssey Protocol Foundation is now Live on Apple! $OCN $OCP https://t.co/jDhJxosCUR https://t.co/Ay7QJHI4rr,,AAPL
social,kaggle_tweets,2018-08-19 12:55:00,"Nike LeBron 15 ""Multi"" is now available on sale with Free Shipping! BUY HERE: https://t.co/n1qaQf8WH0",,NKE
social,kaggle_tweets,2018-08-19 13:05:00,"RT @Mike_Press19: Facebook suffered its worst day so far, Mark lost $ 119 billion https://t.co/iJ3Q4t2lqM",,FB
social,kaggle_tweets,2018-08-19 13:08:00,As long its related with shows that are on Netflix and not burger commercials i’m fine with it.,,NFLX
social,kaggle_tweets,2018-08-19 13:18:00,RT @Batalla_Epica: 🔁 Netflix ❤ Spotify https://t.co/xmMb2g1WXz,,NFLX
social,kaggle_tweets,2018-08-19 13:21:00,"Recently went down a Google rabbit-hole, and stumbled upon the uncanny, deeply beautiful portraits of William Matth… https://t.co/X2YfuHAS03",,GOOGL
social,kaggle_tweets,2018-08-19 13:30:00,"RT @paulaannev: Like my Facebook page for more info on my watercolour painting, photos and products. Page share every Sun/Mon :) https://t.…",,FB
social,kaggle_tweets,2018-08-19 13:36:00,Pomsie is in stock at Walmart https://t.co/aFLYaQS62c for $14.82 | Get The Tracker App @TheTrackerApp,,WMT
social,kaggle_tweets,2018-08-19 14:15:00,"Already outselling Tesla while Apple MIGHT have a car by 2025 | $TSLA $AAPL and let's forget all the German, Japane… https://t.co/RdX56vqwQy",,AAPL
social,kaggle_tweets,2018-08-19 14:28:00,RT @RXMANSPHOENIX: concept: a teen movie/coming-of-age movie on Netflix with young black teens in a positive light. we can name literally m…,,NFLX
social,kaggle_tweets,2018-08-19 15:04:00,Enter to Win! $50 Nordstrom Gift Card &amp; $50 Amazon Gift Card #giveaway #win https://t.co/EJIvE5Pr3C,,AMZN
social,kaggle_tweets,2018-08-19 15:06:00,Walmart sales growth was the best in a decade https://t.co/MM1nFMtOGi https://t.co/Dn8nJ0Te48 #mining #cryptocurrency,,WMT
social,kaggle_tweets,2018-08-19 15:21:00,Blume Capital Management Has Lowered By $1.05 Million Its Microsoft $MSFT Stake; Tech Data $TECD Sentiment Is 0.83 https://t.co/4Ah3mdTRNA,,MSFT
social,kaggle_tweets,2018-08-19 15:38:00,RT @picklenatalie: Saw this on Facebook and I just had to share it on here. Y’all please stay safe out there and always watch your surround…,,FB
social,kaggle_tweets,2018-08-19 15:38:00,RT @picklenatalie: Saw this on Facebook and I just had to share it on here. Y’all please stay safe out there and always watch your surround…,,FB
social,kaggle_tweets,2018-08-19 15:42:00,RT @Pink_About_it: Kevin spacey's billionaire boys club earned just $126.00 opening day Netflix stocks tanking while Michelle wolf's show…,,NFLX
social,kaggle_tweets,2018-08-19 15:42:00,RT @Pink_About_it: Kevin spacey's billionaire boys club earned just $126.00 opening day Netflix stocks tanking while Michelle wolf's show…,,NFLX
social,kaggle_tweets,2018-08-19 15:42:00,RT @Pink_About_it: Kevin spacey's billionaire boys club earned just $126.00 opening day Netflix stocks tanking while Michelle wolf's show…,,NFLX
social,kaggle_tweets,2018-08-19 15:42:00,RT @Pink_About_it: Kevin spacey's billionaire boys club earned just $126.00 opening day Netflix stocks tanking while Michelle wolf's show…,,NFLX
social,kaggle_tweets,2018-08-19 15:42:00,RT @Pink_About_it: Kevin spacey's billionaire boys club earned just $126.00 opening day Netflix stocks tanking while Michelle wolf's show…,,NFLX
social,kaggle_tweets,2018-08-19 15:48:00,RT @Thomas1774Paine: Ben Carson’s HUD Launches Serious Investigation of Facebook https://t.co/PMumhQEf8Q,,FB
social,kaggle_tweets,2018-08-19 15:59:00,RT @FuckedVids: Your Facebook friends are already on Fuckbook.Find out who's already here. Meet new people looking for sex in your area or…,,FB
social,kaggle_tweets,2018-08-19 16:02:00,Cambridge Investment Research Advisors INC Has Lifted Its Amazon $AMZN Position by $8.70 Million; Valuation Rose https://t.co/OBzdzjaTdm,,AMZN
social,kaggle_tweets,2018-08-19 16:16:00,"RT @Noah_Fludd: The creators of #CrazyRichAsians turned down a distribution deal, a greenlit trilogy, and FAT paychecks from Netflix, inste…",,NFLX
social,kaggle_tweets,2018-08-19 16:45:00,Someone PLEASE PayPal me $20 I will do literally ANYTHING I’m desperate please oh my god,,PYPL
social,kaggle_tweets,2018-08-19 16:59:00,"RT @Journotopia: I highly recommend my colleague Steve Stecklow’s shocking investigation of Facebook in Myanmar, where unchecked hate speee…",,FB
social,kaggle_tweets,2018-08-19 17:18:00,Walmart acquires 77 per cent stake in Flipkart https://t.co/V3J9pCuQz6,,WMT
social,kaggle_tweets,2018-08-19 17:19:00,Hearing from Netflix data science team https://t.co/Uzd8epU2aJ #DataScience I want to share awesome insights from… https://t.co/ucNLVGR3tY,,NFLX
social,kaggle_tweets,2018-08-19 18:07:00,📹 khdejow: Birthday surprise sang by Senpai Apple https://t.co/XPvNizL6z2,,AAPL
social,kaggle_tweets,2018-08-19 19:08:00,RT @StephaneMHamel: Apple to initiate an hostile takeover on @tesla on Monday according to people familiar with the matter. $tsla,,AAPL
social,kaggle_tweets,2018-08-19 19:13:00,RT @chartdata: Cardi B's 'Invasion of Privacy' has broken the global Apple Music record for most streamed album by a female artist in a sin…,,AAPL
social,kaggle_tweets,2018-08-19 19:23:00,RT @zerohedge: Walmart Tells Some Suppliers To Look Outside China As Maersk Sounds Trade War Alarm https://t.co/pGLlbbdUh7,,WMT
social,kaggle_tweets,2018-08-19 19:26:00,RT @pr_akash_raj: She: I'm breaking up with you Nike CEO: What? Why? She: You are too obsessed with your brand NC: Fine. Go ahead. Just do…,,NKE
social,kaggle_tweets,2018-08-19 19:38:00,"RT @PatrickCaseyIE: Regulate the following as utilities: -Payment processors -Credit cards -Bank accounts -Twitter, Facebook, etc. -YouTu…",,FB
social,kaggle_tweets,2018-08-19 19:46:00,"RT @HeatherWhaley: The super-rich received millions in tax cuts, but the @GOP wants you to be grateful that your $60 Costco membership is t…",,COST
social,kaggle_tweets,2018-08-19 20:41:00,"@KeepsTonyInLine {he gently rubs her back} “It does matter to me, Pepsi.. you’re my soon to be wife.. I need to know what upsets you.”",,PEP
social,kaggle_tweets,2018-08-19 20:41:00,"RT @ahmed: According to research by JPMorgan, capital outflows of residents in Saudi Arabia are projected at $65 billion in 2018, or 8.4% o…",,JPM
social,kaggle_tweets,2018-08-20 07:04:00,@ashinanfandom Try to wait for these sales they have in Amazon. I bought my 200 one for 50$,,AMZN
social,kaggle_tweets,2018-08-20 07:10:00,"RT @astrog1rll: Misfits was ahead of its time, if it was to get a Netflix Deal in today’s time it would be one of those shows everyone talk…",,NFLX
social,kaggle_tweets,2018-08-20 07:10:00,"RT @astrog1rll: Misfits was ahead of its time, if it was to get a Netflix Deal in today’s time it would be one of those shows everyone talk…",,NFLX
social,kaggle_tweets,2018-08-20 07:10:00,"RT @astrog1rll: Misfits was ahead of its time, if it was to get a Netflix Deal in today’s time it would be one of those shows everyone talk…",,NFLX
social,kaggle_tweets,2018-08-20 07:10:00,"RT @astrog1rll: Misfits was ahead of its time, if it was to get a Netflix Deal in today’s time it would be one of those shows everyone talk…",,NFLX
social,kaggle_tweets,2018-08-20 07:10:00,"RT @astrog1rll: Misfits was ahead of its time, if it was to get a Netflix Deal in today’s time it would be one of those shows everyone talk…",,NFLX
social,kaggle_tweets,2018-08-20 07:10:00,"RT @astrog1rll: Misfits was ahead of its time, if it was to get a Netflix Deal in today’s time it would be one of those shows everyone talk…",,NFLX
social,kaggle_tweets,2018-08-20 07:10:00,"RT @astrog1rll: Misfits was ahead of its time, if it was to get a Netflix Deal in today’s time it would be one of those shows everyone talk…",,NFLX
social,kaggle_tweets,2018-08-20 07:10:00,"RT @astrog1rll: Misfits was ahead of its time, if it was to get a Netflix Deal in today’s time it would be one of those shows everyone talk…",,NFLX
social,kaggle_tweets,2018-08-20 07:10:00,"RT @astrog1rll: Misfits was ahead of its time, if it was to get a Netflix Deal in today’s time it would be one of those shows everyone talk…",,NFLX
social,kaggle_tweets,2018-08-20 07:15:00,"RT @spectatorindex: Facebook users by country, 2018. (millions) India: 270 US: 240 Indonesia: 140 Brazil: 130 Mexico: 85 Philippines: 69 V…",,FB
social,kaggle_tweets,2018-08-20 07:17:00,Metro Manila is already in Netflix!!! Watch it guysss! 👌🏼 https://t.co/dqovtD4N4w,,NFLX
social,kaggle_tweets,2018-08-20 07:18:00,RT @Thomas1774Paine: Ben Carson’s HUD Launches Serious Investigation of Facebook https://t.co/5bo7fAr8a6,,FB
social,kaggle_tweets,2018-08-20 07:28:00,Disney Infinity 3.0 Edition: Star Wars Rise Against the Empire https://t.co/x5bxgcLuMO List Price: $34.99 Deal Pr… https://t.co/t5xvHRY9Fv,,DIS
social,kaggle_tweets,2018-08-20 07:40:00,Pepsi is making a $3.2 billion bet on an unconventional sparkling-water brand as Americans ditch soda (PEP)… https://t.co/UuEZGfQT74,,PEP
social,kaggle_tweets,2018-08-20 07:40:00,These airliners need to reach a deal with Netflix to let you log into your account during flights. Great partnershi… https://t.co/U24bdkYgNB,,NFLX
social,kaggle_tweets,2018-08-20 07:50:00,"@LazyMeatball More precisely, the ""Horse"" Apple didn't fall too far from the Horse's Ass. (Hillary)",,AAPL
social,kaggle_tweets,2018-08-20 07:54:00,RT @CurlsGodd_: Niggas really different on Facebook 😂😂 https://t.co/Kduo9sG8No,,FB
social,kaggle_tweets,2018-08-20 07:56:00,RT @SheCallsMeKing: Facebook is literally in a league of its own. I can’t believe it’s consistently this crackhead quality comedy on there…,,FB
social,kaggle_tweets,2018-08-20 07:56:00,RT @SheCallsMeKing: Facebook is literally in a league of its own. I can’t believe it’s consistently this crackhead quality comedy on there…,,FB
social,kaggle_tweets,2018-08-20 07:56:00,RT @SheCallsMeKing: Facebook is literally in a league of its own. I can’t believe it’s consistently this crackhead quality comedy on there…,,FB
social,kaggle_tweets,2018-08-20 07:56:00,RT @SheCallsMeKing: Facebook is literally in a league of its own. I can’t believe it’s consistently this crackhead quality comedy on there…,,FB
social,kaggle_tweets,2018-08-20 07:56:00,RT @SheCallsMeKing: Facebook is literally in a league of its own. I can’t believe it’s consistently this crackhead quality comedy on there…,,FB
social,kaggle_tweets,2018-08-20 07:56:00,RT @SheCallsMeKing: Facebook is literally in a league of its own. I can’t believe it’s consistently this crackhead quality comedy on there…,,FB
social,kaggle_tweets,2018-08-20 07:56:00,RT @SheCallsMeKing: Facebook is literally in a league of its own. I can’t believe it’s consistently this crackhead quality comedy on there…,,FB
social,kaggle_tweets,2018-08-20 07:56:00,RT @SheCallsMeKing: Facebook is literally in a league of its own. I can’t believe it’s consistently this crackhead quality comedy on there…,,FB
social,kaggle_tweets,2018-08-20 07:56:00,RT @SheCallsMeKing: Facebook is literally in a league of its own. I can’t believe it’s consistently this crackhead quality comedy on there…,,FB
social,kaggle_tweets,2018-08-20 07:56:00,RT @SheCallsMeKing: Facebook is literally in a league of its own. I can’t believe it’s consistently this crackhead quality comedy on there…,,FB
social,kaggle_tweets,2018-08-20 07:56:00,RT @SheCallsMeKing: Facebook is literally in a league of its own. I can’t believe it’s consistently this crackhead quality comedy on there…,,FB
social,kaggle_tweets,2018-08-20 07:56:00,RT @SheCallsMeKing: Facebook is literally in a league of its own. I can’t believe it’s consistently this crackhead quality comedy on there…,,FB
social,kaggle_tweets,2018-08-20 08:00:00,I’m bored! My Life’s Crashed! In The 🍏 Apple Store Trying to Reboot my Memory Bank https://t.co/VO47fta2uz,,AAPL
social,kaggle_tweets,2018-08-20 08:05:00,"RT @ItsAlly_Dawson: Okay, so when is Disney gonna stop playing and send me the full recording of two in a million so I could play it at my…",,DIS
social,kaggle_tweets,2018-08-20 08:10:00,"RT @JonErlichman: On this day in 2004: Google goes public at a valuation of $23 billion. Today, it’s worth $840 billion. https://t.co/8NJU…",,GOOGL
social,kaggle_tweets,2018-08-20 08:10:00,"RT @JonErlichman: On this day in 2004: Google goes public at a valuation of $23 billion. Today, it’s worth $840 billion. https://t.co/8NJU…",,GOOGL
social,kaggle_tweets,2018-08-20 08:12:00,RT @Hackers_toolbox: Google Cloud Platform Audit https://t.co/RnffNDh4Ql,,GOOGL
social,kaggle_tweets,2018-08-20 08:36:00,"Sterling Silver Charms &amp; Pendants. Please comment for prices, Thank you. PayPal Available.",,PYPL
social,kaggle_tweets,2018-08-20 08:52:00,"Amazon literally has fake gucci, Hermès, LV belts, bracelets and bags. I died laughing when I seen that shit",,AMZN
social,kaggle_tweets,2018-08-20 09:04:00,I am kind of envious of everyone on my Facebook feed who’s having their first day of kindergarten today.,,FB
social,kaggle_tweets,2018-08-20 09:35:00,Apple CEO Cook regularly begins sending emails at 4:30 am+held Sunday-night staff meetings by phone 2 prep 4 the ne… https://t.co/slJgoOKg3I,,AAPL
social,kaggle_tweets,2018-08-20 09:44:00,"It is never the questions of ""if"" you get hacked but ""when"" you will get hacked 16-Year-Old Teen Hacked Apple Serve… https://t.co/pEJ0X8Tput",,AAPL
social,kaggle_tweets,2018-08-20 09:49:00,Two questions: What is the meaning of life? And why didn't I buy Apple stock?,,AAPL
social,kaggle_tweets,2018-08-20 09:51:00,JPMorgan Chase &amp; Co. Reaffirms “Overweight” Rating for Hecla Mining $HL https://t.co/pw0XOuXmFV,,JPM
social,kaggle_tweets,2018-08-20 09:53:00,RT @DisneyParks: Matt Damon meets Edna Mode at #PixarPier at Disney California Adventure park at @Disneyland #NoCapes https://t.co/vEeVr2mz…,,DIS
social,kaggle_tweets,2018-08-20 09:58:00,RT @LanceUlanoff: Pepsi is buying SodaStream for $3.2 billion https://t.co/H1LHXbFDSy,,PEP
social,kaggle_tweets,2018-08-20 10:14:00,Can’t trust guys that are late to school cus they need their Starbucks,,SBUX
social,kaggle_tweets,2018-08-20 10:25:00,"RT @PrisonPlanet: Trump tells Reuters it's ""very dangerous"" when social platforms like Twitter and Facebook self-regulate content. Executiv…",,FB
social,kaggle_tweets,2018-08-20 10:25:00,"RT @PrisonPlanet: Trump tells Reuters it's ""very dangerous"" when social platforms like Twitter and Facebook self-regulate content. Executiv…",,FB
social,kaggle_tweets,2018-08-20 10:25:00,"RT @PrisonPlanet: Trump tells Reuters it's ""very dangerous"" when social platforms like Twitter and Facebook self-regulate content. Executiv…",,FB
social,kaggle_tweets,2018-08-20 10:25:00,"RT @PrisonPlanet: Trump tells Reuters it's ""very dangerous"" when social platforms like Twitter and Facebook self-regulate content. Executiv…",,FB
social,kaggle_tweets,2018-08-20 10:27:00,Lawsuit says Google tracks phone users regardless of privacy settings https://t.co/FEMBMPEPRT,,GOOGL
social,kaggle_tweets,2018-08-20 10:32:00,RT @PolarAltss: ❤️😍😱Drop Al MD😱😍❤️ 😚x10 Unmigrateds 😘x6 Capas de OF 😜x15 Netflix Op 😍Follow @AltsIronV2 @PolarAltss @DeathNoteAlts @Def…,,NFLX
social,kaggle_tweets,2018-08-20 11:06:00,RT @dre_vercetti: Tf is Netflix so loud for when you first open it “DUH DOOM” face ass,,NFLX
social,kaggle_tweets,2018-08-20 11:06:00,RT @dre_vercetti: Tf is Netflix so loud for when you first open it “DUH DOOM” face ass,,NFLX
social,kaggle_tweets,2018-08-20 11:21:00,RT @nachaengst: TWICE | Netflix hq link: https://t.co/fI1nmMWEdK https://t.co/SA0TJ4fw50,,NFLX
social,kaggle_tweets,2018-08-20 11:22:00,RT @ReneeCarrollAZ: 🚨 MUST WATCH 🚨 YUGE Intel Drop on #SethRich❗❗❗ These two were at the hospital at the exact same time that Seth Rich a…,,INTC
social,kaggle_tweets,2018-08-20 11:52:00,RT @hotdamnperalta: 🧚🏼‍♀️Brooklyn Nine Nine as Disney Movies: A Thread🧚🏼‍♀️ https://t.co/FDwObJZVwO,,DIS
social,kaggle_tweets,2018-08-20 12:08:00,Selling 1.5 Million MUT/Madden Coins for PayPal! DM Me If you are buying! Xbox One Only,,PYPL
social,kaggle_tweets,2018-08-20 12:14:00,Hey let’s give Facebook another shot. Tries to watch a live broadcast and met with all this https://t.co/24s682fbvT,,FB
social,kaggle_tweets,2018-08-20 12:15:00,Facebook is literally just the lowest of the social ladder sharing screenshots of funny tweets from Twitter or midd… https://t.co/J4EcM9qhm2,,FB
social,kaggle_tweets,2018-08-20 12:21:00,RT @EFF: Reuters reports on government attempts to force Facebook to undermine their users' privacy. We're looking into it &amp; will report m…,,FB
social,kaggle_tweets,2018-08-20 12:24:00,Windacre Partnership Raised By $2.38 Million Its Visa $V Stake; Eversource Energy $D/B/A $ES Sellers Increased By 6… https://t.co/vEYvkzb1KK,,V
social,kaggle_tweets,2018-08-20 12:28:00,RT @totally_kelsey: @izzyg1032 @kamakanaalohaa Netflix would crash cause everyone and their grandmother would be watching. But I’d lose my…,,NFLX
social,kaggle_tweets,2018-08-20 12:29:00,"RT @BreitbartNews: ""Mueller’s former client—the paragon of privacy Apple Inc.—provided the special counsel with access to Paul Manafort’s i…",,AAPL
social,kaggle_tweets,2018-08-20 12:29:00,"RT @BreitbartNews: ""Mueller’s former client—the paragon of privacy Apple Inc.—provided the special counsel with access to Paul Manafort’s i…",,AAPL
social,kaggle_tweets,2018-08-20 12:29:00,"RT @BreitbartNews: ""Mueller’s former client—the paragon of privacy Apple Inc.—provided the special counsel with access to Paul Manafort’s i…",,AAPL
social,kaggle_tweets,2018-08-20 12:29:00,"RT @BreitbartNews: ""Mueller’s former client—the paragon of privacy Apple Inc.—provided the special counsel with access to Paul Manafort’s i…",,AAPL
social,kaggle_tweets,2018-08-20 12:30:00,RT @StevenPDennis: If I Were CEO Of Google: A 4-Step Action Plan To Dominate And Transform Retail via @forbes https://t.co/v9mtsLMT7v,,GOOGL
social,kaggle_tweets,2018-08-20 12:34:00,RT @TechCrunch: Walmart completes its $16 billion acquisition of Flipkart https://t.co/Bmod1BghQz by @jonrussell https://t.co/IasqlaDlEk,,WMT
social,kaggle_tweets,2018-08-20 13:04:00,RT @CNN: Pepsi is buying SodaStream for $3.2 billion https://t.co/BekkNLq5go https://t.co/RqrFDvCFvH,,PEP
social,kaggle_tweets,2018-08-20 13:06:00,"RT @IBMResearch: 👩‍🔬👨‍🔬Attention chemists and chemistry students: IBM just launched the first, free #AI web service in the @IBMcloud for pr…",,IBM
social,kaggle_tweets,2018-08-20 13:10:00,"RT @TomArnold: First Lady Melania Trump got her US citizenship via an EB-1 Einstein Visa because @realDonaldTrump said ""Melania is the smar…",,V
social,kaggle_tweets,2018-08-20 13:21:00,"Trump says it's 'very dangerous' when Twitter, Facebook self-regulate content. https://t.co/MNiteRDoVV",,FB
social,kaggle_tweets,2018-08-20 13:37:00,RT @alamoseptic: @ThomasWictor @GOP Can’t imagine why I finally had enough of Netflix. I used my money to subscribe to @CRTV instead! https…,,NFLX
social,kaggle_tweets,2018-08-20 14:06:00,JPMorgan slashed Tesla's stock price forecast from $308 to $195 https://t.co/39R6uuR1Gx https://t.co/PJmVXcIvHH #mining #cryptocurrency,,JPM
social,kaggle_tweets,2018-08-20 14:16:00,Apple reassures customers after alleged hack by Melbourne teen https://t.co/9CXSc3li8M,,AAPL
social,kaggle_tweets,2018-08-20 14:24:00,"Whenever it's time, I hope Google gives me a good deal on the Pixel 3 XL.",,GOOGL
social,kaggle_tweets,2018-08-20 14:36:00,"RT @WSJ: Facebook has asked banks to share financial information about customers, including account balances, as it seeks to boost user eng…",,FB
social,kaggle_tweets,2018-08-20 14:40:00,"@timporter_ONT @RudyCuzzetto @MacLeodLisa @mppjimwilson @JimWatsonOttawa ""Net"" jobs? I'll guess that Amazon has caused a net job loss.",,AMZN
social,kaggle_tweets,2018-08-20 14:41:00,RT @RevJJackson: https://t.co/LgBOr5vgkA: Federal regulators accuse Facebook of enabling housing discrimination in new complaint: @thinkpro…,,FB
social,kaggle_tweets,2018-08-20 14:48:00,RT @SportingLK: We'll be going live on our Facebook Page shortly for the return of the Liam MacCarthy to the treaty! #LuimneachAbú,,FB
social,kaggle_tweets,2018-08-20 14:57:00,"Facebook, NYU aim to use AI to speed up MRI scans https://t.co/RiMGiZxQbd By using less data, the fastMRI project a… https://t.co/cTAyuxhKfS",,FB
social,kaggle_tweets,2018-08-20 15:00:00,@NatashaBertrand Here's a Facebook FU. Share me! https://t.co/UCDLZIJpG3,,FB
social,kaggle_tweets,2018-08-20 15:02:00,@AutoPap @eBay PayPal only look after the buyer now. You can launch a dispute after buying the car and PayPal will… https://t.co/rKOjVfYPN9,,PYPL
social,kaggle_tweets,2018-08-20 15:31:00,Visteon $VC Given New $124.00 Price Target at JPMorgan Chase &amp; Co. https://t.co/oXTZiqcNRi,,JPM
social,kaggle_tweets,2018-08-20 15:32:00,RT @SenSanders: McDonald's just announced it is spending $6 billion on makeovers of its restaurants while still refusing to pay its workers…,,MCD
social,kaggle_tweets,2018-08-20 15:32:00,RT @SenSanders: McDonald's just announced it is spending $6 billion on makeovers of its restaurants while still refusing to pay its workers…,,MCD
social,kaggle_tweets,2018-08-20 15:32:00,RT @SenSanders: McDonald's just announced it is spending $6 billion on makeovers of its restaurants while still refusing to pay its workers…,,MCD
social,kaggle_tweets,2018-08-20 15:32:00,RT @SenSanders: McDonald's just announced it is spending $6 billion on makeovers of its restaurants while still refusing to pay its workers…,,MCD
social,kaggle_tweets,2018-08-20 15:32:00,RT @SenSanders: McDonald's just announced it is spending $6 billion on makeovers of its restaurants while still refusing to pay its workers…,,MCD
social,kaggle_tweets,2018-08-20 15:33:00,National Vision $EYE Price Target Raised to $51.00 at Citigroup https://t.co/Bs66MXmVUw #markets,,C
social,kaggle_tweets,2018-08-20 15:38:00,RT @picklenatalie: Saw this on Facebook and I just had to share it on here. Y’all please stay safe out there and always watch your surround…,,FB
social,kaggle_tweets,2018-08-20 15:38:00,RT @picklenatalie: Saw this on Facebook and I just had to share it on here. Y’all please stay safe out there and always watch your surround…,,FB
social,kaggle_tweets,2018-08-20 15:42:00,RT @Pink_About_it: Kevin spacey's billionaire boys club earned just $126.00 opening day Netflix stocks tanking while Michelle wolf's show…,,NFLX
social,kaggle_tweets,2018-08-20 15:43:00,"RT TFTCS ""New post: ""Earnings Show That As Macy's And Walmart Go, So Goes Retail"" https://t.co/mfWGX2kq3z""",,WMT
social,kaggle_tweets,2018-08-20 16:17:00,Magic Kingdom VIP – Disney World #7 https://t.co/xgfmxlvRZZ,,DIS
social,kaggle_tweets,2018-08-20 16:17:00,"RT @eliesaaab: A coming-of-age teen romcom film with a main Asian female protagonist, a female director and a female author on Netflix? To…",,NFLX
social,kaggle_tweets,2018-08-20 16:32:00,RT @FoxNews: Intel vets slam Brennan as Trump dares ex-spymaster to sue over security clearance https://t.co/cTVyCfhl2E,,INTC
social,kaggle_tweets,2018-08-20 16:39:00,RT @jec540: @MelissaJPeltier @thespybrief @counterchekist Molly coauthors work with retired GOFOs and Senior Allied Intel; John ( retired)…,,INTC
social,kaggle_tweets,2018-08-20 16:42:00,RT @BPatacairk: Ontario Minister Jim Wilson kicks off Amazon Fullfillment Centre on Boundry road. @invest_canada @Invest_Ottawa https://t.c…,,AMZN
social,kaggle_tweets,2018-08-20 16:47:00,"RT @AASchapiro: Google has built a censored search engine for the Chinese market, a move that could endanger press freedom all over the wor…",,GOOGL
social,kaggle_tweets,2018-08-20 17:02:00,"As long as war is profitable to the likes of Raytheon, Lockheed Martin, Boeing, and General Dynamics.",,BA
social,kaggle_tweets,2018-08-20 17:02:00,ZDNet: Rejoice Mac mini pro fans: Apple hasn't forgotten you . More #Apple #iPhone #news - https://t.co/E1cXBmXXlM,,AAPL
social,kaggle_tweets,2018-08-20 17:16:00,RT @MarkESutter: Look at all the Star Wars Legends books that George Lucas gave us that Disney abandoned. https://t.co/yRD5aPPa57,,DIS
social,kaggle_tweets,2018-08-20 17:37:00,"This tweet, ""This is not your father's Microsoft https://t.co/Tz4PoACoR3 #hackathon #microsoft #ago"" hasn't been tweeted more than 0 times.",,MSFT
social,kaggle_tweets,2018-08-20 17:39:00,"Apple Pulls 25,000 Illegal Apps From China App Store https://t.co/4kpBp7nZmt #USA #US #USBiz",,AAPL
social,kaggle_tweets,2018-08-20 17:45:00,Apple Watch Series 4 Models Filed With Eurasian Database Ahead of September Launch https://t.co/kputfEzxzQ,,AAPL
social,kaggle_tweets,2018-08-20 18:05:00,Amazon: The Children’s Place Gift Cards – on Lightning Deal! https://t.co/uImNOkqZBY https://t.co/8gVaJmPQMF,,AMZN
social,kaggle_tweets,2018-08-20 18:12:00,Google’s CEO is defending their move to enable filtered Google services in China saying that “filtered Google is be… https://t.co/QLjXxAoetN,,GOOGL
social,kaggle_tweets,2018-08-20 18:28:00,"Girls fed, dogs fed, milk pumped, workout done, Starbucks picked up, post workout shower done. #mamafryesmonday",,SBUX
social,kaggle_tweets,2018-08-20 18:32:00,The Apple Inn American Dart League Blind Draw is under way! 22 players tonight! A special thanks to our sponsors &amp;… https://t.co/953wckqJHt,,AAPL
social,kaggle_tweets,2018-08-20 18:43:00,RT @izzyg1032: Petition to put Harry Potter on Netflix thanks,,NFLX
social,kaggle_tweets,2018-08-20 18:43:00,RT @izzyg1032: Petition to put Harry Potter on Netflix thanks,,NFLX
social,kaggle_tweets,2018-08-20 18:43:00,RT @izzyg1032: Petition to put Harry Potter on Netflix thanks,,NFLX
social,kaggle_tweets,2018-08-20 18:52:00,@XboxSupport I paid and fully downloaded Madden 19 from the Microsoft Store but it won’t launch.,,MSFT
social,kaggle_tweets,2018-08-20 18:52:00,RT @mattusher: The 16 yo kid who hacked Apple had a folder called 'Hacky hack hack' on his laptop. What a legend lol,,AAPL
social,kaggle_tweets,2018-08-20 18:55:00,Omnibus Spending law is $115 million for a new 848-troop barracks across the street from the McDonald's and commis… https://t.co/NdGyBrtJJi,,MCD
social,kaggle_tweets,2018-08-20 19:12:00,"RT @Rickyboshe: When the Man Utd documentary drops on Netflix, I will be alerted with “Since you watched Narcos..” and be recommended to wa…",,NFLX
social,kaggle_tweets,2018-08-20 19:37:00,I just went on Facebook &amp; saw a post that said “Well baby I just hacked you.. (blah blah blah)..” with a selfie of… https://t.co/iDYqp1rXq2,,FB
social,kaggle_tweets,2018-08-20 19:37:00,@JennArndt I tried to print from my phone recently at Walmart but because I have over 10k photos it crashed the machine.,,WMT
social,kaggle_tweets,2018-08-20 19:43:00,Is soda over? Pepsi to buy seltzer-maker SodaStream for $3.2 billion. https://t.co/Az4xESBLhG,,PEP
social,kaggle_tweets,2018-08-20 19:53:00,"Push-To-Talk Market New Innovative Solutions to Boost Global Growth | key players: Verizon, Sprint, Ericsson… https://t.co/5EPh8CxeU0",,VZ
social,kaggle_tweets,2018-08-20 20:13:00,RT @getongab: Facebook takes down Brazil activist network ahead of elections https://t.co/3s01r2OJYd,,FB
social,kaggle_tweets,2018-08-20 20:27:00,RT @CNNMoney: JPMorgan slashed Tesla's stock price forecast from $308 to $195 https://t.co/8tcVoZq2PK https://t.co/4GfjVEnjhJ,,JPM
social,kaggle_tweets,2018-08-20 20:43:00,"RT(@)RealJamesWoods: RT @BreitbartNews: ""Mueller’s former client—the paragon of privacy Apple Inc.—provided the spe… https://t.co/LEqBfSVE4S",,AAPL
social,kaggle_tweets,2018-08-20 20:48:00,JPMorgan dramatically slashes Tesla's stock price forecast https://t.co/SLKlK7n0Bj via @CNNMoney #tesla,,JPM
social,kaggle_tweets,2018-08-20 20:55:00,RT @55true4u: For the upcoming Barack and Michelle Obama series no doubt? ... Netflix Has Deleted Its User Reviews https://t.co/FD5FYsxCn7,,NFLX
social,kaggle_tweets,2018-08-21 07:03:00,RT @Bellco_CU: We're giving away two pairs of tickets to Saturday's @BANDA_MS show at the @BellcoTheatre right now over on Facebook! Enter…,,FB
social,kaggle_tweets,2018-08-21 07:04:00,RT @ITEmpathy: Elaborate hack turned Amazon Echo speakers into spies https://t.co/yjIiCTL7Rs,,AMZN
social,kaggle_tweets,2018-08-21 07:06:00,RT @Reuters: Microsoft says Russian hackers targeted two American conservative think tanks as part of a wider attempt to influence upcoming…,,MSFT
social,kaggle_tweets,2018-08-21 07:10:00,"RT @astrog1rll: Misfits was ahead of its time, if it was to get a Netflix Deal in today’s time it would be one of those shows everyone talk…",,NFLX
social,kaggle_tweets,2018-08-21 07:10:00,"RT @astrog1rll: Misfits was ahead of its time, if it was to get a Netflix Deal in today’s time it would be one of those shows everyone talk…",,NFLX
social,kaggle_tweets,2018-08-21 07:10:00,"RT @astrog1rll: Misfits was ahead of its time, if it was to get a Netflix Deal in today’s time it would be one of those shows everyone talk…",,NFLX
social,kaggle_tweets,2018-08-21 07:10:00,"RT @astrog1rll: Misfits was ahead of its time, if it was to get a Netflix Deal in today’s time it would be one of those shows everyone talk…",,NFLX
social,kaggle_tweets,2018-08-21 07:10:00,"RT @astrog1rll: Misfits was ahead of its time, if it was to get a Netflix Deal in today’s time it would be one of those shows everyone talk…",,NFLX
social,kaggle_tweets,2018-08-21 07:15:00,Bank of America boosts Apple stock outlook on app store strength https://t.co/eJdNXl3fXB,,AAPL
social,kaggle_tweets,2018-08-21 07:32:00,RT @billionaire_key: It’s never too late. Sam Walton started Walmart when he was 44. Harland Sanders started Kentucky Fried Chicken when he…,,WMT
social,kaggle_tweets,2018-08-21 07:48:00,RT @AmericaNewsroom: TUESDAY: Microsoft says that last week it discovered and shut down a Russian operation aimed at hacking the U.S. Senat…,,MSFT
social,kaggle_tweets,2018-08-21 07:51:00,Breaking #FoxNews Alert : Microsoft IDs more Russian hacking prior to midterms,,MSFT
social,kaggle_tweets,2018-08-21 07:54:00,RT @CurlsGodd_: Niggas really different on Facebook 😂😂 https://t.co/Kduo9sG8No,,FB
social,kaggle_tweets,2018-08-21 07:55:00,"RT @AP: BREAKING: Facebook has removed more than 650 pages, groups and accounts linked to Russia and Iran intending to disrupt US election.",,FB
social,kaggle_tweets,2018-08-21 07:55:00,Drone Regulations - Home | Facebook https://t.co/glg4PM9IVV,,FB
social,kaggle_tweets,2018-08-21 07:56:00,RT @SheCallsMeKing: Facebook is literally in a league of its own. I can’t believe it’s consistently this crackhead quality comedy on there…,,FB
social,kaggle_tweets,2018-08-21 07:56:00,RT @SheCallsMeKing: Facebook is literally in a league of its own. I can’t believe it’s consistently this crackhead quality comedy on there…,,FB
social,kaggle_tweets,2018-08-21 07:56:00,RT @SheCallsMeKing: Facebook is literally in a league of its own. I can’t believe it’s consistently this crackhead quality comedy on there…,,FB
social,kaggle_tweets,2018-08-21 07:56:00,RT @SheCallsMeKing: Facebook is literally in a league of its own. I can’t believe it’s consistently this crackhead quality comedy on there…,,FB
social,kaggle_tweets,2018-08-21 07:56:00,RT @SheCallsMeKing: Facebook is literally in a league of its own. I can’t believe it’s consistently this crackhead quality comedy on there…,,FB
social,kaggle_tweets,2018-08-21 07:56:00,RT @SheCallsMeKing: Facebook is literally in a league of its own. I can’t believe it’s consistently this crackhead quality comedy on there…,,FB
social,kaggle_tweets,2018-08-21 07:56:00,RT @SheCallsMeKing: Facebook is literally in a league of its own. I can’t believe it’s consistently this crackhead quality comedy on there…,,FB
social,kaggle_tweets,2018-08-21 07:56:00,RT @SheCallsMeKing: Facebook is literally in a league of its own. I can’t believe it’s consistently this crackhead quality comedy on there…,,FB
social,kaggle_tweets,2018-08-21 07:56:00,RT @SheCallsMeKing: Facebook is literally in a league of its own. I can’t believe it’s consistently this crackhead quality comedy on there…,,FB
social,kaggle_tweets,2018-08-21 07:56:00,RT @SheCallsMeKing: Facebook is literally in a league of its own. I can’t believe it’s consistently this crackhead quality comedy on there…,,FB
social,kaggle_tweets,2018-08-21 07:56:00,RT @SheCallsMeKing: Facebook is literally in a league of its own. I can’t believe it’s consistently this crackhead quality comedy on there…,,FB
social,kaggle_tweets,2018-08-21 07:56:00,RT @SheCallsMeKing: Facebook is literally in a league of its own. I can’t believe it’s consistently this crackhead quality comedy on there…,,FB
social,kaggle_tweets,2018-08-21 07:56:00,RT @SheCallsMeKing: Facebook is literally in a league of its own. I can’t believe it’s consistently this crackhead quality comedy on there…,,FB
social,kaggle_tweets,2018-08-21 07:56:00,RT @SheCallsMeKing: Facebook is literally in a league of its own. I can’t believe it’s consistently this crackhead quality comedy on there…,,FB
social,kaggle_tweets,2018-08-21 07:56:00,RT @SheCallsMeKing: Facebook is literally in a league of its own. I can’t believe it’s consistently this crackhead quality comedy on there…,,FB
social,kaggle_tweets,2018-08-21 07:56:00,RT @SheCallsMeKing: Facebook is literally in a league of its own. I can’t believe it’s consistently this crackhead quality comedy on there…,,FB
social,kaggle_tweets,2018-08-21 07:56:00,RT @SheCallsMeKing: Facebook is literally in a league of its own. I can’t believe it’s consistently this crackhead quality comedy on there…,,FB
social,kaggle_tweets,2018-08-21 07:56:00,RT @SheCallsMeKing: Facebook is literally in a league of its own. I can’t believe it’s consistently this crackhead quality comedy on there…,,FB
social,kaggle_tweets,2018-08-21 07:56:00,RT @SheCallsMeKing: Facebook is literally in a league of its own. I can’t believe it’s consistently this crackhead quality comedy on there…,,FB
social,kaggle_tweets,2018-08-21 07:56:00,RT @SheCallsMeKing: Facebook is literally in a league of its own. I can’t believe it’s consistently this crackhead quality comedy on there…,,FB
social,kaggle_tweets,2018-08-21 07:56:00,RT @SheCallsMeKing: Facebook is literally in a league of its own. I can’t believe it’s consistently this crackhead quality comedy on there…,,FB
social,kaggle_tweets,2018-08-21 07:58:00,RT @GabeHoff: My chances of getting a date with @Aly_Raisman are better than Tim Cook leaving Apple for Tesla. $TSLA https://t.co/Tlls6gKLEs,,AAPL
social,kaggle_tweets,2018-08-21 08:12:00,Google Sued Over Misleading Users About Location Tracking Feature https://t.co/S9m0SNOHjp,,GOOGL
social,kaggle_tweets,2018-08-21 08:16:00,"RT @WSJ: Microsoft took down six internet domains registered by a Russian hacking group that sought to mimic legitimate websites, including…",,MSFT
social,kaggle_tweets,2018-08-21 08:18:00,RT @TheBeatWithAri: Microsoft says it shut down new Russian attempt to hack U.S. politics: https://t.co/qHRoWO8ZUu,,MSFT
social,kaggle_tweets,2018-08-21 08:22:00,RT @Amphigong: Netflix: To All The Boys I've Loved Before Me: To All The Assignments I've Crammed Before,,NFLX
social,kaggle_tweets,2018-08-21 08:26:00,"RT @Breaking911: BREAKING: New Russian hacking attempts targeted conservative groups, Microsoft says - AP",,MSFT
social,kaggle_tweets,2018-08-21 08:30:00,"Top story: New Russian Hacking Targeted Republican Groups, Microsoft Says https://t.co/G2uyD5sFWx, see more https://t.co/2POHgopfAQ",,MSFT
social,kaggle_tweets,2018-08-21 08:32:00,RT @JoeFreedomLove: Apple Made Big Stink Over Protecting San Bernardino Terrorist's Privacy -- Readily Gave Mueller Team Manafort's iCloud…,,AAPL
social,kaggle_tweets,2018-08-21 08:35:00,LOL yah I'm definitely believing it when Microsoft is literally spying on the entire www,,MSFT
social,kaggle_tweets,2018-08-21 08:42:00,Have you heard the news? Ryan Toys Review has launched a new toy line – now available at Walmart from @BonkersToys… https://t.co/zdWgytyywc,,WMT
social,kaggle_tweets,2018-08-21 08:44:00,RT @DerekKXLY: Hilarious. Facebook event formed to “Blow Spokane’s Smoke Away to Canada.” It asks that everyone in the Spokane area place 5…,,FB
social,kaggle_tweets,2018-08-21 09:12:00,"RT @ChannelNewsAsia: Russian hackers targeted US conservative think-tanks, says Microsoft https://t.co/ISGIJ73qzt https://t.co/yGazA8zuKs",,MSFT
social,kaggle_tweets,2018-08-21 09:34:00,"RT @cioreview: Binary Tree is a Microsoft Gold Partner and offers tenant mergers, #migrations, and fully managed solutions for enterprises…",,MSFT
social,kaggle_tweets,2018-08-21 09:37:00,RT @tictoc: LIVE: Senate Foreign Relations Committee holds hearing on U.S.-Russia relations after Microsoft thwarted Russian hackers ahead…,,MSFT
social,kaggle_tweets,2018-08-21 09:42:00,@Miro70336040 @cybergibbons @CryptoRekt Can you only hack the device using Facebook likes?,,FB
social,kaggle_tweets,2018-08-21 09:53:00,"RT @PatrickGerard01: Facebook is pushing that ""share a memory"" junk where they make custom videos out of your old photos to boost engagemen…",,FB
social,kaggle_tweets,2018-08-21 09:53:00,"RT @PatrickGerard01: Facebook is pushing that ""share a memory"" junk where they make custom videos out of your old photos to boost engagemen…",,FB
social,kaggle_tweets,2018-08-21 09:53:00,"RT @PatrickGerard01: Facebook is pushing that ""share a memory"" junk where they make custom videos out of your old photos to boost engagemen…",,FB
social,kaggle_tweets,2018-08-21 09:54:00,RT @holly_wise: Can’t get over how cool this is. So glad to share this news with y’all and get you asking Google for something good. https:…,,GOOGL
social,kaggle_tweets,2018-08-21 10:10:00,"RT @JoeBarri: New Russian Hacking Targeted Republican Think Tank that have broken with Trump, Microsoft Says https://t.co/2bUWTZByWi",,MSFT
social,kaggle_tweets,2018-08-21 10:11:00,#cybersecurite : Google May Face Lawsuit after Location Tracking Reports Amass https://t.co/oyFhrKZ6xt https://t.co/btUB01L25o,,GOOGL
social,kaggle_tweets,2018-08-21 10:25:00,"RT @PrisonPlanet: Trump tells Reuters it's ""very dangerous"" when social platforms like Twitter and Facebook self-regulate content. Executiv…",,FB
social,kaggle_tweets,2018-08-21 10:25:00,#RT please: #download #examdump: C9020-667 - IBM New Workloads Sales V1 . https://t.co/BKnrXuLKa3,,IBM
social,kaggle_tweets,2018-08-21 10:28:00,"RT @Inteliot: Inventory is a $1.1 trillion a year problem for the retail industry, which explains why Walmart is investing in #IoT robotics…",,WMT
social,kaggle_tweets,2018-08-21 10:29:00,"New Russian Hacking Targeted Republican Groups, Microsoft Says https://t.co/PeVj1Vbgob",,MSFT
social,kaggle_tweets,2018-08-21 10:29:00,"The Netflix deal is a very sweet deal for Netflix, not Canada - The Globe and Mail https://t.co/pMdOEzVynw ➜… https://t.co/WquQQFGXJO",,NFLX
social,kaggle_tweets,2018-08-21 10:38:00,"RT @aroseblush: ⚡️ Late Breaking News ⚡️ 🇷🇺 New Russian Hacking Targeted Republican Groups, Microsoft Says 🇷🇺 https://t.co/QjB4cgH52b",,MSFT
social,kaggle_tweets,2018-08-21 10:43:00,I went to Walmart today and asked a worker where their luggage was... she literally stood their gave me a blanke st… https://t.co/NQqedsFnRG,,WMT
social,kaggle_tweets,2018-08-21 10:55:00,"RT @77enkidu: Good news, fags. I finally set up Deliverycode. It's nice to not send all my business to Amazon. https://t.co/BcOjAn3H92 $ubm…",,AMZN
social,kaggle_tweets,2018-08-21 10:55:00,The awesome gang that I collaborate with for our Facebook market events are gearing up for this one at the weekend.… https://t.co/25OsCKCrNS,,FB
social,kaggle_tweets,2018-08-21 11:04:00,Disney announces massive $6.5-billion Disneyland Resort for Toronto Islands https://t.co/RA1gdRDDf1,,DIS
social,kaggle_tweets,2018-08-21 11:06:00,RT @Ashril_92: RT for Texas Mexicana LIKE for McDonald's Mexicana 📸 Pixel 2 XL https://t.co/uUZ48jUj6q,,MCD
social,kaggle_tweets,2018-08-21 11:13:00,"RT @axios: Microsoft last week seized 6 potential phishing domains associated with the Kremlin-backed hackers Fancy Bear, who tampered with…",,MSFT
social,kaggle_tweets,2018-08-21 11:15:00,RT @RealMattCouch: New Intel Dropped in the Seth Rich Murder Investigation by America First Media Group! https://t.co/Htzk5tE3fC,,INTC
social,kaggle_tweets,2018-08-21 11:22:00,Russian hacking of conservative groups sites thwarted: Microsoft https://t.co/4jMxZcf689 https://t.co/BZoQhvmWD3,,MSFT
social,kaggle_tweets,2018-08-21 11:25:00,"New Russian Hacking Targeted Republican Groups, Microsoft Says (@SangerNYT @sheeraf - @nytimes) https://t.co/A5zkXBso4T",,MSFT
social,kaggle_tweets,2018-08-21 11:30:00,RT @RVAwonk: BREAKING: Microsoft has detected &amp; seized websites created by Russian govt hackers targeting conservative US think tanks that…,,MSFT
social,kaggle_tweets,2018-08-21 11:30:00,RT @RVAwonk: BREAKING: Microsoft has detected &amp; seized websites created by Russian govt hackers targeting conservative US think tanks that…,,MSFT
social,kaggle_tweets,2018-08-21 11:30:00,RT @RVAwonk: BREAKING: Microsoft has detected &amp; seized websites created by Russian govt hackers targeting conservative US think tanks that…,,MSFT
social,kaggle_tweets,2018-08-21 11:30:00,RT @RVAwonk: BREAKING: Microsoft has detected &amp; seized websites created by Russian govt hackers targeting conservative US think tanks that…,,MSFT
social,kaggle_tweets,2018-08-21 11:30:00,RT @RVAwonk: BREAKING: Microsoft has detected &amp; seized websites created by Russian govt hackers targeting conservative US think tanks that…,,MSFT
social,kaggle_tweets,2018-08-21 11:30:00,RT @RVAwonk: BREAKING: Microsoft has detected &amp; seized websites created by Russian govt hackers targeting conservative US think tanks that…,,MSFT
social,kaggle_tweets,2018-08-21 11:30:00,RT @RVAwonk: BREAKING: Microsoft has detected &amp; seized websites created by Russian govt hackers targeting conservative US think tanks that…,,MSFT
social,kaggle_tweets,2018-08-21 11:38:00,"RT @UnSubtleDesi: 4. Remember the TRAI chief’s Aadhaar fiasco? According to Wire, hackers sent him a phone (cash on delivery) via Amazon. A…",,AMZN
social,kaggle_tweets,2018-08-21 11:38:00,"RT @UnSubtleDesi: 4. Remember the TRAI chief’s Aadhaar fiasco? According to Wire, hackers sent him a phone (cash on delivery) via Amazon. A…",,AMZN
social,kaggle_tweets,2018-08-21 11:38:00,Microsoft discovers new Russian hacking operation targeting US groups – CNET: Hackers linked to Russian military sp… https://t.co/Gb89Ubc7td,,MSFT
social,kaggle_tweets,2018-08-21 11:43:00,"RT @thecjpearson: I cannot, for the life of me, figure out why ANTIFA is allowed to use Twitter and Facebook as they are a violent fascist…",,FB
social,kaggle_tweets,2018-08-21 11:45:00,Russian hacking of conservative groups sites thwarted: Microsoft https://t.co/p30Jt5XxII,,MSFT
social,kaggle_tweets,2018-08-21 11:52:00,"RT @RyanAFournier: Remember how Apple protected the San Bernardino terrorist’s privacy, but readily handed over Manafort’s to Mueller.",,AAPL
social,kaggle_tweets,2018-08-21 11:52:00,"RT @RyanAFournier: Remember how Apple protected the San Bernardino terrorist’s privacy, but readily handed over Manafort’s to Mueller.",,AAPL
social,kaggle_tweets,2018-08-21 11:54:00,RT @TheSocialCHRO: More than 154 million events captured on the platform and growing by one million per day! Maersk and IBM Introduce Trade…,,IBM
social,kaggle_tweets,2018-08-21 11:55:00,"RT @EdKrassen: Microsoft says that Russia has tried to hack the U.S. Senate, and Trump is now saying he may lift Russian sanctions. If you…",,MSFT
social,kaggle_tweets,2018-08-21 11:55:00,"RT @EdKrassen: Microsoft says that Russia has tried to hack the U.S. Senate, and Trump is now saying he may lift Russian sanctions. If you…",,MSFT
social,kaggle_tweets,2018-08-21 11:55:00,"RT @EdKrassen: Microsoft says that Russia has tried to hack the U.S. Senate, and Trump is now saying he may lift Russian sanctions. If you…",,MSFT
social,kaggle_tweets,2018-08-21 11:55:00,"RT @EdKrassen: Microsoft says that Russia has tried to hack the U.S. Senate, and Trump is now saying he may lift Russian sanctions. If you…",,MSFT
social,kaggle_tweets,2018-08-21 11:55:00,"RT @EdKrassen: Microsoft says that Russia has tried to hack the U.S. Senate, and Trump is now saying he may lift Russian sanctions. If you…",,MSFT
social,kaggle_tweets,2018-08-21 12:00:00,"RT @donie: #BREAKING Microsoft seizes control of Russian intelligence-linked (""Fancy Bear"") domains that could have been used to launch cyb…",,MSFT
social,kaggle_tweets,2018-08-21 12:01:00,"RT @_itsB: Tf is Netflix sooo loud for when you first open it ""DUH DOOM"" head ass",,NFLX
social,kaggle_tweets,2018-08-21 12:01:00,"RT @_itsB: Tf is Netflix sooo loud for when you first open it ""DUH DOOM"" head ass",,NFLX
social,kaggle_tweets,2018-08-21 12:10:00,"It's Too Early to Call an End to the Dollar Rally, JPMorgan Says https://t.co/LhEnNasH9l",,JPM
social,kaggle_tweets,2018-08-21 12:14:00,RT @NeowinFeed: Microsoft launches mobile apps for Xbox Game Pass https://t.co/wyHlyqMvze #xbox #xboxgamepass #microsoft https://t.co/FpJep…,,MSFT
social,kaggle_tweets,2018-08-21 12:16:00,RT @Complex: Tiffany Haddish inks Netflix deal for stand-up special: https://t.co/nMHzsRZSwG https://t.co/agd5IF6KVK,,NFLX
social,kaggle_tweets,2018-08-21 12:26:00,RT @CReviewer: Apple reportedly set to introduce new MacBook and Mac Mini products this fall https://t.co/FypJNi1FlU,,AAPL
social,kaggle_tweets,2018-08-21 12:29:00,"RT @BreitbartNews: ""Mueller’s former client—the paragon of privacy Apple Inc.—provided the special counsel with access to Paul Manafort’s i…",,AAPL
social,kaggle_tweets,2018-08-21 12:29:00,"RT @BreitbartNews: ""Mueller’s former client—the paragon of privacy Apple Inc.—provided the special counsel with access to Paul Manafort’s i…",,AAPL
social,kaggle_tweets,2018-08-21 12:29:00,"RT @BreitbartNews: ""Mueller’s former client—the paragon of privacy Apple Inc.—provided the special counsel with access to Paul Manafort’s i…",,AAPL
social,kaggle_tweets,2018-08-21 12:29:00,"RT @BreitbartNews: ""Mueller’s former client—the paragon of privacy Apple Inc.—provided the special counsel with access to Paul Manafort’s i…",,AAPL
social,kaggle_tweets,2018-08-21 12:35:00,RT @JMReflectionsof: The Donald J. Trump Facebook page has 23 million followers. Earlier today the Facebook page recognized @Potus as…,,FB
social,kaggle_tweets,2018-08-21 12:45:00,I posted a new video to Facebook https://t.co/XyqDzjiZNr,,FB
social,kaggle_tweets,2018-08-21 12:47:00,"Meet 'Intrusion Truth', The Mysterious Group Doxing Chinese Intel Hackers https://t.co/tCzqYONBcH",,INTC
social,kaggle_tweets,2018-08-21 12:47:00,RT @lux_ant: Website ➡️ https://t.co/kaal5liCSs Airdrop ➡️ https://t.co/Y0oLbkNp92 Bitcointalk ➡️ https://t.co/iLvR1OxsyI Facebook ➡️ http…,,FB
social,kaggle_tweets,2018-08-21 12:51:00,"GOP attitudes about Russia are changing! Russian Hacking Targeted Republican Groups, Microsoft Says - The New York… https://t.co/X0bbGCxov2",,MSFT
social,kaggle_tweets,2018-08-21 12:55:00,"RT @boyDee__: Guys I’ve got unisex Nike slides for sale for Gh150. Available sizes are 42.5- 44. Please RT to share this post, my clientele…",,NKE
social,kaggle_tweets,2018-08-21 13:05:00,Amazon: LEGO City Heavy Cargo Transport $23.99 (reg. $30) https://t.co/UxychXNsEa on @bloglovin,,AMZN
social,kaggle_tweets,2018-08-21 13:05:00,Apple Made Big Stink Over Protecting San Bernardino Terrorist's Privacy -- Readily Gave Mueller Team Manafort's iCl… https://t.co/kOdCy1T7OR,,AAPL
social,kaggle_tweets,2018-08-21 13:11:00,RT @GargaC: The only thing that kept RSS from participating in India's freedom struggle was unavailability of Adobe Photoshop. ~Gaurav Sin…,,ADBE
social,kaggle_tweets,2018-08-21 13:25:00,"RT @idap_io: Join our Facebook Live session with CEO, Awanish Rajan @awanishr and be part of his #AMA! Have a doubt, query or suggestion? W…",,FB
social,kaggle_tweets,2018-08-21 13:33:00,RT @JacobAWohl: Apple provided all of Paul Manafort's emails and personal information to Robert Mueller upon a simple request. Remember w…,,AAPL
social,kaggle_tweets,2018-08-21 13:35:00,RT @WeirdLifeHacks: French Style Apple Tart By Tasty https://t.co/KkNujrkQgC,,AAPL
social,kaggle_tweets,2018-08-21 13:49:00,"New Russian Hacking Targeted Republican Groups, Microsoft Says - The New York Times https://t.co/osKveY11KY",,MSFT
social,kaggle_tweets,2018-08-21 13:49:00,"RT @ktbenner: New Russian Hacking Targeted Republican Groups That Broke With Trump, Microsoft Says https://t.co/0cZE4lb8QQ",,MSFT
social,kaggle_tweets,2018-08-21 13:59:00,RT @rtehrani: Apparently Google is just like my doctor :-) Google wants you to start exercising more https://t.co/bMYzXtGugS https://t.co/…,,GOOGL
social,kaggle_tweets,2018-08-21 14:01:00,"Russian hackers targeted U.S. conservative think-tanks, says Microsoft https://t.co/rvT6eaUEIC",,MSFT
social,kaggle_tweets,2018-08-21 14:03:00,RT @OscuraPraetoria: Apple Made Big Stink Over Protecting San Bernardino Terrorist’s Privacy — Readily Gave Mueller Team Manafort’s iCloud…,,AAPL
social,kaggle_tweets,2018-08-21 14:13:00,RT @sighbrattt: Why Tf is Netflix so loud when you first open it “DUH DOOM” face ass,,NFLX
social,kaggle_tweets,2018-08-21 14:20:00,"Save 200$ on the Apple 21.5"" iMac Intel Core i5 (2.3GHz) 8GB Memory 1TB Hard Drive - Silver. #Deal",,AAPL
social,kaggle_tweets,2018-08-21 14:42:00,Court: Visitors with autism can proceed with lawsuits against Disney World https://t.co/G3JOUC8ppz,,DIS
social,kaggle_tweets,2018-08-21 14:43:00,Microsoft has announced that it has uncovered new Russian hacking attempts targeting U.S. political groups ahead of… https://t.co/UAEqkVVWV7,,MSFT
social,kaggle_tweets,2018-08-21 14:45:00,RT @Masternodeinves: JOIN MASTERNODE INVEST ICO: GET MONTLY REVENUE FROM CRYPTO-MASTERNODE please follow us on Facebook: https://t.co/gHWF…,,FB
social,kaggle_tweets,2018-08-21 14:45:00,RT @Masternodeinves: JOIN MASTERNODE INVEST ICO: GET MONTLY REVENUE FROM CRYPTO-MASTERNODE please follow us on Facebook: https://t.co/gHWF…,,FB
social,kaggle_tweets,2018-08-21 14:55:00,RT @sjredmond: Microsoft says Russian hacking continues unabated. Republican lawmakers are spineless and the President is compromised. Bloc…,,MSFT
social,kaggle_tweets,2018-08-21 14:58:00,RT @Reuters: Russian hacking of conservative groups sites thwarted: Microsoft https://t.co/UEvJnAop0R,,MSFT
social,kaggle_tweets,2018-08-21 14:58:00,"RT @thehill: Ford, General Motors, other top automakers band together to oppose Trump's proposed tariffs on foreign autos https://t.co/jGbb…",,F
social,kaggle_tweets,2018-08-21 15:02:00,Lawsuit says Google tracks phone users regardless of privacy settings https://t.co/vZGaIJ3mHH,,GOOGL
social,kaggle_tweets,2018-08-21 15:15:00,"RT @CNN: The Russians tried to hack the US Senate and conservative think tanks, Microsoft says https://t.co/pnCsjAS0Hk https://t.co/WQCARkA…",,MSFT
social,kaggle_tweets,2018-08-21 15:28:00,@ClayTravis @benshapiro Will the hour consist of you telling him how much Netflix and wwe stock you own? #imout,,NFLX
social,kaggle_tweets,2018-08-21 15:29:00,"RT @MSMWatchdog2013: Top story: New Russian Hacking Targeted Republican Groups, Microsoft Says https://t.co/5Pr0o05HA3, see more https://t.…",,MSFT
social,kaggle_tweets,2018-08-21 15:32:00,RT @SenSanders: McDonald's just announced it is spending $6 billion on makeovers of its restaurants while still refusing to pay its workers…,,MCD
social,kaggle_tweets,2018-08-21 15:32:00,RT @SenSanders: McDonald's just announced it is spending $6 billion on makeovers of its restaurants while still refusing to pay its workers…,,MCD
social,kaggle_tweets,2018-08-21 15:38:00,#READ #FREE on #KindleUnlimited #KINDLE #BOOK on Amazon The Theories of Micro Investing / Saving… https://t.co/DR8tPrqlKV,,AMZN
social,kaggle_tweets,2018-08-21 15:38:00,RT @picklenatalie: Saw this on Facebook and I just had to share it on here. Y’all please stay safe out there and always watch your surround…,,FB
social,kaggle_tweets,2018-08-21 15:38:00,RT @DogginTrump: Microsoft says it's uncovered new Russian hacking attempts targeting U.S. political groups ahead of midterm elections. An…,,MSFT
social,kaggle_tweets,2018-08-21 15:42:00,The Best Brown Boots for Fall That You Can Buy on Amazon Prime Today https://t.co/ZbSMASwliv https://t.co/RmL8eZAMxt,,AMZN
social,kaggle_tweets,2018-08-21 15:46:00,"RT @empyreall: shoutout to Netflix for showing a perfect example of how a non-black person can sing a rap song, its literally this easy....…",,NFLX
social,kaggle_tweets,2018-08-21 15:47:00,"Russian hackers targeted U.S. Senate, think tanks: Microsoft https://t.co/nd1bqMQdoR",,MSFT
social,kaggle_tweets,2018-08-21 15:48:00,@AlishahEileen I posted a jacket on the Facebook market place and this guy deadass replied to it asking if I was si… https://t.co/53CZxFaDMZ,,FB
social,kaggle_tweets,2018-08-21 15:54:00,Oooh!!! Google Faces Lawsuit Over Location Sharing https://t.co/2EniPxEyD2,,GOOGL
social,kaggle_tweets,2018-08-21 15:59:00,Learn how to boost traffic and increase sales with this $13 Google Adwords course https://t.co/IfIAG1Hrni,,GOOGL
social,kaggle_tweets,2018-08-21 16:06:00,"RT @DailyMail: Russian state-sponsored hackers behind the DNC breach are now targeting anti-Trump Republicans, claims Microsoft https://t.c…",,MSFT
social,kaggle_tweets,2018-08-21 16:23:00,Investmentaktiengesellschaft Fuer Langfristige Investoren Tgv Has Lowered Microsoft $MSFT Stake; Installed Building… https://t.co/LY0jWezSSB,,MSFT
social,kaggle_tweets,2018-08-21 16:26:00,🌸☀️ TREAT TIME ☀️🌸 #Win a $5 Amazon GC or PayPal via @angels_gp during the Lazy Days of Summer #Giveaway #Hop https://t.co/9xugaSJfet,,AMZN
social,kaggle_tweets,2018-08-21 16:32:00,RT @FoxNews: Intel vets slam Brennan as Trump dares ex-spymaster to sue over security clearance https://t.co/cTVyCfhl2E,,INTC
social,kaggle_tweets,2018-08-21 16:38:00,RT @businessinsider: JPMorgan wipes out $5.5 billion in market cap of online brokers after saying it's giving users free trades https://t.c…,,JPM
social,kaggle_tweets,2018-08-21 16:46:00,"RT @mikercarpenter: Now that Microsoft has uncovered a new Russian operation to hack U.S. political institutions, Congress needs to move ah…",,MSFT
social,kaggle_tweets,2018-08-21 16:47:00,Russian hacking of conservative groups sites thwarted: Microsoft https://t.co/9eq6NEVl2A,,MSFT
social,kaggle_tweets,2018-08-21 16:51:00,RT @AP: BREAKING: Microsoft says it's uncovered new Russian hacking attempts targeting U.S. political groups ahead of midterm elections. By…,,MSFT
social,kaggle_tweets,2018-08-21 16:51:00,RT @AP: BREAKING: Microsoft says it's uncovered new Russian hacking attempts targeting U.S. political groups ahead of midterm elections. By…,,MSFT
social,kaggle_tweets,2018-08-21 16:51:00,RT @AP: BREAKING: Microsoft says it's uncovered new Russian hacking attempts targeting U.S. political groups ahead of midterm elections. By…,,MSFT
social,kaggle_tweets,2018-08-21 16:51:00,"""How Duke Energy, Walmart deal would expand clean energy for commercial customers in Carolinas"" https://t.co/HJg4W03oSH via @CBJnewsroom",,WMT
social,kaggle_tweets,2018-08-21 16:51:00,RT @AP: BREAKING: Microsoft says it's uncovered new Russian hacking attempts targeting U.S. political groups ahead of midterm elections. By…,,MSFT
social,kaggle_tweets,2018-08-21 16:51:00,RT @AP: BREAKING: Microsoft says it's uncovered new Russian hacking attempts targeting U.S. political groups ahead of midterm elections. By…,,MSFT
social,kaggle_tweets,2018-08-21 17:00:00,"RT @IBMAsiaPacific: Deon Newman, Vice President, Marketing and Strategy, IBM Asia Pacific &amp; Taras Wankewycz, Founder &amp; CEO, H3 Dyn…",,IBM
social,kaggle_tweets,2018-08-21 17:06:00,@ilivegolden @theyeezymafia Don’t let a million pairs of creams distract you from the fact that Nike influences are too strong. 🤷🏻‍♂️,,NKE
social,kaggle_tweets,2018-08-21 17:13:00,RT @LuxuryTaxBrand: The Apple TV 4K 32GB just dropped for $179 with Free 2-day Shipping! BUY NOW: https://t.co/1trXBqAcAe,,AAPL
social,kaggle_tweets,2018-08-21 17:24:00,"New Russian Hacking Targeted Republican Groups, Microsoft Says https://t.co/tWEkqsbDoh, see more https://t.co/hNDzHbHcpF",,MSFT
social,kaggle_tweets,2018-08-21 17:27:00,Microsoft Thwarts Russia Hackers Targeting GOP Critics of Trump https://t.co/2cGVRAZYKr https://t.co/dSgvoX1KUN,,MSFT
social,kaggle_tweets,2018-08-21 17:32:00,RT @kenningtonsays: Google Named In Lawsuit for Illegally Tracking Users Movements Who Turned Off Their Location History Read my latest on…,,GOOGL
social,kaggle_tweets,2018-08-21 17:36:00,RT @AndroidAuth: Google Fit finally released a redesign! Will you use it? Or do you just use a #fitness tracker? #technology https://t.co/e…,,GOOGL
social,kaggle_tweets,2018-08-21 17:37:00,"""Google launches experimental feature for Assistant users in the US that shares stories from Solutions Journalism N… https://t.co/pdQHYwi9JY",,GOOGL
social,kaggle_tweets,2018-08-21 18:02:00,RT @Catlin_Tucker: Do your students struggle with ORGANIZATION? Check this out! Google Slide Calendars! This is brilliant! #edchat #edtech…,,GOOGL
social,kaggle_tweets,2018-08-21 18:10:00,"Better Buy: Pfizer Inc. vs. Johnson &amp; Johnson @themotleyfool #stocks $PFE, $JNJ https://t.co/MZxRc0f3aY",,PFE
social,kaggle_tweets,2018-08-21 18:13:00,RT @kyliemoy: My dad and I go to Walmart... 😂 https://t.co/y2YQQTexvw,,WMT
social,kaggle_tweets,2018-08-21 18:15:00,"Google Tracks Phone Users Regardless of Privacy Settings, Says Lawsuit https://t.co/ijIkEAjB9A",,GOOGL
social,kaggle_tweets,2018-08-21 18:40:00,RT @CheekyPromo: Apple reportedly redesigned basic MacBook after Intel chip issues https://t.co/ol4AjeQ2Zo,,AAPL
social,kaggle_tweets,2018-08-21 18:43:00,RT @izzyg1032: Petition to put Harry Potter on Netflix thanks,,NFLX
social,kaggle_tweets,2018-08-21 19:01:00,RT @AP_Politics: Microsoft: Hackers tied to Russian gov't created fake internet domain names made to look like they belonged to the US Sena…,,MSFT
social,kaggle_tweets,2018-08-21 19:02:00,RT @sh_irredeemable: Brenden was spot-on with his advance news of the Facebook lawsuit last week. Now Brendan is saying that there will be…,,FB
social,kaggle_tweets,2018-08-21 19:02:00,RT @sh_irredeemable: Brenden was spot-on with his advance news of the Facebook lawsuit last week. Now Brendan is saying that there will be…,,FB
social,kaggle_tweets,2018-08-21 19:04:00,"RT @MarkVHurd: Follow Oracle CEO, Mark Hurd, to learn how your business can get ahead with the latest innovations in technology.",,ORCL
social,kaggle_tweets,2018-08-21 19:12:00,@guardian Better stockpile viagra then as I can only assume Pfizer are going to find impossible to get stock Cork/Ireland to the UK!!,,PFE
social,kaggle_tweets,2018-08-21 19:19:00,RT @RealMattCouch: The Fact that Donna Brazile is still tweeting about the Intel my team dropped.. It says EVERYTHING Patriots. We're 1…,,INTC
social,kaggle_tweets,2018-08-21 19:19:00,RT @RealMattCouch: The Fact that Donna Brazile is still tweeting about the Intel my team dropped.. It says EVERYTHING Patriots. We're 1…,,INTC
social,kaggle_tweets,2018-08-21 19:19:00,RT @RealMattCouch: The Fact that Donna Brazile is still tweeting about the Intel my team dropped.. It says EVERYTHING Patriots. We're 1…,,INTC
social,kaggle_tweets,2018-08-21 19:19:00,RT @RealMattCouch: The Fact that Donna Brazile is still tweeting about the Intel my team dropped.. It says EVERYTHING Patriots. We're 1…,,INTC
social,kaggle_tweets,2018-08-21 19:26:00,The Apple Only Falls So Far From The Tree | Yoomin Fantasy au | Jimin and Yoongi are princes from opposing countrie… https://t.co/JQ0ihM9css,,AAPL
social,kaggle_tweets,2018-08-21 19:27:00,"RT @Legaltech_news: On the heels of a controversial AP report, Google was hit with a lawsuit alleging the company illegally tracked user lo…",,GOOGL
social,kaggle_tweets,2018-08-21 19:30:00,"JPMorgan Chase to debut You Trade service next week, letting investors make up to 100 free trades within first year… https://t.co/HXac80ecnR",,JPM
social,kaggle_tweets,2018-08-21 19:37:00,Five Prime Therapeutics $FPRX Price Target Cut to $44.00 by Analysts at Citigroup https://t.co/abdPrNUX3c,,C
social,kaggle_tweets,2018-08-21 19:38:00,Microsoft alleges new Russia hack targeting US political groups-https://t.co/4VTHVTLGOt,,MSFT
social,kaggle_tweets,2018-08-21 19:42:00,RT @PaulHook_em: Microsoft uncovers new Russian hacking attempts targeting Republicans ahead of midterm elections. This completely changes…,,MSFT
social,kaggle_tweets,2018-08-21 19:54:00,"Cisco Unified Communications Consultant: Stack8 Technologies Inc. (Montréal QC): ""are looking for a Cisco Unified C… https://t.co/u441KSYrhO",,CSCO
social,kaggle_tweets,2018-08-21 20:01:00,"RT @JCTheResistance: Anything to protect their puppet boy.. New Russian Hacking Targeted Republican Groups, Microsoft Says https://t.co/r…",,MSFT
social,kaggle_tweets,2018-08-21 20:15:00,Microsoft is trying to stop Russians from hacking Republican think tanks as midterms loom https://t.co/SETIm2ggmW https://t.co/ny1UaRHBZk,,MSFT
social,kaggle_tweets,2018-08-21 20:27:00,"RT @Tim_Canova: .@SenSanders points out that every 10 seconds Jeff Bezos, CEO of Amazon, makes more money than the median Amazon worker mak…",,AMZN
social,kaggle_tweets,2018-08-21 20:33:00,RT @CST_UK: Labour supporting academic from @_UoW no longer employed at the University after antisemitic rants exposed on Facebook. It is u…,,FB
social,kaggle_tweets,2018-08-21 20:38:00,Airmail 3 Exploit Instantly Steals Info from Apple Users https://t.co/l5DN6pzWD7,,AAPL
social,kaggle_tweets,2018-08-21 20:47:00,"Hey Friends, check our stories on Facebook. We have real nice BMW in Stock.",,FB
social,kaggle_tweets,2018-08-22 07:01:00,"Have you subscribed yet? Our audio drama podcast, A Very Deep Well, is now available on Apple Podcasts and Google P… https://t.co/MRfYHIFCH7",,GOOGL
social,kaggle_tweets,2018-08-22 07:02:00,"RT @darkhorizons: Say what you will about Netflix original films, name me a boutique distributor who wouldn’t want a Fall film line-up this…",,NFLX
social,kaggle_tweets,2018-08-22 07:08:00,RT @RXMANSPHOENIX: appreciation tweet to all of the poc Disney animated characters in the animated movies &amp; sequels. https://t.co/8dqhpj7CZ6,,DIS
social,kaggle_tweets,2018-08-22 07:10:00,"RT @astrog1rll: Misfits was ahead of its time, if it was to get a Netflix Deal in today’s time it would be one of those shows everyone talk…",,NFLX
social,kaggle_tweets,2018-08-22 07:23:00,Aatrral Prelaunch Mode — drinking Capuccino at Starbucks Hong Kong https://t.co/hQupcQTtRr,,SBUX
social,kaggle_tweets,2018-08-22 07:30:00,RT @SteveSchmidtSES: 4000 public lies + Helsinki + attacks on Intel Agencies and Justice Dept + Brennan + Emoluments + first amendment atta…,,INTC
social,kaggle_tweets,2018-08-22 07:32:00,RT @billionaire_key: It’s never too late. Sam Walton started Walmart when he was 44. Harland Sanders started Kentucky Fried Chicken when he…,,WMT
social,kaggle_tweets,2018-08-22 07:51:00,#BOOKSPECIALS @HollowManSeries Amazon #1 #Bestseller!! LONDON BRIDGE IS FALLING DOWN https://t.co/gQ9iOSzUdG https://t.co/8za6UHdgjN,,AMZN
social,kaggle_tweets,2018-08-22 07:56:00,RT @SheCallsMeKing: Facebook is literally in a league of its own. I can’t believe it’s consistently this crackhead quality comedy on there…,,FB
social,kaggle_tweets,2018-08-22 07:56:00,RT @SheCallsMeKing: Facebook is literally in a league of its own. I can’t believe it’s consistently this crackhead quality comedy on there…,,FB
social,kaggle_tweets,2018-08-22 07:56:00,RT @SheCallsMeKing: Facebook is literally in a league of its own. I can’t believe it’s consistently this crackhead quality comedy on there…,,FB
social,kaggle_tweets,2018-08-22 08:03:00,RT @Nobility_ofsoul: Let's settle this Netflix romcom war RT for Peter Kavinsky Fav for Noah Flynn https://t.co/WfIzPbkxUc,,NFLX
social,kaggle_tweets,2018-08-22 08:10:00,"Apple and Google could save millions of lives, says this heart doctor https://t.co/cXiA7w8wVM",,GOOGL
social,kaggle_tweets,2018-08-22 08:13:00,Trump Admin Just Quietly Hit Facebook With Major Lawsuit Overnight – It’... https://t.co/hH2Br9uKoD via @YouTube,,FB
social,kaggle_tweets,2018-08-22 08:15:00,Disney is considering news role for Ben Sherwood after Fox deal https://t.co/ViuJyVuscf via @technology,,DIS
social,kaggle_tweets,2018-08-22 08:18:00,New top story on Hacker News: IBM patents drone-delivery of coffee straight to your mouth https://t.co/KtzYIxx8G6,,IBM
social,kaggle_tweets,2018-08-22 08:27:00,"CRM Application Software Market to Witness Huge Growth by 2025: Key Players – Oracle, SAP SE, IBM, Microsoft, Adobe… https://t.co/345KqZGs47",,MSFT
social,kaggle_tweets,2018-08-22 08:43:00,RT @findmeinseattle: Seattle Local Tip: 40th floor of the Columbia Tower has a public Starbucks with some awesome views https://t.co/JUqPpD…,,SBUX
social,kaggle_tweets,2018-08-22 09:01:00,RT @LanceUlanoff: Walmart takes on Amazon &amp; Apple with iPhone ebook store launch https://t.co/8i53AshwTh,,AMZN
social,kaggle_tweets,2018-08-22 09:10:00,"@DistractLaura @RosieeThor Crunchyroll or Funimation, Walmart also just had it on sale for $15 for the whole season",,WMT
social,kaggle_tweets,2018-08-22 09:24:00,"RT @ericgarland: BREAKING: Oh shit, honeys, Facebook may have a little bit of SEC filings to restate if so much fake stuff was used to guid…",,FB
social,kaggle_tweets,2018-08-22 09:24:00,"RT @ericgarland: BREAKING: Oh shit, honeys, Facebook may have a little bit of SEC filings to restate if so much fake stuff was used to guid…",,FB
social,kaggle_tweets,2018-08-22 09:24:00,"RT @ericgarland: BREAKING: Oh shit, honeys, Facebook may have a little bit of SEC filings to restate if so much fake stuff was used to guid…",,FB
social,kaggle_tweets,2018-08-22 09:27:00,"""RT ForbesInvestor: JPMorgan is rolling out a new feature in its mobile app that lets users make free trades. It's… https://t.co/PddIY2eqFz",,JPM
social,kaggle_tweets,2018-08-22 09:27:00,RT @PrisonPlanetTV: See The Hilarious Commercial Google Banned https://t.co/6LjK4Ol1VE,,GOOGL
social,kaggle_tweets,2018-08-22 09:28:00,"RT @ChristopherNFox: ""Exxon Investors' Climate Suit Turns Up The Heat On Oil Companies"" https://t.co/puBh0xYwE4 #climate risk",,XOM
social,kaggle_tweets,2018-08-22 09:28:00,RT @globeinvestor: Facebook investors who bought the historic dip aren’t seeing a quick recovery https://t.co/QLa1F1AjfG,,FB
social,kaggle_tweets,2018-08-22 09:30:00,Facebook says it will forego its 30% share of in-app revenue for Messenger's Instant Games on Android (deantak / Ve… https://t.co/TxX9okMXJY,,FB
social,kaggle_tweets,2018-08-22 09:32:00,RT @OOH_mes: Blackpink's Jennie added to the cast of Netflix Korean variety show 'Busted!' (You're the Criminal) season 2. No other additio…,,NFLX
social,kaggle_tweets,2018-08-22 09:53:00,"RT @PatrickGerard01: Facebook is pushing that ""share a memory"" junk where they make custom videos out of your old photos to boost engagemen…",,FB
social,kaggle_tweets,2018-08-22 09:53:00,"RT @PatrickGerard01: Facebook is pushing that ""share a memory"" junk where they make custom videos out of your old photos to boost engagemen…",,FB
social,kaggle_tweets,2018-08-22 09:53:00,"RT @PatrickGerard01: Facebook is pushing that ""share a memory"" junk where they make custom videos out of your old photos to boost engagemen…",,FB
social,kaggle_tweets,2018-08-22 09:53:00,"RT @PatrickGerard01: Facebook is pushing that ""share a memory"" junk where they make custom videos out of your old photos to boost engagemen…",,FB
social,kaggle_tweets,2018-08-22 09:59:00,Google: Taking Old Content &amp; Relabeling It As New Is A Bad SEO Hack via @SERoundtable #SEO https://t.co/yBhn01eFrw,,GOOGL
social,kaggle_tweets,2018-08-22 09:59:00,Lmao this girl said im about to sue Comcast because they putting payment dues on her door and it’s embarrassing… https://t.co/z1gHIaUlDF,,CMCSA
social,kaggle_tweets,2018-08-22 10:08:00,Facebook Engagement Research: How 43 Million Posts Will Make You Rethink Your Strategy https://t.co/dZBaEdvPUz,,FB
social,kaggle_tweets,2018-08-22 10:10:00,RT @charlesmilander: Facebook shares plunge after warning of slowing growth – CNET https://t.co/2KlRgVI5EK Follow on Instagram: https:/…,,FB
social,kaggle_tweets,2018-08-22 10:15:00,RT @justReesie: Meanwhile on Facebook... https://t.co/6FzeT8uqEL,,FB
social,kaggle_tweets,2018-08-22 10:18:00,"Can you recommend anyone for this #job? Verizon Products and Services - https://t.co/TPa14aLUKL #Vegas #UNLV #Sales #LasVegas, NV #Hiring",,VZ
social,kaggle_tweets,2018-08-22 10:26:00,RT @Spacekatgal: A. This is literally an episode of @blackmirror. B. Facebook rating people on trustworthiness is like Harvey Weinstein ru…,,FB
social,kaggle_tweets,2018-08-22 10:26:00,RT @Spacekatgal: A. This is literally an episode of @blackmirror. B. Facebook rating people on trustworthiness is like Harvey Weinstein ru…,,FB
social,kaggle_tweets,2018-08-22 10:58:00,Cisco CEO: We are working to engage multi-cloud on all fronts https://t.co/IEaGexc3nN,,CSCO
social,kaggle_tweets,2018-08-22 11:02:00,"CRM Application Software Market to Witness Huge Growth by 2025: Key Players – Oracle, SAP SE, IBM, Microsoft, Adobe… https://t.co/8UZi8CO7mU",,MSFT
social,kaggle_tweets,2018-08-22 11:06:00,RT @dre_vercetti: Tf is Netflix so loud for when you first open it “DUH DOOM” face ass,,NFLX
social,kaggle_tweets,2018-08-22 11:36:00,RT @bigleaguepol: Google Named In Lawsuit for Illegally Tracking Users Movements Who Turned Off Their Location History https://t.co/CMTtPg9…,,GOOGL
social,kaggle_tweets,2018-08-22 11:47:00,"Facebook users 'don't seem to care' about data scandal, fake news. Analyst says buy on the dip https://t.co/GoypHI8WLc",,FB
social,kaggle_tweets,2018-08-22 11:52:00,"RT @RyanAFournier: Remember how Apple protected the San Bernardino terrorist’s privacy, but readily handed over Manafort’s to Mueller.",,AAPL
social,kaggle_tweets,2018-08-22 11:57:00,Microsoft uncovers Russian hacking efforts ahead of US midterms https://t.co/rPCCzzy4qq,,MSFT
social,kaggle_tweets,2018-08-22 12:01:00,"RT @_itsB: Tf is Netflix sooo loud for when you first open it ""DUH DOOM"" head ass",,NFLX
social,kaggle_tweets,2018-08-22 12:03:00,Google no gree open,,GOOGL
social,kaggle_tweets,2018-08-22 12:07:00,"RT @PhantomSells: Random #paypal #giveaway Win Some PayPal Money 💰 To enter: •RT •FOLLOW ME, @PhantomSells •WINNER AT 20 RTs• https:…",,PYPL
social,kaggle_tweets,2018-08-22 12:09:00,RT @cynsation_: I need a Netflix series about the different Greek mythology stories. Like explained.,,NFLX
social,kaggle_tweets,2018-08-22 12:12:00,Walt Disney World is the largest consumer of fireworks in the United States. The park also launches the fireworks with compressed air instea,,DIS
social,kaggle_tweets,2018-08-22 12:15:00,"Check out this Amazon deal: Backpack for Girls, Boys, Kids by Fenrici | 1... by Fenrici https://t.co/TUZmaF116P via @amazon",,AMZN
social,kaggle_tweets,2018-08-22 12:19:00,"Vitalik Buterin, the multi-millionaire founder of Ethereum, says that Google tried to hire him on an intern's salar… https://t.co/gNJN2wS3De",,GOOGL
social,kaggle_tweets,2018-08-22 12:21:00,RT TheHackersNews: Microsoft Detects More Russian Cyber Attacks Ahead of 2018 Mid-Term Election… https://t.co/Jmz3QipAHV,,MSFT
social,kaggle_tweets,2018-08-22 12:22:00,RT @rallyqt: A couple teenagers just told me Facebook is for old people. The race for the next social network is on. What will it be this t…,,FB
social,kaggle_tweets,2018-08-22 12:29:00,"RT @BreitbartNews: ""Mueller’s former client—the paragon of privacy Apple Inc.—provided the special counsel with access to Paul Manafort’s i…",,AAPL
social,kaggle_tweets,2018-08-22 12:36:00,News Wrap: Microsoft reveals latest Russian hacking attempt https://t.co/TFHUKui3tY --like it or not,,MSFT
social,kaggle_tweets,2018-08-22 12:37:00,RT @shelflifestore: Releasing Soon: The Nike Air VaporMax Premier Flyknit Black/Metallic Silver is dropping 25 August 2018 at both our CPT…,,NKE
social,kaggle_tweets,2018-08-22 12:37:00,Buy Facebook Bad Reviews | USA Social Media Services https://t.co/9dddYWoXw4 #Buy_Facebook_5_Star_Reviews… https://t.co/OSVjrKA1EE,,FB
social,kaggle_tweets,2018-08-22 12:49:00,RT @TheBabylonBee: Facebook Now Allows Users To Flag Anything They Disagree With As ‘Literally Hitler’ https://t.co/4NYWNPrZfp https://t.co…,,FB
social,kaggle_tweets,2018-08-22 12:53:00,I need to add new friends on Apple Music. A lot of the people I follow on there only listen to rap or in the moment… https://t.co/6YMr3yJQOE,,AAPL
social,kaggle_tweets,2018-08-22 13:01:00,Facebook gives users trustworthiness score https://t.co/UJRoDvGcNi,,FB
social,kaggle_tweets,2018-08-22 13:18:00,"RT @kylegriffin1: Senate Intel Committee leaders say they have ""recently reengaged"" Michael Cohen in their investigation into Russian inter…",,INTC
social,kaggle_tweets,2018-08-22 13:18:00,"RT @kylegriffin1: Senate Intel Committee leaders say they have ""recently reengaged"" Michael Cohen in their investigation into Russian inter…",,INTC
social,kaggle_tweets,2018-08-22 13:55:00,Disney Offers Tuition for Hourly Workers in Tight Job Market https://t.co/aptFbZiZNc,,DIS
social,kaggle_tweets,2018-08-22 13:55:00,"RT @Thomasbcn: Words: ""Google Play is committed to providing a safe experience for billions of Android users to find and discover such apps…",,GOOGL
social,kaggle_tweets,2018-08-22 14:01:00,RT @Findomlex: Send more money &amp; follow my orders✨💸 Money does grow on Trees &amp; falls right into my hands 😍✨ Google pay/PP - findomlex@gma…,,GOOGL
social,kaggle_tweets,2018-08-22 14:14:00,"Barrett Asset Management Trimmed Its Exxon Mobil Com $XOM Stake by $521,404; Valuation Declined; Macerich Co $Call… https://t.co/ejRkccneUQ",,XOM
social,kaggle_tweets,2018-08-22 14:17:00,RT @jeibon_com: I’d just like to share this experience with a heavy heart and urge people to be careful with PayPal. Their “ban first ask l…,,PYPL
social,kaggle_tweets,2018-08-22 14:25:00,RT @soulphoodie: Lebron James Gave Up A $14 Million Deal With McDonald's To Back Newcomer Blaze Pizza https://t.co/nZj59HdXQo via @Blavity…,,MCD
social,kaggle_tweets,2018-08-22 14:40:00,"RT @CNBC: If you invested in Apple, Amazon or Netflix when the market bottomed in 2009, here's how much you'd have now. https://t.co/Gcyf2V…",,AMZN
social,kaggle_tweets,2018-08-22 14:45:00,RT @Masternodeinves: JOIN MASTERNODE INVEST ICO: GET MONTLY REVENUE FROM CRYPTO-MASTERNODE please follow us on Facebook: https://t.co/gHWF…,,FB
social,kaggle_tweets,2018-08-22 14:45:00,RT @Masternodeinves: JOIN MASTERNODE INVEST ICO: GET MONTLY REVENUE FROM CRYPTO-MASTERNODE please follow us on Facebook: https://t.co/gHWF…,,FB
social,kaggle_tweets,2018-08-22 14:45:00,RT @Masternodeinves: JOIN MASTERNODE INVEST ICO: GET MONTLY REVENUE FROM CRYPTO-MASTERNODE please follow us on Facebook: https://t.co/gHWF…,,FB
social,kaggle_tweets,2018-08-22 14:54:00,RT @MacRumors: Tim Cook Donates Almost $5M Worth of Apple Shares to Charity https://t.co/ldCQULtioF by @julipuli https://t.co/l0w3exPC1z,,AAPL
social,kaggle_tweets,2018-08-22 15:16:00,RT @macworld: Google Privacy Checkup FAQ: How to limit tracking and still use the apps you love https://t.co/fbwImEzyBH https://t.co/19y6bQ…,,GOOGL
social,kaggle_tweets,2018-08-22 15:44:00,RT @amesawarren: The following are crafted from slavery #PrisonerStrike: McDonald's Uniforms Starbucks Packaging Microsoft Software Packag…,,MSFT
social,kaggle_tweets,2018-08-22 15:44:00,RT @amesawarren: The following are crafted from slavery #PrisonerStrike: McDonald's Uniforms Starbucks Packaging Microsoft Software Packag…,,MSFT
social,kaggle_tweets,2018-08-22 15:54:00,RT @btschartdata: Amazon Canada Best Sellers of 2018 (CDs &amp; Vinyls): #4 Love Yourself: Answer #5 Love Yourself: Tear #60 Love Yourself: Her,,AMZN
social,kaggle_tweets,2018-08-22 15:56:00,I posted a new video to Facebook https://t.co/68hG1hCrTX,,FB
social,kaggle_tweets,2018-08-22 15:58:00,"RT @LaurenGoode: FiftyThree, which made popular apps Paper and Paste and also made a Pencil before Apple made its Pencil, has been acquired…",,AAPL
social,kaggle_tweets,2018-08-22 16:02:00,"Disney, ABC Sued Kids' Show Creators Claim Hypocrisy In Wake of 'Roseanne' Axing https://t.co/tfngjBOEqN #TheDateWasGreatUntil #LOVEis",,DIS
social,kaggle_tweets,2018-08-22 16:14:00,Critical Flaws in Ghostscript Could Leave Many Systems at Risk of Hacking Google Project Zero's security researcher… https://t.co/OBgP2oNUI5,,GOOGL
social,kaggle_tweets,2018-08-22 16:30:00,RT @BarunSobtiTurky: Barun Sobti App. Google Play Store; https://t.co/9JRLXr7fRL Download this app. for many things about Barun. #Barun…,,GOOGL
social,kaggle_tweets,2018-08-22 16:35:00,"RT @BTSARMYNA: I do hope BigHit will drop the teaser because some YouTube, Instagram, Tumblr and Facebook ARMYs still don’t know BTS has a…",,FB
social,kaggle_tweets,2018-08-22 16:35:00,"RT @BTSARMYNA: I do hope BigHit will drop the teaser because some YouTube, Instagram, Tumblr and Facebook ARMYs still don’t know BTS has a…",,FB
social,kaggle_tweets,2018-08-22 16:36:00,RT @bestproductsell: #Amazon #deal #deals #offer #fashion #travel #offers #shopping Just saw this on Amazon: Lenovo Thinkpad Yoga 2-in-1 C…,,AMZN
social,kaggle_tweets,2018-08-22 16:48:00,Pepsi to buy SodaStream for $3.2 billion - CNET: #DeepLearning #IoT #BigData CC: @worldtrendsinfo… https://t.co/kTLR5vbrse,,PEP
social,kaggle_tweets,2018-08-22 16:49:00,RT @ramburner1: Microsoft reveals Russian hacking attempts ahead of US elections https://t.co/Ghs84uVei0 via @amermilnews,,MSFT
social,kaggle_tweets,2018-08-22 17:11:00,Apple Should Buy Tesla: Ross Gerber - Investopedia https://t.co/hvZlRQr0EN,,AAPL
social,kaggle_tweets,2018-08-22 17:12:00,RT @TheClosetInc: Fall 2018 Collection Mens Nike Air Safari “Bordeaux Crush” 371740-601 $140.00 CAD Available now in all store locations an…,,NKE
social,kaggle_tweets,2018-08-22 17:21:00,"Verizon throttled firefighters' ""unlimited"" data during California fires, lawsuit claims https://t.co/sstKCl1zDY",,VZ
social,kaggle_tweets,2018-08-22 17:29:00,RT @brkicks: Another look at the Nike LeBron 16 from @KingJames 👀 https://t.co/dAmjRxAAwa,,NKE
social,kaggle_tweets,2018-08-22 17:39:00,RT @starcrosswolf: Brazile denied she was in D.C. the day of Seth Rich's murder. Metro Police said an Intel drop places Brazile &amp; the D.C.…,,INTC
social,kaggle_tweets,2018-08-22 17:39:00,RT @NASAGoddard: #ICESat2 is less than a month from launch! Tune into Facebook today at 2:30 p.m. EDT to learn about NASA's first dedicated…,,FB
social,kaggle_tweets,2018-08-22 17:39:00,RT @starcrosswolf: Brazile denied she was in D.C. the day of Seth Rich's murder. Metro Police said an Intel drop places Brazile &amp; the D.C.…,,INTC
social,kaggle_tweets,2018-08-22 17:39:00,RT @starcrosswolf: Brazile denied she was in D.C. the day of Seth Rich's murder. Metro Police said an Intel drop places Brazile &amp; the D.C.…,,INTC
social,kaggle_tweets,2018-08-22 17:39:00,RT @starcrosswolf: Brazile denied she was in D.C. the day of Seth Rich's murder. Metro Police said an Intel drop places Brazile &amp; the D.C.…,,INTC
social,kaggle_tweets,2018-08-22 17:39:00,RT @starcrosswolf: Brazile denied she was in D.C. the day of Seth Rich's murder. Metro Police said an Intel drop places Brazile &amp; the D.C.…,,INTC
social,kaggle_tweets,2018-08-22 17:54:00,"Amazon starts selling fashion, sportswear in Brazil https://t.co/MbBic0Rpq9",,AMZN
social,kaggle_tweets,2018-08-22 17:58:00,@JacquiDelaney Wow I feeling sorry for @AndreaHorwath haven't heard any of her daily Ford rants thought she was sic… https://t.co/cIz1hibKdl,,F
social,kaggle_tweets,2018-08-22 17:58:00,Netflix and Nvidia among top stocks since ’09 bottom. One looks best https://t.co/XiC6BW9b5G https://t.co/LjqSUN0Iwm,,NFLX
social,kaggle_tweets,2018-08-22 18:02:00,RT @true_pundit: Apple Made Big Stink Over Protecting San Bernardino Terrorist’s Privacy — Readily Gave Mueller Team Manafort’s iCloud Data…,,AAPL
social,kaggle_tweets,2018-08-22 18:07:00,European Apple Suppliers Under Pressure After Hong Kong’s AAC Plunges https://t.co/bWqLA3HAIX,,AAPL
social,kaggle_tweets,2018-08-22 18:15:00,RT @verge: Apple reportedly reaches deal with third-party reseller to allow authorized iPhone repairs https://t.co/kgF9mKEq2p https://t.co/…,,AAPL
social,kaggle_tweets,2018-08-22 18:20:00,"RT @MistahMarvel: #WeMissedAMeeting is officially available today, via Amazon. Purchase your copy today. Prime users use your perks and get…",,AMZN
social,kaggle_tweets,2018-08-22 18:30:00,"RT @AnimeHipHop: Nothing to see here, Just a normal day at McDonald's https://t.co/qAKuBqwfPQ",,MCD
social,kaggle_tweets,2018-08-22 18:30:00,"RT @AnimeHipHop: Nothing to see here, Just a normal day at McDonald's https://t.co/qAKuBqwfPQ",,MCD
social,kaggle_tweets,2018-08-22 18:32:00,RT @Julius_S_Malema: Nike must just issue a statement https://t.co/NhoX9WY43X,,NKE
social,kaggle_tweets,2018-08-22 18:34:00,"RT @ericgarland: So, Facebook has been selling its securities with metrics for investors that can be changed sorta kinda at any time? Do…",,FB
social,kaggle_tweets,2018-08-22 18:43:00,"🍂 Get right for fall! Select sizes for the ""Wheat"" Nike Air Force 1 High are available for $99.95 + ship:… https://t.co/03B2J126wz",,NKE
social,kaggle_tweets,2018-08-22 18:48:00,"Walmart and Kobo launch Walmart eBooks, an online e-book and audiobook store https://t.co/uQ10rQralu",,WMT
social,kaggle_tweets,2018-08-22 18:55:00,"Shoot, process and share photos all before the show ends with Intel Optane memory. Contact us and we’ll show you ho… https://t.co/M4xxpTJAWz",,INTC
social,kaggle_tweets,2018-08-22 19:04:00,RT @KWHardin_sell_1: Check out this Amazon deal: Richardson Cap Adult Unisex 112 Mesh Back Adj... by Richardson https://t.co/Ev8f2eYJZJ via…,,AMZN
social,kaggle_tweets,2018-08-22 19:08:00,RT @kwalden51: Excited to share this item from my #etsy shop: Dish / Green Apple Dish / Vintage Ceramic Trinket Dish / Spoon Rest / Teacher…,,AAPL
social,kaggle_tweets,2018-08-22 19:08:00,Opposition from Developers and Regulatory Intervention May Force Apple to Cut AppStore Commissions https://t.co/wOPELzxziT,,AAPL
social,kaggle_tweets,2018-08-22 19:14:00,"RT @Charles_Lister: #Assad’s AirForce Intel Chief, Jamil Hassan: - 3 million Syrians are wanted &amp; their judicial cases are ready - ""After…",,INTC
social,kaggle_tweets,2018-08-22 19:16:00,"Attention chemists and chemistry students: IBM just launched the first, free #AI web service in the @IBMcloud for p… https://t.co/ntryJcI7ul",,IBM
social,kaggle_tweets,2018-08-22 19:17:00,RT @AviAhvee: @RVAwonk Microsoft claims to have been tracking the Russian-government-backed hackers for 2 years..... https://t.co/KjWvZjd…,,MSFT
social,kaggle_tweets,2018-08-22 19:36:00,"RT @AirCanada: Air Canada, TD, CIBC, Visa and Aimia Reach Agreement in Principle for Acquisition of Aeroplan Loyalty Business https://t.co/…",,V
social,kaggle_tweets,2018-08-22 19:37:00,RT @SnkrConnectHQ: Nike Hooks Drake Up With His An Exclusive Air Max Plus https://t.co/vzcoAsWGbC,,NKE
social,kaggle_tweets,2018-08-22 20:03:00,"RT @carlosgil83: We just launched an all-new course on ""Facebook Marketing in 2018"" on Social Media Career Academy (@SMCA_Edu). The course…",,FB
social,kaggle_tweets,2018-08-22 20:07:00,So if you haven't heard about it yet and your business relies on Facebook reviews some major changes are coming in… https://t.co/2d5DpH0T9j,,FB
social,kaggle_tweets,2018-08-22 20:14:00,McDonald's wants to put 64 million young people to work. https://t.co/zzkCIoeUEB,,MCD
social,kaggle_tweets,2018-08-22 20:27:00,RT @footlocker: The ’90s are officially back! The Nike Air Max Origins Collection. #DiscoverYourAir Launching 8/23 at Foot Locker! https://…,,NKE
social,kaggle_tweets,2018-08-22 20:46:00,Amazon FBA vs Real Estate?! How to Make Money Fast when you're Broke https://t.co/ZEZhY77Fy4 via @YouTube,,AMZN
social,kaggle_tweets,2018-08-22 20:46:00,"Facebook users 'don't seem to care' about data scandal, fake news. Analyst says buy on the dip https://t.co/mNzOwmgljt",,FB
social,kaggle_tweets,2018-08-22 20:46:00,PC gaming developer fund launches from Intel and Overwolf https://t.co/PnH8jAigRA,,INTC
social,kaggle_tweets,2018-08-22 20:50:00,Apple Made Big Stink Over Protecting San Bernardino Terrorist's Privacy -- Readily Gave Mueller Team Manafort's iCl… https://t.co/7Ybr5Mc9l9,,AAPL
social,kaggle_tweets,2018-08-23 07:12:00,RT @FoxNews: Google unveils Iran-linked 'state-sponsored phishing attack' on its properties https://t.co/joWC27k8NA,,GOOGL
social,kaggle_tweets,2018-08-23 07:25:00,"RT @latina_BTS: We need sales to help us out this cb. There are MANY places to buy #IDOL from and it's not just from itunes. Google play,…",,GOOGL
social,kaggle_tweets,2018-08-23 07:52:00,Bolton says in press conference he did not bring up Microsoft claims of Russian hack on Senate and Republican think… https://t.co/DWykGgbQbM,,MSFT
social,kaggle_tweets,2018-08-23 07:58:00,"Join Robinhood and we'll both get a stock like Apple, Ford, or Sprint for free. Make sure you use my link. https://t.co/WOBXTPlSTR",,AAPL
social,kaggle_tweets,2018-08-23 08:03:00,RT @Nobility_ofsoul: Let's settle this Netflix romcom war RT for Peter Kavinsky Fav for Noah Flynn https://t.co/WfIzPbkxUc,,NFLX
social,kaggle_tweets,2018-08-23 08:03:00,RT @Nobility_ofsoul: Let's settle this Netflix romcom war RT for Peter Kavinsky Fav for Noah Flynn https://t.co/WfIzPbkxUc,,NFLX
social,kaggle_tweets,2018-08-23 08:03:00,RT @Nobility_ofsoul: Let's settle this Netflix romcom war RT for Peter Kavinsky Fav for Noah Flynn https://t.co/WfIzPbkxUc,,NFLX
social,kaggle_tweets,2018-08-23 08:03:00,RT @Nobility_ofsoul: Let's settle this Netflix romcom war RT for Peter Kavinsky Fav for Noah Flynn https://t.co/WfIzPbkxUc,,NFLX
social,kaggle_tweets,2018-08-23 08:03:00,RT @Nobility_ofsoul: Let's settle this Netflix romcom war RT for Peter Kavinsky Fav for Noah Flynn https://t.co/WfIzPbkxUc,,NFLX
social,kaggle_tweets,2018-08-23 08:04:00,The Disney Store has launched a Hocus Pocus collection to celebrate the film's 25th anniversary… https://t.co/hE1cZ556qj,,DIS
social,kaggle_tweets,2018-08-23 08:26:00,RT @rtehrani: The saga continues... Facebook says another 4 million users may have had data misused https://t.co/NJNqEh4byr #Privacy #pii…,,FB
social,kaggle_tweets,2018-08-23 08:35:00,RT @business: Facebook suspends 400 apps in developer data investigation https://t.co/1ceucGVxFV,,FB
social,kaggle_tweets,2018-08-23 08:40:00,"RT @qikipedia: One of our favourite websites for wasting time - Geoguessr drops you somewhere random on Google Maps, and you have to guess…",,GOOGL
social,kaggle_tweets,2018-08-23 08:40:00,"RT @qikipedia: One of our favourite websites for wasting time - Geoguessr drops you somewhere random on Google Maps, and you have to guess…",,GOOGL
social,kaggle_tweets,2018-08-23 09:05:00,RT @mlysiafoodporn: Retweet for Big Apple Like for Dunkin Donuts https://t.co/28IjN7xyzH,,AAPL
social,kaggle_tweets,2018-08-23 09:10:00,"RT @MHollingsworth1: Talk about residual value! Ford Mustang Shelby GT500 found after 50 years, could be worth millions - Fox News https://…",,F
social,kaggle_tweets,2018-08-23 09:16:00,RT @freddyscott: The Netflix sound is the son of the Law And Order sound,,NFLX
social,kaggle_tweets,2018-08-23 09:17:00,Facebook launches Ad Archive API for political ads with limited release https://t.co/Ha5iTCkjvv #digitalmarketing,,FB
social,kaggle_tweets,2018-08-23 09:18:00,I’m about to share the sugarpill bts video on Facebook y’all pray for me,,FB
social,kaggle_tweets,2018-08-23 09:29:00,RT @microsofteduk: Excited to share another great sketchnote by one of our Microsoft Partners @Aspire2Be and their learning consultant @tea…,,MSFT
social,kaggle_tweets,2018-08-23 09:32:00,RT @OOH_mes: Blackpink's Jennie added to the cast of Netflix Korean variety show 'Busted!' (You're the Criminal) season 2. No other additio…,,NFLX
social,kaggle_tweets,2018-08-23 09:43:00,RT @CNN: Starbucks is testing a program that will allow some employees to spend half of their workweek at a local nonprofit https://t.co/W2…,,SBUX
social,kaggle_tweets,2018-08-23 09:46:00,Come check out 'Physics Drop' on Google Play https://t.co/kGs9wJV1uq,,GOOGL
social,kaggle_tweets,2018-08-23 09:53:00,"RT @PatrickGerard01: Facebook is pushing that ""share a memory"" junk where they make custom videos out of your old photos to boost engagemen…",,FB
social,kaggle_tweets,2018-08-23 09:53:00,"RT @PatrickGerard01: Facebook is pushing that ""share a memory"" junk where they make custom videos out of your old photos to boost engagemen…",,FB
social,kaggle_tweets,2018-08-23 10:08:00,"RT @bondswell_com: Use Facebook bot ChatHitch to find love, maintain love and love yourself. Chat now! #love #RelationshipAdvice https://t.…",,FB
social,kaggle_tweets,2018-08-23 10:09:00,"RT SearchAWS #AWS IoTAnalytics and Amazon Kinesis Data Analytics share similarities, but how do these #cloud servic… https://t.co/bB6jlKa8GE",,AMZN
social,kaggle_tweets,2018-08-23 10:10:00,"RT @chrisifg: Microsoft Surface Book 2, Surface Laptop launched https://t.co/M9fPlkrtzu",,MSFT
social,kaggle_tweets,2018-08-23 10:15:00,RT @acmxo_: I fucking hate Facebook bruh I’m dead af https://t.co/YUZNTyEQl8,,FB
social,kaggle_tweets,2018-08-23 10:37:00,I think it’s time for me to invest in a pair of air pods and if I lose them Apple just gotta smd and give me a new pair,,AAPL
social,kaggle_tweets,2018-08-23 10:39:00,LeBron James Unveils His New LeBron 16 Nike Signature Shoe https://t.co/CfRzLYdFcj,,NKE
social,kaggle_tweets,2018-08-23 10:39:00,"As Continental Resources $CLR Share Price Rose, Holder Brenham Capital Management LP Decreased Stake; As Amazon Com… https://t.co/vC5ZAdgeeQ",,AMZN
social,kaggle_tweets,2018-08-23 10:43:00,Excited to share this item from my #etsy shop: Disney Alice in wonderland Hair Bow https://t.co/wN8IvJ8VbC https://t.co/glwsy802xp,,DIS
social,kaggle_tweets,2018-08-23 10:57:00,"RT @falloutboy: p.s. ex-US might be a sec until you see the Lake Effect Kid EP up on Spotify, Apple Music, etc. https://t.co/UERl7qyM6s",,AAPL
social,kaggle_tweets,2018-08-23 10:57:00,"RT @falloutboy: p.s. ex-US might be a sec until you see the Lake Effect Kid EP up on Spotify, Apple Music, etc. https://t.co/UERl7qyM6s",,AAPL
social,kaggle_tweets,2018-08-23 11:04:00,RT @vicecanada: Doug Ford says there will be consequences for teachers who don't stick to the older sex ed curriculum until a new one is dr…,,F
social,kaggle_tweets,2018-08-23 11:06:00,I posted a new video to Facebook https://t.co/bXLPYjYugC,,FB
social,kaggle_tweets,2018-08-23 11:25:00,Amazon deals 16.67% off! original price: 179.99$ deal price: 149.99$ (you save 30.00$) Link:… https://t.co/pXADJnj35m,,AMZN
social,kaggle_tweets,2018-08-23 11:33:00,"RT @JJ_Denhollander: As I'm literally reading on toxic ideas of forgiveness, this message rolls into Rachael's Facebook page messages. Sadl…",,FB
social,kaggle_tweets,2018-08-23 11:50:00,This sounds like a job for Geraldo Rivera! Open. That. Vault! (You youngsters may have to Google that one...),,GOOGL
social,kaggle_tweets,2018-08-23 12:07:00,"It is Time to Buy Ares Capital $ARCC, Citigroup Says. Stock May Be Worth $19 - https://t.co/wsIipsnhqP",,C
social,kaggle_tweets,2018-08-23 12:08:00,RT @MultiTpark: NXBOOST coin – always in the first place in profit NXB car available on Google Play store https://t.co/iN1tjrTMNt https://t…,,GOOGL
social,kaggle_tweets,2018-08-23 12:09:00,RT @cynsation_: I need a Netflix series about the different Greek mythology stories. Like explained.,,NFLX
social,kaggle_tweets,2018-08-23 12:22:00,"@GerberKawasaki Apple needs a lot of help from other tech companies, Apple is getting hacked by teenagers who are b… https://t.co/tUOB0YpAqb",,AAPL
social,kaggle_tweets,2018-08-23 12:40:00,Nike Set to Release Matching “Discover Your Air” Pack https://t.co/ILOqJy2BnJ,,NKE
social,kaggle_tweets,2018-08-23 12:49:00,RT @TheBabylonBee: Facebook Now Allows Users To Flag Anything They Disagree With As ‘Literally Hitler’ https://t.co/4NYWNPrZfp https://t.co…,,FB
social,kaggle_tweets,2018-08-23 13:03:00,Google Launches Auto-Verification in Search Console by MattGSouthern https://t.co/KhnZseaQUw,,GOOGL
social,kaggle_tweets,2018-08-23 13:04:00,RT @IBDinvestors: Dow Jones Futures: New Trump Tariffs On China Kick In; Facebook Data Scandal Widens https://t.co/VlOnWN5N6J https://t.co/…,,FB
social,kaggle_tweets,2018-08-23 13:23:00,"Microsoft hit with Justice Department, SEC probe over deals in Hungary https://t.co/9EwXiwnCRQ via @WSJ",,MSFT
social,kaggle_tweets,2018-08-23 13:33:00,@Daddy_Mack Skhokho🤣🤣🤣The Apple certainly doesn't fall far from the tree.,,AAPL
social,kaggle_tweets,2018-08-23 13:35:00,"Text-to-Speech Market Huge growth by 2025 | Leading Key players Nuance Communication, Microsoft, Sensory, Amazon, N… https://t.co/vo7CrB61Tj",,AMZN
social,kaggle_tweets,2018-08-23 13:39:00,"California should sue corrupt Verizon, for being beyond greedy, jeopardizing lives in the process! As California fi… https://t.co/vpyuYDUXEx",,VZ
social,kaggle_tweets,2018-08-23 13:41:00,RT @btsanalytics: LOVE YOURSELF 結 'Answer' by @BTS_twt climbs up 1 spot on Top 100 Best Sellers of 2018 in the Music category on Amazon — a…,,AMZN
social,kaggle_tweets,2018-08-23 14:18:00,@realJeffreyP Remember Microsoft Antitrust Case? Microsoft wiped out competition - We really need a new OS - rememb… https://t.co/hbUrGJleoj,,MSFT
social,kaggle_tweets,2018-08-23 14:22:00,"RT @LisaMei62: SMH... What Bias? Facebook Removes ""President of the United States"" Tag From the official Donald J. Trump Page https://t.co…",,FB
social,kaggle_tweets,2018-08-23 14:36:00,"RT @WSJ: Facebook has asked banks to share financial information about customers, including account balances, as it seeks to boost user eng…",,FB
social,kaggle_tweets,2018-08-23 14:37:00,Walmart launches online ebook and audiobook store to take on Amazon https://t.co/0sKCO44UjO,,AMZN
social,kaggle_tweets,2018-08-23 14:38:00,What's your MOM Group studying this Fall? The Making of a Mom is on sale at Amazon for only $2.92! Intentional &amp; bi… https://t.co/XQdfwCFFLL,,AMZN
social,kaggle_tweets,2018-08-23 14:44:00,RT @artsyhoee: I really have a mini seizure every time I drink Pepsi,,PEP
social,kaggle_tweets,2018-08-23 14:57:00,"@msconduct10 I order 10 bottles of liquid cane sugar from Walmart so I can get the free shipping, so you’re not cra… https://t.co/w4UglqKlJ9",,WMT
social,kaggle_tweets,2018-08-23 15:04:00,"RT @BobTheSkutter: If we Brexit with no deal on services do we lose access to Netflix, Amazon Music and video, Google services and Nintendo…",,GOOGL
social,kaggle_tweets,2018-08-23 15:09:00,$MSFT Jim Cramer and Marc Chaikin Agree It's Time to Trim Some Microsoft Shares https://t.co/qdMA14jSpq,,MSFT
social,kaggle_tweets,2018-08-23 15:27:00,"Bayer's Monsanto faces 8,000 lawsuits on glyphosate https://t.co/OSZTDt14Lj Shared from my Google feed",,GOOGL
social,kaggle_tweets,2018-08-23 15:38:00,RT @picklenatalie: Saw this on Facebook and I just had to share it on here. Y’all please stay safe out there and always watch your surround…,,FB
social,kaggle_tweets,2018-08-23 15:43:00,RT @howswayy_: headass in love at Disney 🤧🎡 https://t.co/LzO2vQwB1y,,DIS
social,kaggle_tweets,2018-08-23 16:15:00,RT @Jessiereyez: 1. __________ 2. Apple juice 3. Sola 4. __________ 5. __________ 6. __________ 7. Bodycount Remix feat. Kehlani &amp; Normani,,AAPL
social,kaggle_tweets,2018-08-23 16:21:00,Adobe Sys INC $ADBE Holder Old Mutual Global Investors Uk LTD Has Trimmed Its Holding - https://t.co/hLnRmkEsi5,,ADBE
social,kaggle_tweets,2018-08-23 16:29:00,RT @StormIsUponUs: The Q400 stolen plane was a way to get onto Ketron Island to locate and shut down the clown Google server that was hacki…,,GOOGL
social,kaggle_tweets,2018-08-23 16:48:00,RT @Thuto_Bokisi: Nike CEO: I hate black people Me: https://t.co/rmhBN78CJV,,NKE
social,kaggle_tweets,2018-08-23 16:49:00,"Hang on, how do you share a status update from Facebook on other social media websites? The link did not embed in t… https://t.co/9nFmfs2SfP",,FB
social,kaggle_tweets,2018-08-23 16:53:00,"RT @TheClosetInc: Fall 2018 Collection Womens Nike Air Max 1 ""Grape"" 319986 $145.00 CAD Available in all store locations and on https://t.c…",,NKE
social,kaggle_tweets,2018-08-23 16:53:00,"Text-to-Speech Market Huge growth by 2025 | Leading Key players Nuance Communication, Microsoft, Sensory, Amazon, N… https://t.co/o0SST3bwCF",,AMZN
social,kaggle_tweets,2018-08-23 17:07:00,"RT @TradingCentral: 🔔 PayPal Holdings Inc ( $PYPL : #NASDAQ ) formed a ""Symmetrical Continuation Triangle"" #chartpattern. This #bullish si…",,PYPL
social,kaggle_tweets,2018-08-23 17:13:00,Facebook Says It Is Deleting Accounts at the Direction of the U.S. and Israeli Governments https://t.co/hfnjxD2l9Q,,FB
social,kaggle_tweets,2018-08-23 17:20:00,"RT @BenjaminNorton: Reminder that the Washington Post is owned by Amazon oligarch Jeff Bezos, who has a $600 million contract with the CIA…",,AMZN
social,kaggle_tweets,2018-08-23 17:39:00,RT @starcrosswolf: Brazile denied she was in D.C. the day of Seth Rich's murder. Metro Police said an Intel drop places Brazile &amp; the D.C.…,,INTC
social,kaggle_tweets,2018-08-23 17:39:00,RT @starcrosswolf: Brazile denied she was in D.C. the day of Seth Rich's murder. Metro Police said an Intel drop places Brazile &amp; the D.C.…,,INTC
social,kaggle_tweets,2018-08-23 17:39:00,RT @starcrosswolf: Brazile denied she was in D.C. the day of Seth Rich's murder. Metro Police said an Intel drop places Brazile &amp; the D.C.…,,INTC
social,kaggle_tweets,2018-08-23 17:39:00,RT @starcrosswolf: Brazile denied she was in D.C. the day of Seth Rich's murder. Metro Police said an Intel drop places Brazile &amp; the D.C.…,,INTC
social,kaggle_tweets,2018-08-23 17:39:00,RT @starcrosswolf: Brazile denied she was in D.C. the day of Seth Rich's murder. Metro Police said an Intel drop places Brazile &amp; the D.C.…,,INTC
social,kaggle_tweets,2018-08-23 17:41:00,Jefferies says buy these 6 consumer stocks due to rising wages — including Amazon - https://t.co/xtF6n6QB9W,,AMZN
social,kaggle_tweets,2018-08-23 17:50:00,Apple to launch a National Parks donation program via Apple Pay https://t.co/OMZNmrPeD8 https://t.co/52KZmVENCi,,AAPL
social,kaggle_tweets,2018-08-23 17:54:00,"RT @ChrisMilbank: Google, Amazon and IBM all trying to acquire your hospital records; issue statement demanding end of patient privacy – ht…",,GOOGL
social,kaggle_tweets,2018-08-23 17:59:00,RT @Jin_Butterfly: 🌟Top 5 Best Selling CDs on Amazon of 2018!🌟 #1. The Greatest Showman (=) #2. BTS - LOVE YOURSELF 結 Answer (+2)😱🔥!! #3…,,AMZN
social,kaggle_tweets,2018-08-23 18:02:00,RT @true_pundit: Apple Made Big Stink Over Protecting San Bernardino Terrorist’s Privacy — Readily Gave Mueller Team Manafort’s iCloud Data…,,AAPL
social,kaggle_tweets,2018-08-23 18:13:00,RT @TheHackersNews: Bravo! Apple forces Facebook to take down its free 'Onavo Protect VPN' app from the iOS store for violating 'user-data…,,AAPL
social,kaggle_tweets,2018-08-23 18:21:00,#Apple #iPhone #iCar #SelfDriving #Auto Apple Car Opportunity Too Big For iPhone Maker To Ignore: Analyst https://t.co/RaO0YL6G6t,,AAPL
social,kaggle_tweets,2018-08-23 18:38:00,"RT @mmespy: Walmart hires more than 206,000 U.S. military Veterans and promotes more than 30,000 since the launch of the Veterans Welcome H…",,WMT
social,kaggle_tweets,2018-08-23 18:39:00,"RT @NBCNews: Iran's Facebook strategy had echoes of the Russian playbook, according to security analysts. https://t.co/JnhJEIcNQz",,FB
social,kaggle_tweets,2018-08-23 18:52:00,RT @RealAlexRubi: Facebook said one of the account groups was discovered as it stepped up investigation efforts ahead of the midterms. They…,,FB
social,kaggle_tweets,2018-08-23 18:52:00,RT @givefreeinfo: The Adventures of Huckleberry Finn on Amazon: Adventures of Huckleberry Finn by Mark Twai... by Mark Twain https://t.co/l…,,AMZN
social,kaggle_tweets,2018-08-23 19:14:00,RT @MoorInformation: Tiffany Haddish lands Netflix deal for hour long stand-up special.👏🏾👏🏾👏🏾 https://t.co/UTai5y2CF2,,NFLX
social,kaggle_tweets,2018-08-23 19:16:00,"RT @lolitastad: Google, Amazon and IBM all trying to acquire your hospital records; issue statement demanding end of patient privacy – http…",,GOOGL
social,kaggle_tweets,2018-08-23 19:19:00,RT @RealMattCouch: The Fact that Donna Brazile is still tweeting about the Intel my team dropped.. It says EVERYTHING Patriots. We're 1…,,INTC
social,kaggle_tweets,2018-08-23 19:33:00,"Global Governance Risk and Compliance Platform Market Outlook 2018-2025: CMO Software, Dell, IBM - The Book of Kind… https://t.co/xHdHLEclNK",,IBM
social,kaggle_tweets,2018-08-23 19:48:00,"RT @TheClosetInc: Fall 2018 Collection Womens Nike Air Max 1 Premium ""Black/Gum Yellow"" 454746 $175.00 CAD Available in all store locations…",,NKE
social,kaggle_tweets,2018-08-23 20:04:00,Check out our Instagram and Facebook for all the styles @bumble_BEden picked out for Fall! Be sure to check the Ins… https://t.co/swICzwdifd,,FB
social,kaggle_tweets,2018-08-23 20:07:00,"RT @ABC: Verizon throttled California fire department’s data while they battled wildfires, lawsuit claims. https://t.co/nFUWgHwlgH https://…",,VZ
social,kaggle_tweets,2018-08-23 20:17:00,"RT @WASPI_Campaign_: WASPI launch new website, Facebook page and Twitter handle. Campaign back on track with true governance. Retweet for…",,FB
social,kaggle_tweets,2018-08-23 20:24:00,RT @Jalopnik: The 2019 Ford Ranger Raptor will be there to leap over literally everything in Forza Horizon 4 https://t.co/fmPoYMt5p2 https:…,,F
social,kaggle_tweets,2018-08-23 20:26:00,"RT:TCEA: Did you miss Microsoft Hack this summer? Well, you're in luck! You can access the event, which focuses on… https://t.co/dhwKD2pVJ9",,MSFT
social,kaggle_tweets,2018-08-23 20:42:00,RT @tonyrichards4: Apple Reportedly Mulling Flagship Stores In India - Retail TouchPoints https://t.co/Q9eQFdNmTg #CEO #leadership #busines…,,AAPL
social,kaggle_tweets,2018-08-23 20:45:00,"Ugh, someone one my Facebook unironically posted a ""Asia Argento is hot so there's no way her victim wasn't into it… https://t.co/st1iuRiE0Y",,FB
social,kaggle_tweets,2018-08-23 20:50:00,#NP #NowMinistering Juanita Bynum - You Are Great. Please download our App on Apple &amp; Android! #DAFGospelRadio,,AAPL
social,kaggle_tweets,2018-08-24 07:08:00,"RT @koenrh: Good move by Apple. Facebook's Onavo Protect purports to be a privacy-enhancing VPN, but is actually data-harvesting corporate…",,AAPL
social,kaggle_tweets,2018-08-24 07:20:00,"@Freee_Samples Walmart has a $19.95 oil change service, half the time that’s cheaper then buying the oil and filter… https://t.co/cTjH0wFeyj",,WMT
social,kaggle_tweets,2018-08-24 07:21:00,RT @TherealBedo: Walmart in Kendall. 88th and 157 ave. 🚫‼️ https://t.co/0xbhVemI95,,WMT
social,kaggle_tweets,2018-08-24 07:22:00,JPMorgan Chase is rolling out a new investing service that will give customers at least 100 free stock trades over… https://t.co/l8LF7v19vw,,JPM
social,kaggle_tweets,2018-08-24 07:24:00,Disney Pixar Dusty Crophopper Planes Talking mouth moving Electronic plane Rare https://t.co/KjsO89uaAC,,DIS
social,kaggle_tweets,2018-08-24 07:32:00,RT @lastpatriotsusa: WTFzuck #FollowTheRedX Donald Trump: 'Social Media Giants' Silencing Millions on Facebook and Twitter https://t.co/Ph…,,FB
social,kaggle_tweets,2018-08-24 07:34:00,RT @kevintoconnor: Ireland is owed €1.3 billion by the Vatican and €13 billion by Apple yet our government doesn't want it. The taxpayer ba…,,AAPL
social,kaggle_tweets,2018-08-24 07:46:00,Japanese fintech startup Paidy lands strategic investment from Visa https://t.co/V8BeScJUg2 via @josephjett https://t.co/yjVVOZPVIK,,V
social,kaggle_tweets,2018-08-24 07:50:00,RT @IlvesToomas: Google and Facebook Didn't End Data Privacy - The Atlantic https://t.co/micZNTLAH2,,GOOGL
social,kaggle_tweets,2018-08-24 08:09:00,RT @starkeyhearing: Visit our Facebook page at 11 a.m. CT on August 27 to witness the unveiling of #StarkeyLivio! https://t.co/bV3LMEoXZr h…,,FB
social,kaggle_tweets,2018-08-24 08:21:00,"The rise of Larry Ellison, the jet-setting 74-year-old billionaire founder of Oracle https://t.co/AyHkebk3wD",,ORCL
social,kaggle_tweets,2018-08-24 08:27:00,RT @ericksworldtour: This shit is dead ass even 🤦🏽‍♂️ Apple Music is trash don’t @ me,,AAPL
social,kaggle_tweets,2018-08-24 08:43:00,"RT @AlcornStateU: REMINDER: Walmart Vicksburg to host Braves Kick Off Pep Rally this Saturday, August 25 | 10 a.m. #YearOfTheBrave 💜💛 http…",,WMT
social,kaggle_tweets,2018-08-24 09:05:00,RT @mlysiafoodporn: Retweet for Big Apple Like for Dunkin Donuts https://t.co/28IjN7xyzH,,AAPL
social,kaggle_tweets,2018-08-24 09:07:00,RT @retrohoya: Answer went out of stock on Amazon and in korean stores https://t.co/F4dVG0aHob,,AMZN
social,kaggle_tweets,2018-08-24 09:07:00,RT @DailyMendesLife: Shawn Mendes: The Album has over 1 BILLION streams on Apple Music! https://t.co/M2gmF1FkwR,,AAPL
social,kaggle_tweets,2018-08-24 09:31:00,RT @austinakayoshi: Rt if Wizards of Waverly Place should be on Netflix https://t.co/8kdoqWwtqu,,NFLX
social,kaggle_tweets,2018-08-24 09:31:00,RT @austinakayoshi: Rt if Wizards of Waverly Place should be on Netflix https://t.co/8kdoqWwtqu,,NFLX
social,kaggle_tweets,2018-08-24 09:53:00,"RT @PatrickGerard01: Facebook is pushing that ""share a memory"" junk where they make custom videos out of your old photos to boost engagemen…",,FB
social,kaggle_tweets,2018-08-24 09:53:00,This is absurd! Keep in mind that Nike specifically designed it to help her deal with blood clots that almost kille… https://t.co/cRzHNavxi0,,NKE
social,kaggle_tweets,2018-08-24 09:53:00,"RT @PatrickGerard01: Facebook is pushing that ""share a memory"" junk where they make custom videos out of your old photos to boost engagemen…",,FB
social,kaggle_tweets,2018-08-24 10:35:00,RT @CathyHackl: Facebook Hires HP’s Antonio Lucio As Its New Global Chief Marketing Officer https://t.co/3jzZ9Pj0fA #CMO #AR #VR #XR #Mixed…,,FB
social,kaggle_tweets,2018-08-24 10:37:00,RT @btschartdata: 'Love Yourself: Answer' is out of stock on Amazon until August 30th. https://t.co/F33dGZLE1o,,AMZN
social,kaggle_tweets,2018-08-24 10:37:00,RT @btschartdata: 'Love Yourself: Answer' is out of stock on Amazon until August 30th. https://t.co/F33dGZLE1o,,AMZN
social,kaggle_tweets,2018-08-24 10:37:00,RT @btschartdata: 'Love Yourself: Answer' is out of stock on Amazon until August 30th. https://t.co/F33dGZLE1o,,AMZN
social,kaggle_tweets,2018-08-24 10:37:00,"RT @MotorwayHQ: WIN A SUMMER MEGA BUNDLE! £50 Amazon Gift Card, Dash Cam, Tile Mate®, 20x Hot Wheels, tyre inflatable &amp; Hawkers sunnies. To…",,AMZN
social,kaggle_tweets,2018-08-24 10:37:00,RT @btschartdata: 'Love Yourself: Answer' is out of stock on Amazon until August 30th. https://t.co/F33dGZLE1o,,AMZN
social,kaggle_tweets,2018-08-24 10:37:00,RT @btschartdata: 'Love Yourself: Answer' is out of stock on Amazon until August 30th. https://t.co/F33dGZLE1o,,AMZN
social,kaggle_tweets,2018-08-24 10:37:00,RT @btschartdata: 'Love Yourself: Answer' is out of stock on Amazon until August 30th. https://t.co/F33dGZLE1o,,AMZN
social,kaggle_tweets,2018-08-24 10:37:00,RT @btschartdata: 'Love Yourself: Answer' is out of stock on Amazon until August 30th. https://t.co/F33dGZLE1o,,AMZN
social,kaggle_tweets,2018-08-24 10:37:00,RT @btschartdata: 'Love Yourself: Answer' is out of stock on Amazon until August 30th. https://t.co/F33dGZLE1o,,AMZN
social,kaggle_tweets,2018-08-24 10:37:00,RT @btschartdata: 'Love Yourself: Answer' is out of stock on Amazon until August 30th. https://t.co/F33dGZLE1o,,AMZN
social,kaggle_tweets,2018-08-24 10:37:00,RT @btschartdata: 'Love Yourself: Answer' is out of stock on Amazon until August 30th. https://t.co/F33dGZLE1o,,AMZN
social,kaggle_tweets,2018-08-24 10:37:00,RT @btschartdata: 'Love Yourself: Answer' is out of stock on Amazon until August 30th. https://t.co/F33dGZLE1o,,AMZN
social,kaggle_tweets,2018-08-24 10:37:00,RT @btschartdata: 'Love Yourself: Answer' is out of stock on Amazon until August 30th. https://t.co/F33dGZLE1o,,AMZN
social,kaggle_tweets,2018-08-24 10:37:00,RT @btschartdata: 'Love Yourself: Answer' is out of stock on Amazon until August 30th. https://t.co/F33dGZLE1o,,AMZN
social,kaggle_tweets,2018-08-24 10:37:00,RT @btschartdata: 'Love Yourself: Answer' is out of stock on Amazon until August 30th. https://t.co/F33dGZLE1o,,AMZN
social,kaggle_tweets,2018-08-24 10:37:00,RT @btschartdata: 'Love Yourself: Answer' is out of stock on Amazon until August 30th. https://t.co/F33dGZLE1o,,AMZN
social,kaggle_tweets,2018-08-24 10:37:00,RT @btschartdata: 'Love Yourself: Answer' is out of stock on Amazon until August 30th. https://t.co/F33dGZLE1o,,AMZN
social,kaggle_tweets,2018-08-24 11:19:00,I literally just rejoined local Facebook today https://t.co/1qg8EOSwi4,,FB
social,kaggle_tweets,2018-08-24 11:26:00,You can always count on @aleyda to share the good stuff: Google Data Studio: How to create an actionable Search Con… https://t.co/6qVtbASldG,,GOOGL
social,kaggle_tweets,2018-08-24 11:26:00,"RT @SilvShepard: That 500 million PS4 Pro is so freakin' difficult to get a hold of. Sold out at Amazon, Gamestop, Best Buy. Finally waitin…",,AMZN
social,kaggle_tweets,2018-08-24 11:37:00,RT @sonicshawty: I brought him in the Nike store n foot locker and literally said he could spend anything n get anything but he really jus…,,NKE
social,kaggle_tweets,2018-08-24 11:42:00,RT @SneakerLinksHQ: Grab your Nike Dri-Fit Cushioned Ankel Socks Black/White for $22 with Free Shipping! BUY NOW: https://t.co/sLnYoXFuUY,,NKE
social,kaggle_tweets,2018-08-24 11:44:00,"RT @IronStache: The CEO of Pfizer got a 61% pay raise this year, bringing his total compensation to 27.9 million dollars. There's a reason…",,PFE
social,kaggle_tweets,2018-08-24 11:44:00,"RT @IronStache: The CEO of Pfizer got a 61% pay raise this year, bringing his total compensation to 27.9 million dollars. There's a reason…",,PFE
social,kaggle_tweets,2018-08-24 11:44:00,"RT @IronStache: The CEO of Pfizer got a 61% pay raise this year, bringing his total compensation to 27.9 million dollars. There's a reason…",,PFE
social,kaggle_tweets,2018-08-24 11:44:00,"RT @IronStache: The CEO of Pfizer got a 61% pay raise this year, bringing his total compensation to 27.9 million dollars. There's a reason…",,PFE
social,kaggle_tweets,2018-08-24 11:44:00,"RT @IronStache: The CEO of Pfizer got a 61% pay raise this year, bringing his total compensation to 27.9 million dollars. There's a reason…",,PFE
social,kaggle_tweets,2018-08-24 11:44:00,"RT @IronStache: The CEO of Pfizer got a 61% pay raise this year, bringing his total compensation to 27.9 million dollars. There's a reason…",,PFE
social,kaggle_tweets,2018-08-24 11:44:00,"RT @IronStache: The CEO of Pfizer got a 61% pay raise this year, bringing his total compensation to 27.9 million dollars. There's a reason…",,PFE
social,kaggle_tweets,2018-08-24 11:44:00,"RT @IronStache: The CEO of Pfizer got a 61% pay raise this year, bringing his total compensation to 27.9 million dollars. There's a reason…",,PFE
social,kaggle_tweets,2018-08-24 11:44:00,"RT @IronStache: The CEO of Pfizer got a 61% pay raise this year, bringing his total compensation to 27.9 million dollars. There's a reason…",,PFE
social,kaggle_tweets,2018-08-24 11:44:00,"RT @IronStache: The CEO of Pfizer got a 61% pay raise this year, bringing his total compensation to 27.9 million dollars. There's a reason…",,PFE
social,kaggle_tweets,2018-08-24 11:44:00,"RT @IronStache: The CEO of Pfizer got a 61% pay raise this year, bringing his total compensation to 27.9 million dollars. There's a reason…",,PFE
social,kaggle_tweets,2018-08-24 11:51:00,"RT @historylvrsclub: Harrison Ford, Mark Hamill, and Carrie Fisher share a London cab in 1980. https://t.co/7jUOIVhq3r",,F
social,kaggle_tweets,2018-08-24 11:54:00,"RT @SoleCollector: #SoleWatch: @DianaTaurasi wearing the ""Orange Box"" Nike LeBron 15 in the WNBA Playoffs. 📸: @babsphoto https://t.co/TIYK1…",,NKE
social,kaggle_tweets,2018-08-24 12:10:00,RT @nikefootball: You never know when she might strike. See what others don't 👀 ∆ #AwakenThePhantom The new Nike PhantomVSN is available…,,NKE
social,kaggle_tweets,2018-08-24 12:22:00,Saya suka video @YouTube https://t.co/kWrYhwtA73 If You Invested In Apple And Amazon In 2009 Here's What You'd Have Now | CNBC,,AMZN
social,kaggle_tweets,2018-08-24 12:26:00,"Microsoft finds, disables political websites tied to Russian hackers – East Bay Times https://t.co/xeOLZqMymD… https://t.co/f7rcQWE0Mm",,MSFT
social,kaggle_tweets,2018-08-24 12:29:00,RT @btschartdata: 'Love Yourself: Answer' is now available to purchase and stream on iTunes / Apple Music. @BTS_twt https://t.co/vLH8T5g2gS,,AAPL
social,kaggle_tweets,2018-08-24 12:39:00,@FoxNews @cvpayne @Target @Walmart Target and Walmart get their product from mostly China. Your tariffs will cause… https://t.co/GcFuD2KVwz,,WMT
social,kaggle_tweets,2018-08-24 12:42:00,MetroStar Systems is looking for: Cyber Intel Analyst https://t.co/QI1tGQg5B1 #job,,INTC
social,kaggle_tweets,2018-08-24 12:42:00,Google Tests New Design for Desktop Search Results by @sejournal https://t.co/8HxFBfKy6Q,,GOOGL
social,kaggle_tweets,2018-08-24 12:44:00,"RT @JesseMAC22: After 3 hours, the album is FINALLY available on Google Play Music! Remenber to buy songs individually, especially IDOL! #A…",,GOOGL
social,kaggle_tweets,2018-08-24 13:25:00,"Apple is stronger than ever under Tim Cook, whose seventh anniversary as CEO comes tomorrow https://t.co/cUBTFMRKiG",,AAPL
social,kaggle_tweets,2018-08-24 13:25:00,RT @sunlorrie: Duelling Star/Sun editorials today on Ford and the sex-ed curriculum. Here's the Star's: Ford’s new sex education plan: the…,,F
social,kaggle_tweets,2018-08-24 13:28:00,RT @ScottishSun: Shocking footage shows yob Rangers fans viciously attack Glasgow McDonald's staff https://t.co/cwwTgHXp0n https://t.co/33…,,MCD
social,kaggle_tweets,2018-08-24 13:35:00,Facebook Monday the beginning of the web 3.0 age https://t.co/uQ7YFgYS0K #datafund #dataprivacy #GDPR #dataprotection #privacy,,FB
social,kaggle_tweets,2018-08-24 13:45:00,RT @TheHackersNews: Bug Hunter reported a Remote Code Execution on the Facebook server https://t.co/GJ0m9KdQQT,,FB
social,kaggle_tweets,2018-08-24 13:46:00,Calling it a security app is comical :: Facebook pulls security app from Apple store over privacy https://t.co/YCRJXl2ely,,AAPL
social,kaggle_tweets,2018-08-24 14:01:00,"RT @SmartChainMedia: Follow @iProdoos, we are the future of consumer owned content! Netflix continues their expansion into new markets and…",,NFLX
social,kaggle_tweets,2018-08-24 14:04:00,RT @Newegg: 🗲 #NeweggNow Deal 🗲 @GIGABYTEUSA B360N WIFI LGA 1151 (300 Series) Intel B360 – $79.99 (orig. $99.99) w/ promo code: NEN823GI…,,INTC
social,kaggle_tweets,2018-08-24 14:19:00,What's Next for JPMorgan Chase &amp; Co. $JPM After Forming Multiple Top? - https://t.co/tUYcArLCpj,,JPM
social,kaggle_tweets,2018-08-24 14:19:00,RT @Blaklis_: Here's how I got a RCE on a Facebook server : https://t.co/QZ01QYSjU8 !,,FB
social,kaggle_tweets,2018-08-24 14:27:00,Really not trying to be productive today. Rain = Netflix in bed,,NFLX
social,kaggle_tweets,2018-08-24 14:36:00,RT @UticaRoasting: Contest is now closed! Say hello to our newest fall flavor Apple Pie! It will be available online and in stores Septembe…,,AAPL
social,kaggle_tweets,2018-08-24 14:42:00,Facebook pulls its privacy-violating Onavo VPN from Apple’s App Store https://t.co/wsoANNQlrq,,FB
social,kaggle_tweets,2018-08-24 14:45:00,RT @Masternodeinves: JOIN MASTERNODE INVEST ICO: GET MONTLY REVENUE FROM CRYPTO-MASTERNODE please follow us on Facebook: https://t.co/gHWF…,,FB
social,kaggle_tweets,2018-08-24 14:55:00,RT @BTS_ARMY_I: [AMAZON] @BTS_twt's album Love Yourself Answer has officially gone out of stock on Amazon until August 30th https://t.co/2…,,AMZN
social,kaggle_tweets,2018-08-24 14:55:00,RT @BTS_ARMY_I: [AMAZON] @BTS_twt's album Love Yourself Answer has officially gone out of stock on Amazon until August 30th https://t.co/2…,,AMZN
social,kaggle_tweets,2018-08-24 14:55:00,RT @BTS_ARMY_I: [AMAZON] @BTS_twt's album Love Yourself Answer has officially gone out of stock on Amazon until August 30th https://t.co/2…,,AMZN
social,kaggle_tweets,2018-08-24 15:07:00,RT @TWCChrisWarren: Rainbow Falls on the Big Island. A picture from Google maps on a good day and a screen capture from some new video into…,,GOOGL
social,kaggle_tweets,2018-08-24 15:39:00,Hahaha I told myself I would go to the gym after I dropped my brothers off but here I am at Starbucks 🤷🏻‍♀️🤷🏻‍♀️,,SBUX
social,kaggle_tweets,2018-08-24 15:41:00,"RT @lNDOMY: [🎬] BTS: Love Yourself — Answer [Full Interview] | Beats 1 | Apple Music 🔗 https://t.co/COKKLPXnes Like, watch, and share!…",,AAPL
social,kaggle_tweets,2018-08-24 15:48:00,RT @Reuters: Baidu ready to beat Google if U.S. firm returns to China: CEO https://t.co/SoyLrocBX5 https://t.co/6upIef6lb9,,GOOGL
social,kaggle_tweets,2018-08-24 15:59:00,BDS anti-Israel movement just got a punch in the groin as Pepsi buys Soda-Strem for 3.2 billion dollars. We all kno… https://t.co/W6oJfq6l9l,,PEP
social,kaggle_tweets,2018-08-24 16:11:00,Google Home outships Amazon Echo for second quarter in row https://t.co/oISdauivpK,,GOOGL
social,kaggle_tweets,2018-08-24 16:11:00,"So.... I should probably upgrade from Microsoft Word 2008 (for Mac), right? What version should I upgrade to? https://t.co/VBENQ76B7h",,MSFT
social,kaggle_tweets,2018-08-24 16:23:00,RT @answer_revealed: ANSWER is out of stock on Amazon. It has sold 216K on Hanteo breaking the record of Tear. Stores in Korea are telljng…,,AMZN
social,kaggle_tweets,2018-08-24 16:27:00,RT @freedom_moates: BREAKING NEWS: Lawsuit Filed Against Facebook For Crushing The ‘American Dream’ https://t.co/tGr1M8MCLc,,FB
social,kaggle_tweets,2018-08-24 16:34:00,Can Google deal with Lazy Load? • Yoast...,,GOOGL
social,kaggle_tweets,2018-08-24 17:03:00,Parents Have Perfect Solution to Daughter Sneakily Ordering $350 Worth of Barbies From Amazon - This mischievous 6-… https://t.co/S00aS9rwPT,,AMZN
social,kaggle_tweets,2018-08-24 17:07:00,Facebook Monday the beginning of the web 3.0 age https://t.co/wuIv4ymzPb #datafund #dataprivacy #GDPR #dataprotection #privacy,,FB
social,kaggle_tweets,2018-08-24 17:11:00,"Sourcing Software Market to Garner Overwhelming Hike in Revenues by 2025 | Key Players: IBM, SAP, Capgemini, ESM So… https://t.co/MTZAyhl1VT",,IBM
social,kaggle_tweets,2018-08-24 17:23:00,RT @GirlsNoteBook: Netflix and *Raise Golden Retriever puppies together*,,NFLX
social,kaggle_tweets,2018-08-24 17:35:00,RT @satanfeelings: Why would I ever leave the Hell when there’s Netflix and ice cream waiting for me,,NFLX
social,kaggle_tweets,2018-08-24 17:49:00,So Buzzfeed has a new Netflix show and the first episode is about ASMR.... if you asked me to explain this tweet te… https://t.co/xurwX7jT8L,,NFLX
social,kaggle_tweets,2018-08-24 17:52:00,"RT @JasonFyk: As I announced this morning on Fox and Friends, I am bringing a lawsuit against Facebook in the hope of putting an end to the…",,FB
social,kaggle_tweets,2018-08-24 17:52:00,"RT @JasonFyk: As I announced this morning on Fox and Friends, I am bringing a lawsuit against Facebook in the hope of putting an end to the…",,FB
social,kaggle_tweets,2018-08-24 17:52:00,"RT @JasonFyk: As I announced this morning on Fox and Friends, I am bringing a lawsuit against Facebook in the hope of putting an end to the…",,FB
social,kaggle_tweets,2018-08-24 17:52:00,"RT @JasonFyk: As I announced this morning on Fox and Friends, I am bringing a lawsuit against Facebook in the hope of putting an end to the…",,FB
social,kaggle_tweets,2018-08-24 17:52:00,"RT @JasonFyk: As I announced this morning on Fox and Friends, I am bringing a lawsuit against Facebook in the hope of putting an end to the…",,FB
social,kaggle_tweets,2018-08-24 17:52:00,"RT @JasonFyk: As I announced this morning on Fox and Friends, I am bringing a lawsuit against Facebook in the hope of putting an end to the…",,FB
social,kaggle_tweets,2018-08-24 18:19:00,@Shelbelby @IGN It's the same quality of when Disney used to group stock character images of their Disney Afternoon… https://t.co/IBB8Tk9OnH,,DIS
social,kaggle_tweets,2018-08-24 18:21:00,"I really piss men off on Facebook 😂😂😂😂they literally said that’s why nobody wants you , but sir you’re in my inbox 😂",,FB
social,kaggle_tweets,2018-08-24 18:21:00,RT @4free_Ukraine: 3/10 Alessandr Kogan linked Facebook to Russian data mining. Once Russia had voter profiles from DNC hack they could tar…,,FB
social,kaggle_tweets,2018-08-24 18:28:00,"RT @SenSanders: While Jeff Bezos' wealth has increased $260 million every single day this year, he continues to pay many Amazon employees w…",,AMZN
social,kaggle_tweets,2018-08-24 18:28:00,"RT @SenSanders: While Jeff Bezos' wealth has increased $260 million every single day this year, he continues to pay many Amazon employees w…",,AMZN
social,kaggle_tweets,2018-08-24 18:29:00,"RT @MacRumors: Seven Years Ago Today: Steve Jobs Resigns as CEO of Apple, Tim Cook Named His Successor https://t.co/fdrly3LXnj by @rsgnl ht…",,AAPL
social,kaggle_tweets,2018-08-24 18:32:00,Facebook Monday the beginning of the web 3.0 age https://t.co/jeW1zXSjK6 #datafund #dataprivacy #GDPR #dataprotection #privacy,,FB
social,kaggle_tweets,2018-08-24 18:43:00,RT @CNBC: Apple is reportedly launching a new low-cost MacBook and and updated version of the Mac Mini for professional users sometime late…,,AAPL
social,kaggle_tweets,2018-08-24 18:52:00,RT @DLBlade_Writer: Who's stalking Mercy? Pre-order now on Amazon for $4.99. Amazon link to purchase: https://t.co/Dt9uAkJ2iR Add to Go…,,AMZN
social,kaggle_tweets,2018-08-24 19:27:00,Air Jordan 1 Retro High OG Nike Air Vintage Coral Dropping Overseas Only - https://t.co/LKVYwtWoyP https://t.co/DNgWCC43O2,,NKE
social,kaggle_tweets,2018-08-24 19:31:00,"RT @JohnRLottJr: Compare Apple to Google &amp; FB on protecting privacy. ""Facebook pulled its data-security app from Apple’s app store after th…",,GOOGL
social,kaggle_tweets,2018-08-24 19:37:00,Former Microsoft CEO with a heart for education and human services invests in tech software that will aid in the cr… https://t.co/SNHTNBZsyJ,,MSFT
social,kaggle_tweets,2018-08-24 19:37:00,Amazon Prime has a whole section dedicated to sample products that you can try for only $2 or $4 $AMZN https://t.co/WOhAgrWzne,,AMZN
social,kaggle_tweets,2018-08-24 20:08:00,"@AbolishTheBBC @jay86136371 @dunstablian @heatherm999 No, but didn't Netflix CEO donate to BLM or another lefty cam… https://t.co/YsPqib2keH",,NFLX
social,kaggle_tweets,2018-08-24 20:14:00,RT @getongab: Google could offer Gab $10 billion tomorrow to buy us out and shut us down and we would tell them to eat shit in a very publi…,,GOOGL
social,kaggle_tweets,2018-08-24 20:35:00,"RT @TradrFloridaFIL: Dear @tim_cook, Apple &amp; all $AAPL shareholders, this is an open letter as a long time AAPL shareholder. Today is your…",,AAPL
social,kaggle_tweets,2018-08-24 20:40:00,RT @briannnaachacon: A thread of good movies/tv shows on Netflix: - To All The Boys I’ve Loved Before - Arrow - To The Bone - Bright - A…,,NFLX
social,kaggle_tweets,2018-08-25 07:04:00,"The other day my sister was trying to buy a Starbucks coffee with quarters, and a lady slid a $5 onto the counter a… https://t.co/pDlAIaciiS",,SBUX
social,kaggle_tweets,2018-08-25 07:04:00,RT @gissselx: I saw this on Facebook and I just had to share “say /beach/...BITCH” lmaooo https://t.co/lUhmFZBXSs,,FB
social,kaggle_tweets,2018-08-25 07:10:00,RT @SXMUrbanView: Nas-Backed Pharmacy Startup Bought by Amazon for $1 Billion Craig Vaughan - Chief Executive Officer Vaughan Capital Adv…,,AMZN
social,kaggle_tweets,2018-08-25 07:34:00,RT @kevintoconnor: Ireland is owed €1.3 billion by the Vatican and €13 billion by Apple yet our government doesn't want it. The taxpayer ba…,,AAPL
social,kaggle_tweets,2018-08-25 07:34:00,RT @kevintoconnor: Ireland is owed €1.3 billion by the Vatican and €13 billion by Apple yet our government doesn't want it. The taxpayer ba…,,AAPL
social,kaggle_tweets,2018-08-25 07:37:00,RT @TrusteeSolis: My aunt just acquired a Facebook account and is learning how to use emojis. She wanted make sure my daughter knew she was…,,FB
social,kaggle_tweets,2018-08-25 07:43:00,RT @omgchandria: @StarCinema *Mr. and Mrs. Ford 💁🏻 #NationwideTHOUrAliMall,,F
social,kaggle_tweets,2018-08-25 07:46:00,2018 iPhone launch could include an iPhone SE 2 and an Apple Watch - CNET https://t.co/TZyouNM7Bi https://t.co/2y3cBzYszZ,,AAPL
social,kaggle_tweets,2018-08-25 07:48:00,Walt Disney World Workers Reach Deal for $15 Minimum Wage by 2021 https://t.co/SUqxezrC2F https://t.co/jwQAffBPCl,,DIS
social,kaggle_tweets,2018-08-25 07:50:00,Better Buy: Apple (AAPL) vs. Amazon (AMZN) Stock https://t.co/zx5r89pBZO https://t.co/gaOAvK1aPK,,AMZN
social,kaggle_tweets,2018-08-25 07:51:00,"RT @T__Hill: Facebook, IG, Snap, Twitter. I sure do. https://t.co/sFEgm1X0Ah",,FB
social,kaggle_tweets,2018-08-25 08:03:00,RT @Nobility_ofsoul: Let's settle this Netflix romcom war RT for Peter Kavinsky Fav for Noah Flynn https://t.co/WfIzPbkxUc,,NFLX
social,kaggle_tweets,2018-08-25 08:03:00,RT @Nobility_ofsoul: Let's settle this Netflix romcom war RT for Peter Kavinsky Fav for Noah Flynn https://t.co/WfIzPbkxUc,,NFLX
social,kaggle_tweets,2018-08-25 08:03:00,RT @Nobility_ofsoul: Let's settle this Netflix romcom war RT for Peter Kavinsky Fav for Noah Flynn https://t.co/WfIzPbkxUc,,NFLX
social,kaggle_tweets,2018-08-25 08:42:00,RT @ThomMAGA: Think we conservatives are not being censored by the likes of Facebook and Twitter? Think again... @Jack CEO of Twitter clai…,,FB
social,kaggle_tweets,2018-08-25 08:50:00,2018 iPhone launch could include an iPhone SE 2 and an Apple Watch https://t.co/C0iAsbc2XD,,AAPL
social,kaggle_tweets,2018-08-25 09:33:00,Canada Pension Plan Investment Board Has Lifted Its Holding in Mastercard Incorporated Cl A $MA by $162.01 Million as Valuation Rose ...,,MA
social,kaggle_tweets,2018-08-25 09:37:00,RT @theseantcollins: A Nazi rape apologist concern-trolled Disney out of hundreds of millions of dollars by making them shoot themselves in…,,DIS
social,kaggle_tweets,2018-08-25 09:42:00,24-year-old woman shares warning on Facebook after laughing gas left her paralysed https://t.co/u1i8m90QWl,,FB
social,kaggle_tweets,2018-08-25 09:43:00,"RT @LisaMei62: ""Google, Facebook, and Twitter — who on earth gave … the executives at these companies the power to decide what 2.5 billion…",,GOOGL
social,kaggle_tweets,2018-08-25 10:09:00,This week’s best deals include affordable Anker battery packs and Amazon devices https://t.co/ruYfrCRD9A,,AMZN
social,kaggle_tweets,2018-08-25 10:37:00,RT @btschartdata: 'Love Yourself: Answer' is out of stock on Amazon until August 30th. https://t.co/F33dGZLE1o,,AMZN
social,kaggle_tweets,2018-08-25 10:53:00,⭐️Could this be another hidden Donald Trump child ? Apple doesn’t fall far from tree. Maybe by wife six he’ll start… https://t.co/rG28nk55bc,,AAPL
social,kaggle_tweets,2018-08-25 11:36:00,RT @HealthRanger: Apple Cider Vinegar improves blood sugar regulation and speeds up weight loss. https://t.co/MtizMqqKsy #ACV #health #natu…,,AAPL
social,kaggle_tweets,2018-08-25 11:42:00,RT @TheRealHublife: 🚨BREAKING NEWS🚨 I told you 10 days ago a major lawsuit against Facebook was being announced. @HUDgov filed theirs last…,,FB
social,kaggle_tweets,2018-08-25 11:44:00,"RT @IronStache: The CEO of Pfizer got a 61% pay raise this year, bringing his total compensation to 27.9 million dollars. There's a reason…",,PFE
social,kaggle_tweets,2018-08-25 11:44:00,"RT @IronStache: The CEO of Pfizer got a 61% pay raise this year, bringing his total compensation to 27.9 million dollars. There's a reason…",,PFE
social,kaggle_tweets,2018-08-25 11:44:00,"RT @IronStache: The CEO of Pfizer got a 61% pay raise this year, bringing his total compensation to 27.9 million dollars. There's a reason…",,PFE
social,kaggle_tweets,2018-08-25 11:44:00,"RT @IronStache: The CEO of Pfizer got a 61% pay raise this year, bringing his total compensation to 27.9 million dollars. There's a reason…",,PFE
social,kaggle_tweets,2018-08-25 11:44:00,"RT @IronStache: The CEO of Pfizer got a 61% pay raise this year, bringing his total compensation to 27.9 million dollars. There's a reason…",,PFE
social,kaggle_tweets,2018-08-25 11:44:00,"RT @IronStache: The CEO of Pfizer got a 61% pay raise this year, bringing his total compensation to 27.9 million dollars. There's a reason…",,PFE
social,kaggle_tweets,2018-08-25 11:44:00,"RT @IronStache: The CEO of Pfizer got a 61% pay raise this year, bringing his total compensation to 27.9 million dollars. There's a reason…",,PFE
social,kaggle_tweets,2018-08-25 11:44:00,"RT @IronStache: The CEO of Pfizer got a 61% pay raise this year, bringing his total compensation to 27.9 million dollars. There's a reason…",,PFE
social,kaggle_tweets,2018-08-25 11:44:00,"RT @IronStache: The CEO of Pfizer got a 61% pay raise this year, bringing his total compensation to 27.9 million dollars. There's a reason…",,PFE
social,kaggle_tweets,2018-08-25 11:44:00,"RT @IronStache: The CEO of Pfizer got a 61% pay raise this year, bringing his total compensation to 27.9 million dollars. There's a reason…",,PFE
social,kaggle_tweets,2018-08-25 11:44:00,"RT @IronStache: The CEO of Pfizer got a 61% pay raise this year, bringing his total compensation to 27.9 million dollars. There's a reason…",,PFE
social,kaggle_tweets,2018-08-25 11:44:00,"RT @IronStache: The CEO of Pfizer got a 61% pay raise this year, bringing his total compensation to 27.9 million dollars. There's a reason…",,PFE
social,kaggle_tweets,2018-08-25 11:44:00,"RT @IronStache: The CEO of Pfizer got a 61% pay raise this year, bringing his total compensation to 27.9 million dollars. There's a reason…",,PFE
social,kaggle_tweets,2018-08-25 11:44:00,"RT @IronStache: The CEO of Pfizer got a 61% pay raise this year, bringing his total compensation to 27.9 million dollars. There's a reason…",,PFE
social,kaggle_tweets,2018-08-25 11:55:00,RT @PixWireless: #Apple just explained why it’s going to make original TV shows Apple CEO Tim Cook has explained why the company is making…,,AAPL
social,kaggle_tweets,2018-08-25 11:56:00,RT @cajun_ice: There’s something ironic about a man who made most of his million dollar wealth from selling his books on Amazon being obses…,,AMZN
social,kaggle_tweets,2018-08-25 11:58:00,"Jones, Parel, Pernice share Boeing Classic lead: Kent Jones, Scott Parel and Tom Pernice Jr. shot 7-under 65 to sha… https://t.co/hYFBTQme4I",,BA
social,kaggle_tweets,2018-08-25 11:58:00,Premier x Nike SB Dunk High 'Win Some/Lose Some' on SNKRS US https://t.co/v3OmJ5l1xC #nike https://t.co/oRJL42jppj,,NKE
social,kaggle_tweets,2018-08-25 12:05:00,"Facebook: Facebook - Stop Censoring Marijuana Businesses, Advocacy Groups, and Regulators - Sign the Petition!… https://t.co/BNVMNiHV7T",,FB
social,kaggle_tweets,2018-08-25 12:16:00,RT @regularbarnett: Keep in mind that: 1) Serena is the greatest tennis player this world has ever seen and 2) Nike designed that specifica…,,NKE
social,kaggle_tweets,2018-08-25 12:25:00,"RT @KaiserNeko: Way to go Disney, great job. Fine work pleasing all the wrong people. https://t.co/ChpvPAwtkX",,DIS
social,kaggle_tweets,2018-08-25 12:25:00,"RT @KaiserNeko: Way to go Disney, great job. Fine work pleasing all the wrong people. https://t.co/ChpvPAwtkX",,DIS
social,kaggle_tweets,2018-08-25 12:41:00,RT @deborahjuanita4: Found this on Facebook and thought its worth a share! Our focus is fighting DEEPSTATE AND LIBERALS! I’m fighting for O…,,FB
social,kaggle_tweets,2018-08-25 12:46:00,Proxies available for Nike Air Max 97 x OFF-WHITE Launches on Saturday August 25th 10.30am EST on the DSMNY E-FLAS… https://t.co/qH4WAdPiwy,,NKE
social,kaggle_tweets,2018-08-25 13:14:00,RT @Fact: Facebook makes people depressed because it leads them to believe that their friends and family are happier than they actually are.,,FB
social,kaggle_tweets,2018-08-25 13:29:00,RT @ProgressAlberta: As Doug Ford launches a snitch line for teachers who want to teach kids about consent and that queer and trans people…,,F
social,kaggle_tweets,2018-08-25 13:32:00,Amazon Lightsail Announces 50% Price Drop and Two New Instance Sizes https://t.co/ica0FyHWm1,,AMZN
social,kaggle_tweets,2018-08-25 13:55:00,RT @JeonMicDrop: I’m streaming on Apple Music + Tidal! Getting @BTS_twt those coins they deserve! #ARMYIDOLPARTY https://t.co/Q85O4PtD2K,,AAPL
social,kaggle_tweets,2018-08-25 13:57:00,RT @SelenasSkinny: @VARUECHE She’s literally been making Spanish music back in her Disney days...like?? And she’s always been a proud Lati…,,DIS
social,kaggle_tweets,2018-08-25 14:06:00,RT @nytimes: Walt Disney World Workers Reach Deal for $15 Minimum Wage by 2021 https://t.co/zTKGuQTrtH,,DIS
social,kaggle_tweets,2018-08-25 14:46:00,RT @NMstreaminparty: Guys were dropping on Apple Muisc ! We saw playlists you all submitted pics of yesterday with songs that should not be…,,AAPL
social,kaggle_tweets,2018-08-25 14:46:00,RT @NMstreaminparty: Guys were dropping on Apple Muisc ! We saw playlists you all submitted pics of yesterday with songs that should not be…,,AAPL
social,kaggle_tweets,2018-08-25 14:56:00,"RT @neilpatel: How to Find 8 Simple, Effective SEO Hacks Inside Google Analytics https://t.co/lr0SobRvkD",,GOOGL
social,kaggle_tweets,2018-08-25 15:13:00,"Narwhal Capital Management Buys 1,835 Shares of Walt Disney Co $DIS https://t.co/GyFfjGyy3Z",,DIS
social,kaggle_tweets,2018-08-25 15:34:00,RT @LosPollosTV: I'll drop you faster than Disney Channel did little boy https://t.co/RR3ipqS9R1,,DIS
social,kaggle_tweets,2018-08-25 15:34:00,RT @LosPollosTV: I'll drop you faster than Disney Channel did little boy https://t.co/RR3ipqS9R1,,DIS
social,kaggle_tweets,2018-08-25 15:34:00,RT @LosPollosTV: I'll drop you faster than Disney Channel did little boy https://t.co/RR3ipqS9R1,,DIS
social,kaggle_tweets,2018-08-25 15:39:00,"Get ready, the Nike Dunk x Premier will drop online in 45 minutes! 💯 https://t.co/To4ZMLjtVg https://t.co/LWuxbVypOX",,NKE
social,kaggle_tweets,2018-08-25 15:43:00,RT @JonErlichman: Cash each company has: Apple: $243.7 billion Microsoft: $133.7 billion Google: $102.3 billion Samsung: $82.9 billion Ora…,,GOOGL
social,kaggle_tweets,2018-08-25 15:50:00,Facebook Monday the beginning of the web 3.0 age https://t.co/oJdq8wurJI #datafund #dataprivacy #GDPR #dataprotection #privacy,,FB
social,kaggle_tweets,2018-08-25 15:55:00,"RT @BOKHOOTOS: Hey Twitter! I'm selling tons of old cosplay stuff while I look for a new job, I take paypal and Google pay, all sales final…",,GOOGL
social,kaggle_tweets,2018-08-25 16:17:00,RT @LouDobbs: Donald Trump: 'Social Media Giants' Silencing Millions on Facebook and Twitter https://t.co/N6laZC66YQ,,FB
social,kaggle_tweets,2018-08-25 16:17:00,RT @LouDobbs: Donald Trump: 'Social Media Giants' Silencing Millions on Facebook and Twitter https://t.co/N6laZC66YQ,,FB
social,kaggle_tweets,2018-08-25 16:24:00,RT @Mind_Twist_You: Google says the biggest robbery ever was when a French waiter stole 239 artworks over time valued at 1.4 billion dollar…,,GOOGL
social,kaggle_tweets,2018-08-25 16:52:00,RT @KenRoth: If Google launches a censored search engine in China to placate a government that is terrified of its people gaining free acce…,,GOOGL
social,kaggle_tweets,2018-08-25 17:09:00,"RT @FbpeReynard: @stephen_rth @barlaventoexp New public petition. Please support it. Retweet, share on Facebook as widely as possible. #Sto…",,FB
social,kaggle_tweets,2018-08-25 17:12:00,@_TheCivilRight Please help my family! We desperately need a vehicle! 🚗 Please share on Facebook! #Pleasehelp… https://t.co/K7NM9YSyDj,,FB
social,kaggle_tweets,2018-08-25 17:16:00,Amazon deals 22.69% off! original price: 129.99$ deal price: 100.49$ (you save 29.50$) Link:… https://t.co/SeUogqnLLZ,,AMZN
social,kaggle_tweets,2018-08-25 17:25:00,RT @JordanRaanan: Rough start for Eli Apple. Allows a 12-yard completion for a first down and gets called for holding on first two pass pla…,,AAPL
social,kaggle_tweets,2018-08-25 17:26:00,"Xiaomi Launches Mi Notebook Pro 2 With 8th Gen Intel CPUs, 128GB SSD https://t.co/AZJ4zZvsWa https://t.co/UYldtyEEGR",,INTC
social,kaggle_tweets,2018-08-25 17:33:00,Facebook Monday the beginning of the web 3.0 age https://t.co/C1X0tcyyp8 #datafund #dataprivacy #GDPR #dataprotection #privacy,,FB
social,kaggle_tweets,2018-08-25 17:36:00,Drinking a Terrarium by Bunker Brewing Company @ Adobe Blues — https://t.co/slNkGH5ewx,,ADBE
social,kaggle_tweets,2018-08-25 17:45:00,RT @Clash_with_Ash: 📣 Need some $$ for emotes? 📣 🚨Giveaway time!!!🚨 I Will send FIVE lucky winners $20 via PayPal To enter: ✅ Retweet ✅ F…,,PYPL
social,kaggle_tweets,2018-08-25 17:52:00,"RT @JasonFyk: As I announced this morning on Fox and Friends, I am bringing a lawsuit against Facebook in the hope of putting an end to the…",,FB
social,kaggle_tweets,2018-08-25 17:52:00,"RT @JasonFyk: As I announced this morning on Fox and Friends, I am bringing a lawsuit against Facebook in the hope of putting an end to the…",,FB
social,kaggle_tweets,2018-08-25 17:52:00,"RT @JasonFyk: As I announced this morning on Fox and Friends, I am bringing a lawsuit against Facebook in the hope of putting an end to the…",,FB
social,kaggle_tweets,2018-08-25 17:52:00,"RT @JasonFyk: As I announced this morning on Fox and Friends, I am bringing a lawsuit against Facebook in the hope of putting an end to the…",,FB
social,kaggle_tweets,2018-08-25 17:52:00,"RT @JasonFyk: As I announced this morning on Fox and Friends, I am bringing a lawsuit against Facebook in the hope of putting an end to the…",,FB
social,kaggle_tweets,2018-08-25 17:52:00,"RT @JasonFyk: As I announced this morning on Fox and Friends, I am bringing a lawsuit against Facebook in the hope of putting an end to the…",,FB
social,kaggle_tweets,2018-08-25 17:52:00,"RT @JasonFyk: As I announced this morning on Fox and Friends, I am bringing a lawsuit against Facebook in the hope of putting an end to the…",,FB
social,kaggle_tweets,2018-08-25 18:08:00,"Nah, plenty of backroom deals going on. Remember when Ford started the backroom deal with the Greenbelt but was cau… https://t.co/ILi0LteFtJ",,F
social,kaggle_tweets,2018-08-25 18:10:00,"That concludes today's class in Chicago and he was the trendy McDonald's like I was all of tripe, heart, and file a 10-piece",,MCD
social,kaggle_tweets,2018-08-25 18:10:00,Here's How Facebook Is Trying to Moderate Its Two Billion Users https://t.co/2rpFM3uo1s via @motherboard,,FB
social,kaggle_tweets,2018-08-25 18:12:00,RT @_kianablack: Apple Watch is on my fall shopping list,,AAPL
social,kaggle_tweets,2018-08-25 18:38:00,L Brands (LB) Given New $37.00 Price Target at Citigroup https://t.co/36vOPtrn5M,,C
social,kaggle_tweets,2018-08-25 18:44:00,RT @JJDanceN1: ❌ZUCK SUED: Entrepreneur Strikes Back At Facebook After Humor Page Was BANNED‼️ Man made thousands of $ every month 2 0 $.…,,FB
social,kaggle_tweets,2018-08-25 18:58:00,RT @JonnnyBest: It's a double-bill of GC blokes tonight. This is @tom_rmj. He wrote this on Facebook and asked me to share it with you all.…,,FB
social,kaggle_tweets,2018-08-25 19:00:00,RT @steph93065: Dr. Robert Epstein says Google helped shift 2 to 3 million votes in Hillary Clinton's favor with bias search algorithms. Bi…,,GOOGL
social,kaggle_tweets,2018-08-25 19:20:00,"RT @SupportiveGuru: Download Apple Music Songs Offline, Convert Apple Music in MP3, WAV, etc. Share/Transfer Apple Music Songs and enjoy fu…",,AAPL
social,kaggle_tweets,2018-08-25 19:21:00,Xbox One X 1TB Standard Edition in stock at Walmart https://t.co/2X8uoa8peM for $499 | Get The Tracker App @TheTrackerApp,,WMT
social,kaggle_tweets,2018-08-25 19:59:00,Amazon deals 12.5% off! original price: 1085.65$ deal price: 949.99$ (you save 135.66$) Link:… https://t.co/GT7pSoEUjb,,AMZN
social,kaggle_tweets,2018-08-25 20:05:00,"@AnitaPage2 @IronStache In 2017, Pfizer only spent $3.2 billion, apparently... https://t.co/X82boBekoM",,PFE
social,kaggle_tweets,2018-08-25 20:25:00,"I added a video to a @YouTube playlist https://t.co/xpI8jpaC85 If Walmart Paid Its Employees a Living Wage, How Much Would Prices Go",,WMT
social,kaggle_tweets,2018-08-25 20:39:00,@RudeJerms when the tune a drop pon Apple Music ?,,AAPL
social,kaggle_tweets,2018-08-26 07:04:00,RT @gissselx: I saw this on Facebook and I just had to share “say /beach/...BITCH” lmaooo https://t.co/lUhmFZBXSs,,FB
social,kaggle_tweets,2018-08-26 07:04:00,RT @gissselx: I saw this on Facebook and I just had to share “say /beach/...BITCH” lmaooo https://t.co/lUhmFZBXSs,,FB
social,kaggle_tweets,2018-08-26 07:04:00,RT @gissselx: I saw this on Facebook and I just had to share “say /beach/...BITCH” lmaooo https://t.co/lUhmFZBXSs,,FB
social,kaggle_tweets,2018-08-26 07:04:00,RT @gissselx: I saw this on Facebook and I just had to share “say /beach/...BITCH” lmaooo https://t.co/lUhmFZBXSs,,FB
social,kaggle_tweets,2018-08-26 07:04:00,RT @gissselx: I saw this on Facebook and I just had to share “say /beach/...BITCH” lmaooo https://t.co/lUhmFZBXSs,,FB
social,kaggle_tweets,2018-08-26 07:04:00,RT @gissselx: I saw this on Facebook and I just had to share “say /beach/...BITCH” lmaooo https://t.co/lUhmFZBXSs,,FB
social,kaggle_tweets,2018-08-26 07:04:00,RT @gissselx: I saw this on Facebook and I just had to share “say /beach/...BITCH” lmaooo https://t.co/lUhmFZBXSs,,FB
social,kaggle_tweets,2018-08-26 07:04:00,RT @gissselx: I saw this on Facebook and I just had to share “say /beach/...BITCH” lmaooo https://t.co/lUhmFZBXSs,,FB
social,kaggle_tweets,2018-08-26 07:04:00,RT @gissselx: I saw this on Facebook and I just had to share “say /beach/...BITCH” lmaooo https://t.co/lUhmFZBXSs,,FB
social,kaggle_tweets,2018-08-26 07:18:00,Throughout the day players will be dropping by to open some Upper Deck product on Facebook live. Filip Zadina opene… https://t.co/qg3sOhzEag,,FB
social,kaggle_tweets,2018-08-26 07:27:00,My novel THE MAN I THOUGHT YOU WERE is a Daily Deal today on Amazon. com! https://t.co/Tyd3tvGWEL,,AMZN
social,kaggle_tweets,2018-08-26 07:31:00,Comparison: Samsung Galaxy Watch v Apple Watch Series 3 https://t.co/moypYzlimO #fatloss #weighttraining #nutrition,,AAPL
social,kaggle_tweets,2018-08-26 07:49:00,"Amazon, Apple weigh on Nasdaq https://t.co/2jAxwRzOiM https://t.co/DQQAfu7pGV",,AMZN
social,kaggle_tweets,2018-08-26 08:11:00,Here's a live version of @northernstateli's 'Spring' on my new youtube and Facebook page. Share it around if you en… https://t.co/6EGcgFyAzN,,FB
social,kaggle_tweets,2018-08-26 08:26:00,Lumentum $LITE Given a $80.00 Price Target by JPMorgan Chase &amp; Co. Analysts https://t.co/pXVLxs5Zvl,,JPM
social,kaggle_tweets,2018-08-26 08:33:00,"U: Use Visa Checkout and save an additional $25, dropping the price to $264.",,V
social,kaggle_tweets,2018-08-26 08:48:00,"RT @DOEDoobs: You watch Netflix everyday and pay them every month, but don’t have any $NFLX Shares? #StopBeingPoor https://t.co/AFraPDbfpM",,NFLX
social,kaggle_tweets,2018-08-26 08:57:00,RT @hphungkc: #IDOL is dropping to #168 on 🇺🇸 Apple Music! Please stream it on playlist we can makr it go up again @BTS_twt https://t.co/Kc…,,AAPL
social,kaggle_tweets,2018-08-26 09:09:00,RT @haliekayy: Netflix needs more movies like The Kissing Booth and To all the Boys I Loved Before. That’s like...my thing. I’m such a girl…,,NFLX
social,kaggle_tweets,2018-08-26 09:10:00,"Microsoft to make ""easier, faster"" updates starting with Windows 10 version 1809 | On MSFT https://t.co/QHoCETMW76",,MSFT
social,kaggle_tweets,2018-08-26 09:15:00,"RT @mrpiercEy: Easy classroom workflow timesaver: Document all your parent/teacher interactions through a Google Form, and then share the s…",,GOOGL
social,kaggle_tweets,2018-08-26 09:20:00,Facebook Monday the beginning of the web 3.0 age https://t.co/URXkLXJfBw #datafund #dataprivacy #GDPR #dataprotection #privacy,,FB
social,kaggle_tweets,2018-08-26 09:37:00,RT @theseantcollins: A Nazi rape apologist concern-trolled Disney out of hundreds of millions of dollars by making them shoot themselves in…,,DIS
social,kaggle_tweets,2018-08-26 09:37:00,RT @theseantcollins: A Nazi rape apologist concern-trolled Disney out of hundreds of millions of dollars by making them shoot themselves in…,,DIS
social,kaggle_tweets,2018-08-26 09:37:00,RT @theseantcollins: A Nazi rape apologist concern-trolled Disney out of hundreds of millions of dollars by making them shoot themselves in…,,DIS
social,kaggle_tweets,2018-08-26 09:49:00,RT @misterbrilliant: Just told barista in Starbucks my name is 'Taxpaying British Citizen' and she started crying then the CEO came out and…,,SBUX
social,kaggle_tweets,2018-08-26 10:10:00,"@SenSanders Totally agree. Amazon Workers should do what Ryan Air workers are doing, going on Strike! @amazon #amazon #Ryanair #strike",,AMZN
social,kaggle_tweets,2018-08-26 10:20:00,Amazon deals 31.37% off! original price: 254.94$ deal price: 174.97$ (you save 79.97$) Link:… https://t.co/yhGvKKyJsg,,AMZN
social,kaggle_tweets,2018-08-26 10:25:00,"Introducing Google Autocomplete for Shopify: Less Friction at Checkout, More #Sales https://t.co/hy2w4xYD8M",,GOOGL
social,kaggle_tweets,2018-08-26 10:48:00,RT @JeonMicDrop: Where are you guys streaming?? Im using Apple Music and Tidal rn! Drop screenshots of your streams!,,AAPL
social,kaggle_tweets,2018-08-26 11:11:00,RT @RealMAGASteve: WOW! Facebook Sued After Blocking Housing Ads to Blacks &amp; Minorities HUD &amp; Director Ben Carson sues Facebook after fin…,,FB
social,kaggle_tweets,2018-08-26 11:11:00,RT @RealMAGASteve: WOW! Facebook Sued After Blocking Housing Ads to Blacks &amp; Minorities HUD &amp; Director Ben Carson sues Facebook after fin…,,FB
social,kaggle_tweets,2018-08-26 11:11:00,RT @RealMAGASteve: WOW! Facebook Sued After Blocking Housing Ads to Blacks &amp; Minorities HUD &amp; Director Ben Carson sues Facebook after fin…,,FB
social,kaggle_tweets,2018-08-26 11:12:00,"RT @EFF: Under the 2015 Open Internet Order, the FCC could have investigated and punished Verizon for throttling the Santa Clara Fire Depar…",,VZ
social,kaggle_tweets,2018-08-26 11:15:00,Check out what I found on eBay &gt;&gt; #6145 #USA #deal Microsoft Xbox One S 500GB White Console (BRAND N... https://t.co/8x9kHjWvnK,,MSFT
social,kaggle_tweets,2018-08-26 11:17:00,"RT @0xMatt: This story has it all! App developer staunchly insisting they don't need Google, launching their app outside of the play store,…",,GOOGL
social,kaggle_tweets,2018-08-26 11:23:00,I posted a new video to Facebook https://t.co/aB3uctZomo,,FB
social,kaggle_tweets,2018-08-26 11:38:00,"RT @RachelintheOC: As an author and single mom, Amazon makes up 93% of my sales. To not link to Amazon means I don't feed my kids, then I b…",,AMZN
social,kaggle_tweets,2018-08-26 11:44:00,"RT @IronStache: The CEO of Pfizer got a 61% pay raise this year, bringing his total compensation to 27.9 million dollars. There's a reason…",,PFE
social,kaggle_tweets,2018-08-26 11:52:00,RT @RyanAFournier: Lol. Facebook learned yesterday they were sued by @JasonFyk. His article containing his Fox and Friends interview discu…,,FB
social,kaggle_tweets,2018-08-26 11:52:00,RT @RyanAFournier: Lol. Facebook learned yesterday they were sued by @JasonFyk. His article containing his Fox and Friends interview discu…,,FB
social,kaggle_tweets,2018-08-26 11:52:00,RT @RyanAFournier: Lol. Facebook learned yesterday they were sued by @JasonFyk. His article containing his Fox and Friends interview discu…,,FB
social,kaggle_tweets,2018-08-26 13:01:00,"""You join here, not to be cool, but to make others cool."" - Satya Nadella, Microsoft CEO @Inc explains how this se… https://t.co/su5baObcFj",,MSFT
social,kaggle_tweets,2018-08-26 13:19:00,Facebook Monday the beginning of the web 3.0 age https://t.co/zZ7eHOU7ut #datafund #dataprivacy #GDPR #dataprotection #privacy,,FB
social,kaggle_tweets,2018-08-26 14:06:00,TWITTER and Facebook need to be punished buy up all of their stock and take their companies out of Liberal hands pe… https://t.co/GB2hxmhE3v,,FB
social,kaggle_tweets,2018-08-26 14:22:00,RT @IvanSonotone: @AnagramaEditor #AhoraTienesTiempoParaLeerEsto Richard Ford no falla https://t.co/ck7QFCDCAi,,F
social,kaggle_tweets,2018-08-26 14:27:00,@humaannature @BleacherReport you’re going to be working 3rd shift at Walmart while Steph daughters are going to be millionaires,,WMT
social,kaggle_tweets,2018-08-26 14:35:00,RT @trvlyblessed_: Who out here paying for cable when you can literally get Netflix for free and Hulu for $5.....,,NFLX
social,kaggle_tweets,2018-08-26 14:45:00,Trading these dms Trade acc access sponsor ffs dms hack tweet deck PayPal money donations spread super ultras ne… https://t.co/3wSrEmmQcJ,,PYPL
social,kaggle_tweets,2018-08-26 14:48:00,the only thing exciting about turning 18 is I can finally be a slave to some tech company if I quit my job or use PayPal lmfaooo,,PYPL
social,kaggle_tweets,2018-08-26 14:53:00,"RT @wales28: Please retweet or share on Facebook, let's get awareness out there 'Not All Disabilities are Visible"" https://t.co/DoDxlaJx0Y",,FB
social,kaggle_tweets,2018-08-26 14:57:00,RT @HOSelegend: Chanel is worth 96.6 BILLION DOLLAR'S Walmart is worth 500.3 BILLION DOLLAR'S SELF DRAG https://t.co/eThU4pCzMM,,WMT
social,kaggle_tweets,2018-08-26 15:05:00,"RT @PoliticalShort: Facebook, Twitter, YouTube and other tech giants say that they’re open forums. What happens when they start to shut dow…",,FB
social,kaggle_tweets,2018-08-26 15:05:00,"RT @PoliticalShort: Facebook, Twitter, YouTube and other tech giants say that they’re open forums. What happens when they start to shut dow…",,FB
social,kaggle_tweets,2018-08-26 15:09:00,"Nice try, person trying to hack my Facebook account.",,FB
social,kaggle_tweets,2018-08-26 15:11:00,"RT @QProofs: Right on!! Meanwhile.... Google, Microsoft, Snapchat and other tech companies will meet at Twitter's headquarters in San Fran…",,GOOGL
social,kaggle_tweets,2018-08-26 15:32:00,RT @SenSanders: McDonald's just announced it is spending $6 billion on makeovers of its restaurants while still refusing to pay its workers…,,MCD
social,kaggle_tweets,2018-08-26 15:43:00,RT @JonErlichman: Cash each company has: Apple: $243.7 billion Microsoft: $133.7 billion Google: $102.3 billion Samsung: $82.9 billion Ora…,,GOOGL
social,kaggle_tweets,2018-08-26 16:17:00,RT @LouDobbs: Donald Trump: 'Social Media Giants' Silencing Millions on Facebook and Twitter https://t.co/N6laZC66YQ,,FB
social,kaggle_tweets,2018-08-26 16:23:00,"RT @LauraLoomer: To those of you who follow me on Facebook and are sending me messages, I cannot reply to you because Facebook suspended my…",,FB
social,kaggle_tweets,2018-08-26 16:31:00,"RT @Jordan_Sather_: Facebook is censoring the John McCain/ISIS memes I’m posting today, literally just swiping them from the comments secti…",,FB
social,kaggle_tweets,2018-08-26 16:53:00,I posted a new video to Facebook https://t.co/djKzorGy5L,,FB
social,kaggle_tweets,2018-08-26 17:08:00,eBay: Apple iPhone 6 - 128GB - Gold (AT&amp;amp;T) A1549 (GSM) @USiPhoneSales https://t.co/ymOoRhWvK5 @TrendLib,,AAPL
social,kaggle_tweets,2018-08-26 17:40:00,RT @swamv39: So a Facebook page (1.5 Lakh Followers) owned by a @postcard_news owner who regularly shares Fake and Communal Stories/Posts w…,,FB
social,kaggle_tweets,2018-08-26 18:02:00,"Google Sued For Tracking You, Even When Location History Is Off https://t.co/7THcJJCxja #infosec #security",,GOOGL
social,kaggle_tweets,2018-08-26 18:03:00,RT @SamuelMarcLowe: Just gave my name in Starbucks as “the 0 tariff rate offered by an FTA is conditional on the export meeting the local c…,,SBUX
social,kaggle_tweets,2018-08-26 18:09:00,RT @TrendsOfNigeria: NO FORMAL EDUCATION YET LECTURES AT HARVARD Meet Nike Okundaye; 64-year-old Nigerian Batik and Textile designer who h…,,NKE
social,kaggle_tweets,2018-08-26 18:17:00,@5SOS Uh not gonna lie but “Youngblood” is a fricken jam yo I literally downloaded it on Apple Music before Answer… https://t.co/oE0dhmJwXF,,AAPL
social,kaggle_tweets,2018-08-26 18:56:00,RT @hesanihilist: @DavisOliverR @jaredlholt When you drop $7558 on one meal because you’re “depressed” after whining on Facebook about how…,,FB
social,kaggle_tweets,2018-08-26 19:00:00,RT @steph93065: Dr. Robert Epstein says Google helped shift 2 to 3 million votes in Hillary Clinton's favor with bias search algorithms. Bi…,,GOOGL
social,kaggle_tweets,2018-08-26 19:07:00,RT @radiodisney: The #1 song on Radio Disney for the second week is #SoWhat by #BTS! @BTS_twt @bts_bighit https://t.co/cBfE4KlgZP,,DIS
social,kaggle_tweets,2018-08-26 19:26:00,Microsoft: Russian Hackers Targeted US Websites Before Elections - Voice of America https://t.co/VnJJnhsoua,,MSFT
social,kaggle_tweets,2018-08-26 19:47:00,Extending Application Visibility and Policy Control with Cisco Tetration + F5 BIG-IP https://t.co/OlpxCRpy0k,,CSCO
social,kaggle_tweets,2018-08-26 19:52:00,I posted a new video to Facebook https://t.co/NFtRF9CIOh,,FB
social,kaggle_tweets,2018-08-26 19:52:00,RT @BTSGlobalNoona: 🔁 LOVE YOURSELF 結 'Answer' playlists and official album links Apple Music→ https://t.co/KKUF7QNYKC Spotify→ https://t.…,,AAPL
social,kaggle_tweets,2018-08-26 19:55:00,"RT @MelissaSeco: Teaching grade 1, grade 2, or grade 1/2 in TDSB? Join this Google Classroom I created for us to network and share ideas. C…",,GOOGL
social,kaggle_tweets,2018-08-26 19:55:00,Amazon deals 9.77% off! original price: 318.55$ deal price: 287.42$ (you save 31.13$) Link: https://t.co/tqoBkxH1hn… https://t.co/J9lRlmremD,,AMZN
social,kaggle_tweets,2018-08-26 19:59:00,"RT @Anime: INTERVIEW: Last Hope, the next anime from Macross creator Shoji Kawamori, hits Netflix this fall. Let the legendary man himself…",,NFLX
social,kaggle_tweets,2018-08-26 20:23:00,😅😅😅 Nike aint having none of that sh$$t 👏👏👏,,NKE
social,kaggle_tweets,2018-08-26 20:27:00,#Dividend Google Alert - Kimberly-Clark Aristocrat: Kimberly-Clark Aristocrat Weekly update… https://t.co/2CMyr75BjB,,GOOGL
social,kaggle_tweets,2018-08-27 07:04:00,RT @gissselx: I saw this on Facebook and I just had to share “say /beach/...BITCH” lmaooo https://t.co/lUhmFZBXSs,,FB
social,kaggle_tweets,2018-08-27 07:04:00,RT @gissselx: I saw this on Facebook and I just had to share “say /beach/...BITCH” lmaooo https://t.co/lUhmFZBXSs,,FB
social,kaggle_tweets,2018-08-27 07:04:00,RT @gissselx: I saw this on Facebook and I just had to share “say /beach/...BITCH” lmaooo https://t.co/lUhmFZBXSs,,FB
social,kaggle_tweets,2018-08-27 07:04:00,RT @gissselx: I saw this on Facebook and I just had to share “say /beach/...BITCH” lmaooo https://t.co/lUhmFZBXSs,,FB
social,kaggle_tweets,2018-08-27 07:04:00,RT @gissselx: I saw this on Facebook and I just had to share “say /beach/...BITCH” lmaooo https://t.co/lUhmFZBXSs,,FB
social,kaggle_tweets,2018-08-27 07:04:00,RT @gissselx: I saw this on Facebook and I just had to share “say /beach/...BITCH” lmaooo https://t.co/lUhmFZBXSs,,FB
social,kaggle_tweets,2018-08-27 07:04:00,RT @gissselx: I saw this on Facebook and I just had to share “say /beach/...BITCH” lmaooo https://t.co/lUhmFZBXSs,,FB
social,kaggle_tweets,2018-08-27 07:04:00,RT @gissselx: I saw this on Facebook and I just had to share “say /beach/...BITCH” lmaooo https://t.co/lUhmFZBXSs,,FB
social,kaggle_tweets,2018-08-27 07:07:00,"RT @profgalloway: If you're not paying iPhone's premium prices, you're paying Google with your privacy. Google is collecting data even when…",,GOOGL
social,kaggle_tweets,2018-08-27 07:15:00,RT @USARMYxSPOTIFY: 🇺🇸ARMYs 🚨We checked out Apple Music and saw Idol by @BTS_twt w/ Nicki dropped to 200 on Apple Music’s Top Chart. Let’s…,,AAPL
social,kaggle_tweets,2018-08-27 07:32:00,RT @billionaire_key: It’s never too late. Sam Walton started Walmart when he was 44. Harland Sanders started Kentucky Fried Chicken when he…,,WMT
social,kaggle_tweets,2018-08-27 07:41:00,RT @Eater: Netflix newcomer ‘Million Pound Menu’ delivers the goods https://t.co/5rYp8YlLCn https://t.co/giwWWLRfkb,,NFLX
social,kaggle_tweets,2018-08-27 07:43:00,"RT @MaxMMarin: Weekend scoop: Philly has now sunk half a million into its Amazon HQ2 bid. Meanwhile, city lawyers have fought off 20 Right-…",,AMZN
social,kaggle_tweets,2018-08-27 07:47:00,"RT @GoogleAI: In a new blog post, Google Brain team researchers @pcastr &amp; @marcgbellemare share a new @TensorFlow-based reinforcement learn…",,GOOGL
social,kaggle_tweets,2018-08-27 07:47:00,"RT @bryan_leblanc: @fordnation When Doug Ford wants to improve math scores, he starts by purchasing stock photos from https://t.co/dQwgruXA…",,F
social,kaggle_tweets,2018-08-27 07:56:00,Verizon throttling could trigger FTC investigation of deceptive practices via /r/technology https://t.co/UaHIBhcrZ5,,VZ
social,kaggle_tweets,2018-08-27 08:03:00,RT @Nobility_ofsoul: Let's settle this Netflix romcom war RT for Peter Kavinsky Fav for Noah Flynn https://t.co/WfIzPbkxUc,,NFLX
social,kaggle_tweets,2018-08-27 08:28:00,RT @Leaf_of_Faith: A Leaf of Faith is on Netflix NOW! We’re so excited to share the truths of Kratom - let us know when you’re watching it…,,NFLX
social,kaggle_tweets,2018-08-27 09:18:00,RT @ColumbusPolice: Great post a great officer let us share from his Facebook page. We’d 💙 for you to retweet everywhere. Everyone can le…,,FB
social,kaggle_tweets,2018-08-27 09:20:00,Hansberger Growth Investors LP Lowered Its Position in Asml Holding Nv $ASML as Stock Price Rose; Comcast New… https://t.co/BNfLeTpHwJ,,CMCSA
social,kaggle_tweets,2018-08-27 09:22:00,"Announcement 🔊🔊🔊 The CEO of Miner Edge, Mr. Rakesh Handa goes live on Facebook on Thursday, 30 August 2018 for ans… https://t.co/DvYCliiExe",,FB
social,kaggle_tweets,2018-08-27 09:27:00,"RT @OhioZi: Can y’all please tell fanbases to make threads on how to stream on Apple Music, it’s literally costing us streams because peopl…",,AAPL
social,kaggle_tweets,2018-08-27 09:28:00,"RT @profitclaim: New post (iPhone 7 Plus Case, iPhone 8 Plus Case, Matone Apple iPhone 7/8 Plus Crystal Clear Shock Absorption Technology B…",,AAPL
social,kaggle_tweets,2018-08-27 09:32:00,Rootless Pixel Launcher now available on Google Play store with Pixel Bridge.. https://t.co/8Drt1PWk3W,,GOOGL
social,kaggle_tweets,2018-08-27 09:53:00,"RT @PatrickGerard01: Facebook is pushing that ""share a memory"" junk where they make custom videos out of your old photos to boost engagemen…",,FB
social,kaggle_tweets,2018-08-27 10:10:00,RT @businessinsider: MORGAN STANLEY: Amazon and Walmart are duking it out in a $4 trillion market https://t.co/81Fwqa58VJ,,AMZN
social,kaggle_tweets,2018-08-27 10:31:00,RT @TechCrunch: Microsoft is about to announce Xbox All Access subscription https://t.co/xw5WcnfrHp by @romaindillet,,MSFT
social,kaggle_tweets,2018-08-27 10:55:00,eBay: Ford orion https://t.co/MxJN88UDHD https://t.co/rVzJp5Jkc4,,F
social,kaggle_tweets,2018-08-27 11:13:00,Pfizer $PFE Given a $45.00 Price Target by Morgan Stanley Analysts https://t.co/DjatxvsjNb,,PFE
social,kaggle_tweets,2018-08-27 11:16:00,RT @WWEXOL: [INFO] Like EXO on Facebook! ✨ Be part of the growing community of EXO-Ls on this platform and talk about EXO altogether (❤️) a…,,FB
social,kaggle_tweets,2018-08-27 11:27:00,For our headquarters in Neu-Isenburg we are looking for a Microsoft Developer CRM 365 (m/f/d). More information as… https://t.co/IJT30Z0CPv,,MSFT
social,kaggle_tweets,2018-08-27 12:01:00,"A day after Oracle Corp. released the code for an internally #developed tool designed to ease #AI #projects, Salesf… https://t.co/Vocdr6GEhX",,ORCL
social,kaggle_tweets,2018-08-27 12:14:00,"Top Apple analyst sees delay for 6.1-inch LCD Apple iPhone, says it will outsell the OLED models https://t.co/Ww6Mrf9Geh",,AAPL
social,kaggle_tweets,2018-08-27 12:26:00,"Comcast strikes again. (Also it's 125,000 people now.) https://t.co/7wGdiXEywp",,CMCSA
social,kaggle_tweets,2018-08-27 12:37:00,RT @jason_kint: German antitrust watchdog plans action on Facebook this year https://t.co/NWDgck0t3q,,FB
social,kaggle_tweets,2018-08-27 12:54:00,RT @_iTzJorgeYT_: 📦DROP al MD!📦 - Full Access Account - Fortnite Account - Steam Code - Minecraft Aleatoria Account - USD en PayPal - Ste…,,PYPL
social,kaggle_tweets,2018-08-27 12:56:00,"RT @WorldofWPress: WP Builds Newsletter #19 – Acquisitions madness, flaw in WordPress Core and loads of Google stuff #WordPress https://t.c…",,GOOGL
social,kaggle_tweets,2018-08-27 13:15:00,RT @wsilnjq: not to mention @makz literally sexually assaulted me while watching Netflix back in 2012. I'm still suffering from PTSD. #metoo,,NFLX
social,kaggle_tweets,2018-08-27 13:24:00,"Google is facing a lawsuit because of the possibility of phones still tracking users location, even after they turn… https://t.co/17rTaJfkZa",,GOOGL
social,kaggle_tweets,2018-08-27 13:28:00,Pfizer rare heart disease drug reduces risk of death by 30 percent in study https://t.co/gyXkJCMyzw,,PFE
social,kaggle_tweets,2018-08-27 13:42:00,"RT @BurtonBrown: Risk more than others think is safe. Dream more than others think is practical. - Howard Schultz, CEO of Starbucks. #quote",,SBUX
social,kaggle_tweets,2018-08-27 13:59:00,Rebel Wilson is a distant relative of Walt Disney,,DIS
social,kaggle_tweets,2018-08-27 14:02:00,RT @OrbisToken: Money depreciates value day by day. Just saving is not enought! Invest Fiat in Orbis Cryptocurrency by PayPal / Card or B…,,PYPL
social,kaggle_tweets,2018-08-27 14:11:00,"RT @bukhariawesome: Me: hi- Starbucks employee, holding a knife to my throat: are you sure u dont want to upgrade ur drink to a venti? Tam…",,SBUX
social,kaggle_tweets,2018-08-27 14:11:00,"RT @bukhariawesome: Me: hi- Starbucks employee, holding a knife to my throat: are you sure u dont want to upgrade ur drink to a venti? Tam…",,SBUX
social,kaggle_tweets,2018-08-27 14:19:00,Google Flights &amp; Hotel Search add price insights to tell if you’re booking a good holiday deal… https://t.co/7s8aL8etp1,,GOOGL
social,kaggle_tweets,2018-08-27 14:26:00,RT @itanimeirl: just saw this on Facebook a minute ago https://t.co/SnsYzREzuU https://t.co/wWpXjoF822,,FB
social,kaggle_tweets,2018-08-27 14:33:00,RT @NorbertElekes: Number of phones sold in 2005 Apple: 0 Motorola: 146 million Nokia: 265 million #3usiness #Mobile,,AAPL
social,kaggle_tweets,2018-08-27 14:36:00,"RT @WSJ: Facebook has asked banks to share financial information about customers, including account balances, as it seeks to boost user eng…",,FB
social,kaggle_tweets,2018-08-27 14:41:00,RT @BTSGlobalNoona: 🎧 STREAM IDOL from any of these playlists 🌟 Apple Music → https://t.co/KKUF7QNYKC Spotify → https://t.co/SDckON6aGn Ti…,,AAPL
social,kaggle_tweets,2018-08-27 14:48:00,"""Apple to unveil three new iPhones in September"" ➡ lolz, is there not enough iphones out there?? #OhMy",,AAPL
social,kaggle_tweets,2018-08-27 14:57:00,RT @HOSelegend: Chanel is worth 96.6 BILLION DOLLAR'S Walmart is worth 500.3 BILLION DOLLAR'S SELF DRAG https://t.co/eThU4pCzMM,,WMT
social,kaggle_tweets,2018-08-27 14:57:00,RT @HOSelegend: Chanel is worth 96.6 BILLION DOLLAR'S Walmart is worth 500.3 BILLION DOLLAR'S SELF DRAG https://t.co/eThU4pCzMM,,WMT
social,kaggle_tweets,2018-08-27 14:57:00,RT @HOSelegend: Chanel is worth 96.6 BILLION DOLLAR'S Walmart is worth 500.3 BILLION DOLLAR'S SELF DRAG https://t.co/eThU4pCzMM,,WMT
social,kaggle_tweets,2018-08-27 14:57:00,RT @HOSelegend: Chanel is worth 96.6 BILLION DOLLAR'S Walmart is worth 500.3 BILLION DOLLAR'S SELF DRAG https://t.co/eThU4pCzMM,,WMT
social,kaggle_tweets,2018-08-27 14:57:00,RT @HOSelegend: Chanel is worth 96.6 BILLION DOLLAR'S Walmart is worth 500.3 BILLION DOLLAR'S SELF DRAG https://t.co/eThU4pCzMM,,WMT
social,kaggle_tweets,2018-08-27 15:07:00,"Stocks rally on Nafta buzz. Tesla falls, Cronos gets high. Netflix retakes 50-day. Multistreaming with For more s… https://t.co/Eg5Txn6Brn",,NFLX
social,kaggle_tweets,2018-08-27 15:13:00,"RT @MayWardOfficial: Huwag nating kakalimutan mag-like, comment, share &amp; open all MayWard articles sa Facebook. Don't forget to watch, like…",,FB
social,kaggle_tweets,2018-08-27 15:37:00,RT @itswarenbuffett: Losers are Addicted to : - Netflix - Gossiping - Junk Food - Drama - ‘Freedom’ arising from Lack of Self Restrai…,,NFLX
social,kaggle_tweets,2018-08-27 15:58:00,Google spent $400 million to scan 25 million books and nobody is allowed to read them. (This helps explain why Goog… https://t.co/SgnppszY4d,,GOOGL
social,kaggle_tweets,2018-08-27 16:01:00,"Wireless Router Market Is Booming Worldwide with Cisco, Tenda, Belkin (Linksys) https://t.co/2Z1lsuovrc https://t.co/xLHwciwHYl",,CSCO
social,kaggle_tweets,2018-08-27 16:30:00,[$30] Amazon Deal of the Day: up to 30% off Back to School Furniture https://t.co/o7TIfurQiM,,AMZN
social,kaggle_tweets,2018-08-27 16:38:00,"RT @don__barclay: The first computer dates back to Adam and Eve. It was an Apple with limited memory, just one byte. And then everything cr…",,AAPL
social,kaggle_tweets,2018-08-27 16:46:00,"RT @EmmittTheCat: @EnergyInDepth ""Sue Exxon"" is excellent advice.",,XOM
social,kaggle_tweets,2018-08-27 16:46:00,"""Apple To Launch Three New iPhone Models Next Month, Report Says"" https://t.co/36Ddk6Iwqo",,AAPL
social,kaggle_tweets,2018-08-27 16:50:00,"Google News - Mobile Payments: ""How This AI Startup Is Developing A Virtual Friend For India's Semi-Urban Markets"" https://t.co/esptV8gjuE",,GOOGL
social,kaggle_tweets,2018-08-27 17:11:00,"Though it pains me to say so, my book RED THREAD is currently at £15 on Amazon – down from £25 and beautifully prod… https://t.co/lwtb1BeRva",,AMZN
social,kaggle_tweets,2018-08-27 17:18:00,RT @CNBC: Microsoft just turned the Xbox into a subscription service and will sell it like Apple sells iPhones. https://t.co/dWEkgyryRm htt…,,AAPL
social,kaggle_tweets,2018-08-27 17:32:00,Have just stumbled across an ex's wedding photos online. Disney princess meets Alice in Wonderland theme. The bes… https://t.co/yZPh3Ne6A0,,DIS
social,kaggle_tweets,2018-08-27 17:43:00,RT @OGCORLIN: Facebook vs. Twitter https://t.co/TFOFogQIBq,,FB
social,kaggle_tweets,2018-08-27 17:46:00,"[MacRumors] Bloomberg: Apple Considered 'iPhone Xs' Names for 2018 OLED iPhones, Weighed Dropping 'Plus' Branding https://t.co/jlDrGBflh6",,AAPL
social,kaggle_tweets,2018-08-27 17:49:00,Google Trends Data Shows Bitcoin Price Search Drops to Three-Year Low https://t.co/kirBwK9oh0 https://t.co/Oyl4BL0ctv,,GOOGL
social,kaggle_tweets,2018-08-27 18:01:00,Amazon deals 53.89% off! original price: 80.00$ deal price: 36.89$ (you save 43.11$) Link: https://t.co/jjju4nEEMD… https://t.co/Ab0Mm7xoml,,AMZN
social,kaggle_tweets,2018-08-27 18:42:00,Facebook Monday the beginning of the web 3.0 age https://t.co/WJfdEbN8qE #datafund #dataprivacy #GDPR #dataprotection #privacy,,FB
social,kaggle_tweets,2018-08-27 18:58:00,"RT @Brian2plus3: @CNBC Remember that even emails received by government officials fall under the national archives laws, so is Google break…",,GOOGL
social,kaggle_tweets,2018-08-27 18:59:00,"RT @Fact: In 1997, Bill Gates invested $150 million in Apple to save it from going bankrupt.",,AAPL
social,kaggle_tweets,2018-08-27 19:09:00,RT @Lauren_Remy: If you think my grown ass is gonna watch a corny teen Netflix movie about a girl &amp; some love letters then you’re absolutel…,,NFLX
social,kaggle_tweets,2018-08-27 19:09:00,RT @Lauren_Remy: If you think my grown ass is gonna watch a corny teen Netflix movie about a girl &amp; some love letters then you’re absolutel…,,NFLX
social,kaggle_tweets,2018-08-27 19:09:00,RT @Lauren_Remy: If you think my grown ass is gonna watch a corny teen Netflix movie about a girl &amp; some love letters then you’re absolutel…,,NFLX
social,kaggle_tweets,2018-08-27 19:09:00,RT @Lauren_Remy: If you think my grown ass is gonna watch a corny teen Netflix movie about a girl &amp; some love letters then you’re absolutel…,,NFLX
social,kaggle_tweets,2018-08-27 19:14:00,"RT @macosken: A serious security flub from Apple, politics may kill an Apple campus, and a million dollars for flood relief. Mac OS Ken: 08…",,AAPL
social,kaggle_tweets,2018-08-27 19:22:00,Facebook Monday the beginning of the web 3.0 age https://t.co/QiWNj5bjYg #datafund #dataprivacy #GDPR #dataprotection #privacy,,FB
social,kaggle_tweets,2018-08-27 19:22:00,"@ShortList @rickygervais Awesome. That is why I got a Netflix subscription. More Ricky, all the time. Any chance De… https://t.co/Av4GYh6TAt",,NFLX
social,kaggle_tweets,2018-08-27 19:39:00,"Laptop deals of the week: Head to Amazon, Walmart, and Best Buy to save on HP, #Apple, and Microsoft notebooks https://t.co/PgxCPxFcTM",,AMZN
social,kaggle_tweets,2018-08-27 19:55:00,RT @sugafull27: It will be aired 9/3 8pm Through: Youtube NAVER TV Facebook Vapp @BTS_twt #BTS,,FB
social,kaggle_tweets,2018-08-27 20:38:00,"RT @247Sports: Rep your NFL team the right way. Nike just dropped the Air Max Typha 2, customized just for your squad. Get them here: h…",,NKE
social,kaggle_tweets,2018-08-27 20:58:00,I posted a new video to Facebook https://t.co/pe6IXIwrX8,,FB
social,kaggle_tweets,2018-08-28 07:13:00,White House 'taking a look' at regulating Google https://t.co/TKZNNJfltZ via @nypost,,GOOGL
social,kaggle_tweets,2018-08-28 07:17:00,"RT @Yaris__omar: Check out this Amazon deal: Acer Chromebook R 13 Convertible, 13.3-inch ... by Acer https://t.co/HG4LUqKyiX via @amazon O…",,AMZN
social,kaggle_tweets,2018-08-28 07:19:00,RT @joshdcaplan: BBG: Google CEO Sundar Pichai refuses to testify at Senate Intelligence Committee hearing next week,,GOOGL
social,kaggle_tweets,2018-08-28 07:24:00,RT @TheHackersNews: Hacker discloses details and PoC for an unpatched 0-day privilege escalation #vulnerability in the Microsoft Windows h…,,MSFT
social,kaggle_tweets,2018-08-28 07:32:00,RT @joshua0044: Facebook for me dead 😂💀 https://t.co/mSYfNlp8KD,,FB
social,kaggle_tweets,2018-08-28 07:33:00,"RT @m8urnett: This ""Whole House EMF Neutralizer"" on Amazon is literally just an empty plug (see pics in comments). https://t.co/7ALqKSYEiS…",,AMZN
social,kaggle_tweets,2018-08-28 07:36:00,RT @billionaire_key: Walt Disney was fired from a newspaper job for not being creative. He went bankrupt because of a failed cartoon distri…,,DIS
social,kaggle_tweets,2018-08-28 07:38:00,Q Drop 1947- Define the 'PRISM' program. Google and other US tech companies received millions of dollars from the N… https://t.co/CymJwCg9mx,,GOOGL
social,kaggle_tweets,2018-08-28 07:42:00,Launched my first Facebook ad sets for my first product. These guys were all major influences and are assassins in… https://t.co/KzPha3bbX5,,FB
social,kaggle_tweets,2018-08-28 07:51:00,RT @CircularIT: Circular Computing and the future of IT launched at Microsoft UK HQ late last year – thanks to @billgates and the team for…,,MSFT
social,kaggle_tweets,2018-08-28 07:55:00,RT @__IssaShonna: All the Halloweentown Movies should be on Netflix in October https://t.co/zvQs8Ux519,,NFLX
social,kaggle_tweets,2018-08-28 07:55:00,RT @__IssaShonna: All the Halloweentown Movies should be on Netflix in October https://t.co/zvQs8Ux519,,NFLX
social,kaggle_tweets,2018-08-28 07:55:00,RT @__IssaShonna: All the Halloweentown Movies should be on Netflix in October https://t.co/zvQs8Ux519,,NFLX
social,kaggle_tweets,2018-08-28 07:55:00,RT @__IssaShonna: All the Halloweentown Movies should be on Netflix in October https://t.co/zvQs8Ux519,,NFLX
social,kaggle_tweets,2018-08-28 07:56:00,RT @RogueFirstLady: I hope someone monitor the shorting of the Google stock in last 24 hour. https://t.co/Xw2anxyaeX,,GOOGL
social,kaggle_tweets,2018-08-28 08:08:00,RT @gilbertjasono: Google search results for “Hindenburg News” shows nothing but blimp crashing/hydrogen explosion. Pro-Hindenburg media sh…,,GOOGL
social,kaggle_tweets,2018-08-28 08:09:00,RT @KXAN_Weather: Starbucks is clearly not headquartered in Austin. 103º this afternoon. https://t.co/8NnnhXaXb7 https://t.co/lBBBWislaP,,SBUX
social,kaggle_tweets,2018-08-28 08:20:00,RT @neilpX: Trump aide says president weighing regulations on Google search engine that he considers 'rigged' https://t.co/ejCduNZ9cf via @…,,GOOGL
social,kaggle_tweets,2018-08-28 08:25:00,you know who else regulates Google searches China I thought GOP was all about small gov guess not,,GOOGL
social,kaggle_tweets,2018-08-28 08:39:00,"RT @krassenstein: Trump thinks it's more important to regulate unbiased, algorithm-driven Google Search Results than it is to regulate guns…",,GOOGL
social,kaggle_tweets,2018-08-28 08:39:00,"RT @krassenstein: Trump thinks it's more important to regulate unbiased, algorithm-driven Google Search Results than it is to regulate guns…",,GOOGL
social,kaggle_tweets,2018-08-28 08:40:00,RT @thewub: Just refused to give my name in Starbucks until they informed me of my privacy rights. As the barista looked confused the whole…,,SBUX
social,kaggle_tweets,2018-08-28 08:51:00,RT @Aaron_Doh: You guys are literally so dope!!! We are still in the top charts for iTunes and Apple Music 🙌🙌😄 that’s 3 days In a row!! ht…,,AAPL
social,kaggle_tweets,2018-08-28 09:18:00,RT @ColumbusPolice: Great post a great officer let us share from his Facebook page. We’d 💙 for you to retweet everywhere. Everyone can le…,,FB
social,kaggle_tweets,2018-08-28 09:27:00,"RT @OhioZi: Can y’all please tell fanbases to make threads on how to stream on Apple Music, it’s literally costing us streams because peopl…",,AAPL
social,kaggle_tweets,2018-08-28 09:31:00,Trump aide says president weighing regulations on Google search engine that he considers 'rigged' https://t.co/PMTpM5A0V4,,GOOGL
social,kaggle_tweets,2018-08-28 09:35:00,"RT @modrnhealthcr: Google, Amazon, Microsoft, IBM, Oracle and Salesforce recently came together to pledge for greater interoperability in h…",,GOOGL
social,kaggle_tweets,2018-08-28 09:46:00,Crescent Park Management LP Has Decreased By $34.38 Million Its Visa $V Holding; Parker Hannifin $PH's Sentiment Is… https://t.co/t9vIi6JtLd,,V
social,kaggle_tweets,2018-08-28 09:54:00,RT @mahabub7556: Buy any product from Amazon. Please click this picture or link for more details Check out this Amazon deal: High Potency B…,,AMZN
social,kaggle_tweets,2018-08-28 10:08:00,"RT @thehill: Kudlow: Trump administration ""taking a look"" at regulating Google https://t.co/vDYm7vNeS0 https://t.co/0WyXIPSTwG",,GOOGL
social,kaggle_tweets,2018-08-28 10:12:00,RT @DWhitINger: @ToddRokita @realDonaldTrump Google works just fine for me. #ToddIsAnElitistDick https://t.co/WyP3nxqBSd,,GOOGL
social,kaggle_tweets,2018-08-28 10:14:00,Google operates and sells Stock to Americans under a US Code of conduct and expectations of fair and honest Busines… https://t.co/339XsYthlX,,GOOGL
social,kaggle_tweets,2018-08-28 10:39:00,RT @HashtagGriswold: Endlessly amusing to me that the entire debate over government regulation of Google as a monopoly/public utility rests…,,GOOGL
social,kaggle_tweets,2018-08-28 10:43:00,RT @yoyoha: Hey @realDonaldTrump if you think Google is bad wait until you see the history books.,,GOOGL
social,kaggle_tweets,2018-08-28 10:57:00,RT @OpIndia_com: BSP member shares fake image of Atal Bihari Vajpayee’s ashes being sold on Amazon https://t.co/68ueq6eFjp,,AMZN
social,kaggle_tweets,2018-08-28 10:58:00,RT @guntrust: Furniture firepower: Gun sales drive specialty ‘concealment’ craze | Fox News [we're on Facebook @ LivingTrust - FREE Califor…,,FB
social,kaggle_tweets,2018-08-28 11:21:00,"Amazon, JPMorgan, and BlackRock are all snapping up space in the new $25 billion Manh... https://t.co/2u1ZSInoUB #TuesdayThoughts Louis CK",,AMZN
social,kaggle_tweets,2018-08-28 11:33:00,"RT @richardhine: Trump blocked a Senate bill to protect the midterms from Russian hacking. Instead, he’s complaining about his Google resul…",,GOOGL
social,kaggle_tweets,2018-08-28 11:33:00,"RT @richardhine: Trump blocked a Senate bill to protect the midterms from Russian hacking. Instead, he’s complaining about his Google resul…",,GOOGL
social,kaggle_tweets,2018-08-28 11:33:00,"RT @richardhine: Trump blocked a Senate bill to protect the midterms from Russian hacking. Instead, he’s complaining about his Google resul…",,GOOGL
social,kaggle_tweets,2018-08-28 11:52:00,RT @RyanAFournier: Lol. Facebook learned yesterday they were sued by @JasonFyk. His article containing his Fox and Friends interview discu…,,FB
social,kaggle_tweets,2018-08-28 11:52:00,RT @RyanAFournier: Lol. Facebook learned yesterday they were sued by @JasonFyk. His article containing his Fox and Friends interview discu…,,FB
social,kaggle_tweets,2018-08-28 12:11:00,Google Go search app for emerging markets can now read out website content https://t.co/8beuVyUrsd,,GOOGL
social,kaggle_tweets,2018-08-28 12:25:00,"RT @nakashimae: DEVELOPING:Trump's economic adviser says ""we're taking a look"" at whether Google searches should be regulated."" Trump wakes…",,GOOGL
social,kaggle_tweets,2018-08-28 12:35:00,RT @EdKrassen: It literally took Trump over a year and a half to finally Google himself and find out that most of the world hates him. I r…,,GOOGL
social,kaggle_tweets,2018-08-28 12:35:00,RT @EdKrassen: It literally took Trump over a year and a half to finally Google himself and find out that most of the world hates him. I r…,,GOOGL
social,kaggle_tweets,2018-08-28 12:40:00,"RT @keithboykin: When I Google ""worst president ever,"" it seems to work fine. https://t.co/mWmHhbAXs2",,GOOGL
social,kaggle_tweets,2018-08-28 12:42:00,Verizon Wireless Prepaid PIN $10 DATA PLAN Refill for MiFi Jetpack &amp; Hotspots #digital #market #deals #sales #today… https://t.co/V3cmjPWc68,,VZ
social,kaggle_tweets,2018-08-28 12:47:00,"RT @tatau_io: https://t.co/6UGmnJnDO0 co-founders quoted in this @Investopedia article by @JoeLiebkind ""Is Amazon Getting Serious About Blo…",,AMZN
social,kaggle_tweets,2018-08-28 12:47:00,"RT @tatau_io: https://t.co/6UGmnJnDO0 co-founders quoted in this @Investopedia article by @JoeLiebkind ""Is Amazon Getting Serious About Blo…",,AMZN
social,kaggle_tweets,2018-08-28 12:47:00,"RT @tatau_io: https://t.co/6UGmnJnDO0 co-founders quoted in this @Investopedia article by @JoeLiebkind ""Is Amazon Getting Serious About Blo…",,AMZN
social,kaggle_tweets,2018-08-28 13:07:00,Enter to win the entire series of the #DisneyVillainsBooks + a $50 Visa Gift Card from @disneyhyperion over… https://t.co/XJv9jj3OJ7,,V
social,kaggle_tweets,2018-08-28 13:36:00,RT @ianjbarlow: Pfizer Recalls One of Its Children's Advil Products After Its Measuring Cup Confused Milliliters With Teaspoons https://t.c…,,PFE
social,kaggle_tweets,2018-08-28 13:37:00,RT @PrettyRicc: Netflix would be better if it had: Suite life of Zack &amp; Cody Suite life on Deck Wizards of Waverly Place Hannah Montana Th…,,NFLX
social,kaggle_tweets,2018-08-28 13:48:00,RT @haqabe413: Facebook be having me crying 😭😭 https://t.co/1vOZLdFSWe,,FB
social,kaggle_tweets,2018-08-28 13:48:00,RT @haqabe413: Facebook be having me crying 😭😭 https://t.co/1vOZLdFSWe,,FB
social,kaggle_tweets,2018-08-28 13:58:00,"RT @verge: Apple could remove 3D Touch from new iPhones, analyst says https://t.co/4b8wJSmPVs https://t.co/hNrAxlMkuS",,AAPL
social,kaggle_tweets,2018-08-28 14:01:00,"Chamber shout out to our member, Sartin Animal Care Clinic Like and share their Facebook page! They are a high qual… https://t.co/wh9Nx5AEdu",,FB
social,kaggle_tweets,2018-08-28 14:02:00,"Brown Advisory Securities Boosted Intel $INTC Position By $467,428; Cisco Systems, Inc. $CSCO Had 12 Bullish Analys… https://t.co/wE0do7MrAy",,INTC
social,kaggle_tweets,2018-08-28 14:11:00,"RT @bukhariawesome: Me: hi- Starbucks employee, holding a knife to my throat: are you sure u dont want to upgrade ur drink to a venti? Tam…",,SBUX
social,kaggle_tweets,2018-08-28 14:13:00,I posted a new video to Facebook https://t.co/iejNspMcrs,,FB
social,kaggle_tweets,2018-08-28 14:25:00,Google Cloud Launches Tesla V100 GPUs https://t.co/s8QsGSGIDG,,GOOGL
social,kaggle_tweets,2018-08-28 14:25:00,RT @knittinglinda: This is what China and Iran do. They regulate what Google can display on searches. Is this what we want to be as a count…,,GOOGL
social,kaggle_tweets,2018-08-28 14:33:00,RT @SoFreeChocolate: *COMPETITION* Happy bank holiday! We have just launched a So Free organic chocolate bundle on Amazon &amp; we will be gi…,,AMZN
social,kaggle_tweets,2018-08-28 14:33:00,RT @SoFreeChocolate: *COMPETITION* Happy bank holiday! We have just launched a So Free organic chocolate bundle on Amazon &amp; we will be gi…,,AMZN
social,kaggle_tweets,2018-08-28 14:43:00,Facebook expands its Express Wi-Fi program for developing markets via hardware partnerships: https://t.co/bPpdT0kMbP,,FB
social,kaggle_tweets,2018-08-28 15:19:00,RT @politico: The Trump administration is “taking a look” at imposing regulations on Google following the president’s tweet Tuesday morning…,,GOOGL
social,kaggle_tweets,2018-08-28 15:34:00,RT @BitcoinsNGravy: Facebook Sold Our Privacy For A Quick Buck. How Can Blockchain Help? https://t.co/fQzx3d6ID1 #blockchain #SocialMedia #…,,FB
social,kaggle_tweets,2018-08-28 15:43:00,Microsoft May Be About to Boost Its Dividend in a Big Way - Barron's https://t.co/OVKNWkkLxm https://t.co/04dsZ62wcY,,MSFT
social,kaggle_tweets,2018-08-28 15:50:00,RT @DonaldJTrumpJr: I’d say stick to comedy but you weren’t funny enough to avoid cancellation of your Netflix show. Stay away from politic…,,NFLX
social,kaggle_tweets,2018-08-28 15:50:00,RT @DonaldJTrumpJr: I’d say stick to comedy but you weren’t funny enough to avoid cancellation of your Netflix show. Stay away from politic…,,NFLX
social,kaggle_tweets,2018-08-28 16:06:00,Christian Writer’s Book Giveaway: 12 Books + $50 Amazon Card https://t.co/1wcKWM8g6f via @thepastorwriter,,AMZN
social,kaggle_tweets,2018-08-28 16:08:00,RT @SenSanders: Are you a current or former Amazon employee? Please share your experiences with Sen. Bernie Sanders. https://t.co/fQzm3SuyXA,,AMZN
social,kaggle_tweets,2018-08-28 16:22:00,Think of how Amazon uses the products that you search to recommend other products for you at the bottom of the page… https://t.co/BVT6Jr1kiN,,AMZN
social,kaggle_tweets,2018-08-28 16:22:00,RT @USCERT_gov: Adobe Releases Security Update for Creative Cloud https://t.co/l1R8TGo25G #NCCIC #cyber #cybersecurity #infosec,,ADBE
social,kaggle_tweets,2018-08-28 16:25:00,It appears that Starbucks and Dunkin' have already started selling pumpkin spiced lattes. It is still August and su… https://t.co/42SuJJIiUT,,SBUX
social,kaggle_tweets,2018-08-28 16:34:00,"RT @realDonaldTrump: Google search results for “Trump News” shows only the viewing/reporting of Fake News Media. In other words, they have…",,GOOGL
social,kaggle_tweets,2018-08-28 16:39:00,"RT @GartrellLinda: .Klayman discloses @JudicialWatch filed a new lawsuit against YouTube, Google, Facebook, Apple &amp; other social media for…",,GOOGL
social,kaggle_tweets,2018-08-28 16:42:00,"RT @kazoowang: 🍃Minsung social media au🍃 Minho is the marketing boss from Apple and his CEO Chan hides his new creation to him, a human ro…",,AAPL
social,kaggle_tweets,2018-08-28 16:55:00,Off-White x Nike Blazer Mid Set to Drop in September (@offwht @nike) https://t.co/cvHmGyf9Uz,,NKE
social,kaggle_tweets,2018-08-28 16:57:00,RT @almostjingo: Notice a pattern? Perkins Coie represents Starbucks (anti-Trump) Amazon (Jeff Bezos WAPO) Google (we own Crowdstrike) Face…,,GOOGL
social,kaggle_tweets,2018-08-28 17:07:00,"@washingtonpost This clip determined Trump's shallow and ignorance! Intel Drop: “Hello! The Deep State is Kosher, a… https://t.co/qJAQuREusR",,INTC
social,kaggle_tweets,2018-08-28 17:48:00,RT @brontyman: Hey @POTUS Re Google: You May be right I searched and searched and I couldn’t come up with one link that said Mexico was pay…,,GOOGL
social,kaggle_tweets,2018-08-28 18:05:00,RT @ColumbiaBugle: Larry Kudlow telling the Press that the WH is taking a look into imposing regulations on Google after their censorship o…,,GOOGL
social,kaggle_tweets,2018-08-28 18:05:00,RT @ColumbiaBugle: Larry Kudlow telling the Press that the WH is taking a look into imposing regulations on Google after their censorship o…,,GOOGL
social,kaggle_tweets,2018-08-28 18:05:00,RT @ColumbiaBugle: Larry Kudlow telling the Press that the WH is taking a look into imposing regulations on Google after their censorship o…,,GOOGL
social,kaggle_tweets,2018-08-28 18:09:00,Facebook Monday the beginning of the web 3.0 age https://t.co/GiuCGYkCcc #datafund #dataprivacy #GDPR #dataprotection #privacy,,FB
social,kaggle_tweets,2018-08-28 18:21:00,https://t.co/Esl6lG8SMS 💯 How Google Page Ranking Works? #RankBio #DomainAuthority #Google #Rank #Website #Anxiety… https://t.co/jMc5knIR9T,,GOOGL
social,kaggle_tweets,2018-08-28 18:25:00,New report: Facebook and Google among tech firms lobbying Congress for ‘kinder’ federal data privacy laws… https://t.co/7MnYbrO2CR,,GOOGL
social,kaggle_tweets,2018-08-28 18:29:00,@realDonaldTrump You Google yourself????,,GOOGL
social,kaggle_tweets,2018-08-28 18:43:00,Netflix signs 'Gravity Falls' creator Alex Hirsch https://t.co/aQLDPrEYhr https://t.co/xUQdPf2cF7,,NFLX
social,kaggle_tweets,2018-08-28 18:45:00,RT @GoAwayWithJae: The next Disney animated film better include a prince that looks exactly like Seokjin did when he sang Epiphany in Seoul…,,DIS
social,kaggle_tweets,2018-08-28 18:53:00,Check out this Amazon deal: Delsey Luggage Chatelet Hard+ 21 Inch Carry o... by DELSEY Paris… https://t.co/DnBA0lmnfd,,AMZN
social,kaggle_tweets,2018-08-28 19:08:00,I noticed Apple purposely fucks up everything on your phone to get you to upgrade.... thats why they can ead becaus… https://t.co/risXeot57N,,AAPL
social,kaggle_tweets,2018-08-28 19:10:00,"Trump economic adviser: ""we're taking a look"" at whether Google searches should be regulated https://t.co/bQMqgaWJ50",,GOOGL
social,kaggle_tweets,2018-08-28 19:23:00,RT @Thomas1774Paine: FBI Ignored INSPECTOR GENERAL Warning That Hillary’s Emails Were Hacked by Chinese; New Daily Caller Intel Confirms Tr…,,INTC
social,kaggle_tweets,2018-08-28 19:23:00,RT @Thomas1774Paine: FBI Ignored INSPECTOR GENERAL Warning That Hillary’s Emails Were Hacked by Chinese; New Daily Caller Intel Confirms Tr…,,INTC
social,kaggle_tweets,2018-08-28 19:36:00,RT @succmeonsoft: Me on Facebook sliding into the inbox of my mama old friends who called me handsome and fine back in the day https://t.co…,,FB
social,kaggle_tweets,2018-08-28 19:44:00,"RT @investbooks: #Readinglist The Oracle &amp; Omaha, How Warren Buffet and His Hometown Shaped E... by JORDAN S https://t.co/YBWsQ3sePJ htt…",,ORCL
social,kaggle_tweets,2018-08-28 19:46:00,RT @StockholmCF: Amazon postpones Turkey launch over anti-American sentiment https://t.co/79N3f1PdQ1 via @StockholmCF,,AMZN
social,kaggle_tweets,2018-08-28 19:48:00,"RT @commondreams: As Bezos Forces Thousands to Rely on Food Stamps for Survival, @SenSanders Invites Struggling Amazon Workers to Share The…",,AMZN
social,kaggle_tweets,2018-08-28 19:48:00,"RT @commondreams: As Bezos Forces Thousands to Rely on Food Stamps for Survival, @SenSanders Invites Struggling Amazon Workers to Share The…",,AMZN
social,kaggle_tweets,2018-08-28 19:50:00,@realDonaldTrump Even Google is against you. Maybe NO ONE EXCEPT YOU did the search so it does not come up. Get a grip!,,GOOGL
social,kaggle_tweets,2018-08-28 19:51:00,FBI Ignored INSPECTOR GENERAL Warning That Hillary’s Emails Were Hacked by Chinese; New Daily Caller Intel Confirms… https://t.co/iYsgMdgnGW,,INTC
social,kaggle_tweets,2018-08-28 19:52:00,Disney has won the $71.3 billion battle for Fox — now it's readying for a war with ... https://t.co/OPT8t1Kg3y Louis CK #TuesdayThoughts,,DIS
social,kaggle_tweets,2018-08-28 20:10:00,I posted a new video to Facebook https://t.co/R2HHy47zED,,FB
social,kaggle_tweets,2018-08-28 20:17:00,"@postandcourier It's nice to know Amazon will add jobs in SC but I have to ask, is a fabric covered warehouse in a… https://t.co/8KepoKWXSd",,AMZN
social,kaggle_tweets,2018-08-28 20:33:00,RT @Circa: Pfizer has issued a voluntary recall for its bubble gum flavored Children's Advil. https://t.co/xKS3kC7xPS https://t.co/s3kTr50…,,PFE
social,kaggle_tweets,2018-08-28 20:56:00,So Trump understands how hacking works but not Google?,,GOOGL
social,kaggle_tweets,2018-08-28 20:56:00,RT @JanaSenaParty: Stay tuned to our official YouTube channel &amp; Facebook page for a 360° view of #JANASENANIBirthdayCDP https://t.co/i3iKd…,,FB
social,kaggle_tweets,2018-08-29 07:06:00,RT @andylassner: Google stock is up $15 today. But Trump thinks the stock market would crash without him. Schmuck.,,GOOGL
social,kaggle_tweets,2018-08-29 07:12:00,Thanks for following me on Twitter. Check out f my Facebook Page tntathleticsboom to see what I'm up to!,,FB
social,kaggle_tweets,2018-08-29 07:13:00,"🇺🇸 Salesforce, HPE, Tilray and Amazon - 5 Things You Must Know https://t.co/u6hobF4Al4 YAHOO!",,AMZN
social,kaggle_tweets,2018-08-29 07:19:00,RT @joshdcaplan: BBG: Google CEO Sundar Pichai refuses to testify at Senate Intelligence Committee hearing next week,,GOOGL
social,kaggle_tweets,2018-08-29 07:20:00,2 workers fall to deaths after scaffolding collapse near Disney World https://t.co/OLFkisN8wc https://t.co/Yb77TtJckZ,,DIS
social,kaggle_tweets,2018-08-29 07:24:00,"Mid day crashing... Need some se... Starbucks, Yeah Starbucks 😏",,SBUX
social,kaggle_tweets,2018-08-29 07:25:00,"RT @author_cblee: #DragonCon Sunday 2:30pm in Westin, Chastain H I'll be chatting about gender and sexuality in writing with Tana Ford, Dan…",,F
social,kaggle_tweets,2018-08-29 07:55:00,RT @__IssaShonna: All the Halloweentown Movies should be on Netflix in October https://t.co/zvQs8Ux519,,NFLX
social,kaggle_tweets,2018-08-29 07:57:00,"Apparently, according to Amazon, insurgent theory boils down to “irritate the occupiers, and they will become fearf… https://t.co/JFk7kLKyMp",,AMZN
social,kaggle_tweets,2018-08-29 08:09:00,@GerberKawasaki @tim_cook please invest in #TeslaMotors #tesla I have owned and held shares Apple stock for over 20 years. Thank You.,,AAPL
social,kaggle_tweets,2018-08-29 08:22:00,RT @zachhaller: White House investigating Google after Trump accuses it of bias https://t.co/Y9d7WoANWT,,GOOGL
social,kaggle_tweets,2018-08-29 08:23:00,RT @themotleyfool: He recommended Amazon in 1997 and Tesla in 2011. And he’s announcing his newest pick for the best stock to buy now. http…,,AMZN
social,kaggle_tweets,2018-08-29 08:25:00,"The State ""regulating"" Google, Facebook, Twitter, Apple, Microsoft, Akamai, Cloudflare, Amazon, Intel, AMD, ARM, Qu… https://t.co/CnNgElvYZG",,GOOGL
social,kaggle_tweets,2018-08-29 08:26:00,"RT @justinsuntron: #TRON #TRX $TRX Thanks everyone for joining me on Facebook! Only in 1 month, we have reached 300,000 followers. https://…",,FB
social,kaggle_tweets,2018-08-29 08:26:00,RT @Ptrtldy1L: Google CEO slammed by lawmakers for declining to testify at Senate hearing https://t.co/9108NASQy2,,GOOGL
social,kaggle_tweets,2018-08-29 08:32:00,"RT CommonSense: RT cheddar: .CommonSense CEO jimsteyer says that because tech platforms like Facebook, Google, and… https://t.co/zJyC4Qbbw6",,GOOGL
social,kaggle_tweets,2018-08-29 08:35:00,Holy fuvk. I need my contacts for my plugs 😭 damn you Apple ID,,AAPL
social,kaggle_tweets,2018-08-29 08:44:00,Changes in real estate market always follow after giants like Amazon move their operations into the city!… https://t.co/7srJ2DBx7P,,AMZN
social,kaggle_tweets,2018-08-29 08:47:00,"RT @PrisonPlanet: 2017, the European Union fines Google $2.7 billion for bias in its search algorithms. 2018: Media says Trump is a crazy…",,GOOGL
social,kaggle_tweets,2018-08-29 08:47:00,"RT @PrisonPlanet: 2017, the European Union fines Google $2.7 billion for bias in its search algorithms. 2018: Media says Trump is a crazy…",,GOOGL
social,kaggle_tweets,2018-08-29 08:47:00,"RT @PrisonPlanet: 2017, the European Union fines Google $2.7 billion for bias in its search algorithms. 2018: Media says Trump is a crazy…",,GOOGL
social,kaggle_tweets,2018-08-29 08:47:00,"RT @PrisonPlanet: 2017, the European Union fines Google $2.7 billion for bias in its search algorithms. 2018: Media says Trump is a crazy…",,GOOGL
social,kaggle_tweets,2018-08-29 08:47:00,"RT @PrisonPlanet: 2017, the European Union fines Google $2.7 billion for bias in its search algorithms. 2018: Media says Trump is a crazy…",,GOOGL
social,kaggle_tweets,2018-08-29 08:47:00,"RT @PrisonPlanet: 2017, the European Union fines Google $2.7 billion for bias in its search algorithms. 2018: Media says Trump is a crazy…",,GOOGL
social,kaggle_tweets,2018-08-29 08:54:00,"RT @THRGlobal: Sorry, Cannes: How Netflix is invading the fall festival circuit https://t.co/eekbPoVVXn https://t.co/1OepMaSjM1",,NFLX
social,kaggle_tweets,2018-08-29 09:31:00,"RT @WorldRights1: @realDonaldTrump @BakkeRenee @LouDobbs Why has Soros bought millions of shares in Google, Twitter and Facebook? Looking…",,GOOGL
social,kaggle_tweets,2018-08-29 09:37:00,Like literally… if you’re a journalist who thinks that happening near Disney World is more important than the ACTUA… https://t.co/zCb2A1rmL4,,DIS
social,kaggle_tweets,2018-08-29 09:41:00,"Strive New Business with Amazon Affiliate Money Making Machine #yoconanalago, #thechain, #return, #comeback… https://t.co/574HFwqv8Q",,AMZN
social,kaggle_tweets,2018-08-29 09:43:00,How are Netflix original shows are so good but all their movies are trash,,NFLX
social,kaggle_tweets,2018-08-29 10:00:00,5-0 loss against Utica Ford. No practice Thursday or Friday. Rest up and we'll go hard starting Monday,,F
social,kaggle_tweets,2018-08-29 10:00:00,RT @faagifts: Trump’s economic adviser: ‘We’re taking a look’ at whether Google searches should be regulated https://t.co/FagvVpqrjr #dep…,,GOOGL
social,kaggle_tweets,2018-08-29 10:07:00,@jaysleeeeeen Oh that what we do now.? Bet. You wanna Apple Pay me some vbucks for fortnite o que.?,,AAPL
social,kaggle_tweets,2018-08-29 10:14:00,RT @aliwojo19: @Patrici15767099 Please expose and share this Google Is Committed To The Suppression in 2016 in favor of Hilary against Tr…,,GOOGL
social,kaggle_tweets,2018-08-29 10:26:00,@darryncampbell @DCNorg Stop using Google services in your enterprise apps if you care about privacy,,GOOGL
social,kaggle_tweets,2018-08-29 10:38:00,Facebook Monday the beginning of the web 3.0 age https://t.co/MjV4ct54g2 #datafund #dataprivacy #GDPR #dataprotection #privacy,,FB
social,kaggle_tweets,2018-08-29 10:39:00,RT @HashtagGriswold: Endlessly amusing to me that the entire debate over government regulation of Google as a monopoly/public utility rests…,,GOOGL
social,kaggle_tweets,2018-08-29 11:00:00,"Back In Stock– Amazon: 3-Pk Quaker Life Original Cereal, 13 oz Boxes Only $3.90 – $4.55 + Free Shipping! https://t.co/vRJRIjLO4F",,AMZN
social,kaggle_tweets,2018-08-29 11:03:00,"As Apple $AAPL Shares Rose, Sheets Smith Wealth Management Raised Position; Loral Space &amp; Communicatns I $LORL Hold… https://t.co/7fDlX4Y62S",,AAPL
social,kaggle_tweets,2018-08-29 11:33:00,Looking for a new #sissy $end to my PayPal or Circle ...if i think its good enough maybe you'll get a surprise in y… https://t.co/B42cLyBlHb,,PYPL
social,kaggle_tweets,2018-08-29 11:37:00,"""Not regulation, we want fairness,"" Trump says, after decrying how he says tech companies like Google and Facebook treat conservatives",,GOOGL
social,kaggle_tweets,2018-08-29 11:39:00,Verizon throttling could trigger FTC investigation of deceptive practices via /r/technology https://t.co/tQojXDtNrW,,VZ
social,kaggle_tweets,2018-08-29 11:44:00,"RT @IronStache: The CEO of Pfizer got a 61% pay raise this year, bringing his total compensation to 27.9 million dollars. There's a reason…",,PFE
social,kaggle_tweets,2018-08-29 11:45:00,Just released! Cisco 2018 Asia Pacific Security Capabilities Benchmark Study highlights the regional breach readine… https://t.co/WImLN0fLSL,,CSCO
social,kaggle_tweets,2018-08-29 11:57:00,"RT @Meko750_1: Y’know, it’s fun to talk about those old, awful, straight to DVD Disney sequels that nobody remembers. But then there’s a fe…",,DIS
social,kaggle_tweets,2018-08-29 12:02:00,Could President Trump regulate Google? https://t.co/lvRJWPaPwJ https://t.co/ib0JOVPmR7,,GOOGL
social,kaggle_tweets,2018-08-29 12:09:00,RT @Thomas1774Paine: Live Video Stream: Controversial Thomas Paine’s First Public Appearance; “Much Intel to share” https://t.co/UDbZgt4dow,,INTC
social,kaggle_tweets,2018-08-29 12:09:00,"RT @MAINEnatics_OFC: To vote for #MaineMendoza via Facebook, just LIKE (1 vote) and SHARE (2 votes) her picture at Starmometer’s Facebook P…",,FB
social,kaggle_tweets,2018-08-29 12:09:00,RT @Thomas1774Paine: Live Video Stream: Controversial Thomas Paine’s First Public Appearance; “Much Intel to share” https://t.co/UDbZgt4dow,,INTC
social,kaggle_tweets,2018-08-29 12:33:00,CRYPTO TRADING: 📈 Brave Browser Surpasses 10 Million Downloads on the Google Play Store https://t.co/puBArHYIUh 🚀… https://t.co/COPXmuxMT1,,GOOGL
social,kaggle_tweets,2018-08-29 12:35:00,RT @EdKrassen: It literally took Trump over a year and a half to finally Google himself and find out that most of the world hates him. I r…,,GOOGL
social,kaggle_tweets,2018-08-29 12:35:00,RT @EdKrassen: It literally took Trump over a year and a half to finally Google himself and find out that most of the world hates him. I r…,,GOOGL
social,kaggle_tweets,2018-08-29 12:35:00,RT @EdKrassen: It literally took Trump over a year and a half to finally Google himself and find out that most of the world hates him. I r…,,GOOGL
social,kaggle_tweets,2018-08-29 12:35:00,RT @EdKrassen: It literally took Trump over a year and a half to finally Google himself and find out that most of the world hates him. I r…,,GOOGL
social,kaggle_tweets,2018-08-29 12:35:00,RT @EdKrassen: It literally took Trump over a year and a half to finally Google himself and find out that most of the world hates him. I r…,,GOOGL
social,kaggle_tweets,2018-08-29 12:35:00,RT @EdKrassen: It literally took Trump over a year and a half to finally Google himself and find out that most of the world hates him. I r…,,GOOGL
social,kaggle_tweets,2018-08-29 12:35:00,RT @EdKrassen: It literally took Trump over a year and a half to finally Google himself and find out that most of the world hates him. I r…,,GOOGL
social,kaggle_tweets,2018-08-29 12:35:00,RT @EdKrassen: It literally took Trump over a year and a half to finally Google himself and find out that most of the world hates him. I r…,,GOOGL
social,kaggle_tweets,2018-08-29 12:35:00,RT @EdKrassen: It literally took Trump over a year and a half to finally Google himself and find out that most of the world hates him. I r…,,GOOGL
social,kaggle_tweets,2018-08-29 12:39:00,RT @apptamin: [NEW POST] Apple Pre-orders gives you an opportunity to get on Apple's radar for a pre-launch feature AND get your app ranked…,,AAPL
social,kaggle_tweets,2018-08-29 13:07:00,RT @SonHiram: Must be these new Pussy ass Disney jedis cus anakin would’ve killed all them fucking kids https://t.co/Z03qct6DZK,,DIS
social,kaggle_tweets,2018-08-29 13:11:00,Apple CEO To Make $120 Million In Stocks This Week https://t.co/brYMmNqXyp https://t.co/5JOZlcIEwE,,AAPL
social,kaggle_tweets,2018-08-29 13:22:00,SodaStream’s path to its $3.2 billion Pepsi deal: https://t.co/cRgCcl8U2T $PEP $SODA,,PEP
social,kaggle_tweets,2018-08-29 13:22:00,RT @globalnews: Facebook is going to start collecting sales taxes for ads sold at offices in Canada. Will tech giants such as Netflix and…,,FB
social,kaggle_tweets,2018-08-29 13:24:00,"RT @charliebilello: At $3.77 trillion, the combined market cap of Apple, Amazon, Google, and Microsoft is larger than the GDP of... Germany…",,GOOGL
social,kaggle_tweets,2018-08-29 13:30:00,RT @DailyCaller: White House To ‘Investigate’ Google Suppressing Conservative News https://t.co/LnsNw30qKY https://t.co/XuS0GmmmGJ,,GOOGL
social,kaggle_tweets,2018-08-29 13:32:00,Did Netflix Scare Away Low-Income Subscribers with Latest Price Bump? https://t.co/ZdLTAUg58f,,NFLX
social,kaggle_tweets,2018-08-29 13:37:00,RT @PrettyRicc: Netflix would be better if it had: Suite life of Zack &amp; Cody Suite life on Deck Wizards of Waverly Place Hannah Montana Th…,,NFLX
social,kaggle_tweets,2018-08-29 13:37:00,RT @PrettyRicc: Netflix would be better if it had: Suite life of Zack &amp; Cody Suite life on Deck Wizards of Waverly Place Hannah Montana Th…,,NFLX
social,kaggle_tweets,2018-08-29 13:37:00,RT @PrettyRicc: Netflix would be better if it had: Suite life of Zack &amp; Cody Suite life on Deck Wizards of Waverly Place Hannah Montana Th…,,NFLX
social,kaggle_tweets,2018-08-29 13:37:00,RT @PrettyRicc: Netflix would be better if it had: Suite life of Zack &amp; Cody Suite life on Deck Wizards of Waverly Place Hannah Montana Th…,,NFLX
social,kaggle_tweets,2018-08-29 13:54:00,RT @NBCNews: Pfizer Consumer Healthcare has recalled a specific lot of its bubble gum-flavored Children’s Advil Suspension medicine because…,,PFE
social,kaggle_tweets,2018-08-29 13:56:00,RT @sweetdreaming96: 8 Must-Try Healthy Apple Desserts for Fall https://t.co/5yLcK6qqHF #healthydesserts @sweetdreaming96,,AAPL
social,kaggle_tweets,2018-08-29 14:02:00,RT @OwensDamien: Trump's mad at Google because searching for his own name returns bad news. This reminds me of my lawsuit against Full-leng…,,GOOGL
social,kaggle_tweets,2018-08-29 14:02:00,RT @OwensDamien: Trump's mad at Google because searching for his own name returns bad news. This reminds me of my lawsuit against Full-leng…,,GOOGL
social,kaggle_tweets,2018-08-29 14:16:00,"RT @itsbossx: I miss the old Disney channel, cartoon network, and Nickelodeon😩😏😐",,DIS
social,kaggle_tweets,2018-08-29 14:18:00,"RT @abhishek: New Video: https://t.co/3rp6duyKJG Topic: Google Pixel 3 Ka Khulasa, Leaks, India Launch Date, Unboxing, Full Specs, All Det…",,GOOGL
social,kaggle_tweets,2018-08-29 14:22:00,Google denies bias after Trump launches accusatory attack on the search giant: Donald Trump… https://t.co/HkOVpN6QMv,,GOOGL
social,kaggle_tweets,2018-08-29 14:23:00,"RT @gadgetstouse: Google Pixel 3 Ka Khulasa, Leaks, India Launch Date, Unboxing, Full Specs, All Details: https://t.co/nENoXoos0B via @YouT…",,GOOGL
social,kaggle_tweets,2018-08-29 14:25:00,@Beyond_Shae Yes they do! I just had some from either Walmart or another market lol,,WMT
social,kaggle_tweets,2018-08-29 14:30:00,Which reminds me to this slide during AstroHack workshop at IBM Amsterdam. https://t.co/EJfJn32Fz3,,IBM
social,kaggle_tweets,2018-08-29 14:33:00,Garamendi calls for investigation into Verizon for ‘throttling’ firefighter’s data https://t.co/secgVUVbKo,,VZ
social,kaggle_tweets,2018-08-29 14:41:00,@NPMetcalfe @HertsLeague2018 Been great coverage this year guys! Thanks for following the journey... the Netflix do… https://t.co/UZyPt66oLA,,NFLX
social,kaggle_tweets,2018-08-29 14:54:00,"RT @NeueRegelIsHere: Why won’t Google CEO, Sundar Pichai, testify before Congress? Twitter CEO Jack Dorsey &amp; Facebook’s COO Sheryl Sandber…",,GOOGL
social,kaggle_tweets,2018-08-29 14:57:00,RT @askifang: Top 5 Popular Myths About Apple INC You Should Stop Believing Right Now!: https://t.co/D0aEQa882U via @YouTube,,AAPL
social,kaggle_tweets,2018-08-29 15:01:00,"RT @NascarChuck336: It's about damn time, include Twitter &amp; Facebook too! DEFEND OUR 1A RIGHTS! ** Kudlow: ‘We’re Taking a Look at’ Regulat…",,FB
social,kaggle_tweets,2018-08-29 15:08:00,Gravity Falls Creator Signs Exclusive Deal With Netflix https://t.co/swBxcmNXW5 https://t.co/Y5lKxrgJY2,,NFLX
social,kaggle_tweets,2018-08-29 15:16:00,RT @AdamSchiffCA: Secret meetings between President and postmaster general to raise rates on Amazon and punish Bezos and the Washington Pos…,,AMZN
social,kaggle_tweets,2018-08-29 15:26:00,Have you noticed how moms are LITERALLY the worst people on Facebook? https://t.co/6el7NKEx0e,,FB
social,kaggle_tweets,2018-08-29 15:37:00,RT @Nan33S: Trump administration ‘taking a look’ at regulating Google to protect free speech freedoms https://t.co/inCkgiaGNn via @pamelage…,,GOOGL
social,kaggle_tweets,2018-08-29 15:39:00,"Upgrade your Amazon Echo Dot with this Bluetooth Speaker / External Battery! Get it now for only $17.60, retail $3… https://t.co/OctJFJcRvm",,AMZN
social,kaggle_tweets,2018-08-29 15:56:00,"RT @DanRather: Pres. Trump attacking Google is akin to his attacks on the press. It's about undercutting truth, muddying facts and dismissi…",,GOOGL
social,kaggle_tweets,2018-08-29 15:56:00,"RT @DanRather: Pres. Trump attacking Google is akin to his attacks on the press. It's about undercutting truth, muddying facts and dismissi…",,GOOGL
social,kaggle_tweets,2018-08-29 16:05:00,RT @selscum: Chanel: 96.6 BILLION Walmart: 500.3 BILLION Selena Gomez: $60M Ariana Grande: $45M Walmart outriched Chanel just like Se…,,WMT
social,kaggle_tweets,2018-08-29 16:08:00,"The asshole leeching liar strikes again! Amazon calls out Bernie Sanders for ""misleading accusations""… https://t.co/ocjlUvDmXR",,AMZN
social,kaggle_tweets,2018-08-29 16:32:00,"RT @Enderle: Dell vs. Intel Company acquisition process, Intel sucks at this and Dell is the segment leader, why doesn't Intel bring partne…",,INTC
social,kaggle_tweets,2018-08-29 16:34:00,RT @NorbertElekes: Share of Apple revenue iPhone: 54.9% Services: 16.2% Mac: 13.6% iPad: 9.2% Other: 6.1% (Q4 2017) #3usiness #Apple,,AAPL
social,kaggle_tweets,2018-08-29 16:35:00,That is absolutely disgusting and really pisses me off. We go to war and Google brats literally WORK at a child's p… https://t.co/GhgzbStXWM,,GOOGL
social,kaggle_tweets,2018-08-29 16:39:00,"RT @GartrellLinda: .Klayman discloses @JudicialWatch filed a new lawsuit against YouTube, Google, Facebook, Apple &amp; other social media for…",,GOOGL
social,kaggle_tweets,2018-08-29 16:40:00,"RT @Reuters: Amazon, Alphabet lift S&amp;P and Nasdaq to new record highs https://t.co/ObUfCg3fFy https://t.co/YGZ2UM30dN",,AMZN
social,kaggle_tweets,2018-08-29 16:44:00,White House investigating Google after Trump accuses it of bias https://t.co/4CQNOdGKRA,,GOOGL
social,kaggle_tweets,2018-08-29 16:44:00,@JolaBurnett @fogle_shane @businessinsider Yeah. OATH and Google have the lion-share of data. Not saying it’s a bad… https://t.co/A1SxetPoBx,,GOOGL
social,kaggle_tweets,2018-08-29 16:48:00,"RT @GartrellLinda: 11 Of The Most Incredible Things From David Brock's Uncovered Playbook. Did you know Soros bought MILLIONS in Google, Tw…",,GOOGL
social,kaggle_tweets,2018-08-29 16:53:00,"""Dozens at Facebook Unite to Challenge Its ‘Intolerant’ Liberal Culture"" by KATE CONGER and SHEERA FRENKEL via NYT… https://t.co/wqhmWCTpHs",,FB
social,kaggle_tweets,2018-08-29 16:56:00,Avril Lavigne's Facebook page just hit over 56 million fans. Congrats !,,FB
social,kaggle_tweets,2018-08-29 17:05:00,"RT @therealcornett: The Trump administration is “taking a look” into regulating Google, according to National Economic Council Director Lar…",,GOOGL
social,kaggle_tweets,2018-08-29 17:08:00,RT @realKrisCruz: Facebook Unveils New Pre-Crime Division https://t.co/Y5kVaHEGRi,,FB
social,kaggle_tweets,2018-08-29 17:23:00,"RT @SneakerNews: Supreme x CDG x Nike Air Force 1 ""Split Swoosh"" is dropping in September https://t.co/Z1ilS36jIm https://t.co/dOkYt1CNpK",,NKE
social,kaggle_tweets,2018-08-29 17:31:00,25 incredibly useful things you didn’t know Google Docs could do via @FastCompany ~ #Productivity #WorkHacks… https://t.co/iFLZTDvX46,,GOOGL
social,kaggle_tweets,2018-08-29 17:36:00,RT @OneXMind: Are You Team Red Apple Or Team Green Apple? Team Red - Like Team Green - Retweet https://t.co/jtOeIMBkKr,,AAPL
social,kaggle_tweets,2018-08-29 17:41:00,@HLAurora63 @bsgirl2u It did yesterday. Looks like it’s changed. Heard a radio political analyst say Google doesn’t… https://t.co/cWLB3ygO1J,,GOOGL
social,kaggle_tweets,2018-08-29 17:44:00,Have you noticed how moms are LITERALLY the worst people on Facebook? https://t.co/pd9C6Hsk2K,,FB
social,kaggle_tweets,2018-08-29 17:51:00,RT @Celestaye_: Facebook doesn’t let me be sad for two seconds. https://t.co/JYbcUwfbwc,,FB
social,kaggle_tweets,2018-08-29 17:53:00,RT @marcyrosalesss: I’m sorry but the Joliet Walmart is a different type of breed when it come to being weird,,WMT
social,kaggle_tweets,2018-08-29 17:54:00,@sheilacrosby403 @CarolBevitt Well I for one had to Google that .... #writingchat,,GOOGL
social,kaggle_tweets,2018-08-29 17:55:00,@BillOReilly Why don’t you Google yourself 37 million times? each time it comes up with the same answer :SEXUAL ASSAULTING PERVERT🤮🤮,,GOOGL
social,kaggle_tweets,2018-08-29 18:05:00,RT @ColumbiaBugle: Larry Kudlow telling the Press that the WH is taking a look into imposing regulations on Google after their censorship o…,,GOOGL
social,kaggle_tweets,2018-08-29 18:05:00,RT @ColumbiaBugle: Larry Kudlow telling the Press that the WH is taking a look into imposing regulations on Google after their censorship o…,,GOOGL
social,kaggle_tweets,2018-08-29 18:08:00,Trump rage-tweets Google alleging search ‘bias’ – TechCrunch https://t.co/YQZPC1kCBF https://t.co/RMAuTHGa3y,,GOOGL
social,kaggle_tweets,2018-08-29 18:11:00,"RT @foxandfriends: President Trump warns Google, Twitter &amp; Facebook - saying they’re ‘treading on very troubled territory’ by silencing voi…",,GOOGL
social,kaggle_tweets,2018-08-29 18:17:00,"Job One: Ford Creates Special Group Tasked With Developing “Profitable, Competitive” Vehicles https://t.co/o8saaTZahj",,F
social,kaggle_tweets,2018-08-29 18:23:00,RT @brkicks: First look at the Nike LeBron Witness III releasing this Fall for under $100 https://t.co/vMOzAdWmPS,,NKE
social,kaggle_tweets,2018-08-29 18:29:00,"In a bid to increase its market share in India’s payments market, Google today rebranded its payments app Google Te… https://t.co/h5deTcBNFA",,GOOGL
social,kaggle_tweets,2018-08-29 18:30:00,"Since Twitter, Facebook, and Google are aligned against conservatives, what is the best platform to share the truth?",,GOOGL
social,kaggle_tweets,2018-08-29 18:34:00,"Data Center Security Market to Set Phenomenal Growth by leading key players Cisco Systems, Fortinet, Check Point So… https://t.co/Oi4gCz9D6k",,CSCO
social,kaggle_tweets,2018-08-29 18:49:00,Microsoft unveils new Xbox Elite controller in robot white https://t.co/sqSJzjfQwm [@Verge],,MSFT
social,kaggle_tweets,2018-08-29 18:49:00,RT @startuptrends_: Amazon Pay acquires Tapzo for $40 million in a cash-stock deal - Times of India #digitalpayments #ePayment #acquisiti…,,AMZN
social,kaggle_tweets,2018-08-29 18:52:00,Facebook Monday the beginning of the web 3.0 age https://t.co/JqA0896xk2 #datafund #dataprivacy #GDPR #dataprotection #privacy,,FB
social,kaggle_tweets,2018-08-29 19:02:00,RT @favoriteauntssi: More Google Bias: Tech Giant Denigrates US Veterans https://t.co/wViA7qJbOQ via @gatewaypundit,,GOOGL
social,kaggle_tweets,2018-08-29 19:05:00,Digiday: Video Briefing: Amazon is flooding the zone in the video market https://t.co/HRW4KfVoFr https://t.co/A9icJAd00o,,AMZN
social,kaggle_tweets,2018-08-29 19:09:00,Huawei Overtakes Apple to Become World’s Second Biggest Smartphone Vendor in Q2 2018: Gartner… https://t.co/xp6lTe8GjN,,AAPL
social,kaggle_tweets,2018-08-29 19:16:00,"RT @consequence: Orson Welles' long-lost film, The Other Side of the Wind, will soon see the light of day thanks to Netflix. Watch a newly…",,NFLX
social,kaggle_tweets,2018-08-29 19:16:00,RT @Imamofpeace: Facebook shut me down again because reality is hate speech. https://t.co/fbHUcqqvTH,,FB
social,kaggle_tweets,2018-08-29 19:23:00,RT @Thomas1774Paine: FBI Ignored INSPECTOR GENERAL Warning That Hillary’s Emails Were Hacked by Chinese; New Daily Caller Intel Confirms Tr…,,INTC
social,kaggle_tweets,2018-08-29 19:23:00,RT @Thomas1774Paine: FBI Ignored INSPECTOR GENERAL Warning That Hillary’s Emails Were Hacked by Chinese; New Daily Caller Intel Confirms Tr…,,INTC
social,kaggle_tweets,2018-08-29 19:23:00,RT @Thomas1774Paine: FBI Ignored INSPECTOR GENERAL Warning That Hillary’s Emails Were Hacked by Chinese; New Daily Caller Intel Confirms Tr…,,INTC
social,kaggle_tweets,2018-08-29 19:23:00,RT @Thomas1774Paine: FBI Ignored INSPECTOR GENERAL Warning That Hillary’s Emails Were Hacked by Chinese; New Daily Caller Intel Confirms Tr…,,INTC
social,kaggle_tweets,2018-08-29 19:23:00,RT @Thomas1774Paine: FBI Ignored INSPECTOR GENERAL Warning That Hillary’s Emails Were Hacked by Chinese; New Daily Caller Intel Confirms Tr…,,INTC
social,kaggle_tweets,2018-08-29 19:23:00,Have you noticed how moms are LITERALLY the worst people on Facebook? https://t.co/ulunYySfo3,,FB
social,kaggle_tweets,2018-08-29 19:31:00,"RT @AlexaStarr97: Get Cashback at Grocery Stores, Restaurants &amp; Retail Stores such as Amazon, Walmart, Target, Best Buy, CVS &amp; much more wi…",,AMZN
social,kaggle_tweets,2018-08-29 19:41:00,"RT @cathjmag: Just gave my name in Starbucks as ‘The Lord be with you’. When the barista shouted my ‘name’, half of the customers yelled ‘A…",,SBUX
social,kaggle_tweets,2018-08-29 19:41:00,"RT @cathjmag: Just gave my name in Starbucks as ‘The Lord be with you’. When the barista shouted my ‘name’, half of the customers yelled ‘A…",,SBUX
social,kaggle_tweets,2018-08-29 19:41:00,"RT @cathjmag: Just gave my name in Starbucks as ‘The Lord be with you’. When the barista shouted my ‘name’, half of the customers yelled ‘A…",,SBUX
social,kaggle_tweets,2018-08-29 19:43:00,"Morgan Stanley raises its Amazon price target to the highest on Wall Street, predicts $1.2 trillion valuation https://t.co/dAEEdHNZNb",,AMZN
social,kaggle_tweets,2018-08-29 19:47:00,@KM_Soyu92 @KM_TEN96 Welcome to Starbucks. What can I get started for you today?,,SBUX
social,kaggle_tweets,2018-08-29 19:47:00,Hey guys. :) I saw this on Facebook earlier and just had to share it. x Qotd: Are there any bookish quotes that ha… https://t.co/MveNBFu5mW,,FB
social,kaggle_tweets,2018-08-29 19:48:00,Google Tells Toomey Hackers Tried to Infiltrate Staff Email https://t.co/4QkdcR1WTz https://t.co/zbAgzPxnal,,GOOGL
social,kaggle_tweets,2018-08-29 20:04:00,"RT @lacerci65: Soros is buying up million$$$ in Facebook, Twitter and Google stock Oh FFS! https://t.co/mLKnmRuGic",,GOOGL
social,kaggle_tweets,2018-08-29 20:04:00,"RT @lacerci65: Soros is buying up million$$$ in Facebook, Twitter and Google stock Oh FFS! https://t.co/mLKnmRuGic",,GOOGL
social,kaggle_tweets,2018-08-29 20:10:00,Amazon drops its 16GB Fire HD 8 tablet down to just $50 for a limited time https://t.co/Iol4cuEaEE #Android #Apps… https://t.co/R6UXHCfFy8,,AMZN
social,kaggle_tweets,2018-08-29 20:12:00,RT @EamonJavers: Although President Trump tweeted Google “will be addressed” and Larry Kudlow + Sarah Sanders said yesterday regulations on…,,GOOGL
social,kaggle_tweets,2018-08-29 20:21:00,Amazon just got its highest price target ever — and could be worth $1.3 trillion (AMZN) https://t.co/y37V9WrGkz,,AMZN
social,kaggle_tweets,2018-08-29 20:27:00,Brave Browser Surpasses 10 Million Downloads on the Google Play Store https://t.co/vx9Ox1LTob https://t.co/TQD7xHklAm,,GOOGL
social,kaggle_tweets,2018-08-29 20:29:00,JPMorgan Chase &amp; Co. $JPM Stake Lowered by Apriem Advisors https://t.co/YJeWhUIGOj #stocks,,JPM
social,kaggle_tweets,2018-08-29 20:30:00,RT @robertbenzie: Premier Doug Ford says it could cost up to $100M to cancel the Bala Falls hydro project so looks like he will have to bre…,,F
social,kaggle_tweets,2018-08-29 20:31:00,Contraception app Natural Cycles’ Facebook ad banned for being misleading https://t.co/kYxVn8AkAd #tech #impact… https://t.co/QisxEd9CoB,,FB
social,kaggle_tweets,2018-08-29 20:33:00,RT @KithSet: The Kith x Nike LeBron Performance XV “Closing Ceremony” will be releasing this Friday exclusively in-store only at Kith LA. T…,,NKE
social,kaggle_tweets,2018-08-29 20:56:00,"Parianas Machiparu Yurimawas escaping from slavery imposed by Europeans. The Kokama, says Stocks, arrived to the lower Amazon arounda",,AMZN
social,kaggle_tweets,2018-08-29 20:57:00,RT @ETtech: Supermarket chains selling on Amazon Prime Now see big drop in orders https://t.co/CCfcLkH5mu,,AMZN
social,kaggle_tweets,2018-08-29 20:57:00,"RT @DropsByJay: Supreme/Comme Des Garçons Coming Week 4 of FW18 Box Logo Tees/Hoodies, outerwear and Nike AF1 (Possibly to release later in…",,NKE
social,kaggle_tweets,2018-08-30 07:02:00,Google Correlate: The Best #SEO Research Tool You Aren’t Using by @MyNameIsTylor: Find out… https://t.co/kH8PU8Nna8 @GrowthHackSEO #SEO,,GOOGL
social,kaggle_tweets,2018-08-30 07:07:00,RT @RegTech_FinTech: Google Pay support arrives for 30 new banks in the United States https://t.co/ohcV5J3pE8 #united #bank #banks #regtech…,,GOOGL
social,kaggle_tweets,2018-08-30 07:25:00,RT @true_pundit: WATCH: Controversial Thomas Paine’s First Public Appearance; “Much Intel to share” https://t.co/rsfcrfkVqb,,INTC
social,kaggle_tweets,2018-08-30 07:28:00,"Starbucks and Nestlé have closed a $7 billion distribution deal, affecting around 500 workers. https://t.co/r6Bdjfipho",,SBUX
social,kaggle_tweets,2018-08-30 07:32:00,RT @billionaire_key: It’s never too late. Sam Walton started Walmart when he was 44. Harland Sanders started Kentucky Fried Chicken when he…,,WMT
social,kaggle_tweets,2018-08-30 07:32:00,RT @billionaire_key: It’s never too late. Sam Walton started Walmart when he was 44. Harland Sanders started Kentucky Fried Chicken when he…,,WMT
social,kaggle_tweets,2018-08-30 07:34:00,RT @RedNationRising: 2017: European Union fined Google $2.7 billion for bias in its search algorithms. https://t.co/lMVvkoSG05 2018: Trump…,,GOOGL
social,kaggle_tweets,2018-08-30 07:47:00,RT @technology: Apple set Sept. 12 as its most important day of the year—when it will unveil the next iPhones https://t.co/qU6BVqs0IL,,AAPL
social,kaggle_tweets,2018-08-30 07:53:00,"RT @MateasRaluca: Facebook is all like, “My life is so #blessed..love my #babies..Blah blah!” Meanwhile, I’m literally screaming, IF YOU D…",,FB
social,kaggle_tweets,2018-08-30 07:54:00,"TLDR: Amazon stock hits $2K, Microsoft’s new parental leave policy, Google debunks Trump video https://t.co/wgROtnpfnJ #Geekwire",,GOOGL
social,kaggle_tweets,2018-08-30 08:23:00,RT @themotleyfool: He recommended Amazon in 1997 and Tesla in 2011. And he’s announcing his newest pick for the best stock to buy now. http…,,AMZN
social,kaggle_tweets,2018-08-30 08:25:00,RT @HarunMaruf: Ex-Deputy Intel Chief Gen. Abdalla Abdalla Mohamed who was sacked recently after 6 years as No. 2 launched a stinging attac…,,INTC
social,kaggle_tweets,2018-08-30 08:29:00,@Carpedonktum @KeithGunter0 Google impoly clever ex criminal hacker's and pay them a shit lode of money to...I work… https://t.co/L6VTZluWAT,,GOOGL
social,kaggle_tweets,2018-08-30 08:41:00,RT @bitchute: Full Show - Facebook Officially Announces Mark Of The Beast System https://t.co/rdEsUhZy99 #ConservativePurge,,FB
social,kaggle_tweets,2018-08-30 08:43:00,"RT @Brazzy_Deen: Me after I get my PayPal payment from SurveyWorld 🤣 If you want to make $500/week working online, click the link below ⤵️…",,PYPL
social,kaggle_tweets,2018-08-30 08:47:00,"RT @PrisonPlanet: 2017, the European Union fines Google $2.7 billion for bias in its search algorithms. 2018: Media says Trump is a crazy…",,GOOGL
social,kaggle_tweets,2018-08-30 08:47:00,"RT @PrisonPlanet: 2017, the European Union fines Google $2.7 billion for bias in its search algorithms. 2018: Media says Trump is a crazy…",,GOOGL
social,kaggle_tweets,2018-08-30 08:47:00,"RT @PrisonPlanet: 2017, the European Union fines Google $2.7 billion for bias in its search algorithms. 2018: Media says Trump is a crazy…",,GOOGL
social,kaggle_tweets,2018-08-30 08:47:00,"RT @PrisonPlanet: 2017, the European Union fines Google $2.7 billion for bias in its search algorithms. 2018: Media says Trump is a crazy…",,GOOGL
social,kaggle_tweets,2018-08-30 08:57:00,Amazon deals 46.02% off! original price: 95.50$ deal price: 51.55$ (you save 43.95$) Link: https://t.co/V2SML4ANbR… https://t.co/LXxCKAPD7K,,AMZN
social,kaggle_tweets,2018-08-30 09:03:00,Google Open Source Blog: Announcing Google Code-in 2018: nine is just fine! https://t.co/0Nz0BUOBv2,,GOOGL
social,kaggle_tweets,2018-08-30 09:10:00,"Apple, Google, Twitter, Facebook accused of suppressing political content in lawsuit https://t.co/ReVqE2oAnM https://t.co/iBj2OpAZDN",,GOOGL
social,kaggle_tweets,2018-08-30 09:11:00,"RT @THR: On Netflix movie #Roma: ""We want the movies to be seen in theaters but we also want it to be seen by millions of people"" https://t…",,NFLX
social,kaggle_tweets,2018-08-30 09:33:00,Top Conservative Publishers Speak Out: We Lost 1.5 Billion Facebook Pageviews Since 2016 Election https://t.co/1psjhxgySn via @gatewaypundit,,FB
social,kaggle_tweets,2018-08-30 09:35:00,@Johndilrob @AlessGiordy @janicebrown39 @KTHopkins Used to go to Rhyl in the late 80's /90's. Used to be a Pepsi co… https://t.co/qc0TTdW1Vx,,PEP
social,kaggle_tweets,2018-08-30 09:37:00,RT @theseantcollins: A Nazi rape apologist concern-trolled Disney out of hundreds of millions of dollars by making them shoot themselves in…,,DIS
social,kaggle_tweets,2018-08-30 09:37:00,RT @theseantcollins: A Nazi rape apologist concern-trolled Disney out of hundreds of millions of dollars by making them shoot themselves in…,,DIS
social,kaggle_tweets,2018-08-30 09:39:00,"As OTT Subscriptions Grow Worldwide, Which Markets Is Netflix Winning? https://t.co/ITvfTK3MyU",,NFLX
social,kaggle_tweets,2018-08-30 09:43:00,"Spotted while listening to @ToucheAmore’s “Displacement”. Thanks, Nike headquarters. https://t.co/pXlVzKFPSA",,NKE
social,kaggle_tweets,2018-08-30 09:47:00,RT @GOPPollAnalyst: Read these two graphics. The Google hack which included senior US officials has never swayed from being China related.…,,GOOGL
social,kaggle_tweets,2018-08-30 09:47:00,RT @themotleyfool: He recommended Netflix in 2007 and Tesla in 2012. And he’s announcing his newest pick for the best stock to buy now. htt…,,NFLX
social,kaggle_tweets,2018-08-30 10:02:00,"Interesting article, worth a read. Leaks, Lawsuits, and Government Likely to Reveal Facebook Algorithm, Cyber Lawy… https://t.co/Yd1Dz4wa1a",,FB
social,kaggle_tweets,2018-08-30 10:04:00,RT @csantillo: @realDonaldTrump .@realDonaldTrump The link to your live address was literally on the home page of Google that night. Here i…,,GOOGL
social,kaggle_tweets,2018-08-30 10:05:00,Join us in 30 minutes (1pm EDT) on Facebook Live as we discuss wage stagnation and the launch of Congress' Expand… https://t.co/ifsVj4MU7y,,FB
social,kaggle_tweets,2018-08-30 10:31:00,"RT @CSPI: Seeing slipping sales, Starbucks tries to reduce sugar in Frappuccinos. @juliejargon has the details: https://t.co/FW8Twqe0VL (s…",,SBUX
social,kaggle_tweets,2018-08-30 10:46:00,"RT @GodGetslastWord: Why Did George Soros Just Buy Millions in Facebook, Twitter and Google Stock? To Ramp Up Censorship of Conservatives…",,GOOGL
social,kaggle_tweets,2018-08-30 10:46:00,"RT @GodGetslastWord: Why Did George Soros Just Buy Millions in Facebook, Twitter and Google Stock? To Ramp Up Censorship of Conservatives…",,GOOGL
social,kaggle_tweets,2018-08-30 11:02:00,"RT @CNBC: The global trade war is far from over, and it can still hit blue-chip stocks hard (including Apple). https://t.co/FRRhVApdLa",,AAPL
social,kaggle_tweets,2018-08-30 11:02:00,"RT @CNBC: The global trade war is far from over, and it can still hit blue-chip stocks hard (including Apple). https://t.co/FRRhVApdLa",,AAPL
social,kaggle_tweets,2018-08-30 11:06:00,RT @PortalsLLC: IBM unveils a #cloud-based water management system in Northern Kenya https://t.co/lAwGQSUEqV https://t.co/3J4uuY00aw https:…,,IBM
social,kaggle_tweets,2018-08-30 11:20:00,RT @JimKuther: Top Conservative Publishers Speak Out: We Lost 1.5 Billion Facebook Pageviews Since 2016 Election https://t.co/t6tWL2svN6 vi…,,FB
social,kaggle_tweets,2018-08-30 11:20:00,#iPhoneUpdate | Apple expected to unveil three new iPhone models - New York Post,,AAPL
social,kaggle_tweets,2018-08-30 11:26:00,"@JukinVideo Best of the Week | Drink Up! 🤪💃 #Challenge #Fail Download, share directly to Facebook, Twitter, Instagr… https://t.co/RyZtScCRte",,FB
social,kaggle_tweets,2018-08-30 11:39:00,"Nowadays everyone is taking Amazon too seriously, bestowing CEO Jeff Bezos with walk-on-water-like superpowers. Boa… https://t.co/573IRYkckF",,AMZN
social,kaggle_tweets,2018-08-30 11:43:00,"someone just sent me $25 through Google pay, but I don't have a debit card and it'd be hella sketchy if I asked a f… https://t.co/8V2v2WK2wc",,GOOGL
social,kaggle_tweets,2018-08-30 11:49:00,"RT @Public_Citizen: Walmart's base pay is $19,000—below the federal poverty line for a family of three. Walmart is paying $20 billion to s…",,WMT
social,kaggle_tweets,2018-08-30 11:55:00,"🎉It’s HERE! To celebrate the launch of our new #giftcard app in the Google Play Store, we are giving you the chance… https://t.co/E09YA1IUTq",,GOOGL
social,kaggle_tweets,2018-08-30 11:59:00,RT @mineifiwildout: if scamming kids for Microsoft points n telling them u can get them in a 10th prestige lobby gets u into hell im so fuc…,,MSFT
social,kaggle_tweets,2018-08-30 12:03:00,"#UNISOC to launch a 5G smartphone in partnership with Intel in 2019, double down on mobile chipsets in the budget s… https://t.co/VMNsmuKY8x",,INTC
social,kaggle_tweets,2018-08-30 12:05:00,#trading #news Ford bonds slide after Moody’s downgrade https://t.co/3T6bzer7Et,,F
social,kaggle_tweets,2018-08-30 12:24:00,Do I get Comcast and drop ATT Uverse or rollover and get screwed by ATT Uverse....,,CMCSA
social,kaggle_tweets,2018-08-30 12:27:00,RT @SweetKat111: The Federal Government is set to give Amazon a 100 Billion dollar subsidy for web services. Yet they are ready for a SHOW…,,AMZN
social,kaggle_tweets,2018-08-30 12:27:00,RT @ManaByte: The Disney deal with Fox says that any movie that’s either complete or in production at the time the purchase closes next yea…,,DIS
social,kaggle_tweets,2018-08-30 12:31:00,RT @messybeautifun: Grab up these #free and fun Apple Tree Letter Match #worksheets on the blog now - all 26 letters in one free #printable…,,AAPL
social,kaggle_tweets,2018-08-30 12:35:00,RT @EdKrassen: It literally took Trump over a year and a half to finally Google himself and find out that most of the world hates him. I r…,,GOOGL
social,kaggle_tweets,2018-08-30 12:57:00,RT @sxdoc: Two Top Conservative Publishers Speak Out: We Lost 1.5 BILLION Facebook Pageviews Since 2016 Election—This does not include BILL…,,FB
social,kaggle_tweets,2018-08-30 13:02:00,"RT @rahagar: Current Google Chrome browser search images for “idiot”. Yeah, no leftwing bias at all. @realDonaldTrump @WhiteHouse regulat…",,GOOGL
social,kaggle_tweets,2018-08-30 13:05:00,If your friends don't PayPal you $3 for some jelly beans then they're not real,,PYPL
social,kaggle_tweets,2018-08-30 13:07:00,RT @SonHiram: Must be these new Pussy ass Disney jedis cus anakin would’ve killed all them fucking kids https://t.co/Z03qct6DZK,,DIS
social,kaggle_tweets,2018-08-30 13:09:00,"Amazon and Bernie Sanders launch war of words over worker pay, safety conditions at the retail giant https://t.co/iXPHR8xICA",,AMZN
social,kaggle_tweets,2018-08-30 13:11:00,"RT @infotrop: New deforestation warning: research shows forest loss in Congo, SE Asia, the Amazon could so disrupt atmospheric water cycle…",,AMZN
social,kaggle_tweets,2018-08-30 13:16:00,"RT @itsshannonz: @realDonaldTrump guess who bought stock in fb, Apple and twitter...heads up! https://t.co/QEm3k0c76W",,AAPL
social,kaggle_tweets,2018-08-30 13:17:00,"RT @evankirstel: Microsoft, Salesforce plan to open source major #enterprise software products @networkworld @apatrizio https://t.co/WeBwo…",,MSFT
social,kaggle_tweets,2018-08-30 13:21:00,RT @ModricFX: Like and i’ll surprise one of you tomorrow with 10 Netflix accounts and 20 Fortnite skin accounts :) Minimum 120 Likes ❤️,,NFLX
social,kaggle_tweets,2018-08-30 13:28:00,IBM Cloud fuels the fan experience with hundreds of data points distributed to millions of people.… https://t.co/z9jHWazOKL,,IBM
social,kaggle_tweets,2018-08-30 13:30:00,"Netflix may be destroying people’s sex lives, according to new study: https://t.co/lIL6wcJsD6 https://t.co/iZpV6pRUlD",,NFLX
social,kaggle_tweets,2018-08-30 13:32:00,"Follow us on Facebook and keep up-to-date on our latest properties to hit the market. Houses, villas, condos, we ha… https://t.co/LBa8ggpsgi",,FB
social,kaggle_tweets,2018-08-30 13:32:00,US senator calls on FTC to open new antitrust investigation against Google https://t.co/eZvzXAgX8Y https://t.co/ZGjNZlhehS,,GOOGL
social,kaggle_tweets,2018-08-30 13:34:00,"@DNCE KISSING STRANGERS #MusicVideo #Kissing 😘🥰 Download, share directly to Facebook, Twitter, Instagram, Pinterest… https://t.co/1leZ0BDpZU",,FB
social,kaggle_tweets,2018-08-30 13:40:00,Queen of numbers 👑💪🏽 9 Million views by #Ya_Reit via Facebook 😍 @elissakh #يا_ريت https://t.co/jRnlynBLA9,,FB
social,kaggle_tweets,2018-08-30 13:40:00,Amazon launches DIY icon design tool for #Alexa skill developers #VUI #MBADMB https://t.co/ixm9AcNY3s via @VentureBeat,,AMZN
social,kaggle_tweets,2018-08-30 13:42:00,"RT @TheStalwart: Warren Buffett, Jeff Bezos, and Walmart are all fighting for a piece of the last big e-commerce market that's still up for…",,WMT
social,kaggle_tweets,2018-08-30 13:42:00,RT @trapezoidmouth: I refresh Netflix everyday hoping this day would come. I’m so grateful https://t.co/bn8ZDggsq3,,NFLX
social,kaggle_tweets,2018-08-30 13:42:00,RT @thunderbalIz: If this tweet gets 50k likes you have to put the proud family on Netflix. @netflix do we have a deal https://t.co/IzdtywF…,,NFLX
social,kaggle_tweets,2018-08-30 13:47:00,Adobe Photoshop crashed on me as I was saving my new gifs!!! https://t.co/xBDHVCb65G,,ADBE
social,kaggle_tweets,2018-08-30 13:53:00,RT @c1rio: Graphic Designers react to Adobe Premiere! https://t.co/4NjqNkNFxt,,ADBE
social,kaggle_tweets,2018-08-30 13:55:00,If you try Cacay Oil by Amazon In Out you never will try another skin care treatment. Order yours on Amazon Store… https://t.co/fXjinbnx0j,,AMZN
social,kaggle_tweets,2018-08-30 14:09:00,RT @JMindiafanbase: Alemash a CEO and a investor genius sent the link of Serendipity Starbucks wrote the lyrics of Serendipity Liam Won…,,SBUX
social,kaggle_tweets,2018-08-30 14:19:00,Barrick Gold $ABX Stock Rating Upgraded by Citigroup https://t.co/BTzwRZJ6CT #investing,,C
social,kaggle_tweets,2018-08-30 14:30:00,I posted a new video to Facebook https://t.co/HPzEgf7cHb,,FB
social,kaggle_tweets,2018-08-30 14:32:00,Top Conservative Publishers Speak Out: We Lost 1.5 Billion Facebook Pageviews Since 2016 Election https://t.co/xRVstNn8vX via @gatewaypundit,,FB
social,kaggle_tweets,2018-08-30 14:33:00,literally been stuck in front of the tv lol Netflix and chill all night fa me 😌,,NFLX
social,kaggle_tweets,2018-08-30 14:33:00,"RT @fpinvesting: Warren Buffett buys more Apple stock, says iPhone ‘enormously underpriced’ https://t.co/J10JQjFc9S https://t.co/TsDHmZplGx",,AAPL
social,kaggle_tweets,2018-08-30 14:45:00,"RT @matthewstoller: Wow, bombshell. @OrrinHatch just asked the FTC and @JoeSimonsFTC to reopen the Google antitrust investigation. https://…",,GOOGL
social,kaggle_tweets,2018-08-30 14:54:00,RT @lemonade241: I love how super junior members always try their best to communicate with us. yesung literally uses Google translation ju…,,GOOGL
social,kaggle_tweets,2018-08-30 15:19:00,RT @GlobalCannApp: Cannabook? The “Data-Crypto Facebook App” of Global Cannabis https://t.co/WqvSbS27Y7 #cannabis #blockchain $APP.C $FUAPF,,FB
social,kaggle_tweets,2018-08-30 15:25:00,"Class Action Lawsuit (Discrimination of Conservatives) Against Google, F... https://t.co/OqLrsZm34m via @YouTube",,GOOGL
social,kaggle_tweets,2018-08-30 15:26:00,"RT @GreatAmRepublic: After bashing tech companies, George Soros buys millions in Facebook and Twitter stocks https://t.co/gdAtBR4B3w",,FB
social,kaggle_tweets,2018-08-30 15:29:00,"RT @gatewaypundit: BOOM! President Trump Drops BOMB! Google, Facebook and Twitter Censoring of Conservatives ""May Not Be Legal"" (VIDEO) htt…",,GOOGL
social,kaggle_tweets,2018-08-30 15:33:00,"RT @epilepsy_parent: Netflix: Netflix, Remove ""The AfterParty"" &amp; Apologize to the 65 Million People who have Seizures. - Sign the Petition!…",,NFLX
social,kaggle_tweets,2018-08-30 15:48:00,New monitoring capabilities for Power BI Premium Capacities | Microsoft Power BI Blog | Microsoft Power BI… https://t.co/0TFuukHnof,,MSFT
social,kaggle_tweets,2018-08-30 15:49:00,"coindesk: Dfinity is going to replace platforms like Amazon Web Services and Salesforce with a cheaper, decentraliz… https://t.co/FMYkSeA8gs",,AMZN
social,kaggle_tweets,2018-08-30 15:49:00,5 Reasons to Visit Walt Disney World in the Fall https://t.co/ZMinCTQ4Gv https://t.co/8ZfXRLArg2,,DIS
social,kaggle_tweets,2018-08-30 15:55:00,RT @BrewStuds: Share Episode 6 of Turning Craft now on Facebook for a shot at winning beer gear.,,FB
social,kaggle_tweets,2018-08-30 16:05:00,RT @selscum: Chanel: 96.6 BILLION Walmart: 500.3 BILLION Selena Gomez: $60M Ariana Grande: $45M Walmart outriched Chanel just like Se…,,WMT
social,kaggle_tweets,2018-08-30 16:22:00,"RT @sxdoc: President Trump Drops BOMB! Google, Facebook &amp; Twitter Censoring of Conservatives ""May Not Be Legal"" (VIDEO); Study shows google…",,GOOGL
social,kaggle_tweets,2018-08-30 16:24:00,"As Facebook Clamps Down on Advertisers, Email Becomes an Attractive Alternative https://t.co/a0UKuoOPmo https://t.co/dGGjClWNxA",,FB
social,kaggle_tweets,2018-08-30 16:27:00,Google Wall With Glowing Flowers https://t.co/Wupns9shSO,,GOOGL
social,kaggle_tweets,2018-08-30 16:32:00,Tesla investor: There couldn’t be a better time for Apple to buy a stake in Tesla https://t.co/hM6xn69GCb,,AAPL
social,kaggle_tweets,2018-08-30 16:34:00,CNBC: A Google recruiter shares the 1 simple formula that can make any resume more powerful. via cnbcmakeit https://t.co/xtM5MbWvJY,,GOOGL
social,kaggle_tweets,2018-08-30 16:38:00,"RT @JenniferJJacobs: BREAKING: Trump said some people see an “antitrust situation” with Google, Facebook and Amazon. But he said “I just c…",,GOOGL
social,kaggle_tweets,2018-08-30 16:48:00,RT @SAI: Tim Cook has collected over $650 million in Apple stock since he became CEO as he's led the company to be worth over $1 trillion h…,,AAPL
social,kaggle_tweets,2018-08-30 17:01:00,Keeping it Majestic with UniApple .Delicious Crisp Fresh Fuji Apple 🍎 🍏 Brought to you by blvkunicornejuice 🦄 - • •… https://t.co/owSHAXMGHW,,AAPL
social,kaggle_tweets,2018-08-30 17:07:00,"RT @willchamberlain: 50,000 signatures for the #StopTheBias petition and Trump talks antitrust. Can Google, Facebook, or Amazon be broke… h…",,GOOGL
social,kaggle_tweets,2018-08-30 17:07:00,"RT @willchamberlain: 50,000 signatures for the #StopTheBias petition and Trump talks antitrust. Can Google, Facebook, or Amazon be broke… h…",,GOOGL
social,kaggle_tweets,2018-08-30 17:09:00,"RT @chidiyakusoku: Spotify really out here offering 3 apps for $5 AND personalized playlists each week, but y’all staying w Apple Music bec…",,AAPL
social,kaggle_tweets,2018-08-30 17:11:00,"#ThursdayTip A DEADLY ÉCLAIR, the 1st French Bistro Mystery, is $10.99 on Amazon. Got your copy? Here's the link… https://t.co/UoRiYWZS7y",,AMZN
social,kaggle_tweets,2018-08-30 17:14:00,"$TRX Tron is going to be a really game changer. It wont be a publicly quoted leviathan like Apple, Amazon, Alphabet… https://t.co/Yk7yy23M2w",,AMZN
social,kaggle_tweets,2018-08-30 17:50:00,RT @CitizenAnalyst: So this is real . . . Google Portuguese ATTN: @realDonaldTrump #StopTheBias https://t.co/xnA4QY9tni,,GOOGL
social,kaggle_tweets,2018-08-30 18:13:00,Make sure you catch us at Disney A Cappella Fall 2018 Auditions this weekend! We can't wait to hear what you have prepared for us!,,DIS
social,kaggle_tweets,2018-08-30 18:22:00,"RT @Archie4Congress: When they start thinking about regulating Google searches, how long is it before they come after you? https://t.co/mZh…",,GOOGL
social,kaggle_tweets,2018-08-30 18:22:00,New iPhone release date: Apple confirms September launch event time and date https://t.co/IaUv8Tun2U https://t.co/CHoTkyi1gE,,AAPL
social,kaggle_tweets,2018-08-30 18:44:00,RT @KPerrett44News: The line is already backed up to 6th street outside the Ford Center for the Trump rally tonight! @my44news https://t.co…,,F
social,kaggle_tweets,2018-08-30 18:56:00,RT @adamcbest: NBC News: “fudging” tapes CNN: “fake news” Google: “rigged” FB/Twitter: “silencing millions” Trump is trying to create an O…,,GOOGL
social,kaggle_tweets,2018-08-30 18:56:00,RT @adamcbest: NBC News: “fudging” tapes CNN: “fake news” Google: “rigged” FB/Twitter: “silencing millions” Trump is trying to create an O…,,GOOGL
social,kaggle_tweets,2018-08-30 18:56:00,RT @adamcbest: NBC News: “fudging” tapes CNN: “fake news” Google: “rigged” FB/Twitter: “silencing millions” Trump is trying to create an O…,,GOOGL
social,kaggle_tweets,2018-08-30 18:56:00,RT @adamcbest: NBC News: “fudging” tapes CNN: “fake news” Google: “rigged” FB/Twitter: “silencing millions” Trump is trying to create an O…,,GOOGL
social,kaggle_tweets,2018-08-30 18:56:00,RT @adamcbest: NBC News: “fudging” tapes CNN: “fake news” Google: “rigged” FB/Twitter: “silencing millions” Trump is trying to create an O…,,GOOGL
social,kaggle_tweets,2018-08-30 18:56:00,RT @adamcbest: NBC News: “fudging” tapes CNN: “fake news” Google: “rigged” FB/Twitter: “silencing millions” Trump is trying to create an O…,,GOOGL
social,kaggle_tweets,2018-08-30 18:56:00,RT @shopping4all101: Apple ME918B/A 802.11AC Airport Extreme (Launched June 2013) https://t.co/7bzOmMuGrA https://t.co/o3inDeiQRg,,AAPL
social,kaggle_tweets,2018-08-30 18:56:00,RT @adamcbest: NBC News: “fudging” tapes CNN: “fake news” Google: “rigged” FB/Twitter: “silencing millions” Trump is trying to create an O…,,GOOGL
social,kaggle_tweets,2018-08-30 18:58:00,Miss HGTV? No access to cable? Watch Stay Here on Netflix and realize just how poor you are when they call $750/night a deal,,NFLX
social,kaggle_tweets,2018-08-30 19:18:00,"RT @GOPPollAnalyst: Hi there, the FBI could not examine all of her servers. For example, the Apple Server was repurposed and discarded in 2…",,AAPL
social,kaggle_tweets,2018-08-30 19:22:00,Orrin Hatch Has Seen Enough -- Calls FTC To Investigate Google For One Simple Reason https://t.co/iQ9MgG3k6k,,GOOGL
social,kaggle_tweets,2018-08-30 19:23:00,RT @Thomas1774Paine: FBI Ignored INSPECTOR GENERAL Warning That Hillary’s Emails Were Hacked by Chinese; New Daily Caller Intel Confirms Tr…,,INTC
social,kaggle_tweets,2018-08-30 19:26:00,Apple Inc (AAPL) NASDAQ 225.03 +2.05 +0.92% Un abrazo 😇🇺🇸🌠 @apple #family https://t.co/u8icG4fyl7,,AAPL
social,kaggle_tweets,2018-08-30 19:35:00,"RT @officialjwetton: Check out ""All Along the Watchtower (New Studio Track)"" by Steve Hackett on Amazon Music. https://t.co/YOvtd7gvru ⁦@Ha…",,AMZN
social,kaggle_tweets,2018-08-30 19:51:00,RT @httpsSeba: ¡DROP AL MD! - Netflix Account - Email Access Account - Unmigrated Full Access Account - Minecraft Account - 5 USD en PayPa…,,NFLX
social,kaggle_tweets,2018-08-30 19:53:00,"RT @JackPosobiec: Yesterday: Trump tweets Google #StopTheBias video Today: Trump says there may be an antitrust situation with Google, Fa…",,GOOGL
social,kaggle_tweets,2018-08-30 19:55:00,Amazon Pay to Acquire App Aggregator Tapzo: Report https://t.co/gAKmBt0siH https://t.co/D3r3eCcN1k,,AMZN
social,kaggle_tweets,2018-08-30 19:58:00,Amazon opens over $2000 per share,,AMZN
social,kaggle_tweets,2018-08-30 20:25:00,RT @STARSonShazam: Google: how to be like Jungkook. Answer: say LET'S GET IT when faced with a challenge! LET'S GET IT and #ShazamIDOLwit…,,GOOGL
social,kaggle_tweets,2018-08-30 20:25:00,https://t.co/UK3nKNivwN #junglescout #sellonamazon #amazon #dropshipping want to look for the best products to sell on Amazon jungle Scout,,AMZN
social,kaggle_tweets,2018-08-30 20:40:00,RT @tickerguy: https://t.co/0ZCHFEGwE2 So You Want Google and Facebook To Determine Elections? $GOOG $FB @POTUS,,GOOGL
social,kaggle_tweets,2018-08-30 20:53:00,@Jd_Surall I literally just bought little shit lol target's cool but I miss Walmart 🤧,,WMT
social,kaggle_tweets,2018-08-30 20:58:00,"RT @OriginalYoni: August 29, 1997: Netflix launches as a direct mailing DVD service. 2000: Reed Hastings (Netflix CEO) approaches John Ant…",,NFLX
social,kaggle_tweets,2018-08-30 20:58:00,"RT @OriginalYoni: August 29, 1997: Netflix launches as a direct mailing DVD service. 2000: Reed Hastings (Netflix CEO) approaches John Ant…",,NFLX
social,kaggle_tweets,2018-08-31 07:12:00,RT @CourthouseNews: Two class action lawsuits filed Thursday seek billions of dollars in damages from Facebook for sharing users' private d…,,FB
social,kaggle_tweets,2018-08-31 07:25:00,RT @BenBajarin: I sense a lot of Series 1 and 2 owners will look to upgrade. Apple Watch going to have a huge holiday season. https://t.co/…,,AAPL
social,kaggle_tweets,2018-08-31 07:50:00,Republican US Senator Asks FTC to Examine Google Ads https://t.co/4qet7LB6gy,,GOOGL
social,kaggle_tweets,2018-08-31 07:52:00,"RT @SneakerTweetsHQ: The Nike Air Max 97 ""Mustard"" Will Be Dropping Soon! READ MORE: https://t.co/sMK0AFUF54",,NKE
social,kaggle_tweets,2018-08-31 08:09:00,"RT @scampbellvideos: @realDonaldTrump just sent a warning to Twitter, Facebook and Google in Indiana. ""We are a free country and we will…",,GOOGL
social,kaggle_tweets,2018-08-31 08:25:00,RT @MemesOnTheSet: Niggas on Facebook are funny 😂😂😂 https://t.co/vegsbwPb9n,,FB
social,kaggle_tweets,2018-08-31 08:35:00,RT @RealProvaic: Rt if active and drop PayPal links rewarding a few,,PYPL
social,kaggle_tweets,2018-08-31 10:21:00,RT @ANTAZ0: • $25 PayPal Giveaway • + Must Follow @zjjhyy On Twitch + Like &amp; Retweet + Tag a M8 His Twitch: https://t.co/vA8DNnOPVh E…,,PYPL
social,kaggle_tweets,2018-08-31 11:43:00,Apple sends out invites for September launch -- https://t.co/TlNezckrzI https://t.co/BzTrvQGz3V,,AAPL
social,kaggle_tweets,2018-08-31 11:46:00,"RT @manupubby: $2.2-billion Boeing defence deal now under CAG scanner but in 2008, #UPA Govt ignored series of complaints that revealed dev…",,BA
social,kaggle_tweets,2018-08-31 11:51:00,Why California's Privacy Law Won't Hurt Facebook or Google https://t.co/CCaqEnrbD9,,GOOGL
social,kaggle_tweets,2018-08-31 12:27:00,RT @SweetKat111: The Federal Government is set to give Amazon a 100 Billion dollar subsidy for web services. Yet they are ready for a SHOW…,,AMZN
social,kaggle_tweets,2018-08-31 12:43:00,Apple sets Sept. 12 for fall hardware launch - Axios https://t.co/tbBStOns2V,,AAPL
social,kaggle_tweets,2018-08-31 16:36:00,RT @SkyNews: Apple expected to unveil three new iPhones - including gold and larger screen versions https://t.co/2Epy5NdiCd,,AAPL
social,kaggle_tweets,2018-08-31 16:37:00,"RT @JackPosobiec: To be clear President Trump just hinted he is considering enforcing antitrust regulations to break up Google, Facebook,…",,GOOGL
social,kaggle_tweets,2018-08-31 16:38:00,"RT @JenniferJJacobs: BREAKING: Trump said some people see an “antitrust situation” with Google, Facebook and Amazon. But he said “I just c…",,GOOGL
social,kaggle_tweets,2018-08-31 16:38:00,"RT @JenniferJJacobs: BREAKING: Trump said some people see an “antitrust situation” with Google, Facebook and Amazon. But he said “I just c…",,GOOGL
social,kaggle_tweets,2018-08-31 18:36:00,RT @NYGDaily: Two first round picks? Eli Apple and Ereck Flowers for Khalil Mack. Done deal. https://t.co/QLs8n6PWOX,,AAPL
social,kaggle_tweets,2018-08-31 18:49:00,@WeekendInvestng I fell to this ASM trap due to Learnings from Graphite. Sold Pfizer in profit and now it’s up. 😊,,PFE
social,kaggle_tweets,2018-08-31 18:56:00,RT @adamcbest: NBC News: “fudging” tapes CNN: “fake news” Google: “rigged” FB/Twitter: “silencing millions” Trump is trying to create an O…,,GOOGL
social,kaggle_tweets,2018-08-31 18:56:00,RT @adamcbest: NBC News: “fudging” tapes CNN: “fake news” Google: “rigged” FB/Twitter: “silencing millions” Trump is trying to create an O…,,GOOGL
social,kaggle_tweets,2018-08-31 18:56:00,RT @adamcbest: NBC News: “fudging” tapes CNN: “fake news” Google: “rigged” FB/Twitter: “silencing millions” Trump is trying to create an O…,,GOOGL
social,kaggle_tweets,2018-08-31 18:59:00,RT @JackPosobiec: OAN: Founder of WTFMagazine Files Massive Lawsuit Against Facebook https://t.co/EPVVEdDxCe,,FB
social,kaggle_tweets,2018-08-31 19:15:00,"RT @FoxBusiness: Amazon stock hits $2,000 for the first time https://t.co/imhIHv2YWI",,AMZN
